unit,cycle,true_rul,pred_rul
1,31,112,114.19549245543543
2,40,107,114.71496469707591
2,41,106,113.37985212723244
2,42,105,112.39694214078854
2,43,104,107.73612550085508
2,44,103,113.28306075925121
2,45,102,115.96439621114274
2,46,101,116.51028666164221
2,47,100,121.5880408053609
2,48,99,119.92334624103356
2,49,98,118.70872998242989
3,40,155,108.92053918032349
3,41,154,105.24158118295213
3,42,153,105.06584880386986
3,43,152,111.23656186821412
3,44,151,109.21136240192473
3,45,150,105.04856630740996
3,46,149,111.15657486834539
3,47,148,112.87311669497471
3,48,147,114.61399092373179
3,49,146,116.05314814123312
3,50,145,116.44280631738485
3,51,144,116.49845453815627
3,52,143,118.58586572434825
3,53,142,117.32381296298749
3,54,141,117.452727183012
3,55,140,117.69432877191822
3,56,139,120.11821934780238
3,57,138,121.41582201939002
3,58,137,120.01778170345611
3,59,136,120.39102451600556
3,60,135,120.12419891459263
3,61,134,120.69876141697401
3,62,133,122.81224459280733
3,63,132,120.28223066633501
3,64,131,120.78012368774128
3,65,130,119.22186549698395
3,66,129,118.72813408493097
3,67,128,118.74930174096443
3,68,127,118.0586185984838
3,69,126,119.04540438690441
3,70,125,120.03241192717991
3,71,124,121.85100150544861
3,72,123,121.7140828678773
3,73,122,119.56045893240264
3,74,121,116.75234876205374
3,75,120,115.60852114970362
3,76,119,116.31664195496896
3,77,118,118.9950099168627
3,78,117,119.50555960831075
3,79,116,116.80248525990771
3,80,115,116.7002178880131
3,81,114,115.6102163442169
3,82,113,117.48359298974916
3,83,112,117.60587616963281
3,84,111,117.52852161700886
3,85,110,114.92458303442308
3,86,109,113.40015039235439
3,87,108,106.79442318994128
3,88,107,112.4402863060391
3,89,106,112.09519062514158
3,90,105,108.20668519332423
3,91,104,108.71222267106131
3,92,103,111.4145263687523
3,93,102,110.03224974245222
3,94,101,110.97558486076638
3,95,100,107.61329736885207
3,96,99,107.85748871630031
3,97,98,107.1649858208639
3,98,97,103.49143299762049
3,99,96,102.61481306458944
3,100,95,103.45973973368606
3,101,94,106.32637151650658
3,102,93,108.56229958805741
3,103,92,108.5457788682984
3,104,91,104.72688765976406
3,105,90,102.4128383035919
3,106,89,102.02282479244249
3,107,88,106.92936281092034
3,108,87,102.55522875503593
3,109,86,99.2238690533642
3,110,85,99.26843886929106
3,111,84,97.52723711909115
3,112,83,93.36443770681436
3,113,82,90.69240402301534
3,114,81,88.5063845207444
3,115,80,85.02130584092764
3,116,79,86.75849541964683
3,117,78,84.26423256853946
3,118,77,83.49496067381887
3,119,76,79.04795195804707
3,120,75,73.8300277316152
3,121,74,68.24613529295478
3,122,73,66.69445955346077
3,123,72,59.77887815474096
3,124,71,56.889420206732375
3,125,70,50.988841533070165
3,126,69,51.709186675462895
4,40,148,123.99607302358322
4,41,147,123.64696791660343
4,42,146,124.71896647039213
4,43,145,125.0
4,44,144,123.07355216190388
4,45,143,122.69269384987886
4,46,142,121.55399909865639
4,47,141,118.70308696046457
4,48,140,118.64955699282757
4,49,139,121.07340386137453
4,50,138,120.54191815188094
4,51,137,118.4274283744197
4,52,136,119.55876196171772
4,53,135,118.30939139135397
4,54,134,118.2429852175764
4,55,133,118.8599965554874
4,56,132,117.78928762822375
4,57,131,115.71140781271075
4,58,130,115.77930797545847
4,59,129,113.98885503714844
4,60,128,113.41508330729258
4,61,127,115.8334257113013
4,62,126,114.75442982378638
4,63,125,112.44516033966927
4,64,124,116.1884170607878
4,65,123,115.11230376747838
4,66,122,112.04001905346291
4,67,121,118.504631927159
4,68,120,115.22228340267014
4,69,119,111.8247210715285
4,70,118,110.23805010693398
4,71,117,113.16708919435112
4,72,116,109.31561230811596
4,73,115,104.48921294307273
4,74,114,102.07567349330283
4,75,113,98.08916097834737
4,76,112,94.7098725628003
4,77,111,97.66773943695927
4,78,110,97.36140393698409
4,79,109,97.90127453720783
4,80,108,96.87308272897951
4,81,107,95.53790678614307
4,82,106,96.32479803905927
4,83,105,99.73562021517867
4,84,104,100.41529491020285
4,85,103,98.08390692887917
4,86,102,97.51045543459958
4,87,101,94.51709476312251
4,88,100,100.48352086470567
4,89,99,105.20805061348517
4,90,98,103.04664302909079
4,91,97,99.1371760287511
4,92,96,108.08141993566267
4,93,95,108.44690653736406
4,94,94,110.3958227090227
4,95,93,106.76146677204042
4,96,92,107.52637479878854
4,97,91,100.91768880902923
4,98,90,96.69955443946009
4,99,89,95.06926413449372
4,100,88,94.09925612429568
4,101,87,97.57783461189558
4,102,86,99.81108393539051
4,103,85,96.82104328243628
4,104,84,100.44344975561239
4,105,83,92.70011442084694
4,106,82,92.05609170631065
5,40,149,119.83768618827386
5,41,148,120.44204307035801
5,42,147,115.69261347338315
5,43,146,115.78321758479248
5,44,145,113.84990189769803
5,45,144,119.919282614205
5,46,143,118.96643069443533
5,47,142,115.51175349078464
5,48,141,113.80387439181136
5,49,140,113.70224064320925
5,50,139,111.00107510155307
5,51,138,106.952688912304
5,52,137,112.97034166595165
5,53,136,111.81681261000261
5,54,135,105.52904423517052
5,55,134,101.81431225347742
5,56,133,105.23014930037375
5,57,132,109.35100136320041
5,58,131,111.28046934171624
5,59,130,115.3549776241126
5,60,129,113.51073239795221
5,61,128,109.95336589391673
5,62,127,106.35831887920257
5,63,126,106.27232710739895
5,64,125,104.68597806627466
5,65,124,109.97611397990764
5,66,123,111.17551382898294
5,67,122,113.2125688118459
5,68,121,108.0795288759519
5,69,120,104.60607007940757
5,70,119,108.60445828511027
5,71,118,108.48343063337677
5,72,117,109.86540470515732
5,73,116,114.94137089650653
5,74,115,113.3168902898968
5,75,114,112.95918525256072
5,76,113,112.52479073284842
5,77,112,105.99251439171105
5,78,111,108.3708297101324
5,79,110,107.07781658252718
5,80,109,108.59330173507144
5,81,108,109.4359825534504
5,82,107,105.48468949986434
5,83,106,104.9045376786875
5,84,105,103.31625211498721
5,85,104,106.76862010525483
5,86,103,107.0188165301517
5,87,102,99.88206616167389
5,88,101,97.09610831786097
5,89,100,98.43126938950988
5,90,99,97.8561494989423
5,91,98,97.47197841600945
5,92,97,97.909862365575
5,93,96,98.30786020985228
5,94,95,100.93504374205241
5,95,94,91.04000651206815
5,96,93,91.16393717542817
5,97,92,97.53315697572742
5,98,91,96.74073296248204
6,40,158,121.64253248200004
6,41,157,119.35701641485178
6,42,156,121.3364985418955
6,43,155,121.38240868976723
6,44,154,119.02514676299776
6,45,153,118.865033919962
6,46,152,119.17190931932926
6,47,151,120.86108166961677
6,48,150,121.27493639880818
6,49,149,121.6366715865776
6,50,148,121.33159559179799
6,51,147,122.12640730801843
6,52,146,120.52549608098956
6,53,145,120.85887319484183
6,54,144,120.96840019273608
6,55,143,120.15446117744611
6,56,142,120.14285021984742
6,57,141,118.64139077819392
6,58,140,124.28980893794125
6,59,139,124.24582461614614
6,60,138,122.49916057162574
6,61,137,122.967692982985
6,62,136,122.74731986144502
6,63,135,123.28732997063685
6,64,134,121.75341254744731
6,65,133,122.4897449452507
6,66,132,122.31961099779538
6,67,131,120.8072446740845
6,68,130,120.27005677347519
6,69,129,118.95379897209855
6,70,128,118.61136029697025
6,71,127,115.83320367498891
6,72,126,115.78112285328629
6,73,125,115.52920406990839
6,74,124,115.82459354925058
6,75,123,117.68175776290607
6,76,122,114.0806211939007
6,77,121,113.06969643041319
6,78,120,117.24846661383623
6,79,119,119.61174639854282
6,80,118,117.2930554402933
6,81,117,121.33269679497783
6,82,116,118.45868128327325
6,83,115,117.55368902758273
6,84,114,115.69702626805484
6,85,113,112.41338219520252
6,86,112,111.50968796785926
6,87,111,114.01941589710043
6,88,110,113.54026652507136
6,89,109,112.03360533925311
6,90,108,111.84771131231835
6,91,107,111.46242279696244
6,92,106,110.94967091407875
6,93,105,113.12962510064068
6,94,104,116.1479230102351
6,95,103,114.35367160798484
6,96,102,111.73550445929355
6,97,101,109.94313991165842
6,98,100,113.81377035736489
6,99,99,114.82529702477905
6,100,98,113.4167508850856
6,101,97,111.23739081873109
6,102,96,105.53236010295339
6,103,95,107.98207085695545
6,104,94,105.51633625330153
6,105,93,100.35649912988426
7,40,211,121.93146941627458
7,41,210,120.73450138474207
7,42,209,120.84491605450361
7,43,208,120.45452241859162
7,44,207,120.49494297657756
7,45,206,118.28221882249605
7,46,205,119.59500036585351
7,47,204,120.32110314129628
7,48,203,118.74641501999574
7,49,202,117.8871283169088
7,50,201,117.29468427669525
7,51,200,118.36332348071683
7,52,199,118.82405409461322
7,53,198,118.78200379446115
7,54,197,118.97815186273797
7,55,196,120.59066907046898
7,56,195,119.23309636868393
7,57,194,120.0167131573245
7,58,193,119.93647096723706
7,59,192,120.97495799655081
7,60,191,122.13764337447878
7,61,190,123.69674829479962
7,62,189,123.95993982305023
7,63,188,123.4438228776643
7,64,187,123.73469588835016
7,65,186,122.98356708403612
7,66,185,123.00360509848156
7,67,184,122.64468190605398
7,68,183,122.9699406891167
7,69,182,122.15912834000085
7,70,181,122.56053903688905
7,71,180,122.6921489105063
7,72,179,123.24720687076271
7,73,178,122.85349497841676
7,74,177,123.63825635894037
7,75,176,122.7632573588201
7,76,175,122.42841765303137
7,77,174,121.1656255477715
7,78,173,121.83278258244391
7,79,172,120.85089611703724
7,80,171,120.16648690113136
7,81,170,120.11049413302193
7,82,169,119.88925113861441
7,83,168,119.96343657882761
7,84,167,120.11207204588743
7,85,166,119.40833439158587
7,86,165,119.96901919779413
7,87,164,116.09144626455821
7,88,163,115.56555820677941
7,89,162,115.24518439936124
7,90,161,115.67664251682658
7,91,160,114.97625029660404
7,92,159,118.18622004408144
7,93,158,117.3316659969422
7,94,157,116.70107916981078
7,95,156,116.92220188179516
7,96,155,117.13560684105646
7,97,154,116.35357308495158
7,98,153,115.0819384677796
7,99,152,117.01175628667838
7,100,151,115.90361175051055
7,101,150,117.41719871990648
7,102,149,116.76794966057909
7,103,148,116.7111195810019
7,104,147,116.67271597714245
7,105,146,117.43396393523015
7,106,145,117.76540196813279
7,107,144,115.5989276432292
7,108,143,116.41636008493114
7,109,142,115.19763000277217
7,110,141,115.9115133090298
7,111,140,113.53200393837983
7,112,139,115.22184498698472
7,113,138,113.51575719028715
7,114,137,111.29898451942832
7,115,136,109.571438893763
7,116,135,109.75932968791969
7,117,134,110.74016962437791
7,118,133,110.59394135491132
7,119,132,106.00450788265574
7,120,131,104.94638243947178
7,121,130,105.42850770276289
7,122,129,105.85891139691782
7,123,128,105.57703263074305
7,124,127,106.32598945673024
7,125,126,108.85735662625584
7,126,125,107.11384196897414
7,127,124,108.18182874125506
7,128,123,107.41531620172745
7,129,122,104.02888820395452
7,130,121,107.57027977655704
7,131,120,108.91903687620152
7,132,119,110.03663076161074
7,133,118,110.04791218833174
7,134,117,110.48788323250002
7,135,116,113.96356614580475
7,136,115,112.99729345666435
7,137,114,114.29374963947147
7,138,113,110.93970339853178
7,139,112,112.81381111744258
7,140,111,109.17851719350169
7,141,110,104.06743519927088
7,142,109,104.68762710043245
7,143,108,104.94035393602303
7,144,107,100.33575552622797
7,145,106,103.64097083609497
7,146,105,105.44685379984315
7,147,104,105.28459485977059
7,148,103,105.46509886379853
7,149,102,108.77818559824341
7,150,101,107.32443915163776
7,151,100,110.16533987405376
7,152,99,114.54820437359687
7,153,98,116.56680988902974
7,154,97,113.91570931774923
7,155,96,113.62049396926068
7,156,95,117.6412486009445
7,157,94,118.96577080179173
7,158,93,115.120875372446
7,159,92,108.75354375123976
7,160,91,105.7041964499291
8,40,221,122.28988173360294
8,41,220,122.70008057199388
8,42,219,124.00041506483947
8,43,218,122.38898331333777
8,44,217,121.33139087073152
8,45,216,121.90682222255161
8,46,215,122.56154670697131
8,47,214,120.83828471997319
8,48,213,121.39836207898026
8,49,212,122.41218782281217
8,50,211,119.1091504412361
8,51,210,120.10480160032864
8,52,209,119.74105372762374
8,53,208,117.92831319149123
8,54,207,117.93203899591933
8,55,206,118.42797901828969
8,56,205,115.5461217016749
8,57,204,114.26277368166288
8,58,203,114.44388586230251
8,59,202,116.25980711976213
8,60,201,118.21466408203388
8,61,200,117.04015146746261
8,62,199,117.60306009829455
8,63,198,117.09496142668698
8,64,197,116.82794711894866
8,65,196,116.05109762557673
8,66,195,115.86617804681785
8,67,194,114.89689649450798
8,68,193,116.86339578244923
8,69,192,116.23167898245384
8,70,191,114.79712972631191
8,71,190,113.90362460498551
8,72,189,113.88356553990106
8,73,188,111.13213972933335
8,74,187,113.71319840969926
8,75,186,114.53518329941966
8,76,185,114.48969685006904
8,77,184,115.76551983366446
8,78,183,116.01762448704503
8,79,182,116.2553441035678
8,80,181,116.92958643301932
8,81,180,116.73957958921258
8,82,179,117.30563949734733
8,83,178,115.58670544182189
8,84,177,113.95413029428522
8,85,176,113.65831722021562
8,86,175,113.65759900723364
8,87,174,110.03651840617405
8,88,173,112.15958664262038
8,89,172,114.56282555006808
8,90,171,113.6348491693416
8,91,170,117.62788331819922
8,92,169,116.86011452624601
8,93,168,115.46812809990462
8,94,167,114.92816690541969
8,95,166,112.80529910325843
8,96,165,108.73852907928573
8,97,164,106.27461393789147
8,98,163,104.51796172325771
8,99,162,103.46182407952492
8,100,161,103.12837519068397
8,101,160,100.72091026839306
8,102,159,99.10369837386469
8,103,158,100.99029047054992
8,104,157,106.27054154085965
8,105,156,105.42991746540632
8,106,155,105.2228328027624
8,107,154,107.80941239359126
8,108,153,111.48643451122467
8,109,152,107.55786166049168
8,110,151,110.32544289483397
8,111,150,103.8816078542971
8,112,149,105.64579354776582
8,113,148,105.99971520344607
8,114,147,105.32959603805128
8,115,146,106.21128739642214
8,116,145,104.12492900191006
8,117,144,107.59780762741562
8,118,143,110.56962305875729
8,119,142,109.83398293228032
8,120,141,109.8780457308182
8,121,140,111.0659187500372
8,122,139,109.31574524254586
8,123,138,107.73616839825334
8,124,137,108.00932694334796
8,125,136,106.99932849062148
8,126,135,101.54535926880095
8,127,134,102.63025552018513
8,128,133,108.0896282730824
8,129,132,109.73016365552405
8,130,131,105.69011874887215
8,131,130,108.17730934657709
8,132,129,112.24803282823511
8,133,128,110.797479157133
8,134,127,111.72983072442463
8,135,126,112.29045139262655
8,136,125,108.06539215694522
8,137,124,105.96988027327788
8,138,123,103.23160545186286
8,139,122,104.98296381687706
8,140,121,100.5168097917113
8,141,120,99.00667069651806
8,142,119,101.87795079374175
8,143,118,102.21673945809869
8,144,117,101.16083621146922
8,145,116,97.48747805583083
8,146,115,97.70894935776127
8,147,114,101.63136832213218
8,148,113,106.58788345924111
8,149,112,103.64849668693408
8,150,111,106.46378275520541
8,151,110,101.64415505787126
8,152,109,94.8969323357212
8,153,108,92.46607747798481
8,154,107,90.65526309827713
8,155,106,86.93960333545178
8,156,105,85.28342431112921
8,157,104,82.85178264593186
8,158,103,83.77674851635884
8,159,102,85.43949417507392
8,160,101,86.48420424377917
8,161,100,95.34268080265784
8,162,99,91.17215621434161
8,163,98,93.67000098212101
8,164,97,98.67334210490796
8,165,96,96.6008240494212
8,166,95,100.09037506246094
9,40,126,119.09121364059527
9,41,125,116.5139290484672
9,42,124,114.7459774150412
9,43,123,113.9025012581681
9,44,122,112.70961357659087
9,45,121,112.0141076451176
9,46,120,114.4768630490374
9,47,119,114.7537110622003
9,48,118,117.64220977490112
9,49,117,119.31519645903813
9,50,116,119.18942405523214
9,51,115,118.91715909204592
9,52,114,119.21867331142515
9,53,113,116.47057575104395
9,54,112,119.14819970848156
9,55,111,116.96752055599481
10,40,248,120.80704678736296
10,41,247,119.36162320346978
10,42,246,121.04502669152575
10,43,245,122.36222352078758
10,44,244,119.74336128404623
10,45,243,121.39646041634127
10,46,242,121.0102644853369
10,47,241,120.64019160708497
10,48,240,119.66345089405921
10,49,239,119.49384985114813
10,50,238,117.70853149456596
10,51,237,117.37339954953244
10,52,236,115.85990956057034
10,53,235,113.19288996954506
10,54,234,115.57309427271886
10,55,233,118.33671921107987
10,56,232,119.32919943955172
10,57,231,118.5147735152404
10,58,230,118.76412810774762
10,59,229,120.9390971199613
10,60,228,120.1333499775294
10,61,227,121.06703928887296
10,62,226,118.78881144557124
10,63,225,120.31338374239101
10,64,224,121.33531362292726
10,65,223,121.48225932395528
10,66,222,120.96638465856591
10,67,221,121.53170240948761
10,68,220,120.10854753534531
10,69,219,121.30759486848785
10,70,218,120.51808009585918
10,71,217,121.12313137367667
10,72,216,121.3259549778057
10,73,215,121.46670149530306
10,74,214,121.21792476607973
10,75,213,120.8966363214767
10,76,212,120.03381937310226
10,77,211,119.1307094494635
10,78,210,120.67230218014004
10,79,209,119.67862232266721
10,80,208,119.06221832188487
10,81,207,119.50232574938623
10,82,206,116.97213654851961
10,83,205,116.5018411622649
10,84,204,118.20949548278145
10,85,203,119.23176398787744
10,86,202,120.43271706773837
10,87,201,119.79675874376548
10,88,200,118.49792044153818
10,89,199,118.08218866862003
10,90,198,115.91672424468956
10,91,197,115.69392528419286
10,92,196,115.82461699810347
10,93,195,113.78096084103404
10,94,194,115.34188154830652
10,95,193,113.9768814101379
10,96,192,114.90920028884008
10,97,191,112.5738971444008
10,98,190,108.13556769692545
10,99,189,112.83123474098097
10,100,188,115.84541395072699
10,101,187,115.52901061714573
10,102,186,115.98325030196553
10,103,185,118.16016346554248
10,104,184,115.74160087372721
10,105,183,114.6935975070775
10,106,182,111.57172289999302
10,107,181,113.37542157745727
10,108,180,111.29416446110942
10,109,179,113.22941026301494
10,110,178,115.45231005687513
10,111,177,114.49223308919426
10,112,176,114.73796875031677
10,113,175,115.5958819204644
10,114,174,115.85082485400821
10,115,173,114.55271468551766
10,116,172,114.88176175719235
10,117,171,116.62676943345909
10,118,170,115.06869057596366
10,119,169,114.64606864048977
10,120,168,113.78142132331186
10,121,167,115.32209369909921
10,122,166,116.77413958322373
10,123,165,118.5813558591596
10,124,164,117.65800970770394
10,125,163,118.16557087365382
10,126,162,118.70535429831662
10,127,161,115.71122867331482
10,128,160,118.61409812048413
10,129,159,117.02106988971408
10,130,158,117.99925078175684
10,131,157,117.04926686681348
10,132,156,117.97884474240158
10,133,155,114.02383587536022
10,134,154,115.89983610514037
10,135,153,116.5021958567016
10,136,152,114.99086395729712
10,137,151,112.66740294357862
10,138,150,109.26983121067673
10,139,149,109.16893492419388
10,140,148,109.32204175150788
10,141,147,109.33188267207953
10,142,146,106.25549386269805
10,143,145,112.08029226858362
10,144,144,110.84136299425738
10,145,143,109.7522009578038
10,146,142,110.2799243448647
10,147,141,106.93379051680799
10,148,140,105.78080215914308
10,149,139,103.90855718763939
10,150,138,98.97844312637542
10,151,137,102.03585034760984
10,152,136,103.10169476188005
10,153,135,107.57173357804936
10,154,134,105.93623916144759
10,155,133,106.21845647699259
10,156,132,105.9675506200864
10,157,131,106.35546791769286
10,158,130,102.28960580288212
10,159,129,102.3712721160792
10,160,128,98.92167290914804
10,161,127,93.04686362037347
10,162,126,99.93978330133928
10,163,125,98.68910459654637
10,164,124,101.22217637053996
10,165,123,99.57806497270883
10,166,122,97.10981319975878
10,167,121,104.51233036906994
10,168,120,107.11992909552114
10,169,119,102.29079084944375
10,170,118,104.64549612128417
10,171,117,98.76671328533993
10,172,116,97.06231225506939
10,173,115,97.17328623421511
10,174,114,93.77264552748547
10,175,113,92.06882171338492
10,176,112,95.42461661401073
10,177,111,92.07555452541197
10,178,110,95.01451778953032
10,179,109,93.90554309646262
10,180,108,95.87349550731597
10,181,107,91.74615625193896
10,182,106,92.647490874043
10,183,105,95.2583294803884
10,184,104,97.7921257728356
10,185,103,99.99961464804105
10,186,102,101.22886778062929
10,187,101,96.42371228220716
10,188,100,95.17932162263914
10,189,99,93.61416243790902
10,190,98,89.6327949726702
10,191,97,95.72920501035729
10,192,96,93.23270799330274
11,40,140,123.21218301712182
11,41,139,124.09791685370539
11,42,138,123.4196327974787
11,43,137,123.2669173156134
11,44,136,124.50929788273484
11,45,135,122.42247044758028
11,46,134,121.4650835968541
11,47,133,121.41021993349476
11,48,132,121.47096039484865
11,49,131,118.84221304213835
11,50,130,117.04733554782752
11,51,129,119.11332946414697
11,52,128,117.30670690841717
11,53,127,118.85941283753041
11,54,126,119.10269648278339
11,55,125,120.10954246823971
11,56,124,118.90639415838069
11,57,123,119.64557935370067
11,58,122,119.51299092076555
11,59,121,117.20274020417389
11,60,120,117.18729538597896
11,61,119,116.04571599799922
11,62,118,116.47966531382048
11,63,117,115.72477660019695
11,64,116,116.42031367945863
11,65,115,115.25161466872625
11,66,114,117.89235267484179
11,67,113,120.29941728063633
11,68,112,120.39966829908731
11,69,111,116.58044273669486
11,70,110,114.92792860162734
11,71,109,115.09984191122936
11,72,108,116.0580726812284
11,73,107,111.93954198256048
11,74,106,109.4994402466935
11,75,105,103.0427189965711
11,76,104,105.10225754261974
11,77,103,104.1783063635439
11,78,102,101.82173304132641
11,79,101,99.3679854893281
11,80,100,95.7225501410282
11,81,99,97.74904131752086
11,82,98,95.01612366048312
11,83,97,94.13052939744912
12,40,301,124.6608624444786
12,41,300,124.47135061334386
12,42,299,124.20691856800305
12,43,298,123.18929095401162
12,44,297,124.32785848933551
12,45,296,124.32982302671101
12,46,295,123.73039979291258
12,47,294,123.46971770918314
12,48,293,122.8718609561009
12,49,292,121.17560668550854
12,50,291,119.24685429063857
12,51,290,118.96848452019975
12,52,289,120.21670633307957
12,53,288,121.21649081925767
12,54,287,119.47180825924067
12,55,286,121.69138115806973
12,56,285,122.11725802608724
12,57,284,122.50361649514497
12,58,283,122.69929291270367
12,59,282,123.5017551291553
12,60,281,123.21302174308991
12,61,280,121.80208693942014
12,62,279,121.89489410033612
12,63,278,121.80219423984045
12,64,277,122.65921813222047
12,65,276,122.76588365885354
12,66,275,122.78004020774262
12,67,274,122.69103535062655
12,68,273,123.56079505345944
12,69,272,122.44529210409365
12,70,271,122.02018224427516
12,71,270,120.85770903222672
12,72,269,118.30161473123954
12,73,268,119.19668686671494
12,74,267,119.52103367465293
12,75,266,119.94335880614781
12,76,265,118.77099476898076
12,77,264,116.14042273678086
12,78,263,116.99557800827802
12,79,262,115.2596025271375
12,80,261,116.38799628218052
12,81,260,118.52838725262094
12,82,259,115.4154728216335
12,83,258,118.30244638832731
12,84,257,118.95051844357312
12,85,256,120.20743243478739
12,86,255,120.37967214804891
12,87,254,121.88950206376974
12,88,253,119.28679920577426
12,89,252,121.09566295999001
12,90,251,121.9623466719204
12,91,250,120.32917701531125
12,92,249,117.20761988556919
12,93,248,119.95319167729825
12,94,247,120.19804453999626
12,95,246,119.23939975394646
12,96,245,118.72503688223046
12,97,244,119.68594378384344
12,98,243,120.06968000508363
12,99,242,119.64692505430097
12,100,241,119.35795739277378
12,101,240,118.68928860700227
12,102,239,117.21295277009332
12,103,238,115.4228272996963
12,104,237,115.91932731424099
12,105,236,118.92627563957718
12,106,235,121.45790409624755
12,107,234,121.98067926526386
12,108,233,123.12862051666659
12,109,232,123.3910190449449
12,110,231,124.04053993175421
12,111,230,123.7751824835204
12,112,229,123.81817255232473
12,113,228,121.19611803654996
12,114,227,120.4884483806327
12,115,226,119.08671121549654
12,116,225,120.3832087028299
12,117,224,120.34695684132248
12,118,223,120.74431222294388
12,119,222,119.75673186028071
12,120,221,119.44799472840225
12,121,220,119.02844785051498
12,122,219,116.2040016023523
12,123,218,116.05627868483933
12,124,217,116.29039792357383
12,125,216,117.94864485662639
12,126,215,117.75102539291751
12,127,214,118.94805422961527
12,128,213,119.4283581742348
12,129,212,118.6182211741593
12,130,211,119.00057679500804
12,131,210,119.20404931411477
12,132,209,119.38942950116896
12,133,208,120.10100231531536
12,134,207,121.01507731522983
12,135,206,120.39708333011376
12,136,205,119.38482733679892
12,137,204,119.38441997127981
12,138,203,118.6804045778806
12,139,202,117.20415344855196
12,140,201,116.90241877573675
12,141,200,116.71036394832765
12,142,199,117.47962854251185
12,143,198,118.90063150369454
12,144,197,118.52746286215807
12,145,196,120.28582604602171
12,146,195,119.1442476276483
12,147,194,118.52125121128535
12,148,193,117.8493393899565
12,149,192,116.48316316484932
12,150,191,118.29529365223945
12,151,190,118.16577945756165
12,152,189,116.78196949037213
12,153,188,118.84199628968767
12,154,187,119.26792321555067
12,155,186,119.92653725998962
12,156,185,120.89394527572048
12,157,184,120.54685117113513
12,158,183,117.30940474148544
12,159,182,117.13144459872515
12,160,181,117.49177241569619
12,161,180,117.75620871525354
12,162,179,115.16305695938553
12,163,178,117.07395385868598
12,164,177,109.09543972480171
12,165,176,109.73480707720893
12,166,175,108.83835800618678
12,167,174,110.07296490977359
12,168,173,108.70801127924035
12,169,172,108.23040605461793
12,170,171,115.08983581636042
12,171,170,115.83865125529901
12,172,169,117.44528853557583
12,173,168,116.4469298424859
12,174,167,117.84986699726389
12,175,166,117.1423474406221
12,176,165,117.11300582131622
12,177,164,116.598028590513
12,178,163,111.43363391298732
12,179,162,111.68345777446729
12,180,161,119.77356027118651
12,181,160,120.57441565996263
12,182,159,120.10376737053869
12,183,158,119.67520070667385
12,184,157,116.78198376174853
12,185,156,117.54847701042331
12,186,155,114.21320221526676
12,187,154,115.55262883609515
12,188,153,114.77113556750656
12,189,152,112.88673051086883
12,190,151,107.0650731667794
12,191,150,108.20994552207196
12,192,149,107.83495053361698
12,193,148,105.68569118993443
12,194,147,102.72011453571199
12,195,146,106.3365514081905
12,196,145,108.22603525284636
12,197,144,110.23782193677417
12,198,143,105.06837362232906
12,199,142,105.31038067983715
12,200,141,103.7073655483157
12,201,140,106.73979661837785
12,202,139,105.70803770298173
12,203,138,107.99143999494474
12,204,137,107.9110639790108
12,205,136,104.89400638026642
12,206,135,96.88128390084368
12,207,134,101.00127475957052
12,208,133,101.63502165548626
12,209,132,103.07571752407793
12,210,131,109.56412647242237
12,211,130,112.14418448759423
12,212,129,111.34048463968324
12,213,128,112.0491539044995
12,214,127,108.81993551225442
12,215,126,107.17605183136571
12,216,125,109.65603125246861
12,217,124,108.90772820860776
13,40,250,120.90501893784067
13,41,249,119.32499785397579
13,42,248,119.18068934863877
13,43,247,118.40011738173034
13,44,246,118.41058020616468
13,45,245,117.9093311038651
13,46,244,120.3506821840047
13,47,243,120.35604834977869
13,48,242,121.94175952876634
13,49,241,120.82816062438695
13,50,240,121.819904879067
13,51,239,121.7030127064583
13,52,238,122.78299297365501
13,53,237,122.70281034764065
13,54,236,123.53138552527766
13,55,235,124.47785489261219
13,56,234,124.9330266906739
13,57,233,125.0
13,58,232,123.62664567707535
13,59,231,123.98267231733813
13,60,230,123.96232234160902
13,61,229,123.12807458688485
13,62,228,122.60452520217294
13,63,227,121.95725494954853
13,64,226,123.2985325338419
13,65,225,122.85043042962985
13,66,224,122.03502901196373
13,67,223,120.73885561343009
13,68,222,122.19014093687754
13,69,221,122.64718854374476
13,70,220,122.79780856236007
13,71,219,122.77529876383507
13,72,218,122.2910977428131
13,73,217,123.16505525239066
13,74,216,123.52108113262724
13,75,215,123.2900518016773
13,76,214,123.5161856825248
13,77,213,124.37475535182861
13,78,212,123.61549766350092
13,79,211,122.48735435444101
13,80,210,122.31626487618612
13,81,209,120.57606737055428
13,82,208,120.94206036853313
13,83,207,120.51268901801564
13,84,206,117.9887268873982
13,85,205,117.63610952975714
13,86,204,118.54374713493681
13,87,203,117.31407821145007
13,88,202,117.10924164337302
13,89,201,117.29092109164111
13,90,200,115.77544830144305
13,91,199,116.79956519204242
13,92,198,117.04857186248896
13,93,197,116.81730673887556
13,94,196,119.7060669906549
13,95,195,116.17094709066367
13,96,194,116.27285523587719
13,97,193,118.9522952525981
13,98,192,120.6841242133764
13,99,191,119.51041722057634
13,100,190,120.42072970729805
13,101,189,119.66929160640063
13,102,188,117.43528427089693
13,103,187,117.21535409537455
13,104,186,116.95779361530072
13,105,185,117.46886539076645
13,106,184,119.05608915116981
13,107,183,117.87829248798943
13,108,182,118.94955285374894
13,109,181,117.96010055386238
13,110,180,117.29003296969277
13,111,179,117.81869222547871
13,112,178,118.90679242280453
13,113,177,118.89116122576814
13,114,176,118.86343034357856
13,115,175,118.24097649389861
13,116,174,119.94912328423305
13,117,173,118.747162769294
13,118,172,118.19370453743994
13,119,171,119.89337991273871
13,120,170,119.0591487385302
13,121,169,117.39365473208395
13,122,168,115.73120962612734
13,123,167,116.46426795668287
13,124,166,109.64790480724159
13,125,165,106.01925151340006
13,126,164,107.09068354027193
13,127,163,103.20832384434982
13,128,162,105.22915652014589
13,129,161,107.50865479038902
13,130,160,103.80567712944872
13,131,159,103.80717775163552
13,132,158,102.47885351339954
13,133,157,100.26112009032545
13,134,156,99.72715850123333
13,135,155,98.54359951833048
13,136,154,101.7905176845646
13,137,153,99.27768451314981
13,138,152,97.37972802482027
13,139,151,93.98261708648585
13,140,150,92.64693851900458
13,141,149,95.33504328042481
13,142,148,93.4472907869746
13,143,147,94.0969577070667
13,144,146,94.55586566051187
13,145,145,101.45107984086397
13,146,144,106.21522993980098
13,147,143,108.6771062380169
13,148,142,109.97653281901466
13,149,141,108.3819720668578
13,150,140,108.07131568242026
13,151,139,102.97000630514364
13,152,138,107.49212654008235
13,153,137,111.76043354934987
13,154,136,113.07009995528233
13,155,135,113.28771566215164
13,156,134,112.87459662933972
13,157,133,112.77647200785694
13,158,132,112.01070568929629
13,159,131,107.67856754734333
13,160,130,106.42262921879474
13,161,129,105.181538831155
13,162,128,105.11195711507627
13,163,127,105.62041425478931
13,164,126,104.07374622048229
13,165,125,101.74201513836107
13,166,124,105.98849399645366
13,167,123,103.2665361273281
13,168,122,105.70905527163288
13,169,121,104.42345788871255
13,170,120,103.35048918717408
13,171,119,107.29474632384529
13,172,118,105.655247743996
13,173,117,102.67220267843057
13,174,116,102.7914916018955
13,175,115,102.69485740598662
13,176,114,100.81884841732831
13,177,113,99.41585919591051
13,178,112,96.73486872309778
13,179,111,95.56844598765882
13,180,110,90.74265833242171
13,181,109,96.35054579871621
13,182,108,95.6529293732664
13,183,107,102.63811673247113
13,184,106,101.85170363029565
13,185,105,102.41186185725104
13,186,104,105.57469116752782
13,187,103,103.04340716379878
13,188,102,106.47397880380555
13,189,101,99.19270111490516
13,190,100,98.8121646065276
13,191,99,94.7602788390229
13,192,98,98.40467340734418
13,193,97,99.9726539288461
13,194,96,98.48423336846038
13,195,95,96.83891001210121
14,40,113,120.9773927981399
14,41,112,119.51731700401467
14,42,111,117.88031395957705
14,43,110,118.60989259372454
14,44,109,112.69768900454343
14,45,108,118.19591401587313
14,46,107,119.79051085878234
15,40,119,117.39946430095199
15,41,118,120.33014509086036
15,42,117,119.63583035996288
15,43,116,118.15712329095234
15,44,115,116.02448326967041
15,45,114,116.23298810000519
15,46,113,113.24740949699648
15,47,112,115.31164293648521
15,48,111,115.7672711784069
15,49,110,115.08671232997037
15,50,109,114.18708020104475
15,51,108,117.38890082020586
15,52,107,116.84806165408546
15,53,106,117.30241654149344
15,54,105,117.32727020691135
15,55,104,117.50773829853316
15,56,103,119.62615876593821
15,57,102,119.14302978525724
15,58,101,118.2845395392863
15,59,100,118.64646304189023
15,60,99,114.82455529990347
15,61,98,115.04868192883822
15,62,97,113.63908341189287
15,63,96,115.15661509062491
15,64,95,115.71337758732378
15,65,94,118.55226462688144
15,66,93,113.69134906787167
15,67,92,113.40745460458236
15,68,91,116.80035706422453
15,69,90,118.17702313333572
15,70,89,116.6673035446157
15,71,88,114.52545066357689
15,72,87,111.31352880669233
15,73,86,108.51245909733842
15,74,85,109.2459532504556
15,75,84,109.19245608355115
15,76,83,111.15700546558946
16,40,157,122.2623316464009
16,41,156,122.0916616231138
16,42,155,119.29624602746486
16,43,154,120.5613025858828
16,44,153,121.047057661443
16,45,152,119.43220114517288
16,46,151,118.27366419805813
16,47,150,117.76754434398035
16,48,149,117.17703460198673
16,49,148,117.59187607327553
16,50,147,115.94860182478342
16,51,146,117.47762106841441
16,52,145,117.22147046432502
16,53,144,117.0549781313826
16,54,143,117.50030034645998
16,55,142,117.5887955762104
16,56,141,117.33932597118257
16,57,140,119.80322694141704
16,58,139,119.35590239142415
16,59,138,120.88694310657742
16,60,137,120.24850179793674
16,61,136,121.54072602287374
16,62,135,119.09696552045634
16,63,134,120.04998791083469
16,64,133,120.49226250773259
16,65,132,120.48071121717612
16,66,131,119.59793257838668
16,67,130,118.17536453733416
16,68,129,120.17689267446032
16,69,128,120.70419667033431
16,70,127,119.75268922473364
16,71,126,120.1747222630938
16,72,125,119.50061327750296
16,73,124,122.21214386744094
16,74,123,121.04733231185554
16,75,122,117.39599944697683
16,76,121,116.35953251916321
16,77,120,117.17434281989318
16,78,119,117.31039549440355
16,79,118,117.75649720011683
16,80,117,119.32394602844155
16,81,116,119.7347181589857
16,82,115,119.45140744208095
16,83,114,119.03104236932772
16,84,113,116.05133365934014
16,85,112,117.59157099271945
16,86,111,117.03806903361667
16,87,110,116.15719733111938
16,88,109,117.42623336381577
16,89,108,113.89118987918322
16,90,107,112.40449889185626
16,91,106,110.454275445167
16,92,105,106.68853816807638
16,93,104,102.92220190957329
16,94,103,98.45228052445623
16,95,102,100.47379300056137
16,96,101,100.29327861533524
16,97,100,104.54377065655149
16,98,99,104.31106710502912
16,99,98,103.71885607904656
16,100,97,99.86626232333731
16,101,96,103.1900755893071
16,102,95,100.09543718160933
16,103,94,100.03135638302813
16,104,93,99.57540015907554
16,105,92,98.04111948524975
16,106,91,95.25861700789683
16,107,90,97.91923764116342
16,108,89,100.61308085283557
16,109,88,101.34521213841116
16,110,87,98.70964162061253
16,111,86,95.9195327002208
16,112,85,96.05101559308243
16,113,84,92.52815991305945
17,40,175,120.08458555992999
17,41,174,121.49576166552241
17,42,173,121.14704346534319
17,43,172,122.80299062417052
17,44,171,122.50950758944938
17,45,170,122.24792292441806
17,46,169,119.1262277435758
17,47,168,119.84203672235941
17,48,167,118.51301778151276
17,49,166,115.93934500862986
17,50,165,115.84463902245503
17,51,164,117.11880762562423
17,52,163,116.5270178904385
17,53,162,117.07837062224417
17,54,161,117.46641854438477
17,55,160,120.27507237504105
17,56,159,120.03233923591402
17,57,158,118.58114648276347
17,58,157,119.52049075685633
17,59,156,117.90339697236605
17,60,155,117.82493768963253
17,61,154,117.75528371790149
17,62,153,119.35266358489173
17,63,152,117.71208925937292
17,64,151,117.03960495721795
17,65,150,117.57033851958667
17,66,149,117.25603484369303
17,67,148,117.71690778133669
17,68,147,118.51773116041522
17,69,146,119.312323906915
17,70,145,119.47203435469712
17,71,144,118.72364427630177
17,72,143,118.23409493174698
17,73,142,116.24477391217836
17,74,141,116.64497733116792
17,75,140,113.65080335107903
17,76,139,109.88199395360047
17,77,138,114.37425310399672
17,78,137,113.86132314851426
17,79,136,112.58189045005955
17,80,135,110.72405105955573
17,81,134,115.92946802315379
17,82,133,116.0450049690769
17,83,132,117.08816801291228
17,84,131,115.17855654282113
17,85,130,115.51117541759106
17,86,129,116.21357375862215
17,87,128,113.60619187910328
17,88,127,113.22740818258106
17,89,126,113.29713029186189
17,90,125,115.66915969763542
17,91,124,113.73370109555486
17,92,123,115.78043299636438
17,93,122,115.75962193370371
17,94,121,113.56759738475566
17,95,120,115.44070129528426
17,96,119,111.48125571558708
17,97,118,108.93088211557583
17,98,117,109.99020445144524
17,99,116,107.57300308489681
17,100,115,106.16316068279116
17,101,114,102.44628379422724
17,102,113,101.99806343760986
17,103,112,99.47213932046543
17,104,111,97.86699123017199
17,105,110,101.00815728651776
17,106,109,100.12857412272908
17,107,108,92.08537705066827
17,108,107,90.5301528406523
17,109,106,89.65807378162927
17,110,105,88.78473933875617
17,111,104,87.04609800411971
17,112,103,82.72414321732393
17,113,102,82.36197730300559
17,114,101,87.04848050745586
17,115,100,90.06725138992624
17,116,99,79.56340746074954
17,117,98,82.21354134898611
17,118,97,76.84725445038791
17,119,96,75.63294045207994
17,120,95,75.97598158877761
17,121,94,79.2614755235079
17,122,93,73.7214272701828
17,123,92,77.40867478830847
17,124,91,74.47846181399416
17,125,90,73.76099024155229
17,126,89,72.05853934088026
17,127,88,72.9593287028809
17,128,87,73.98791959473078
17,129,86,71.34976630246703
17,130,85,76.26971194768187
17,131,84,73.67935561610929
17,132,83,74.6184759807694
17,133,82,74.16491613857258
17,134,81,77.3580521583072
17,135,80,76.86655289751744
17,136,79,75.73089014973527
17,137,78,75.85577663023929
17,138,77,77.93366455931864
17,139,76,75.38096582431356
17,140,75,77.51058799855934
17,141,74,71.96706341333531
17,142,73,72.46331336090175
17,143,72,71.52835017757843
17,144,71,68.90285150362504
17,145,70,74.16152294484708
17,146,69,69.42516009396974
17,147,68,68.60331377901623
17,148,67,70.14501104865963
17,149,66,65.60945639125822
17,150,65,66.93827302679199
17,151,64,59.6725663524753
17,152,63,53.88501904168396
17,153,62,53.84996375694904
17,154,61,54.745579007412395
17,155,60,57.56961829813392
17,156,59,57.10229138063947
17,157,58,55.81143726388014
17,158,57,55.23232523324649
17,159,56,54.57676604345703
17,160,55,52.92846182033194
17,161,54,53.831269621401454
17,162,53,53.13094895359015
17,163,52,49.81386585136628
17,164,51,51.7945966259941
17,165,50,51.4154911401677
18,40,121,119.17676611590772
18,41,120,119.43578767194666
18,42,119,115.17708988233102
18,43,118,117.0089932720978
18,44,117,116.47294998123253
18,45,116,117.64667030817645
18,46,115,116.6966366458008
18,47,114,119.09065091797427
18,48,113,117.63275605039534
18,49,112,116.80635251131865
18,50,111,116.32724808496566
18,51,110,114.34084754986941
18,52,109,113.86770957739483
18,53,108,117.40045579019866
18,54,107,116.42107023576463
18,55,106,117.02493618054149
18,56,105,117.72455570192311
18,57,104,116.49070313118673
18,58,103,118.48163951839331
18,59,102,117.24671166878753
18,60,101,112.56766585723611
18,61,100,115.78250425864603
18,62,99,115.28735048355617
18,63,98,108.24835743856747
18,64,97,104.09307860954758
18,65,96,103.43529129667633
18,66,95,106.07920938080548
18,67,94,112.1854600898856
18,68,93,112.5718564829757
18,69,92,113.11063276410103
18,70,91,114.7372104069555
18,71,90,112.6257343663543
18,72,89,113.73960050929814
18,73,88,114.23715953061347
18,74,87,114.19545194070812
18,75,86,114.00560221783846
18,76,85,113.47125592974021
18,77,84,112.24202152983817
18,78,83,112.58028744749238
18,79,82,111.54489681993242
18,80,81,111.29906235170154
18,81,80,109.92905902774487
18,82,79,107.93417886694107
18,83,78,102.72440161139913
18,84,77,96.5003992333034
18,85,76,93.13696256369849
18,86,75,91.71476915875262
18,87,74,92.04544400071566
18,88,73,85.08586747133242
18,89,72,86.78109365984604
18,90,71,86.86505831799862
18,91,70,80.36523876904656
18,92,69,89.06242863510582
18,93,68,85.05121060501816
18,94,67,85.29659166661699
18,95,66,83.77821855386782
18,96,65,85.43380564217938
18,97,64,89.5724695230711
18,98,63,82.58592203112909
18,99,62,82.50512357147
18,100,61,84.37700782836609
18,101,60,85.99994799135308
18,102,59,87.4762861628372
18,103,58,82.65940883876078
18,104,57,79.69909415714908
18,105,56,74.75198778155882
18,106,55,71.29855156445805
18,107,54,76.7351939032319
18,108,53,76.37385718403578
18,109,52,79.365441660377
18,110,51,77.8866606740928
18,111,50,79.5976834568083
18,112,49,79.08935754017901
18,113,48,75.17122961674494
18,114,47,73.06372822985315
18,115,46,75.39670532726593
18,116,45,75.71027346464379
18,117,44,73.87126892095131
18,118,43,74.22351311617805
18,119,42,63.382794336429825
18,120,41,62.25086409787992
18,121,40,59.14749347558521
18,122,39,55.023104068356716
18,123,38,49.77784874563457
18,124,37,44.63892735828624
18,125,36,43.38134439937333
18,126,35,38.71514633299108
18,127,34,37.42641892087035
18,128,33,34.918242983414444
18,129,32,33.25053848941096
18,130,31,35.48711217130996
18,131,30,34.499602843984455
18,132,29,35.857601775029764
18,133,28,31.75128647380617
19,40,182,119.38744659035036
19,41,181,119.63218871502524
19,42,180,119.73972159546148
19,43,179,120.62120123373359
19,44,178,119.74894129018024
19,45,177,120.51719251661669
19,46,176,122.46087077477274
19,47,175,121.27284181558474
19,48,174,120.35439782352526
19,49,173,121.31957196956652
19,50,172,123.00513519384606
19,51,171,122.59397409894399
19,52,170,123.35062654485631
19,53,169,124.0545972450302
19,54,168,122.97749580986826
19,55,167,123.87406216248704
19,56,166,124.05202756305256
19,57,165,124.32318244855219
19,58,164,122.45280242736749
19,59,163,122.64133452204373
19,60,162,123.01332738650714
19,61,161,122.08875885789449
19,62,160,121.7462727539488
19,63,159,121.24259542945975
19,64,158,118.42585515445842
19,65,157,120.34128520217527
19,66,156,120.81769492954965
19,67,155,116.5877963031152
19,68,154,119.64666190602671
19,69,153,120.62270325540298
19,70,152,119.09238066968422
19,71,151,118.01310282061137
19,72,150,117.09812367698095
19,73,149,114.64588838654615
19,74,148,113.3427149075084
19,75,147,114.6564410935498
19,76,146,113.09689333154046
19,77,145,114.66255956293932
19,78,144,112.35495912438577
19,79,143,112.22736414096823
19,80,142,113.27292232991549
19,81,141,112.51356800263692
19,82,140,115.75646890904969
19,83,139,114.17695011599966
19,84,138,114.8247492098491
19,85,137,113.5195470569501
19,86,136,115.3290936130667
19,87,135,116.10455818972233
19,88,134,115.69019720724492
19,89,133,117.86979695541024
19,90,132,117.32792875900242
19,91,131,115.58860336530593
19,92,130,114.8213276632601
19,93,129,115.23213296588352
19,94,128,112.47124390785979
19,95,127,112.50774214817599
19,96,126,111.76746710046186
19,97,125,113.26491816936255
19,98,124,112.94098888632672
19,99,123,113.8401024097127
19,100,122,113.63290857060014
19,101,121,114.06443686682545
19,102,120,115.84903248893652
19,103,119,115.81238488423037
19,104,118,111.85693963688081
19,105,117,114.16923395020802
19,106,116,110.09556526156432
19,107,115,106.6225637410382
19,108,114,109.06645877936057
19,109,113,110.98590030935591
19,110,112,110.86718625888626
19,111,111,108.56403853049099
19,112,110,112.13577435678053
19,113,109,111.0586309230844
19,114,108,110.95661822600673
19,115,107,107.34973077547377
19,116,106,99.95608973075176
19,117,105,100.66733551936983
19,118,104,102.28188239226608
19,119,103,106.29073794930659
19,120,102,109.36994621120961
19,121,101,110.14546033360855
19,122,100,111.23942144883102
19,123,99,113.08548593435154
19,124,98,111.18397284178934
19,125,97,104.64121837139493
19,126,96,108.65783527024132
19,127,95,108.64401181609
19,128,94,107.29386009950338
19,129,93,105.2247855846174
19,130,92,105.47082401705913
19,131,91,103.85736540466849
19,132,90,97.6248128621183
19,133,89,94.1505268322014
19,134,88,94.17212355176108
19,135,87,91.15746966063675
20,40,160,117.75603507908968
20,41,159,119.83719403793418
20,42,158,119.68301747947933
20,43,157,119.63997494735088
20,44,156,117.1617532673339
20,45,155,117.62490958663284
20,46,154,118.78217915206284
20,47,153,115.59129898029997
20,48,152,114.1682887832031
20,49,151,111.92551988933224
20,50,150,114.55342410881586
20,51,149,113.38160497338994
20,52,148,112.23997535671687
20,53,147,110.55033402312091
20,54,146,111.18298198788321
20,55,145,110.24823138318973
20,56,144,113.90304683686212
20,57,143,114.08061434735453
20,58,142,115.09326286504223
20,59,141,113.53976261721516
20,60,140,115.00412986489927
20,61,139,114.88936562446297
20,62,138,113.47884974414066
20,63,137,113.75448500069103
20,64,136,113.58104272457419
20,65,135,112.10313538813763
20,66,134,115.00102002381055
20,67,133,112.98988447855149
20,68,132,113.67405795191434
20,69,131,111.14857788551271
20,70,130,116.94852914172728
20,71,129,115.99301666437741
20,72,128,113.53584515323399
20,73,127,110.31764887506067
20,74,126,111.80418515603981
20,75,125,111.96118082299165
20,76,124,112.44121741900034
20,77,123,115.37625737361503
20,78,122,112.94687979359
20,79,121,113.3791210967143
20,80,120,111.68548905083114
20,81,119,110.81614157743873
20,82,118,114.93310989251614
20,83,117,116.15961913080582
20,84,116,115.21656377321077
20,85,115,115.2759282612405
20,86,114,116.76512686743493
20,87,113,112.77773606496154
20,88,112,115.5234567462166
20,89,111,113.65631896374134
20,90,110,112.7746849250261
20,91,109,112.74781508221159
20,92,108,110.72170768573969
20,93,107,108.47290301214511
20,94,106,106.86321841555142
20,95,105,107.94267035106756
20,96,104,107.44674286785965
20,97,103,110.22071286088541
20,98,102,109.87549861539318
20,99,101,109.72403189575854
20,100,100,111.56628292890527
20,101,99,114.21668849315493
20,102,98,108.44835113208782
20,103,97,111.0047794018836
20,104,96,110.51422593329663
20,105,95,107.63916018247207
20,106,94,107.1573833534745
20,107,93,101.59354882573817
20,108,92,96.23113676642495
20,109,91,102.63195998268363
20,110,90,101.88352977375436
20,111,89,103.35861534354547
20,112,88,96.89792655307345
20,113,87,98.4212784310983
20,114,86,86.6996725454031
20,115,85,89.41993004056813
20,116,84,83.07897615769888
20,117,83,85.03226711640676
20,118,82,83.55812399063439
20,119,81,88.8737011976074
20,120,80,89.22217667648752
20,121,79,94.87977886328193
20,122,78,103.43827861301983
20,123,77,107.35768696398911
20,124,76,104.06746206906207
20,125,75,102.54260627686587
20,126,74,93.67610622977247
20,127,73,93.18167559739553
20,128,72,91.92043646807826
20,129,71,87.10696277702846
20,130,70,78.53440819827159
20,131,69,73.93948543342259
20,132,68,66.68346877123642
20,133,67,63.50738446902638
20,134,66,59.91736826958408
20,135,65,60.823385392268264
20,136,64,61.370988743290546
20,137,63,58.211666354277725
20,138,62,56.2468886873013
20,139,61,53.808593261863955
20,140,60,58.1354274076739
20,141,59,60.098831018183006
20,142,58,56.485150531659485
20,143,57,57.94506117331859
20,144,56,57.10937942990466
20,145,55,57.89802466249267
20,146,54,64.58641449637116
20,147,53,60.76794426917891
20,148,52,58.288887612803734
20,149,51,58.22695168936896
20,150,50,51.56818424353022
20,151,49,55.51354698469906
20,152,48,50.006923372882085
20,153,47,46.120360485226584
20,154,46,42.75413211166133
20,155,45,42.220634823041834
20,156,44,42.14621909849479
20,157,43,40.633357092780564
20,158,42,39.75430984351621
20,159,41,40.596435137081954
20,160,40,41.41554857476859
20,161,39,43.71134285192403
20,162,38,42.74069798781156
20,163,37,41.993265149339905
20,164,36,43.09024537372947
20,165,35,44.50356456492662
20,166,34,43.48765462254821
20,167,33,45.16091555804199
20,168,32,40.546271927338836
20,169,31,36.56481751411394
20,170,30,32.670685029229716
20,171,29,31.66443341693437
20,172,28,32.72062235862512
20,173,27,32.378559836900685
20,174,26,29.03560611797741
20,175,25,30.419027807711934
20,176,24,28.37394393231017
20,177,23,28.918628418059843
20,178,22,28.461675046208413
20,179,21,24.715924322032734
20,180,20,22.117707195472658
20,181,19,22.09899478897502
20,182,18,19.078537705637018
20,183,17,16.941249835082907
20,184,16,16.074144149713526
21,40,165,123.95008157562162
21,41,164,123.52438742167504
21,42,163,123.35447545970091
21,43,162,122.94533835145421
21,44,161,122.81116925747803
21,45,160,121.27192893706248
21,46,159,119.07628425027025
21,47,158,120.57780126820879
21,48,157,120.30753828357768
21,49,156,120.3637196914129
21,50,155,120.6551542926889
21,51,154,119.8409160152104
21,52,153,119.87184610184937
21,53,152,121.54102975795334
21,54,151,121.03734057160489
21,55,150,120.68353811858644
21,56,149,120.08454038639798
21,57,148,120.29092571706248
21,58,147,122.30002754525046
21,59,146,122.49706006479497
21,60,145,122.73008887995488
21,61,144,122.87956250812383
21,62,143,122.62027371470083
21,63,142,123.64518481654352
21,64,141,123.9916432348214
21,65,140,123.70560314217025
21,66,139,124.2202041613121
21,67,138,123.15813114666958
21,68,137,123.21240482319179
21,69,136,122.3519883189615
21,70,135,122.49250318138021
21,71,134,122.92301272891766
21,72,133,123.00777906765138
21,73,132,123.7019311316962
21,74,131,123.21511708920623
21,75,130,123.18612443136047
21,76,129,122.87977274099568
21,77,128,122.76546014660816
21,78,127,119.51573049861562
21,79,126,122.4392268240742
21,80,125,122.28388460132769
21,81,124,119.57472227508232
21,82,123,120.2405433162088
21,83,122,117.82123319950696
21,84,121,115.7263296533712
21,85,120,111.66392661742955
21,86,119,112.1911060368522
21,87,118,107.80945552932309
21,88,117,110.83594588809638
21,89,116,114.179105522943
21,90,115,111.9522605588881
21,91,114,114.56957053374856
21,92,113,109.28577761885819
21,93,112,109.73567424478273
21,94,111,107.7586268771682
21,95,110,109.98721204520311
21,96,109,106.88313379712991
21,97,108,105.2390495802743
21,98,107,109.77950353881096
21,99,106,112.09376568107196
21,100,105,111.59022183156357
21,101,104,112.58523807149237
21,102,103,110.3477635550303
21,103,102,111.39097399165121
21,104,101,115.04965693598257
21,105,100,115.71677675507539
21,106,99,114.5034891257549
21,107,98,111.2317973792434
21,108,97,111.39681806444585
21,109,96,107.88370829494453
21,110,95,110.24126926479767
21,111,94,102.66894658835056
21,112,93,100.8334487871766
21,113,92,102.21723808597804
21,114,91,99.28633893703184
21,115,90,99.99145184769476
21,116,89,92.6892284166635
21,117,88,93.4405740194431
21,118,87,93.69746403362271
21,119,86,93.95571322649965
21,120,85,94.23652115758613
21,121,84,94.84988579957533
21,122,83,88.27203122473347
21,123,82,85.29393585743543
21,124,81,82.673417364843
21,125,80,82.06712900601968
21,126,79,83.94269322500944
21,127,78,82.52001485380569
21,128,77,82.99524279269974
21,129,76,87.52890782603357
21,130,75,90.56910317368943
21,131,74,89.21971104978878
21,132,73,86.04345863442231
21,133,72,87.30530873828954
21,134,71,85.90854920934015
21,135,70,84.06767500588546
21,136,69,83.98446462922286
21,137,68,83.325666694789
21,138,67,83.82707494183447
21,139,66,82.54446616235077
21,140,65,81.7318221997387
21,141,64,80.76563996385411
21,142,63,78.05701952574523
21,143,62,76.70639771679288
21,144,61,75.5502012221365
21,145,60,75.99221906019208
21,146,59,74.48004065741898
21,147,58,71.60742684331983
21,148,57,70.3832002711983
22,39,111,124.36180699896589
23,40,203,123.68491290731366
23,41,202,122.53918291347435
23,42,201,121.66711907696697
23,43,200,119.49595344139368
23,44,199,121.67844100886157
23,45,198,121.15560761651435
23,46,197,123.87297416519627
23,47,196,124.06845407447946
23,48,195,123.18301547459788
23,49,194,121.79493240697758
23,50,193,121.41825862500973
23,51,192,120.50052116046757
23,52,191,122.8336307632463
23,53,190,122.06116171975597
23,54,189,120.77461592960475
23,55,188,121.20336166434537
23,56,187,121.51593459780085
23,57,186,122.83109604061107
23,58,185,122.67905704764885
23,59,184,122.98896485688061
23,60,183,122.8026424609475
23,61,182,121.70725686983954
23,62,181,118.67025651583432
23,63,180,118.96587053228588
23,64,179,121.27639147513304
23,65,178,123.48334062857356
23,66,177,122.8391804520052
23,67,176,122.85275867261188
23,68,175,121.52720197504651
23,69,174,121.09359531127546
23,70,173,120.22040285856603
23,71,172,119.8777104366587
23,72,171,118.08359170976658
23,73,170,117.34307236050928
23,74,169,118.7583053310202
23,75,168,119.5541315822055
23,76,167,118.73305505823458
23,77,166,118.19101262321482
23,78,165,117.83135516516359
23,79,164,117.9462171312517
23,80,163,116.6217300174084
23,81,162,115.86058034347906
23,82,161,115.62326434858164
23,83,160,114.40645835319124
23,84,159,115.63871842132399
23,85,158,115.43053389124995
23,86,157,115.10072271135058
23,87,156,115.90761948318664
23,88,155,114.27956683546779
23,89,154,115.01771729377172
23,90,153,117.730246331373
23,91,152,118.69757050799524
23,92,151,118.49424476215131
23,93,150,118.71074897375433
23,94,149,116.96543630134948
23,95,148,116.29584662625152
23,96,147,115.36541785839864
23,97,146,117.14452286716833
23,98,145,118.13261082258316
23,99,144,116.54570757874987
23,100,143,117.79731417859868
23,101,142,119.33103926907953
23,102,141,117.37972115589533
23,103,140,116.77486892920767
23,104,139,116.80507959750713
23,105,138,117.69774790429572
23,106,137,117.09205383630885
23,107,136,118.14817306120491
23,108,135,117.49705658806408
23,109,134,116.1586028880204
23,110,133,116.10461939464705
23,111,132,114.72539096292763
23,112,131,114.64358698200834
23,113,130,113.94907954030356
23,114,129,114.92907872059726
23,115,128,113.45635064477494
23,116,127,118.63167417283492
23,117,126,117.75156986822107
23,118,125,117.2767980470934
23,119,124,114.44721244244198
23,120,123,115.3414376021017
23,121,122,114.62670805109396
23,122,121,115.00105998044945
23,123,120,115.19751804660089
23,124,119,115.98179666338356
23,125,118,112.95966906863259
23,126,117,108.52644145680607
23,127,116,105.81848137977974
23,128,115,108.08897133900147
23,129,114,113.4773710176353
23,130,113,114.66041863493905
24,40,166,122.44025449366876
24,41,165,123.97433116539528
24,42,164,123.88520633303389
24,43,163,119.15969627637713
24,44,162,122.5535293804983
24,45,161,123.2294434351895
24,46,160,122.48706575339227
24,47,159,124.40210401009217
24,48,158,124.43493763072567
24,49,157,124.52507107934477
24,50,156,121.49914048317041
24,51,155,123.73319413770568
24,52,154,123.2799902844274
24,53,153,122.62515940708361
24,54,152,122.49491468684855
24,55,151,123.56424611727573
24,56,150,121.89134751641099
24,57,149,122.45551839873765
24,58,148,123.88832179069429
24,59,147,124.17303429987192
24,60,146,124.20407852218804
24,61,145,124.03166079981173
24,62,144,122.84774469956682
24,63,143,121.55043770390614
24,64,142,121.6302359049794
24,65,141,121.0495326986537
24,66,140,120.80065580961013
24,67,139,122.35626212250142
24,68,138,122.7883330644562
24,69,137,123.23243270467151
24,70,136,121.7958211313152
24,71,135,121.37081734223526
24,72,134,121.04099296061179
24,73,133,121.0675707093238
24,74,132,121.76934377824571
24,75,131,120.52767105334763
24,76,130,122.99683045714733
24,77,129,122.63583642360274
24,78,128,121.6959942939156
24,79,127,120.94878580721766
24,80,126,121.52204745154164
24,81,125,119.94089859782
24,82,124,119.73580921532323
24,83,123,121.03746115104936
24,84,122,121.75429447338921
24,85,121,120.82728511716293
24,86,120,119.73153477627055
24,87,119,119.65291920759859
24,88,118,120.13511617815277
24,89,117,118.55071195545294
24,90,116,117.10079876688164
24,91,115,117.5970862470075
24,92,114,116.5781144518221
24,93,113,118.09266543120442
24,94,112,117.32776519122436
24,95,111,116.35591712211465
24,96,110,116.70186634292236
24,97,109,115.18983275728934
24,98,108,112.95314710886782
24,99,107,114.16662253549953
24,100,106,109.04524305306958
24,101,105,111.96982938780874
24,102,104,107.0949213268943
24,103,103,108.36455196012587
24,104,102,105.31408587461807
24,105,101,105.6421779940816
24,106,100,109.32472130745604
24,107,99,112.43180316368301
24,108,98,114.24432571336729
24,109,97,111.9315728033433
24,110,96,110.5234413281
24,111,95,111.86448087092145
24,112,94,111.12485002626623
24,113,93,107.20462807416098
24,114,92,109.46195004512683
24,115,91,103.68460239032657
24,116,90,102.73398711641747
24,117,89,101.27347002576414
24,118,88,99.41106757970502
24,119,87,97.32044970768371
24,120,86,92.80280063345575
24,121,85,90.60603898369189
24,122,84,92.10063099787483
24,123,83,92.33312437932479
24,124,82,88.49680513552684
24,125,81,90.00219268460243
24,126,80,82.69582297741684
24,127,79,80.43163875949276
24,128,78,81.09620304208288
24,129,77,82.53264585711221
24,130,76,80.15375601199153
24,131,75,76.52164517286994
24,132,74,78.12397115570832
24,133,73,74.85899655131902
24,134,72,73.56574297328383
24,135,71,71.72318590986848
24,136,70,70.19940526541036
24,137,69,72.19302019807559
24,138,68,71.19199413867995
24,139,67,68.10006818663726
24,140,66,65.21000380838933
24,141,65,62.33685343950553
24,142,64,63.54897105394681
24,143,63,62.00874927893406
24,144,62,60.97964867062831
24,145,61,60.90043026036099
24,146,60,59.99543003652743
24,147,59,60.259257413673275
24,148,58,59.559881530571694
24,149,57,56.23260164394108
24,150,56,56.267976150758365
24,151,55,56.24146482962212
24,152,54,53.295918388766026
24,153,53,54.00023119413139
24,154,52,53.928978790835195
24,155,51,53.50785417789223
24,156,50,53.93247723876745
24,157,49,55.4126862288832
24,158,48,53.39179076955101
24,159,47,51.970701307906765
24,160,46,47.54335994502208
24,161,45,46.35473753729457
24,162,44,45.58995047239205
24,163,43,44.421514899082695
24,164,42,43.49867600666077
24,165,41,43.004810803118865
24,166,40,42.822879719562756
24,167,39,42.417959228928694
24,168,38,42.11179851024335
24,169,37,40.8462158737466
24,170,36,37.87936088058967
24,171,35,38.25286804554303
24,172,34,37.10288351681792
24,173,33,34.14909488011767
24,174,32,30.470786703664047
24,175,31,28.892005438887363
24,176,30,29.728228515883924
24,177,29,30.10807532058861
24,178,28,29.096557585003943
24,179,27,30.97615505412159
24,180,26,30.026146558027023
24,181,25,27.406515078921394
24,182,24,27.101559225468048
24,183,23,25.531901367972623
24,184,22,22.832747835008792
24,185,21,22.37288552378393
24,186,20,20.97739105873479
25,40,153,122.0461888498964
25,41,152,122.04191158988137
25,42,151,121.73567198035073
25,43,150,123.16552252415373
25,44,149,122.59927092705286
25,45,148,121.76005733475986
25,46,147,123.08816755860545
25,47,146,122.80753845874338
25,48,145,120.21394435567602
26,40,155,117.39014934089354
26,41,154,118.14321828318614
26,42,153,118.32720528427748
26,43,152,119.26558186670418
26,44,151,120.16824495401441
26,45,150,118.68630629830426
26,46,149,120.11394899827609
26,47,148,120.63326837044578
26,48,147,121.3478774924805
26,49,146,121.41935564754344
26,50,145,120.73815836941807
26,51,144,121.40659104684124
26,52,143,122.04450566026726
26,53,142,121.46918624705796
26,54,141,121.09473556887734
26,55,140,122.03531077829457
26,56,139,121.43134586602451
26,57,138,120.74614751758978
26,58,137,120.18888454006913
26,59,136,119.40610048601448
26,60,135,119.32521903220211
26,61,134,119.1818208237319
26,62,133,119.83588536625983
26,63,132,120.21110107205698
26,64,131,118.81133434099456
26,65,130,119.87115546630935
26,66,129,116.092459417681
26,67,128,111.72374739638033
26,68,127,110.32944873905
26,69,126,115.47468944052278
26,70,125,116.35509850100044
26,71,124,115.55484515744091
26,72,123,118.52548586171349
26,73,122,120.62719925173487
26,74,121,118.78415902267236
26,75,120,117.78129912935047
26,76,119,117.26485137025864
27,40,166,123.86353388308495
27,41,165,123.95471910028124
27,42,164,123.9988586097325
27,43,163,123.4042163624663
27,44,162,123.31917102848968
27,45,161,123.32954915478606
27,46,160,122.35945658571214
27,47,159,122.60355079171887
27,48,158,123.32702972061136
27,49,157,123.71952686156786
27,50,156,124.71511878546751
27,51,155,124.3415381450759
27,52,154,123.17888026752615
27,53,153,123.0314789473223
27,54,152,124.33861756458202
27,55,151,124.52203055214348
27,56,150,124.06228205992386
27,57,149,124.25636126343294
27,58,148,123.637523641793
27,59,147,124.01694129284456
27,60,146,123.79628222885268
27,61,145,123.80573422074596
27,62,144,124.5834190550803
27,63,143,122.25148774571755
27,64,142,122.95655367976713
27,65,141,123.25260465638077
27,66,140,123.32174860848708
27,67,139,123.07814256973288
27,68,138,122.8578249283166
27,69,137,118.5831949689578
27,70,136,118.82761149458494
27,71,135,112.94865863659993
27,72,134,114.80058522709481
27,73,133,116.6415329311043
27,74,132,115.28471455335443
27,75,131,111.03303347720949
27,76,130,110.66408993793064
27,77,129,106.31227413009206
27,78,128,106.47510905251585
27,79,127,108.43457328997908
27,80,126,106.99335236754635
27,81,125,105.3017956517485
27,82,124,105.39364451497553
27,83,123,105.50317895309317
27,84,122,107.99149514020459
27,85,121,112.2219067151886
27,86,120,111.57627680042076
27,87,119,109.84983283607441
27,88,118,111.62116624148051
27,89,117,109.91191254961757
27,90,116,109.47451710932496
27,91,115,108.63518038877135
27,92,114,109.45490250477738
27,93,113,108.69574137350631
27,94,112,106.76583552501826
27,95,111,112.0926343488942
27,96,110,108.96149021118
27,97,109,110.04266921490591
27,98,108,108.9177881954679
27,99,107,103.7260897180789
27,100,106,109.02729102411176
27,101,105,114.13778578487091
27,102,104,116.13956867476439
27,103,103,116.6728750170917
27,104,102,116.04480149473596
27,105,101,114.77695325313113
27,106,100,115.96348946426693
27,107,99,115.01234509773727
27,108,98,114.91056698152983
27,109,97,114.84035077999394
27,110,96,117.58622164500127
27,111,95,118.96723968308325
27,112,94,119.04215990919334
27,113,93,119.43683217409662
27,114,92,118.7725078436643
27,115,91,110.84425171936745
27,116,90,111.51923909758791
27,117,89,107.4466568923558
27,118,88,109.74167917653901
27,119,87,110.75957783004739
27,120,86,105.77317586801729
27,121,85,103.78203659398582
27,122,84,104.05310544225006
27,123,83,101.0524989697943
27,124,82,95.7785079878201
27,125,81,89.33154155411117
27,126,80,86.96698548370705
27,127,79,78.70437891795757
27,128,78,82.50631273944914
27,129,77,80.48128695916125
27,130,76,84.24935379994483
27,131,75,86.97821278608296
27,132,74,84.16830106727004
27,133,73,79.09586030062991
27,134,72,76.09586342484829
27,135,71,73.84463022927974
27,136,70,75.01637234341982
27,137,69,74.18864369911572
27,138,68,75.82845726397515
27,139,67,77.2516458824472
27,140,66,74.7601187113767
28,40,215,122.23048318456492
28,41,214,123.20361354549877
28,42,213,124.18465747478714
28,43,212,124.21876966460528
28,44,211,123.61857677554272
28,45,210,123.54108046029015
28,46,209,123.74876636987594
28,47,208,123.8318724203398
28,48,207,123.95855104344119
28,49,206,122.69883446563924
28,50,205,122.61433844009798
28,51,204,122.52553890565812
28,52,203,122.26116623639453
28,53,202,121.65831816414506
28,54,201,121.9222233495571
28,55,200,120.54383169123956
28,56,199,121.25938079323888
28,57,198,121.2851743015055
28,58,197,122.94257328141313
28,59,196,121.5270132461097
28,60,195,119.80822401113562
28,61,194,118.89589193262375
28,62,193,117.65317158805854
28,63,192,118.81491132457091
28,64,191,119.71577335968703
28,65,190,121.25751313650164
28,66,189,122.82094738272133
28,67,188,119.83607727275242
28,68,187,121.03209621712298
28,69,186,121.43108916216437
28,70,185,121.37066989996899
28,71,184,121.48156159591173
28,72,183,121.54571019694123
28,73,182,120.30847788576864
28,74,181,118.62959396827
28,75,180,119.74983412021136
28,76,179,121.30994207205651
28,77,178,120.36158549919071
28,78,177,119.422951072042
28,79,176,117.95918712167236
28,80,175,119.22863495169028
28,81,174,121.2423846736609
28,82,173,121.03402377776996
28,83,172,121.65409905656
28,84,171,123.19959023282058
28,85,170,122.59417930982232
28,86,169,123.84146254086707
28,87,168,123.45239393921844
28,88,167,123.40720275450735
28,89,166,123.63364037488728
28,90,165,123.72316827290378
28,91,164,123.04163657436807
28,92,163,121.97701574047721
28,93,162,120.61539693416705
28,94,161,122.43750574427432
28,95,160,122.83770418599565
28,96,159,119.20383863134767
28,97,158,117.3651718485448
28,98,157,116.83468119575643
28,99,156,116.8781233381269
28,100,155,111.44092608788989
28,101,154,111.32283938652006
28,102,153,107.749549073404
28,103,152,108.12337293762508
28,104,151,106.83680947599342
28,105,150,109.8732060004882
28,106,149,107.86477346224612
28,107,148,111.67801704490022
28,108,147,114.11784339124264
28,109,146,110.74403435518522
28,110,145,104.05024248305472
28,111,144,105.60051021665295
28,112,143,102.9155017286196
28,113,142,96.41411643817983
28,114,141,99.12829611702037
28,115,140,98.57748784909126
28,116,139,98.07924591747641
28,117,138,97.668076766258
28,118,137,107.89311405585917
28,119,136,105.88123129925974
28,120,135,112.17619533655753
28,121,134,111.6414029917756
28,122,133,111.24102645386611
28,123,132,113.92045903749727
28,124,131,111.91175706478309
28,125,130,109.24081974804274
28,126,129,105.71003620731824
28,127,128,105.37426795537635
28,128,127,106.55346881805636
28,129,126,103.66897287795202
28,130,125,104.14847299441467
28,131,124,105.13867239247074
28,132,123,106.85517260666869
28,133,122,104.74960769624359
28,134,121,111.1246789484741
28,135,120,110.7214233576373
28,136,119,105.81375285644617
28,137,118,110.98949447451037
28,138,117,109.76337570997553
28,139,116,110.47036234602263
28,140,115,106.47811333106938
28,141,114,102.34142760940867
28,142,113,102.33502327847202
28,143,112,98.92756427525555
28,144,111,101.17991406079977
28,145,110,103.78299769167681
28,146,109,102.77313981132502
28,147,108,109.37574750554901
28,148,107,104.32580866506542
28,149,106,106.75004325682653
28,150,105,99.52297085948561
28,151,104,96.55957873991598
28,152,103,92.9055668589426
28,153,102,98.7129499870741
28,154,101,101.03781861821298
28,155,100,101.85454585946478
28,156,99,96.7762736406466
28,157,98,96.03220286521469
28,158,97,95.75582199773031
29,40,221,122.41713885381981
29,41,220,120.81553034152147
29,42,219,118.95835084446456
29,43,218,120.67408437285994
29,44,217,119.30104946961183
29,45,216,120.91964309755949
29,46,215,121.32382977745277
29,47,214,121.55623254361493
29,48,213,122.20391237410729
29,49,212,122.40160356793366
29,50,211,122.06824495636769
29,51,210,119.0992278660137
29,52,209,117.89331730574135
29,53,208,115.68461545298634
29,54,207,115.24277641632132
29,55,206,113.75287525901616
29,56,205,112.74154322909402
29,57,204,113.6212488175529
29,58,203,114.37925057952407
29,59,202,114.92089350595727
29,60,201,114.37496244222729
29,61,200,115.29679109163723
29,62,199,115.87029424236219
29,63,198,118.68448081488765
29,64,197,118.89022287308052
29,65,196,117.15151322180188
29,66,195,115.82991013071342
29,67,194,117.26644543830002
29,68,193,116.42292404765159
29,69,192,115.72328912141757
29,70,191,115.65754367036254
29,71,190,115.7776136788763
29,72,189,116.62063082935501
29,73,188,117.51769184883511
29,74,187,118.58696533572282
29,75,186,118.77443722884232
29,76,185,118.14191386057651
29,77,184,119.06119110572035
29,78,183,116.2948866336745
29,79,182,112.17103037681123
29,80,181,110.38491355967446
29,81,180,109.05429396080878
29,82,179,113.05574672672142
29,83,178,115.63775079512286
29,84,177,117.06400726475418
29,85,176,115.1081283015223
29,86,175,115.00546460486785
29,87,174,114.65534423249386
29,88,173,116.17642450339946
29,89,172,117.06972570433383
29,90,171,114.58365166755186
29,91,170,108.72797767192219
29,92,169,107.61005863886835
29,93,168,109.4623646742206
29,94,167,111.66861637939131
29,95,166,110.8035470300756
29,96,165,109.79526184674886
29,97,164,108.70231220840857
29,98,163,113.18432778181796
29,99,162,116.30399089378957
29,100,161,114.57759335266361
29,101,160,113.64426042752685
29,102,159,113.36749156123268
29,103,158,115.88461233971873
29,104,157,117.66657057596287
29,105,156,118.30512033691062
29,106,155,117.11797544272738
29,107,154,119.34713563152084
29,108,153,119.00900680322113
29,109,152,118.79945882436648
29,110,151,118.49438758723863
29,111,150,117.28652948436881
29,112,149,118.46927836806174
29,113,148,119.34977657288022
29,114,147,119.25296041968919
29,115,146,119.07192228007904
29,116,145,119.95596114864662
29,117,144,121.10557853097525
29,118,143,119.84143434244675
29,119,142,118.22026932003362
29,120,141,116.69114985241117
29,121,140,116.40594768932797
29,122,139,113.59510143256927
29,123,138,114.15212939467976
29,124,137,115.28612769091262
29,125,136,111.02529431089263
29,126,135,111.44866764330041
29,127,134,109.70588385653846
29,128,133,108.88315150212301
29,129,132,111.88315937822425
29,130,131,109.12706751395525
29,131,130,110.03031724473132
29,132,129,108.97170143634511
29,133,128,106.95391723988683
29,134,127,108.15692205217366
29,135,126,105.2566922261795
29,136,125,100.92437459997171
29,137,124,99.35714158125327
29,138,123,99.26348082853512
29,139,122,97.68434309376809
29,140,121,94.4144958260737
29,141,120,96.58676716636414
29,142,119,93.34767666972259
29,143,118,98.53411207682953
29,144,117,99.31155462391867
29,145,116,99.78930210916315
29,146,115,97.34005406718474
29,147,114,94.89380381387575
29,148,113,94.07834803497639
29,149,112,97.48400255247095
29,150,111,96.90011224524355
29,151,110,99.80306596058264
29,152,109,93.49214652694636
29,153,108,97.99821021346662
29,154,107,98.8945118392549
29,155,106,94.87111632699856
29,156,105,95.07926310146787
29,157,104,103.23304009996819
29,158,103,105.80546246104636
29,159,102,104.63240984209446
29,160,101,104.54228516368048
29,161,100,99.22694485353418
29,162,99,97.962496405973
29,163,98,95.11960546062002
29,164,97,94.05732395258505
29,165,96,95.30121016645
29,166,95,95.71542176211479
29,167,94,97.76085872077698
29,168,93,95.16941849712066
29,169,92,97.82386717532927
29,170,91,98.42577984141423
29,171,90,103.81460526750811
30,40,218,120.71656987817425
30,41,217,120.98823592690445
30,42,216,123.18964804037174
30,43,215,123.00722256040838
30,44,214,122.99162883153089
30,45,213,120.56465101752426
30,46,212,120.31269923719063
30,47,211,120.55302532374577
30,48,210,121.47362683955006
30,49,209,120.73267027699752
30,50,208,122.3248195489079
30,51,207,119.64469594387381
30,52,206,119.16080387458905
30,53,205,118.64481137750562
30,54,204,114.52068167985686
30,55,203,119.05192871537346
30,56,202,119.75213366056032
30,57,201,121.03281387121737
30,58,200,121.62088395863037
30,59,199,121.75448025680515
30,60,198,119.69598417518392
30,61,197,114.58843611665938
30,62,196,114.23219855567012
30,63,195,117.67857569196698
30,64,194,117.1120367682567
30,65,193,117.86563114314426
30,66,192,117.16769815946148
30,67,191,115.73621337348312
30,68,190,115.57737765364894
30,69,189,116.25298586714348
30,70,188,117.07736913329728
30,71,187,117.2253488409267
30,72,186,119.8290038960161
30,73,185,121.29979157492193
30,74,184,122.51938677223963
30,75,183,120.51608338573928
30,76,182,118.06141592944451
30,77,181,118.03470003231155
30,78,180,119.31226554139091
30,79,179,118.68938211803135
30,80,178,118.85663456382204
30,81,177,120.18518808471202
30,82,176,117.45494279251763
30,83,175,119.30069046918136
30,84,174,116.37169681925334
30,85,173,116.88105415052561
30,86,172,116.45554713907352
30,87,171,113.99612118359644
30,88,170,113.47213327585727
30,89,169,111.81343254721361
30,90,168,115.04368841715583
30,91,167,113.49537472737222
30,92,166,114.12454278434797
30,93,165,113.91808493347335
30,94,164,112.80077233239815
30,95,163,114.74851431160567
30,96,162,117.43277355283189
30,97,161,118.22936648263644
30,98,160,120.6298843013173
30,99,159,121.28990413264216
30,100,158,119.07662371933952
30,101,157,114.1460812496538
30,102,156,113.56231433460056
30,103,155,114.41588872386401
30,104,154,114.13432864397895
30,105,153,114.3353152062339
30,106,152,113.14153527552592
30,107,151,110.8756621234264
30,108,150,111.35655740612972
30,109,149,107.99265145269666
30,110,148,104.42722790423721
30,111,147,101.17078995605276
30,112,146,95.80130665865391
30,113,145,93.26215730984609
30,114,144,90.39786775859284
30,115,143,87.71838277171442
30,116,142,81.70982482203212
30,117,141,79.26860777075919
30,118,140,81.50498820905416
30,119,139,85.92216310270558
30,120,138,90.29995174327425
30,121,137,74.98432582222296
30,122,136,75.87953103084064
30,123,135,81.4545281932877
30,124,134,77.55420792061655
30,125,133,74.44815341407966
30,126,132,74.75548700236462
30,127,131,66.71956982678421
30,128,130,65.00524874530916
30,129,129,73.51879428778243
30,130,128,76.437298197408
30,131,127,72.88180392242363
30,132,126,72.34086175791667
30,133,125,78.27281983006111
30,134,124,76.92595851872834
30,135,123,81.75328380654796
30,136,122,85.38283285741929
30,137,121,82.2013381545518
30,138,120,78.2163121708018
30,139,119,78.9476342098643
30,140,118,79.47236696033104
30,141,117,81.99781958635427
30,142,116,85.56407030218807
30,143,115,93.44753864204198
31,40,164,116.04664459618344
31,41,163,113.96293177013283
31,42,162,114.68075240284155
31,43,161,115.66191451238058
31,44,160,115.71515469621258
31,45,159,113.96954484676911
31,46,158,115.65523631060344
31,47,157,115.13970880461332
31,48,156,112.99537516599955
31,49,155,112.35776335510776
31,50,154,115.05510789652777
31,51,153,116.69072939732101
31,52,152,115.36819352572147
31,53,151,113.72861864512582
31,54,150,112.62175143450264
31,55,149,111.99120308865254
31,56,148,111.93853312266654
31,57,147,108.99202947641842
31,58,146,109.40644359364686
31,59,145,108.26009356197011
31,60,144,104.73593221930528
31,61,143,104.46115426373362
31,62,142,108.18021473525513
31,63,141,111.08978398200955
31,64,140,108.44942979515015
31,65,139,104.09208382206037
31,66,138,110.03716632348842
31,67,137,112.86360270720047
31,68,136,109.36797785358974
31,69,135,110.70193780358792
31,70,134,108.49470931103153
31,71,133,109.5825887178863
31,72,132,107.05638556478242
31,73,131,104.38733131859962
31,74,130,104.75932808364917
31,75,129,107.83941426318333
31,76,128,111.29676846445699
31,77,127,111.92619872892953
31,78,126,115.01848807922889
31,79,125,117.50269184878542
31,80,124,116.19393852479641
31,81,123,113.77472635857444
31,82,122,118.71598200569287
31,83,121,118.58931384289268
31,84,120,118.11158710643905
31,85,119,118.7164906886396
31,86,118,120.01183295974421
31,87,117,118.99335011406299
31,88,116,117.41527377615873
31,89,115,117.8597828080081
31,90,114,118.12360088813065
31,91,113,113.28876705323542
31,92,112,113.46823181929545
31,93,111,109.86777820188689
31,94,110,110.93224858709222
31,95,109,110.98136518424138
31,96,108,109.00342804934039
31,97,107,104.38175021622672
31,98,106,103.91338372482747
31,99,105,99.31843687098231
31,100,104,102.5881768929747
31,101,103,100.62222081505192
31,102,102,93.79042241670994
31,103,101,89.04549367690844
31,104,100,82.08934017398204
31,105,99,87.39313488896875
31,106,98,89.12386751921295
31,107,97,86.9174021172357
31,108,96,85.27685986908416
31,109,95,87.90560007465444
31,110,94,87.81530373466128
31,111,93,94.81089535254159
31,112,92,91.68888369404075
31,113,91,93.51018042316329
31,114,90,96.47813019855742
31,115,89,100.0998897720034
31,116,88,97.31682223092778
31,117,87,95.16392703351218
31,118,86,82.7324520689547
31,119,85,85.56016014450381
31,120,84,87.1839743293902
31,121,83,81.99278355851072
31,122,82,85.68346490205252
31,123,81,76.93445039081939
31,124,80,82.52520099229505
31,125,79,83.81440524842861
31,126,78,90.34539021984142
31,127,77,81.99605797795044
31,128,76,82.8324453862435
31,129,75,85.29030830914806
31,130,74,84.66022516900853
31,131,73,84.17997341389716
31,132,72,78.8619892054023
31,133,71,77.22646643773606
31,134,70,76.3540329353875
31,135,69,74.47445620009051
31,136,68,76.76868367292644
31,137,67,67.55845136189353
31,138,66,69.84859129219404
31,139,65,67.56694775937135
31,140,64,72.40207098502508
31,141,63,76.54737502015038
31,142,62,68.16383994462373
31,143,61,68.4706745382647
31,144,60,66.28628189252005
31,145,59,63.853865238439056
31,146,58,64.10723326310386
31,147,57,64.28005582443868
31,148,56,59.144399315380255
31,149,55,59.36335518264944
31,150,54,60.14232203489325
31,151,53,60.995705670595356
31,152,52,55.2757594517455
31,153,51,52.74115858877618
31,154,50,50.03933483985753
31,155,49,52.37736731761959
31,156,48,53.291680202572586
31,157,47,49.73784000219153
31,158,46,47.82780281048231
31,159,45,47.945872441401896
31,160,44,49.197417003429564
31,161,43,45.38857493123305
31,162,42,41.62865480390852
31,163,41,37.175276060956506
31,164,40,36.18677371368894
31,165,39,38.210631770144786
31,166,38,39.4252033033697
31,167,37,36.691024907193636
31,168,36,35.042576687597425
31,169,35,36.806110849210725
31,170,34,35.00223480254238
31,171,33,33.84823557047925
31,172,32,35.771964696489746
31,173,31,36.044875381279695
31,174,30,34.234883405042474
31,175,29,33.85874661102222
31,176,28,29.315055403558297
31,177,27,28.08090127692286
31,178,26,25.988899753732642
31,179,25,22.158271517914066
31,180,24,22.744161859235387
31,181,23,21.16175691811469
31,182,22,19.399313700298347
31,183,21,20.024434010142805
31,184,20,20.170645423858367
31,185,19,18.32488074793022
31,186,18,15.7825522710625
31,187,17,15.523059562062322
31,188,16,16.347959139396515
31,189,15,16.690125523258814
31,190,14,15.636438027214872
31,191,13,14.853134476399553
31,192,12,11.25583921502416
31,193,11,9.941500117696155
31,194,10,9.126180529564763
31,195,9,10.682503651205781
31,196,8,11.675704546423649
32,40,153,124.84682291225994
32,41,152,123.89215269131304
32,42,151,124.70092607648547
32,43,150,124.64443696777812
32,44,149,124.16485696135352
32,45,148,124.20849489797394
32,46,147,123.56420356647082
32,47,146,123.74007725251172
32,48,145,123.89199258495759
32,49,144,123.59592390401097
32,50,143,124.97725454629065
32,51,142,125.0
32,52,141,125.0
32,53,140,125.0
32,54,139,124.94708542228338
32,55,138,125.0
32,56,137,122.69750409613874
32,57,136,124.75627681595807
32,58,135,124.26465089922236
32,59,134,124.23641788808408
32,60,133,124.79107682725704
32,61,132,125.0
32,62,131,124.83050801853214
32,63,130,124.41087790127322
32,64,129,124.41549080628036
32,65,128,123.87679889935572
32,66,127,123.30401741766896
32,67,126,123.50250723735692
32,68,125,122.90509672753484
32,69,124,122.75378851618512
32,70,123,121.68182643748915
32,71,122,120.30092324989971
32,72,121,118.09087380534302
32,73,120,118.76050526098815
32,74,119,119.66684060275347
32,75,118,118.63191664589377
32,76,117,117.52516844610057
32,77,116,118.13392999404559
32,78,115,113.74973904727491
32,79,114,116.25004862928135
32,80,113,117.7545166236934
32,81,112,115.92165749262706
32,82,111,116.67309797055961
32,83,110,115.6357699101141
32,84,109,113.17036040416454
32,85,108,112.49445074322189
32,86,107,113.0353800703634
32,87,106,112.34503701758985
32,88,105,112.21279422507666
32,89,104,111.50044164205771
32,90,103,111.69816700196193
32,91,102,109.65910977872166
32,92,101,109.22518320730677
32,93,100,106.91890346653946
32,94,99,107.3994988972446
32,95,98,106.01076024392027
32,96,97,106.54269158678231
32,97,96,107.52624342632998
32,98,95,106.62923205271437
32,99,94,109.2782561675281
32,100,93,106.49166979594084
32,101,92,107.92759119651689
32,102,91,104.79565491846469
32,103,90,102.28163273229416
32,104,89,100.17176696191771
32,105,88,98.05355625898466
32,106,87,93.92366746756298
32,107,86,93.97714591346131
32,108,85,92.52773424536066
32,109,84,89.14379318894483
32,110,83,89.3990697534951
32,111,82,86.4107142631762
32,112,81,86.0159932594114
32,113,80,85.96220349107578
32,114,79,85.61441165008996
32,115,78,88.57785135150013
32,116,77,92.23476885192835
32,117,76,92.47331579221125
32,118,75,91.12230218355496
32,119,74,86.49757665714948
32,120,73,82.20801007029814
32,121,72,81.37954537256883
32,122,71,81.1412828093764
32,123,70,78.7272487714872
32,124,69,75.99590409778054
32,125,68,74.06781654469984
32,126,67,76.70330242971725
32,127,66,74.83520870889092
32,128,65,74.82874544650966
32,129,64,68.66959790296497
32,130,63,69.89886437550598
32,131,62,68.35142984216421
32,132,61,66.24728256578447
32,133,60,62.85755464965848
32,134,59,62.5692323354989
32,135,58,59.5422198001869
32,136,57,56.53689279329462
32,137,56,59.609367394405865
32,138,55,56.411518377251305
32,139,54,55.63275271156925
32,140,53,57.79622517913033
32,141,52,54.96680425013538
32,142,51,53.77581571851874
32,143,50,52.642624664118884
32,144,49,50.90096838829922
32,145,48,51.0655171707044
33,40,116,119.17158338791123
33,41,115,118.83228188244568
33,42,114,117.40825734148179
33,43,113,118.74213097004935
33,44,112,116.31654998981456
33,45,111,114.93105572014508
33,46,110,116.5168822089428
33,47,109,117.43237672685754
33,48,108,114.73961322088121
33,49,107,115.07873051486428
33,50,106,116.74086892549167
34,40,170,119.81214867519651
34,41,169,118.53613090776187
34,42,168,119.40515849752339
34,43,167,119.77143152727493
34,44,166,120.78647780036319
34,45,165,122.08632780439038
34,46,164,121.78984016013881
34,47,163,120.9031133148161
34,48,162,119.78677284958478
34,49,161,119.54236892482075
34,50,160,120.21299896309706
34,51,159,118.49970177801514
34,52,158,120.01520697813528
34,53,157,119.42314648141576
34,54,156,120.06813116947203
34,55,155,118.21726511147364
34,56,154,119.75677020937347
34,57,153,118.8022315985863
34,58,152,118.15304714925618
34,59,151,117.59047420351942
34,60,150,117.59992200187273
34,61,149,118.80764174673982
34,62,148,118.06510951133376
34,63,147,118.27977254123857
34,64,146,118.50069054128576
34,65,145,118.6333642221677
34,66,144,121.3588079510643
34,67,143,121.94310055582702
34,68,142,123.4249029353788
34,69,141,121.71079174632486
34,70,140,121.58078675479771
34,71,139,120.87993068066683
34,72,138,120.66030882717045
34,73,137,119.66344438489438
34,74,136,120.13850591428732
34,75,135,122.04752164550648
34,76,134,119.76228112662997
34,77,133,122.33053131014344
34,78,132,120.92482505670495
34,79,131,121.01445306374825
34,80,130,121.30012372017634
34,81,129,121.60321668948592
34,82,128,122.17411491728765
34,83,127,122.68106985586434
34,84,126,121.85638963765058
34,85,125,121.41159670519599
34,86,124,121.17736532807477
34,87,123,120.48119133634935
34,88,122,120.91876413170529
34,89,121,120.73173207800005
34,90,120,119.83397523702848
34,91,119,119.21428654644608
34,92,118,119.30809136376342
34,93,117,118.73622523736245
34,94,116,117.18408188171834
34,95,115,115.31572675480568
34,96,114,114.47843051730642
34,97,113,114.14603562464835
34,98,112,110.8844349476862
34,99,111,109.85666481290727
34,100,110,109.93785688078714
34,101,109,104.49768009629769
34,102,108,103.01091431381553
34,103,107,103.87331403463693
34,104,106,103.35396020805551
34,105,105,102.08835858655527
34,106,104,102.338700750198
34,107,103,105.15405205104364
34,108,102,102.74312055850555
34,109,101,103.11852024023364
34,110,100,105.87917859314832
34,111,99,103.08773932726241
34,112,98,107.6756539098637
34,113,97,105.40294472089201
34,114,96,93.91472079409813
34,115,95,94.73840578289773
34,116,94,89.68871815180864
34,117,93,91.35549154900241
34,118,92,89.22254749170071
34,119,91,91.26786502710581
34,120,90,91.39282125521004
34,121,89,92.38224188781581
34,122,88,87.84974122593025
34,123,87,87.61731531764578
34,124,86,91.48945452212674
34,125,85,90.63346966083685
34,126,84,86.91192335865634
34,127,83,88.24412160143491
34,128,82,87.05595562755352
34,129,81,86.2852975189392
34,130,80,87.54280436199817
34,131,79,93.32571498732852
34,132,78,91.3276843690364
34,133,77,93.8702057399447
34,134,76,90.19053101566351
34,135,75,90.69212517627716
34,136,74,86.06009571671487
34,137,73,84.75418974457453
34,138,72,79.09743013257541
34,139,71,81.49268307354055
34,140,70,86.07804509972574
34,141,69,76.93190079690248
34,142,68,75.66735110970357
34,143,67,74.37162998081938
34,144,66,75.57351103321145
34,145,65,70.74440024046407
34,146,64,70.37428536959806
34,147,63,71.52529572502972
34,148,62,74.35511903302033
34,149,61,71.20426912563674
34,150,60,64.26701815309121
34,151,59,63.865699081731165
34,152,58,61.76815781546952
34,153,57,60.686641240071125
34,154,56,56.64371081000255
34,155,55,55.67012275385065
34,156,54,55.27442055693593
34,157,53,53.260209673678645
34,158,52,49.755174375606444
34,159,51,49.86612554065755
34,160,50,47.26377418366114
34,161,49,47.79642799656641
34,162,48,45.92816555655938
34,163,47,47.86615151541226
34,164,46,49.9074330028196
34,165,45,48.079400296867725
34,166,44,46.61938109618543
34,167,43,46.6269137679476
34,168,42,45.96398601123796
34,169,41,40.96165187914612
34,170,40,38.33754448786733
34,171,39,36.14035339613061
34,172,38,32.64275172896339
34,173,37,39.550701377881865
34,174,36,38.055311650542706
34,175,35,38.01313496991263
34,176,34,37.953689429970964
34,177,33,34.05136459870152
34,178,32,36.17893633318427
34,179,31,36.36406635228215
34,180,30,38.81667578283508
34,181,29,35.90885612648973
34,182,28,35.43367515155242
34,183,27,33.284208597710354
34,184,26,30.140162771134115
34,185,25,27.96709541351995
34,186,24,27.661802141068115
34,187,23,25.211891681960168
34,188,22,24.250067287352046
34,189,21,22.662185878100107
34,190,20,20.837492982597375
34,191,19,17.6486651902564
34,192,18,17.727305952987287
34,193,17,16.423548601817398
34,194,16,16.494617013663817
34,195,15,15.537778312474227
34,196,14,15.38075788209336
34,197,13,14.071064752328045
34,198,12,13.05952666704644
34,199,11,12.18207385872469
34,200,10,11.337429819621704
34,201,9,9.889378023105856
34,202,8,8.723487216426665
34,203,7,6.825955275705635
35,40,169,116.59349268337189
35,41,168,118.02316777129228
35,42,167,117.9453399723464
35,43,166,118.4547649211059
35,44,165,116.84045764300258
35,45,164,115.1943509378642
35,46,163,110.01268167232658
35,47,162,114.86308350928795
35,48,161,115.19327629953582
35,49,160,117.63598101498054
35,50,159,118.22245165378948
35,51,158,118.33440569435996
35,52,157,115.86393589258998
35,53,156,112.23733936066128
35,54,155,113.37471936960404
35,55,154,113.81043128257194
35,56,153,113.70418866860652
35,57,152,108.39212683133178
35,58,151,107.90136110894596
35,59,150,107.11813983986497
35,60,149,109.27984907710874
35,61,148,113.08099957650747
35,62,147,111.73141181175339
35,63,146,114.2872527651086
35,64,145,113.60605727546302
35,65,144,115.75018080191188
35,66,143,117.54958805291903
35,67,142,117.56787033631323
35,68,141,120.88145936291593
35,69,140,120.0859532483435
35,70,139,119.17162266969333
35,71,138,119.00598669365559
35,72,137,120.68203228932863
35,73,136,121.26290089011029
35,74,135,119.58950264491983
35,75,134,118.84273097885264
35,76,133,119.00912293647625
35,77,132,120.64812781725175
35,78,131,117.61787473924858
35,79,130,116.5173615834823
35,80,129,111.23004801958565
35,81,128,115.36508956255582
35,82,127,118.12784427897873
35,83,126,115.94292829315867
35,84,125,113.94539736960891
35,85,124,110.87916121796806
35,86,123,113.7837798279727
35,87,122,111.67395714300412
35,88,121,110.97502806175248
35,89,120,113.17705525297339
35,90,119,114.19223552403267
35,91,118,110.88487740294036
35,92,117,108.24094585710503
35,93,116,105.71194770840646
35,94,115,112.00156759431813
35,95,114,107.32693580800061
35,96,113,105.01785645529827
35,97,112,99.79019699925396
35,98,111,98.29362809306618
35,99,110,90.13981275903949
35,100,109,88.90358870795816
35,101,108,87.37581830799965
35,102,107,83.65956047118149
35,103,106,89.40531411480849
35,104,105,84.99920617043107
35,105,104,93.04270579093063
35,106,103,100.73724345532762
35,107,102,96.56605186564227
35,108,101,101.98950018172982
35,109,100,105.74927671157593
35,110,99,101.92319439718767
35,111,98,101.67242985491177
35,112,97,101.19818195176309
35,113,96,104.20058290984187
35,114,95,102.48696060961421
35,115,94,102.87875306220795
35,116,93,102.74756168366874
35,117,92,103.84041271948111
35,118,91,98.06397872872405
35,119,90,95.91335990187463
35,120,89,103.92116297788522
35,121,88,102.77927468785467
35,122,87,102.57028394259126
35,123,86,95.86905416011601
35,124,85,92.35378142125833
35,125,84,94.79317219726377
35,126,83,97.67197671724367
35,127,82,99.18800509238616
35,128,81,95.92228667223861
35,129,80,95.61045936406036
35,130,79,91.58886290705746
35,131,78,84.49064731986851
35,132,77,76.23058937746751
35,133,76,71.38606283792403
35,134,75,74.70439492373382
35,135,74,71.33777278525471
35,136,73,66.30876630429518
35,137,72,65.35022960539246
35,138,71,68.31263714080427
35,139,70,71.20158285738131
35,140,69,68.04801909396406
35,141,68,71.91373660445352
35,142,67,67.08452135989867
35,143,66,66.88547490314143
35,144,65,61.919780486937526
35,145,64,61.59664015984947
35,146,63,61.40924846710894
35,147,62,57.23126168681462
35,148,61,56.03468244503397
35,149,60,59.13067024415838
35,150,59,60.607923540707375
35,151,58,57.43022728618166
35,152,57,55.033429173998485
35,153,56,53.04767472392336
35,154,55,51.264945842797616
35,155,54,53.18680928869501
35,156,53,53.59355620777583
35,157,52,50.08511431362595
35,158,51,48.26207750079555
35,159,50,47.709240259667794
35,160,49,45.65697535630919
35,161,48,44.18112748194112
35,162,47,44.81465675669115
35,163,46,42.59714368903559
35,164,45,43.94875495766578
35,165,44,46.42386331831085
35,166,43,48.02380774232232
35,167,42,47.743235722107
35,168,41,42.858998263063654
35,169,40,37.24063555296896
35,170,39,38.82220912531718
35,171,38,42.78033516475039
35,172,37,37.875779589814165
35,173,36,35.719902530707465
35,174,35,36.559451796417136
35,175,34,32.87849175972572
35,176,33,27.810058786711412
35,177,32,25.61099464520965
35,178,31,27.89910345391597
35,179,30,26.629701820830697
35,180,29,25.871502436506034
35,181,28,28.49854846022467
35,182,27,27.84751844182471
35,183,26,28.31190534491069
35,184,25,22.854544620749646
35,185,24,21.62875007629544
35,186,23,22.3805137948278
35,187,22,20.043624139422903
35,188,21,18.09161524246326
35,189,20,18.613768696151013
35,190,19,22.414622148055088
35,191,18,20.29450238243033
35,192,17,19.256683978252955
35,193,16,16.970734046142617
35,194,15,16.616650706978156
35,195,14,16.060661003612445
35,196,13,16.46835339424255
35,197,12,13.982757122018484
35,198,11,12.547133078421634
36,40,105,110.19330128632112
36,41,104,111.11412627471978
36,42,103,112.36259029826934
36,43,102,111.77697676776478
36,44,101,110.69135606077255
36,45,100,102.71061635815174
36,46,99,104.11544436446323
36,47,98,102.58010642404551
36,48,97,100.5942987345181
36,49,96,105.02383543899327
36,50,95,108.08043956025776
36,51,94,112.28276244016342
36,52,93,113.0422007906947
36,53,92,111.62000368189317
36,54,91,111.22995210355067
36,55,90,111.6976401473778
36,56,89,116.33203851431182
36,57,88,115.75114552291234
36,58,87,114.30802602741443
36,59,86,114.58916481969317
36,60,85,110.97583695630945
36,61,84,109.57895103960655
36,62,83,108.24517435232653
36,63,82,104.93902193193607
36,64,81,106.79199304085117
36,65,80,105.54064882777624
36,66,79,110.47961328458712
36,67,78,111.68476057426122
36,68,77,112.02586075513902
36,69,76,112.09870831500768
36,70,75,112.79443538211856
36,71,74,108.83485448508637
36,72,73,107.46182633933438
36,73,72,105.2171717190683
36,74,71,103.3310155257271
36,75,70,104.94462257423645
36,76,69,105.23593606400446
36,77,68,102.45098639096213
36,78,67,96.95557831730582
36,79,66,92.8104855645388
36,80,65,88.17936427357897
36,81,64,85.8430185689611
36,82,63,80.99839649948424
36,83,62,80.33101180308546
36,84,61,80.0035575041345
36,85,60,74.614732529875
36,86,59,76.0138310554172
36,87,58,69.90635300484723
36,88,57,69.59837517079956
36,89,56,63.614030360333814
36,90,55,65.85360389744079
36,91,54,62.11030345000479
36,92,53,58.20129780063034
36,93,52,58.28838207805224
36,94,51,55.01159940580193
36,95,50,51.34386023295126
36,96,49,45.96519800575803
36,97,48,50.93170401341851
36,98,47,52.684978360333886
36,99,46,56.24775813733632
36,100,45,52.21636190652908
36,101,44,50.73119106482413
36,102,43,52.26794347715544
36,103,42,48.46669008543491
36,104,41,48.94252199982249
36,105,40,47.68461109763649
36,106,39,49.75440410501873
36,107,38,49.02368234709907
36,108,37,44.84274355615669
36,109,36,43.708069782848675
36,110,35,41.37519908119996
36,111,34,39.407615001929116
36,112,33,40.19353179818858
36,113,32,38.09595529237251
36,114,31,33.866638467599046
36,115,30,32.60870937150051
36,116,29,34.716503431087226
36,117,28,33.330565310615626
36,118,27,30.858425361185247
36,119,26,30.933475768105644
36,120,25,31.944981973125973
36,121,24,29.369052081122895
36,122,23,28.152878769441944
36,123,22,28.822976775683426
36,124,21,25.896794919023836
36,125,20,24.86946675056823
36,126,19,23.901624747951836
37,40,102,115.36660397465734
37,41,101,117.25184237436233
37,42,100,117.14895175182866
37,43,99,118.48102852423517
37,44,98,120.39069054383066
37,45,97,119.1035245159391
37,46,96,117.35572068477555
37,47,95,119.2218218451018
37,48,94,119.01792711758884
37,49,93,118.61807188177033
37,50,92,117.63846868105603
37,51,91,118.11152119893927
37,52,90,119.26603964374254
37,53,89,118.87659592329001
37,54,88,119.23526205893594
37,55,87,118.91189452500083
37,56,86,119.61554573158251
37,57,85,120.30983217697606
37,58,84,119.23848861386912
37,59,83,120.10776947820432
37,60,82,117.82166496722749
37,61,81,115.71934159763897
37,62,80,115.53985679043627
37,63,79,116.49440294704902
37,64,78,115.89039228570385
37,65,77,111.18361845742666
37,66,76,112.30517907183511
37,67,75,113.88668872164897
37,68,74,110.18376377283536
37,69,73,107.05477486433125
37,70,72,103.87843153329796
37,71,71,107.91432186300798
37,72,70,107.7447215055812
37,73,69,107.67243712742149
37,74,68,108.16824416349803
37,75,67,98.7853234777289
37,76,66,98.79865620461463
37,77,65,100.41536617956146
37,78,64,98.68667922126038
37,79,63,95.52492755542491
37,80,62,92.06851423005713
37,81,61,93.7213507678934
37,82,60,88.43330572023265
37,83,59,85.2389116107219
37,84,58,80.69910949962687
37,85,57,82.90094767823123
37,86,56,75.25371959084771
37,87,55,77.59911813292362
37,88,54,75.91075056930681
37,89,53,69.37274365898294
37,90,52,66.84303328938145
37,91,51,66.36392132861135
37,92,50,64.53073026218487
37,93,49,61.576240756721
37,94,48,57.85942649180415
37,95,47,56.74153796425043
37,96,46,55.04382641716454
37,97,45,55.638886885954165
37,98,44,53.24451179596321
37,99,43,55.032524609446
37,100,42,52.71878907952755
37,101,41,49.92836377061005
37,102,40,49.77533750390994
37,103,39,51.16622196142795
37,104,38,49.53539384219335
37,105,37,48.930160803369276
37,106,36,49.89201112922092
37,107,35,49.833839747076524
37,108,34,43.27457910517297
37,109,33,39.9579206670863
37,110,32,38.691234874939354
37,111,31,36.407988990958785
37,112,30,34.45589317558931
37,113,29,32.07791497401797
37,114,28,30.280398608554023
37,115,27,28.219571545350608
37,116,26,29.475807160252508
37,117,25,28.206988857401768
37,118,24,26.586084098598313
37,119,23,24.853476950192587
37,120,22,26.076091817901464
37,121,21,25.31646478508917
38,40,135,116.46656630710262
38,41,134,118.02118880642718
38,42,133,119.39175360612403
38,43,132,119.49251177418405
38,44,131,119.16645620537439
38,45,130,119.56984908698705
38,46,129,118.26975173160756
38,47,128,119.95127718397593
38,48,127,119.38500702568541
38,49,126,116.22736175694013
38,50,125,112.14213083154324
38,51,124,116.79522646619296
38,52,123,118.20461291508408
38,53,122,111.21822523270964
38,54,121,106.4924869843485
38,55,120,100.12866011166247
38,56,119,94.53359638905351
38,57,118,93.381392125417
38,58,117,92.86969532220887
38,59,116,100.20143264107904
38,60,115,97.12817800293084
38,61,114,99.70781945423138
38,62,113,105.39098751415465
38,63,112,103.26393853215508
38,64,111,104.93648451764513
38,65,110,98.46908387280698
38,66,109,105.93663682180804
38,67,108,103.41210672456414
38,68,107,101.82778665714035
38,69,106,100.60668162675964
38,70,105,102.05319142899427
38,71,104,101.60184732790081
38,72,103,102.9965527743799
38,73,102,102.24153990893605
38,74,101,108.03704303925862
38,75,100,107.98699111490893
38,76,99,105.60864208093756
38,77,98,108.83789211737026
38,78,97,108.27311949631238
38,79,96,105.6282655035615
38,80,95,107.68044278022151
38,81,94,105.29398641658793
38,82,93,108.63645775925053
38,83,92,102.49658958836835
38,84,91,103.53845939176999
38,85,90,105.19887628110503
38,86,89,107.76245461900598
38,87,88,105.53433897295554
38,88,87,107.49090443954759
38,89,86,108.87336422881921
38,90,85,105.27820176008011
38,91,84,106.51015181672943
38,92,83,108.67802211651652
38,93,82,108.59557122799905
38,94,81,109.60190066618489
38,95,80,109.73133245893442
38,96,79,111.17149814683555
38,97,78,107.15910289432013
38,98,77,106.9104378081881
38,99,76,107.39279823928982
38,100,75,104.90950726157968
38,101,74,100.05445172763254
38,102,73,96.61496005271218
38,103,72,89.78967027306781
38,104,71,89.27013594692667
38,105,70,87.45613724014348
38,106,69,83.66785777896635
38,107,68,87.03672332561521
38,108,67,93.19077435505214
38,109,66,88.93037602165708
38,110,65,92.01157189177536
38,111,64,87.2784479434303
38,112,63,84.63246159547631
38,113,62,79.24932655614747
38,114,61,76.64111166238578
38,115,60,75.68496850561958
38,116,59,72.63254295785094
38,117,58,69.80316556590708
38,118,57,69.69451213416026
38,119,56,70.87425276207799
38,120,55,68.95616622671739
38,121,54,65.47850344731526
38,122,53,66.32119821010181
38,123,52,62.00530115235955
38,124,51,54.55110045929757
38,125,50,53.600291252988775
39,37,142,121.2065961957014
40,40,121,118.82284075420327
40,41,120,119.5414607856479
40,42,119,117.01363570757202
40,43,118,115.24261258432263
40,44,117,113.64889098008577
40,45,116,114.5810811515829
40,46,115,115.50412739233658
40,47,114,114.08009387580549
40,48,113,112.42019136092932
40,49,112,108.24767518009585
40,50,111,111.97692597236353
40,51,110,114.42557398574806
40,52,109,116.38140387740503
40,53,108,114.54972351171449
40,54,107,112.25387979313243
40,55,106,111.5199915761008
40,56,105,115.90020710919998
40,57,104,114.78168496114051
40,58,103,114.39981510675791
40,59,102,111.63758509415638
40,60,101,114.91779396264334
40,61,100,114.83450067124227
40,62,99,114.32844675262004
40,63,98,113.2927743441504
40,64,97,112.98465560466703
40,65,96,108.60167794714548
40,66,95,105.80253540712161
40,67,94,103.65323607543297
40,68,93,98.4295116963425
40,69,92,92.51153492115523
40,70,91,91.58926573868678
40,71,90,87.97976083811324
40,72,89,90.70924603251292
40,73,88,96.35837378556657
40,74,87,92.91014732998528
40,75,86,94.23897361949972
40,76,85,90.80455195208529
40,77,84,88.86527515622834
40,78,83,88.07111321880724
40,79,82,89.06894522660772
40,80,81,93.47447789518436
40,81,80,91.45094317768977
40,82,79,100.89986727379407
40,83,78,105.19831671048505
40,84,77,104.65771810728668
40,85,76,105.57720285447351
40,86,75,104.24512737261027
40,87,74,100.80492362214589
40,88,73,95.60709421720537
40,89,72,101.00204319458729
40,90,71,98.68299062792275
40,91,70,97.22131689472269
40,92,69,96.65684669315424
40,93,68,92.83751170564344
40,94,67,95.22202091404924
40,95,66,101.36275062955234
40,96,65,97.91900224518899
40,97,64,98.84495465404507
40,98,63,101.84056155238974
40,99,62,95.6284611534661
40,100,61,99.01369241587399
40,101,60,90.47696612125515
40,102,59,92.14937558619395
40,103,58,90.39856274665705
40,104,57,89.13043245258515
40,105,56,83.33787571408534
40,106,55,74.1052027045287
40,107,54,78.85555627029109
40,108,53,69.84992895492903
40,109,52,69.26441646318158
40,110,51,64.99280235263751
40,111,50,60.88000796606553
40,112,49,59.632815434119095
40,113,48,65.07711867241004
40,114,47,60.684415830945014
40,115,46,57.40836619673139
40,116,45,52.873502623988664
40,117,44,48.00756662416415
40,118,43,45.26258845552039
40,119,42,45.291880024042015
40,120,41,45.91955723909426
40,121,40,39.84347107451866
40,122,39,40.87957754451037
40,123,38,41.74676347526842
40,124,37,40.18630216188043
40,125,36,39.0943032615514
40,126,35,37.15808179423608
40,127,34,33.932651463123946
40,128,33,33.57366123046521
40,129,32,33.57266898272904
40,130,31,31.239925713378685
40,131,30,34.96672577168443
40,132,29,33.53381726056075
40,133,28,32.485862139717696
41,40,101,121.22323712191212
41,41,100,122.69021495184725
41,42,99,120.67488787936577
41,43,98,120.41482906690754
41,44,97,116.97128312110806
41,45,96,118.78612437006821
41,46,95,118.7218120310015
41,47,94,119.48937252084605
41,48,93,119.46747822513291
41,49,92,116.51409273238696
41,50,91,116.00726622664041
41,51,90,118.44560294671409
41,52,89,116.45065273908763
41,53,88,116.73916550257334
41,54,87,117.16679840336585
41,55,86,117.10751814163328
41,56,85,114.1456890781042
41,57,84,111.53733672121493
41,58,83,112.93088862526247
41,59,82,110.45895033024269
41,60,81,108.69583992654864
41,61,80,107.6892708196502
41,62,79,104.40241607324504
41,63,78,106.01762363614125
41,64,77,108.3616158545338
41,65,76,109.84348842871249
41,66,75,106.93641125482331
41,67,74,107.57669029397995
41,68,73,111.4277893833223
41,69,72,112.03182270711929
41,70,71,112.86178196218135
41,71,70,111.13626386609448
41,72,69,109.87689395187797
41,73,68,108.35003447058176
41,74,67,105.92927279234144
41,75,66,104.31097917466309
41,76,65,102.32598843214402
41,77,64,99.84423865345546
41,78,63,94.50767559632835
41,79,62,99.54649367404642
41,80,61,95.05078151772685
41,81,60,101.5098061661206
41,82,59,100.7533837868739
41,83,58,96.05876325291271
41,84,57,94.48471604065472
41,85,56,88.44837054629538
41,86,55,90.12516095486976
41,87,54,85.91851311558368
41,88,53,86.77596096425934
41,89,52,84.21376056695081
41,90,51,81.77054675050422
41,91,50,77.47615048546731
41,92,49,79.77876676593785
41,93,48,81.2236179216979
41,94,47,78.49416521308402
41,95,46,77.05787120261361
41,96,45,78.71351053813055
41,97,44,77.37591405192845
41,98,43,75.63001476280635
41,99,42,76.00526622401921
41,100,41,71.38253986551221
41,101,40,70.36819139902279
41,102,39,65.92789252895825
41,103,38,64.59029271589759
41,104,37,60.44151750931712
41,105,36,58.13962413251562
41,106,35,52.78646042017495
41,107,34,50.70094051848194
41,108,33,44.532195814671816
41,109,32,45.22224292806416
41,110,31,41.42606856901608
41,111,30,40.72745713033306
41,112,29,37.427255772566966
41,113,28,34.162537280338164
41,114,27,34.402039120767164
41,115,26,33.14194991911373
41,116,25,35.52166315894573
41,117,24,34.73395156704261
41,118,23,34.631530320538474
41,119,22,28.485566834769873
41,120,21,28.538249952632704
41,121,20,26.315030720945565
41,122,19,25.21096834062614
41,123,18,26.228294107774424
42,40,126,124.03013490025236
42,41,125,123.72404650651453
42,42,124,123.73401285810247
42,43,123,122.78071705274274
42,44,122,122.61332443260534
42,45,121,122.23577754816091
42,46,120,122.88939499216679
42,47,119,123.0756651848099
42,48,118,123.5488859217804
42,49,117,123.47313084747574
42,50,116,124.37196175115108
42,51,115,124.2190510111827
42,52,114,123.91716260986351
42,53,113,124.18262825327062
42,54,112,124.63937409975163
42,55,111,124.6238038120378
42,56,110,122.45078203762293
42,57,109,123.49102477471365
42,58,108,118.57358822699484
42,59,107,118.82035659498976
42,60,106,117.18322653723499
42,61,105,118.00124208789984
42,62,104,117.21712213593028
42,63,103,120.40560662877837
42,64,102,117.22397896467616
42,65,101,118.11520099168692
42,66,100,118.17596512906995
42,67,99,117.94757105401068
42,68,98,117.35339858731106
42,69,97,116.83603361274075
42,70,96,116.55869383774181
42,71,95,116.23767595017947
42,72,94,116.12328735560405
42,73,93,117.26173036905797
42,74,92,117.20531118802512
42,75,91,114.67311570444598
42,76,90,113.66597844294284
42,77,89,108.75987142055266
42,78,88,109.38222006234146
42,79,87,104.47788530716663
42,80,86,104.44211249193458
42,81,85,99.87859305414851
42,82,84,100.03957206063579
42,83,83,99.18307263896476
42,84,82,91.82770321204524
42,85,81,86.93639548861418
42,86,80,85.40292849638215
42,87,79,89.66143906654253
42,88,78,93.3931377434928
42,89,77,94.39389093462793
42,90,76,101.27829941297381
42,91,75,97.56059483340103
42,92,74,98.54759370006194
42,93,73,102.35458011097396
42,94,72,111.55029685037573
42,95,71,110.03511009504334
42,96,70,104.30259256671908
42,97,69,105.22751473776444
42,98,68,95.42540902421081
42,99,67,88.36728366729156
42,100,66,81.44086058222027
42,101,65,84.03303472705431
42,102,64,78.8788995072444
42,103,63,78.93851893487857
42,104,62,76.43887249260028
42,105,61,78.00964205839608
42,106,60,75.84504236682294
42,107,59,76.38403394253488
42,108,58,73.23528747270356
42,109,57,72.28373876411298
42,110,56,69.4730644159282
42,111,55,71.42502039166092
42,112,54,73.99545138332714
42,113,53,73.81133127871021
42,114,52,67.76813625844083
42,115,51,66.89818421709995
42,116,50,67.47447835870102
42,117,49,64.75330871400305
42,118,48,64.38723576131726
42,119,47,60.98189129456985
42,120,46,59.523009681689445
42,121,45,56.8748203018117
42,122,44,52.083129368961664
42,123,43,49.9558418782602
42,124,42,48.4573395630797
42,125,41,47.37075344113278
42,126,40,46.61862882620305
42,127,39,46.94519570435307
42,128,38,45.69879166041734
42,129,37,44.45392841130128
42,130,36,40.64420167645781
42,131,35,40.95309641718697
42,132,34,38.58668092756257
42,133,33,39.12136886132937
42,134,32,33.92833962563634
42,135,31,33.70414015819162
42,136,30,31.436147054443666
42,137,29,31.72530298046356
42,138,28,31.235554543839633
42,139,27,28.730212145421365
42,140,26,28.677126386892134
42,141,25,28.775035681013204
42,142,24,30.178910680241266
42,143,23,27.41283012963902
42,144,22,26.23245439729601
42,145,21,28.491885723619745
42,146,20,26.519013989860248
42,147,19,25.872030967592764
42,148,18,20.946143570710035
42,149,17,19.725955461747837
42,150,16,19.629370543175575
42,151,15,17.774967745254692
42,152,14,16.436231531709993
42,153,13,17.79971222279398
42,154,12,14.120889448945233
42,155,11,13.877081010826025
42,156,10,11.50797137275789
43,40,191,110.30773203206942
43,41,190,109.64355582932907
43,42,189,113.57977656214268
43,43,188,119.61997186851895
43,44,187,120.49200262532165
43,45,186,116.60524793132419
43,46,185,121.35003878489027
43,47,184,121.50968864246511
43,48,183,121.84939277733474
43,49,182,123.28680174882953
43,50,181,123.08472980399718
43,51,180,122.89212175501092
43,52,179,122.01506851291359
43,53,178,120.75204974380361
43,54,177,119.43555853198067
43,55,176,117.89378644645893
43,56,175,116.22917297242108
43,57,174,114.2849356521883
43,58,173,114.61670808950933
43,59,172,117.05988887184202
43,60,171,119.08172533409386
43,61,170,118.2900808393777
43,62,169,118.78419742947389
43,63,168,116.96230528907714
43,64,167,117.51961041533498
43,65,166,116.60733604351057
43,66,165,113.90599069654286
43,67,164,114.18008602858208
43,68,163,114.15381630601675
43,69,162,111.42270248998634
43,70,161,111.51650536828191
43,71,160,110.79935389554947
43,72,159,110.05738846911892
43,73,158,105.7925333829964
43,74,157,98.45152860300104
43,75,156,92.59147048625161
43,76,155,96.51143075215992
43,77,154,104.44308941699536
43,78,153,108.08489512318407
43,79,152,108.2019622363681
43,80,151,105.31231185611338
43,81,150,109.67448869358249
43,82,149,111.03008007194933
43,83,148,112.06304872231473
43,84,147,114.45446443419931
43,85,146,115.19953603123531
43,86,145,115.6533039205984
43,87,144,117.63024186180778
43,88,143,118.5273949686714
43,89,142,119.89787118383708
43,90,141,118.95007444132784
43,91,140,116.86109424950106
43,92,139,114.86759413880675
43,93,138,114.08529151801679
43,94,137,113.17068659842084
43,95,136,109.04620894434967
43,96,135,104.12839570799099
43,97,134,101.4355641423646
43,98,133,101.80069875616286
43,99,132,101.00085674025982
43,100,131,101.08554727062382
43,101,130,99.7196918691844
43,102,129,94.85511571204736
43,103,128,95.74639337565925
43,104,127,97.94251193388322
43,105,126,96.19392731096336
43,106,125,90.85811357956074
43,107,124,83.3984162988338
43,108,123,92.00106217258718
43,109,122,96.03216697415033
43,110,121,90.71116114453886
43,111,120,87.83202868472691
43,112,119,89.16247241377766
43,113,118,82.9403025491977
43,114,117,78.01588205986044
43,115,116,76.2039279548969
43,116,115,82.04952301511857
43,117,114,81.74084801159631
43,118,113,86.89530915150874
43,119,112,82.59974460277525
43,120,111,90.24381325253813
43,121,110,93.16740028094631
43,122,109,95.84444424136888
43,123,108,103.46815563692059
43,124,107,103.83765872363374
43,125,106,110.69959097256574
43,126,105,112.09717531578036
43,127,104,109.52575771554251
43,128,103,111.22623642550268
43,129,102,109.08080709530147
43,130,101,104.54661928995449
43,131,100,100.92713167817487
43,132,99,100.3123896535607
43,133,98,106.51161245781319
43,134,97,106.59140439367744
43,135,96,106.01432692339554
43,136,95,108.70586601700322
43,137,94,110.2634730772293
43,138,93,113.92657358404178
43,139,92,113.82234050480724
43,140,91,110.50502737317039
43,141,90,112.29028821423634
43,142,89,114.86240255099842
43,143,88,115.32765522957177
43,144,87,112.79011108245335
43,145,86,109.95258059306659
43,146,85,102.70201408726298
43,147,84,105.71824656140785
43,148,83,105.9539708691952
43,149,82,102.33722620899132
43,150,81,99.58152389069892
43,151,80,96.7484432590987
43,152,79,99.9340262710305
43,153,78,98.41711345950401
43,154,77,94.04802726688104
43,155,76,95.07206151988098
43,156,75,84.22265875442251
43,157,74,81.0420868751113
43,158,73,78.12214155344884
43,159,72,78.01746313814397
43,160,71,86.1127268529132
43,161,70,90.2181600558942
43,162,69,84.72684174964351
43,163,68,89.37771037348597
43,164,67,84.4274284310959
43,165,66,93.18367127779072
43,166,65,92.35246624468542
43,167,64,81.01313297354221
43,168,63,79.46208218121919
43,169,62,76.74360271696943
43,170,61,69.58215637568988
43,171,60,70.54388952342792
43,172,59,65.10794074410296
44,40,123,120.24403174919364
44,41,122,120.66506780648295
44,42,121,120.65593710228899
44,43,120,121.54213350567926
44,44,119,123.43910851465382
44,45,118,122.91624422953079
44,46,117,122.95449701209891
44,47,116,121.31340679848873
44,48,115,120.72892565510188
44,49,114,119.79853344058151
44,50,113,118.98499410130523
44,51,112,116.02180847167192
44,52,111,112.9536507742
44,53,110,114.17932525872152
44,54,109,110.86222842519211
45,40,226,119.28480098657607
45,41,225,116.03295271627857
45,42,224,114.41140998338378
45,43,223,115.45464328950337
45,44,222,115.8221992499816
45,45,221,113.43511844874845
45,46,220,113.5330257401713
45,47,219,110.18509960075454
45,48,218,112.87287346794866
45,49,217,112.11376032955077
45,50,216,111.15542003504194
45,51,215,111.6578839371223
45,52,214,109.43447448780574
45,53,213,109.64168282443026
45,54,212,106.26868023565848
45,55,211,106.5681828056191
45,56,210,108.93509265086513
45,57,209,107.40096517535703
45,58,208,111.15347341282974
45,59,207,112.54237373685523
45,60,206,113.62399777263826
45,61,205,111.98285355536245
45,62,204,111.11625123570111
45,63,203,112.25819957422536
45,64,202,114.23391642344109
45,65,201,112.26249266765109
45,66,200,112.0073013043415
45,67,199,108.23903909907617
45,68,198,108.36532516151772
45,69,197,110.86915716661704
45,70,196,112.02349811110841
45,71,195,110.97838381456492
45,72,194,110.66793111774365
45,73,193,109.82341975806767
45,74,192,111.3434603710783
45,75,191,114.62848806428762
45,76,190,112.6661718626072
45,77,189,110.08275485063854
45,78,188,111.74845239082455
45,79,187,112.61071854679925
45,80,186,112.89594468345291
45,81,185,111.11622798726236
45,82,184,110.19542145370283
45,83,183,111.4230475572329
45,84,182,111.10773646898164
45,85,181,110.09501660471619
45,86,180,109.82977686607487
45,87,179,108.42737693229665
45,88,178,107.88765680146088
45,89,177,107.30977250761703
45,90,176,106.53404157876372
45,91,175,106.54318101966362
45,92,174,107.24484720269339
45,93,173,104.41678630726076
45,94,172,104.07660640521424
45,95,171,104.09946974920132
45,96,170,106.85699284427373
45,97,169,108.94732077137775
45,98,168,107.14015790061461
45,99,167,105.90658922888363
45,100,166,102.88899119587433
45,101,165,100.91103218628062
45,102,164,101.90401238422487
45,103,163,100.76842627276534
45,104,162,100.50859425600032
45,105,161,98.79151772369315
45,106,160,93.34512251440812
45,107,159,88.89102025095403
45,108,158,79.74897956394207
45,109,157,77.84678500810655
45,110,156,76.6840525368525
45,111,155,82.93925487672192
45,112,154,79.1464872221037
45,113,153,90.1485948715056
45,114,152,90.28127891877068
45,115,151,93.01629546396285
45,116,150,93.74675249994561
45,117,149,95.3555042566168
45,118,148,95.93837804785153
45,119,147,99.85277119048146
45,120,146,101.22674282730642
45,121,145,99.89950099359194
45,122,144,102.04464211403939
45,123,143,104.46845096878059
45,124,142,104.26969936853598
45,125,141,107.30117323273107
45,126,140,106.1521214241522
45,127,139,105.72267089423579
45,128,138,105.81742828231313
45,129,137,104.12856719089812
45,130,136,106.32272453503467
45,131,135,102.1941264333046
45,132,134,103.25822388436274
45,133,133,106.57240471388832
45,134,132,108.99094667247722
45,135,131,108.624579139976
45,136,130,104.62246310951801
45,137,129,105.66764276403242
45,138,128,100.61372147311731
45,139,127,100.31380181319854
45,140,126,100.99585081794184
45,141,125,101.0526943900126
45,142,124,101.32960949041724
45,143,123,98.12716078463615
45,144,122,93.8918613145226
45,145,121,90.57456213546521
45,146,120,94.90385700045572
45,147,119,91.98241822438257
45,148,118,87.64778601288606
45,149,117,82.89719726035759
45,150,116,78.95033982291604
45,151,115,77.56486281447144
45,152,114,73.77868579495282
46,40,153,115.19894920126248
46,41,152,115.16485289661415
46,42,151,114.41463054644696
46,43,150,113.67661760600399
46,44,149,112.22544018261908
46,45,148,112.82242982714246
46,46,147,108.08424920025774
46,47,146,116.34157542275378
46,48,145,113.08972768991363
46,49,144,118.63573243686109
46,50,143,116.98956863342258
46,51,142,117.44164217338287
46,52,141,116.57709936028908
46,53,140,116.53191104999509
46,54,139,114.24124214913158
46,55,138,114.71523116285452
46,56,137,111.9247815104817
46,57,136,113.78774615505634
46,58,135,112.81140775815632
46,59,134,111.10113162857414
46,60,133,113.95036270735199
46,61,132,110.28554931646885
46,62,131,110.53718674047859
46,63,130,108.69614269279059
46,64,129,113.53945918783954
46,65,128,112.61946161577515
46,66,127,114.03519260504066
46,67,126,113.92674726795414
46,68,125,115.60176746814767
46,69,124,114.06469085173617
46,70,123,113.66698554579736
46,71,122,114.84236045417197
46,72,121,115.53185234103404
46,73,120,109.72878625466478
46,74,119,111.94050389341702
46,75,118,111.60196209193006
46,76,117,107.36880300247628
46,77,116,105.49598334094762
46,78,115,101.89080613567043
46,79,114,103.57131027096631
46,80,113,97.62825106311418
46,81,112,100.98056732839174
46,82,111,102.39813886496076
46,83,110,100.90221923753936
46,84,109,102.69409255567746
46,85,108,97.76435895254372
46,86,107,99.96242505031832
46,87,106,98.32313023880235
46,88,105,95.57892517527489
46,89,104,91.02078904714448
46,90,103,85.997588173224
46,91,102,94.19081478213167
46,92,101,88.08877586944399
46,93,100,89.0942708122859
46,94,99,89.09755136905343
46,95,98,88.52981197527447
46,96,97,81.52131953107471
46,97,96,78.5197569738379
46,98,95,79.36278006001773
46,99,94,78.92669829725774
46,100,93,79.35441976325903
46,101,92,74.45606467547563
46,102,91,75.64655312161962
46,103,90,77.70732224011469
46,104,89,78.24141696684367
46,105,88,77.3676618200013
46,106,87,76.17676341278501
46,107,86,74.33893061212032
46,108,85,68.64687639297294
46,109,84,74.05509636504351
46,110,83,75.86388332103337
46,111,82,65.63121194235714
46,112,81,63.27250514168094
46,113,80,62.51186477736513
46,114,79,59.91948712470801
46,115,78,60.30857712693257
46,116,77,64.05416136276403
46,117,76,63.47997400573451
46,118,75,62.577130705203864
46,119,74,62.85691776021267
46,120,73,63.25841719377037
46,121,72,61.75224533535287
46,122,71,65.35895401034617
46,123,70,63.529316870367175
46,124,69,67.04766061797517
46,125,68,67.21701839048862
46,126,67,66.78891165313132
46,127,66,66.57903775221118
46,128,65,64.75988965945683
46,129,64,58.85924540419366
46,130,63,55.779441896439245
46,131,62,55.02481935340507
46,132,61,51.149188211310516
46,133,60,47.6486425276989
46,134,59,48.04926305668509
46,135,58,52.29021533853084
46,136,57,48.104761575650585
46,137,56,51.2396084271618
46,138,55,49.15196853031731
46,139,54,47.98188517309268
46,140,53,48.29557501090713
46,141,52,44.60950963418446
46,142,51,44.40329777471803
46,143,50,44.714314006998876
46,144,49,43.12439433796875
46,145,48,40.4861610910134
46,146,47,41.205415378414415
47,40,168,120.25587363563245
47,41,167,121.99674015215771
47,42,166,118.60923744944847
47,43,165,117.81094501379008
47,44,164,117.19710382908494
47,45,163,114.8276855834349
47,46,162,112.67141105057718
47,47,161,117.42745173780546
47,48,160,117.21514308502346
47,49,159,117.01582446373078
47,50,158,116.57353983070064
47,51,157,117.36739208348922
47,52,156,119.09014631370479
47,53,155,118.14800985830848
47,54,154,119.39986897475298
47,55,153,119.2986615923636
47,56,152,117.2135367589261
47,57,151,114.23711681321535
47,58,150,110.05240306084782
47,59,149,112.57067698771591
47,60,148,110.7368184589269
47,61,147,112.27257432385716
47,62,146,114.01769412579691
47,63,145,112.8616433861462
47,64,144,113.9554185695299
47,65,143,113.19107012716603
47,66,142,112.32396911220141
47,67,141,112.96850657323883
47,68,140,114.29734318992203
47,69,139,113.88798192637346
47,70,138,112.24876839886097
47,71,137,113.73634866237481
47,72,136,114.26048334241898
47,73,135,116.5201752027877
48,40,130,117.48397326939092
48,41,129,119.05124693189791
48,42,128,120.91058205181415
48,43,127,120.39503331785308
48,44,126,116.05719364164105
48,45,125,117.32319851813651
48,46,124,119.57635634440553
48,47,123,119.64803177970592
48,48,122,119.01978807156024
48,49,121,118.26405023119116
48,50,120,116.07645063194335
48,51,119,116.29487456068429
48,52,118,117.57964706379144
48,53,117,117.10471981707386
48,54,116,118.65252919069593
48,55,115,118.36664587725241
48,56,114,117.98756507118097
48,57,113,119.28754805040595
48,58,112,119.92666173561669
48,59,111,118.0772451239336
48,60,110,121.84200095317988
48,61,109,121.71203278618023
48,62,108,120.26123966388414
48,63,107,118.98950965191364
48,64,106,119.13337312567035
48,65,105,116.56591996669816
48,66,104,117.98366248729756
48,67,103,118.3051679123713
48,68,102,119.17021135418501
48,69,101,118.31124625358106
48,70,100,118.61580740658515
48,71,99,118.1525705011313
48,72,98,115.9135014192524
48,73,97,114.54706594682762
48,74,96,113.66942343988478
48,75,95,111.8884557599606
48,76,94,109.87701692381772
48,77,93,110.59920647297929
48,78,92,104.53272574155756
49,40,284,122.89550526477214
49,41,283,122.93736025306342
49,42,282,122.57763577224247
49,43,281,121.49462446791199
49,44,280,120.41634730212827
49,45,279,120.12978875344142
49,46,278,118.38877264054588
49,47,277,116.75861097635374
49,48,276,115.50155539711469
49,49,275,116.80720256022167
49,50,274,118.7493675857695
49,51,273,120.91965316801819
49,52,272,120.81231078562537
49,53,271,119.82841864803592
49,54,270,118.97751414972922
49,55,269,118.69344214913183
49,56,268,117.98588922669754
49,57,267,118.41517366593757
49,58,266,120.86566864989044
49,59,265,122.35742268537535
49,60,264,122.83026685920944
49,61,263,122.69836717041545
49,62,262,124.10267586860876
49,63,261,124.11847286545814
49,64,260,124.29833954975342
49,65,259,122.70150274181717
49,66,258,120.6238814234834
49,67,257,120.66799598948046
49,68,256,119.31216017148127
49,69,255,118.39040856688318
49,70,254,118.22143206266787
49,71,253,116.48027103076421
49,72,252,120.83166533683934
49,73,251,120.84501776534896
49,74,250,122.50589643656143
49,75,249,121.91641074165966
49,76,248,119.53757150835823
49,77,247,120.30005501701459
49,78,246,121.12429197342308
49,79,245,120.90497579561762
49,80,244,119.58974689838553
49,81,243,121.32363196543344
49,82,242,117.41441693007292
49,83,241,118.69210735899429
49,84,240,118.03687088802745
49,85,239,116.52192566938986
49,86,238,116.61334687778904
49,87,237,116.05775420784494
49,88,236,112.96406594867116
49,89,235,113.94385736280404
49,90,234,116.15260090748421
49,91,233,118.41231735687647
49,92,232,120.25228557156031
49,93,231,119.77555179017895
49,94,230,117.7329422490478
49,95,229,118.35152150450222
49,96,228,116.47083420576607
49,97,227,115.72865932586836
49,98,226,116.2044584451792
49,99,225,117.67045433312296
49,100,224,118.87817384680724
49,101,223,118.88451507139223
49,102,222,118.96159545965827
49,103,221,117.96140965368775
49,104,220,118.03495818054799
49,105,219,119.32415374045675
49,106,218,120.3687730269464
49,107,217,120.4191642055014
49,108,216,120.60697546571001
49,109,215,120.69522944030984
49,110,214,120.46612701559265
49,111,213,121.70264540727547
49,112,212,120.36629563011866
49,113,211,120.22306383023826
49,114,210,119.4533960672064
49,115,209,119.08221210188853
49,116,208,120.72611218317613
49,117,207,120.21676564036224
49,118,206,120.09519439172547
49,119,205,119.21117622172798
49,120,204,118.89001551948243
49,121,203,118.81576911660437
49,122,202,116.9424259287445
49,123,201,116.3396526499406
49,124,200,114.4697022733869
49,125,199,115.60526557568545
49,126,198,118.97054248894611
49,127,197,115.80161334004735
49,128,196,112.31180969601627
49,129,195,115.1605769898737
49,130,194,113.71076531775469
49,131,193,114.60109622855447
49,132,192,116.16001400219906
49,133,191,116.38822987820151
49,134,190,115.24539982547968
49,135,189,113.62340982842747
49,136,188,117.12210345845855
49,137,187,116.5463407124667
49,138,186,114.8278633831816
49,139,185,114.13958245623388
49,140,184,111.81392451517546
49,141,183,111.24467822269479
49,142,182,108.39892255201119
49,143,181,111.45003367108035
49,144,180,112.00435774441796
49,145,179,109.44517559394501
49,146,178,112.34430731548431
49,147,177,112.50433220305713
49,148,176,113.72685244723314
49,149,175,112.14610863878843
49,150,174,110.26912796325027
49,151,173,113.41406272835154
49,152,172,110.29102043677094
49,153,171,114.10168423701283
49,154,170,114.41339943554368
49,155,169,114.01045940235798
49,156,168,118.12888345856567
49,157,167,118.94635349472387
49,158,166,119.90779757302408
49,159,165,116.23978200401874
49,160,164,118.05444297415009
49,161,163,117.4395594210639
49,162,162,118.87664458362678
49,163,161,119.16481044367018
49,164,160,116.74970818919262
49,165,159,114.82120422711
49,166,158,115.94309554188798
49,167,157,115.06180354911002
49,168,156,113.86690970039834
49,169,155,111.71791026168495
49,170,154,107.23696483786736
49,171,153,109.25445147423123
49,172,152,106.29762602280506
49,173,151,105.4749260215378
49,174,150,108.45602233467483
49,175,149,106.87306071511469
49,176,148,106.69820650348302
49,177,147,103.58283728375687
49,178,146,103.50897072255577
49,179,145,106.22773621984601
49,180,144,110.78395268638872
49,181,143,111.22193186733806
49,182,142,107.10647220057479
49,183,141,104.24676005841886
49,184,140,100.36447637921391
49,185,139,89.36330302309545
49,186,138,96.71196379883935
49,187,137,90.74144450449168
49,188,136,93.8292471548094
49,189,135,98.16444241614518
49,190,134,90.38748691018989
49,191,133,87.89928909812784
49,192,132,88.06492964552044
49,193,131,89.3474348469322
49,194,130,86.15295520592089
49,195,129,92.59966641427977
49,196,128,98.80762108055595
49,197,127,98.05781671168762
49,198,126,96.19067796669333
49,199,125,95.91313300777688
49,200,124,95.82892866855124
49,201,123,100.43225212302113
49,202,122,101.5112041021091
49,203,121,101.72509131415038
49,204,120,97.49836076753608
49,205,119,94.33023111424657
49,206,118,93.83763032392851
49,207,117,88.70105940502208
49,208,116,94.13104845396973
49,209,115,95.11024399594226
49,210,114,89.54391909365137
49,211,113,91.50564287703054
49,212,112,84.67116033059332
49,213,111,88.1706223454487
49,214,110,90.80767573728872
49,215,109,86.51817816691555
49,216,108,90.31411949749764
49,217,107,94.1796276004385
49,218,106,99.01624502529273
49,219,105,100.12573985067098
49,220,104,109.06653266726138
49,221,103,109.87292473727842
49,222,102,107.37208208130176
49,223,101,104.72954704499973
49,224,100,103.46165625783298
49,225,99,99.3190051488464
49,226,98,102.34202027467438
49,227,97,100.08475676145625
49,228,96,101.00342492188892
49,229,95,100.65299292254696
49,230,94,100.08359844354334
49,231,93,101.936513521957
49,232,92,101.35584096267866
49,233,91,100.21293080905993
49,234,90,95.70380911386715
49,235,89,102.26495524474758
49,236,88,104.39531982707172
49,237,87,102.0620581627598
49,238,86,102.49562493045484
49,239,85,104.81968428378627
49,240,84,103.33389797995304
49,241,83,103.91124800257035
49,242,82,101.85346360122118
49,243,81,99.8952269060888
49,244,80,98.20450039883886
49,245,79,96.78260551385455
49,246,78,92.77431936575101
49,247,77,90.35307364137748
49,248,76,88.69761486475363
49,249,75,88.33719662112549
49,250,74,84.90873321810284
49,251,73,83.64597892014066
49,252,72,81.27347869666124
49,253,71,79.80952993967082
49,254,70,75.70119769920151
49,255,69,74.83944123114685
49,256,68,78.79851638482808
49,257,67,77.34668815403602
49,258,66,82.34037726179093
49,259,65,77.65768261691068
49,260,64,79.4341411572586
49,261,63,80.74121306782231
49,262,62,81.16319140086122
49,263,61,74.0535041806966
49,264,60,77.50430424910579
49,265,59,75.90830048229446
49,266,58,73.05189672416901
49,267,57,74.49349423862535
49,268,56,68.20033468913913
49,269,55,67.89433258855553
49,270,54,64.64535686729228
49,271,53,67.90383006720305
49,272,52,67.66603938596757
49,273,51,64.93226724621296
49,274,50,59.54389982881149
49,275,49,62.27221297369084
49,276,48,62.408116729732775
49,277,47,58.2752063402353
49,278,46,54.6275055004662
49,279,45,50.55545077511326
49,280,44,52.81513917445304
49,281,43,51.608862825952286
49,282,42,51.50858815270615
49,283,41,49.524548932912595
49,284,40,49.381182857168135
49,285,39,55.91522046393442
49,286,38,48.67393257544102
49,287,37,47.56852837836137
49,288,36,46.492437633447125
49,289,35,44.53983274467545
49,290,34,41.7696799371117
49,291,33,39.86185710921866
49,292,32,40.35703298952707
49,293,31,35.82821779778169
49,294,30,31.18979880186359
49,295,29,31.116899081825064
49,296,28,30.139542618076693
49,297,27,28.699514827259947
49,298,26,26.162538506707783
49,299,25,25.469050526108283
49,300,24,23.516063387732018
49,301,23,22.68921045276521
49,302,22,25.325474509385923
49,303,21,20.535989360451886
50,40,113,122.05708438195543
50,41,112,120.96886342660002
50,42,111,120.89246000991217
50,43,110,121.77202792851344
50,44,109,120.81560670029086
50,45,108,119.38678915714596
50,46,107,116.63391034129282
50,47,106,114.97858500882312
50,48,105,114.15377230384631
50,49,104,111.24601120144652
50,50,103,109.00931552648342
50,51,102,109.11710469734476
50,52,101,110.67554865539572
50,53,100,114.9048397606976
50,54,99,115.80573589644342
50,55,98,117.3851358913023
50,56,97,118.91569745315786
50,57,96,116.29964764157774
50,58,95,115.4808891824633
50,59,94,111.48804184853279
50,60,93,111.59885383995999
50,61,92,107.20597416282922
50,62,91,109.05707746541857
50,63,90,106.68473345402742
50,64,89,108.43135212381898
50,65,88,107.14020641834179
50,66,87,100.38793776512334
50,67,86,105.00758687634813
50,68,85,107.79078678796597
50,69,84,104.85146672802097
50,70,83,106.0782286609859
50,71,82,105.44130837626955
50,72,81,100.44484670822004
50,73,80,94.37619394431826
50,74,79,90.58070373794985
51,40,218,120.8386528914571
51,41,217,120.01299281304672
51,42,216,112.75594695423288
51,43,215,112.98190424372501
51,44,214,116.73818622016071
51,45,213,112.34135207377956
51,46,212,114.81980479172711
51,47,211,120.90948418689146
51,48,210,121.38225714972798
51,49,209,122.1586229960925
51,50,208,123.38105163297678
51,51,207,123.68344878656902
51,52,206,123.76531533775508
51,53,205,123.63170749387406
51,54,204,121.79508465899085
51,55,203,122.0569992508903
51,56,202,122.52149413897712
51,57,201,121.62243354054424
51,58,200,122.50990668806995
51,59,199,122.08947320573881
51,60,198,121.93892067741666
51,61,197,122.58615573800863
51,62,196,121.45274371559893
51,63,195,120.14045424109467
51,64,194,119.98877349469771
51,65,193,119.9184684755457
51,66,192,118.49841043498895
51,67,191,117.57474805861452
51,68,190,117.87761535052866
51,69,189,117.97583452694064
51,70,188,118.00248366578772
51,71,187,118.11443190942857
51,72,186,116.68362293476949
51,73,185,115.89042026396154
51,74,184,115.77632522064133
51,75,183,116.58333627872335
51,76,182,117.09480026605313
51,77,181,117.5664866035106
51,78,180,114.58994591023372
51,79,179,112.22031410388155
51,80,178,112.02263766560269
51,81,177,109.59992026023815
51,82,176,106.96029281560232
51,83,175,107.60328427692677
51,84,174,109.7530839512538
51,85,173,109.82671759351607
51,86,172,107.39713413908241
51,87,171,106.65668434308668
51,88,170,106.99486783711347
51,89,169,103.6655498185054
51,90,168,104.84834104733227
51,91,167,108.25078113543226
51,92,166,110.2228980796807
51,93,165,106.53286885786713
51,94,164,105.05781826475757
51,95,163,103.76292536107559
51,96,162,100.58456142464023
51,97,161,102.02889900545583
51,98,160,104.73065621582019
51,99,159,100.3575530065153
51,100,158,102.47367730136443
51,101,157,106.3215634519809
51,102,156,109.1665580137462
51,103,155,109.9247044280248
51,104,154,107.88017070214323
51,105,153,109.39513322427555
51,106,152,106.17614028389212
51,107,151,107.46567670549487
51,108,150,108.75532809161481
51,109,149,106.50206844280822
51,110,148,109.31546429589983
51,111,147,108.96188742887267
51,112,146,108.95236406689835
51,113,145,110.08381822306679
51,114,144,108.71764872395872
51,115,143,108.81011062444874
51,116,142,111.75546608989512
51,117,141,119.8196135410954
51,118,140,120.06331907166106
51,119,139,115.75394589899699
51,120,138,117.22877267748538
51,121,137,116.16073555942879
51,122,136,112.89624299063797
51,123,135,112.83179240731783
51,124,134,111.54027164343543
51,125,133,112.57231023575727
51,126,132,113.20497886302736
51,127,131,114.11699805627696
51,128,130,113.19480432316192
51,129,129,111.01719063849191
51,130,128,108.77604696270936
51,131,127,105.61624606296914
51,132,126,104.96883629987559
51,133,125,105.12321660558374
51,134,124,105.16857448746416
51,135,123,101.33709335486492
51,136,122,101.46338891342853
51,137,121,97.68303493452385
51,138,120,97.95673436878765
51,139,119,89.66709713483641
51,140,118,97.3877276659232
51,141,117,93.38647114065873
51,142,116,93.81109951574054
51,143,115,98.98884532563713
51,144,114,94.37285362806341
52,40,178,123.77549643514381
52,41,177,124.20435648179964
52,42,176,124.42071679925303
52,43,175,124.24587209000863
52,44,174,123.31095378962291
52,45,173,124.47718643387529
52,46,172,124.61529151256576
52,47,171,123.77272758137393
52,48,170,122.75628171143164
52,49,169,122.02248742451178
52,50,168,123.05101771963528
52,51,167,122.63997104994979
52,52,166,122.42031616439746
52,53,165,122.14743170838281
52,54,164,122.04172260251848
52,55,163,121.3806048373866
52,56,162,121.52099658644121
52,57,161,121.90028702693144
52,58,160,119.93159575729942
52,59,159,120.70364776862704
52,60,158,118.41851391436242
52,61,157,115.30297699245756
52,62,156,116.701436082552
52,63,155,119.81370690713861
52,64,154,119.27872032081598
52,65,153,120.28896420329073
52,66,152,119.65303737409732
52,67,151,119.84731974628866
52,68,150,121.2119196391825
52,69,149,122.06066579081278
52,70,148,124.03963815107696
52,71,147,122.58945769967475
52,72,146,121.50773932103735
52,73,145,122.20629186451269
52,74,144,123.01468326183303
52,75,143,122.82326907640058
52,76,142,124.15419917929435
52,77,141,123.99801304693962
52,78,140,123.63552498915729
52,79,139,123.4964824504244
52,80,138,123.53218853123101
52,81,137,120.75530182436788
52,82,136,122.75926942356838
52,83,135,121.93055468169692
52,84,134,121.6143233305483
52,85,133,120.69668291557173
52,86,132,122.1858573632862
52,87,131,121.487656241124
52,88,130,122.41881128815747
52,89,129,122.71444009222189
52,90,128,122.24666904055991
52,91,127,123.02392349047263
52,92,126,122.1425769231092
52,93,125,121.06397321136254
52,94,124,121.09129390099906
52,95,123,122.33613643083363
52,96,122,121.39278111261893
52,97,121,121.25193213752216
52,98,120,119.62073517761445
52,99,119,120.49539520324592
52,100,118,119.5801652161638
52,101,117,116.28746105695276
52,102,116,117.33616429373814
52,103,115,117.78983586809306
52,104,114,116.57334122577333
52,105,113,115.01830488576309
52,106,112,114.8996763648218
52,107,111,114.17644938300346
52,108,110,113.67584021020747
52,109,109,113.4983199409493
52,110,108,113.08801827227938
52,111,107,115.752548349296
52,112,106,116.80096237927835
52,113,105,118.2517168136214
52,114,104,116.463283259306
52,115,103,119.69644409615941
52,116,102,120.22900870404716
52,117,101,120.10096290424045
52,118,100,117.96182242693698
52,119,99,116.23799718513493
52,120,98,115.43682871761425
52,121,97,112.36209383866422
52,122,96,106.40690450363223
52,123,95,112.58867757486357
52,124,94,111.55808455363206
52,125,93,112.12803127887575
52,126,92,111.89525390793776
52,127,91,108.9061352349245
52,128,90,104.08298219039551
52,129,89,101.56275445330965
52,130,88,108.4695695054901
52,131,87,114.0044507154638
52,132,86,112.2973485207365
52,133,85,109.79941637107093
52,134,84,107.94552398553773
52,135,83,102.02703609511462
52,136,82,102.38375489173845
52,137,81,103.00718804677564
52,138,80,99.43742781384333
52,139,79,93.56476852956465
52,140,78,91.55119976614822
52,141,77,87.14924565153716
52,142,76,83.88439271994828
52,143,75,83.40337922294975
52,144,74,85.18920826940672
52,145,73,87.07097175787388
52,146,72,85.0861109303544
52,147,71,81.61152932777688
52,148,70,80.28779421301884
52,149,69,80.41139081398313
52,150,68,75.26930588842268
52,151,67,81.22240030183498
52,152,66,74.74192335309874
52,153,65,71.79995864823418
52,154,64,68.65062338146406
52,155,63,64.59826068458638
52,156,62,64.29000653820663
52,157,61,66.01686723356643
52,158,60,66.2441922723894
52,159,59,62.33414659450858
52,160,58,61.065164119205825
52,161,57,60.671047950194165
52,162,56,60.69312904409155
52,163,55,60.56610848070699
52,164,54,58.35135347079812
52,165,53,59.72142860482719
52,166,52,59.795905682581335
52,167,51,56.36429134458885
52,168,50,54.785751398876556
52,169,49,54.37776043385448
52,170,48,54.95106298159273
52,171,47,54.03758980060032
52,172,46,52.86439277700929
52,173,45,51.8978992092269
52,174,44,50.10150616421356
52,175,43,47.897800690742315
52,176,42,48.891258630832226
52,177,41,49.94034020192222
52,178,40,48.69545645845632
52,179,39,46.338104519165014
52,180,38,46.663546190956865
52,181,37,43.239736959747816
52,182,36,41.41199031667603
52,183,35,40.743236604569155
52,184,34,39.02891023088166
52,185,33,38.67209385550372
52,186,32,37.47337649407818
52,187,31,37.317977398288335
52,188,30,37.0425392875661
52,189,29,33.60449566453367
53,40,150,120.37608152734472
53,41,149,119.1429179784279
53,42,148,118.23515228792905
53,43,147,116.21372978549704
53,44,146,118.00981590565459
53,45,145,121.40302278422985
53,46,144,122.00223934084036
53,47,143,122.30504054624936
53,48,142,122.13346089052953
53,49,141,121.30962732120362
53,50,140,119.69418333485024
53,51,139,118.73673836407022
53,52,138,118.36732371916338
53,53,137,117.47005746706037
53,54,136,114.13745486672354
53,55,135,111.74410946524367
53,56,134,109.0917321265816
53,57,133,111.04602589015977
53,58,132,112.08528399894831
53,59,131,113.0000643586616
53,60,130,113.32365029770963
53,61,129,115.22641778209953
53,62,128,115.56162879107282
53,63,127,114.24720651449323
53,64,126,113.76623802235815
53,65,125,111.20031245477779
53,66,124,107.61357139375129
53,67,123,109.3139202495617
53,68,122,106.50708364105957
53,69,121,108.78085866850674
53,70,120,104.90841047534411
53,71,119,102.81479309099718
53,72,118,103.16013498022902
53,73,117,101.5172941590777
53,74,116,98.07360569657793
53,75,115,98.42530802726654
53,76,114,102.51273019642241
53,77,113,102.56394559888474
53,78,112,100.09971828119518
53,79,111,101.1757078370902
53,80,110,105.2197472365823
53,81,109,109.26365049936037
53,82,108,113.63512928681844
53,83,107,110.80340600394473
53,84,106,112.33261447898953
53,85,105,116.42605852983102
53,86,104,112.99544448060746
53,87,103,110.71696032222869
53,88,102,111.80725868560194
53,89,101,110.31407572105607
53,90,100,108.5867942702721
53,91,99,105.96520942261373
53,92,98,105.15002021742816
53,93,97,102.70207642910671
53,94,96,102.36139836856188
53,95,95,100.95671802178853
53,96,94,101.93335171755098
53,97,93,99.6060339607815
53,98,92,96.01372296246647
53,99,91,96.33316768009672
53,100,90,98.83299939372617
53,101,89,100.51401713033638
53,102,88,98.31892642244787
53,103,87,104.00653777436527
53,104,86,105.60374969797971
53,105,85,100.37203968494956
53,106,84,99.69457666763232
53,107,83,98.45821253230034
53,108,82,96.89304405447658
53,109,81,93.57475867394557
53,110,80,96.13273570666863
53,111,79,95.58972229821018
53,112,78,100.12641314291031
53,113,77,90.31303774308054
53,114,76,82.0354257976721
53,115,75,79.3567926357936
53,116,74,77.42244072618045
53,117,73,75.05053763419187
53,118,72,70.94874735523885
53,119,71,68.9343362933897
53,120,70,64.63138602228992
53,121,69,71.45970616213307
53,122,68,74.46284403556292
53,123,67,72.33346161065097
53,124,66,70.82527625951785
53,125,65,71.44787164290878
53,126,64,68.46355491827786
53,127,63,63.8347875596247
53,128,62,60.841332309865116
53,129,61,58.64537689124811
53,130,60,58.73886068022209
53,131,59,59.579571610627674
53,132,58,58.33135660787691
53,133,57,58.38175986604598
53,134,56,58.064799205936296
53,135,55,57.11278983412902
53,136,54,57.39612636071071
53,137,53,57.81865140508836
53,138,52,57.047702806721766
53,139,51,58.039640110333494
53,140,50,54.19618717062443
53,141,49,54.50034869354633
53,142,48,52.63889205553113
53,143,47,51.21076253998279
53,144,46,51.02868132144141
53,145,45,48.700337960111625
53,146,44,49.07210335792489
53,147,43,47.49460845750504
53,148,42,46.52737573982367
53,149,41,45.50930684329721
53,150,40,47.57411061272633
53,151,39,46.519354350733146
53,152,38,43.827791640252045
53,153,37,43.58814949547488
53,154,36,42.422996894825246
53,155,35,41.86042492032131
53,156,34,39.215804715018976
53,157,33,38.365579892690725
53,158,32,35.95992878255724
53,159,31,33.9765459306091
53,160,30,32.60855534785539
53,161,29,32.24854886866676
53,162,28,31.243655651199674
53,163,27,31.146849863745395
53,164,26,29.918461751925705
54,40,178,124.01379408948047
54,41,177,123.28726015712826
54,42,176,122.4169836298433
54,43,175,122.91084017536001
54,44,174,125.0
54,45,173,124.71690468529954
54,46,172,124.93864249352703
54,47,171,124.92797978880728
54,48,170,124.50586136532405
54,49,169,122.90010811456122
54,50,168,124.0485895276145
54,51,167,124.27715764400185
54,52,166,122.65079299527044
54,53,165,124.29262347779667
54,54,164,123.4502911447293
54,55,163,123.59093485476316
54,56,162,123.62434953948714
54,57,161,123.46360515510821
54,58,160,123.83941084887542
54,59,159,123.77065870537044
54,60,158,123.19823995719244
54,61,157,122.66114332437226
54,62,156,123.17069461952204
54,63,155,123.01738034247316
54,64,154,123.65541875984908
54,65,153,123.37915640204656
54,66,152,123.44829992767642
54,67,151,123.04385009468913
54,68,150,122.58958541871888
54,69,149,122.26034417024971
54,70,148,122.21784443683615
54,71,147,122.69150697449403
54,72,146,123.2918081600701
54,73,145,122.06116432822608
54,74,144,123.53718600525202
54,75,143,123.63978937534728
54,76,142,123.62761281642213
54,77,141,123.45847320886318
54,78,140,121.35107436255144
54,79,139,120.8977362215939
54,80,138,121.48166165322795
54,81,137,123.20384091709174
54,82,136,123.65604579682397
54,83,135,123.96241503395132
54,84,134,124.00403210905871
54,85,133,123.18364808650894
54,86,132,122.76861893880462
54,87,131,122.58838758206343
54,88,130,123.3634864754332
54,89,129,122.83524090491774
54,90,128,123.60295544792068
54,91,127,123.49069760910457
54,92,126,122.72615083483653
54,93,125,123.09758425465219
54,94,124,122.45414947824119
54,95,123,123.06151263162577
54,96,122,123.08312476342192
54,97,121,122.96878937345087
54,98,120,122.76425424992166
54,99,119,123.77297571259004
54,100,118,123.54801873041035
54,101,117,121.61339850170572
54,102,116,121.3119342451113
54,103,115,118.50718645348081
54,104,114,117.20555006746943
54,105,113,120.0148828542678
54,106,112,117.48153892066905
54,107,111,119.92865403453081
54,108,110,120.32623105453777
54,109,109,117.12996595397219
54,110,108,114.83194236715664
54,111,107,112.31141152207358
54,112,106,112.76117827797275
54,113,105,111.82529347832669
54,114,104,118.06160548383193
54,115,103,117.3989714836396
54,116,102,117.21739772972515
54,117,101,112.76770937699928
54,118,100,109.28418581314182
54,119,99,106.35514916070312
54,120,98,108.25553551748749
54,121,97,117.11947748449327
55,40,210,120.29621871621106
55,41,209,115.33145918115491
55,42,208,112.49505648352259
55,43,207,113.64258457239697
55,44,206,117.35846554208109
55,45,205,120.24890328563549
55,46,204,119.76209510004173
55,47,203,118.51841663009026
55,48,202,118.23632005363214
55,49,201,119.363314130889
55,50,200,120.48815038398294
55,51,199,120.09349325465217
55,52,198,119.10016213542394
55,53,197,118.66775966229295
55,54,196,117.47085078756663
55,55,195,118.58689446901118
55,56,194,118.51766251611065
55,57,193,118.49531823983907
55,58,192,116.23992105249648
55,59,191,114.2188467564713
55,60,190,113.2342043706661
55,61,189,111.13327792230345
55,62,188,110.9096396287474
55,63,187,114.59052346574849
55,64,186,116.3215701210955
55,65,185,116.534376548424
55,66,184,116.89625592126663
55,67,183,118.01140145536263
55,68,182,117.48804296714293
55,69,181,118.77859959942887
55,70,180,114.35647170413755
55,71,179,110.63659478943947
55,72,178,109.5678234960385
55,73,177,110.94162097020721
55,74,176,111.37936946203247
55,75,175,111.31948571666194
55,76,174,108.58375480345899
55,77,173,110.6419778600313
55,78,172,111.34953091721977
55,79,171,112.31381675904257
55,80,170,113.8768719494598
55,81,169,112.12341183636232
55,82,168,110.99313506632797
55,83,167,108.4340674605761
55,84,166,107.05499580897825
55,85,165,109.17416241382739
55,86,164,111.8193373758057
55,87,163,112.82989012076706
55,88,162,112.48082946121848
55,89,161,112.68469690540817
55,90,160,109.70942626836154
55,91,159,111.30421548218027
55,92,158,107.31437880321184
55,93,157,107.04328868856308
55,94,156,112.15908814635361
55,95,155,107.70995276217754
55,96,154,112.7009486106237
55,97,153,111.02288170549438
55,98,152,113.88258336565133
55,99,151,113.65724895560115
55,100,150,114.93401629778286
55,101,149,114.68710448221597
55,102,148,110.80709234515439
55,103,147,108.26744081075017
55,104,146,113.45420927195124
55,105,145,112.415885640775
55,106,144,113.50990834869768
55,107,143,113.7203619568199
55,108,142,113.91791315343666
55,109,141,115.26175205376965
55,110,140,112.77960972638573
55,111,139,110.16729395520403
55,112,138,110.59165725412242
55,113,137,110.502930964093
56,40,111,112.0538018483048
56,41,110,112.67746897538512
56,42,109,112.83337309085356
56,43,108,111.28021084899777
56,44,107,104.65167701399457
56,45,106,104.84475777459002
56,46,105,106.00971212789975
56,47,104,108.98909988147729
56,48,103,108.15890621722585
56,49,102,107.99719851045016
56,50,101,103.86834284194379
56,51,100,99.06820674006232
56,52,99,105.4664447125511
56,53,98,108.36860379053624
56,54,97,106.93630260898554
56,55,96,106.57258045832694
56,56,95,102.55783852005888
56,57,94,98.88667044277253
56,58,93,96.89664647692476
56,59,92,100.40654859581718
56,60,91,101.9713783065819
56,61,90,105.10873529265547
56,62,89,106.45058361733825
56,63,88,104.71580645272704
56,64,87,108.09039181975449
56,65,86,106.55093594539193
56,66,85,104.53610192658792
56,67,84,102.63202097900344
56,68,83,100.35777167486826
56,69,82,98.21489033511982
56,70,81,105.5270914050167
56,71,80,104.87076214785787
56,72,79,100.65147118404332
56,73,78,102.32140591660246
56,74,77,95.6803002323729
56,75,76,93.4251961679928
56,76,75,96.86698667402763
56,77,74,97.07721727152821
56,78,73,93.81199234879176
56,79,72,90.47070050902443
56,80,71,92.56932528468592
56,81,70,88.09600829113799
56,82,69,91.60768903428153
56,83,68,81.64461731591965
56,84,67,78.74249426445695
56,85,66,77.11440750896105
56,86,65,75.69520348872823
56,87,64,75.5347302975263
56,88,63,73.5877718228316
56,89,62,69.09942564087304
56,90,61,63.126829427999084
56,91,60,74.10332393467077
56,92,59,66.93550959928174
56,93,58,77.40288991989195
56,94,57,75.63736905140598
56,95,56,67.64186457084138
56,96,55,61.44938216556403
56,97,54,56.27516530918136
56,98,53,54.906978307657425
56,99,52,62.495106803456025
56,100,51,62.71612453478629
56,101,50,63.94898095824964
56,102,49,68.2887875470306
56,103,48,60.7742076241669
56,104,47,60.13745250209111
56,105,46,59.80780566692169
56,106,45,57.24446394035361
56,107,44,59.92068388179414
56,108,43,56.53482737910373
56,109,42,52.617861619065415
56,110,41,53.82072116491988
56,111,40,50.35292239691256
56,112,39,44.70305183365774
56,113,38,43.660070612342025
56,114,37,35.97938943007651
56,115,36,36.2081524606119
56,116,35,34.934417113562915
56,117,34,33.99741440777753
56,118,33,33.407739620124
56,119,32,31.469180101143927
56,120,31,32.1146350635918
56,121,30,29.620179726154994
56,122,29,28.054969009944514
56,123,28,26.549528312375124
56,124,27,27.74430407939544
56,125,26,28.16600913014225
56,126,25,26.759166569512907
56,127,24,23.318497712585433
56,128,23,21.155950789090255
56,129,22,20.124826237477237
56,130,21,20.5354075893451
56,131,20,20.06079696087965
56,132,19,16.967143136000935
56,133,18,17.119390325193102
56,134,17,17.72895272353945
56,135,16,16.812746898528754
56,136,15,15.487364608410637
57,40,223,120.31022817736513
57,41,222,120.7354019122184
57,42,221,119.35859510293635
57,43,220,118.85295458245497
57,44,219,119.54360330593083
57,45,218,119.65896988320893
57,46,217,117.78686987483403
57,47,216,119.18514462068525
57,48,215,117.05002529315166
57,49,214,115.84894187689692
57,50,213,114.42459043027216
57,51,212,115.89985507701087
57,52,211,115.87745194275706
57,53,210,118.5707572891237
57,54,209,120.57334886086336
57,55,208,119.56276554740658
57,56,207,120.43434910280315
57,57,206,119.56834084071517
57,58,205,119.8267654970833
57,59,204,121.63180957629595
57,60,203,121.46485632916952
57,61,202,123.21493892281151
57,62,201,125.0
57,63,200,122.7055213724538
57,64,199,122.32275741382855
57,65,198,119.76934505594946
57,66,197,121.5173426473346
57,67,196,120.99609545643469
57,68,195,122.32886449316013
57,69,194,119.92678669020124
57,70,193,121.33247118679334
57,71,192,122.25372211199144
57,72,191,122.2232190048101
57,73,190,120.89481503162389
57,74,189,120.84837990386507
57,75,188,119.83083249018509
57,76,187,119.23097227051811
57,77,186,119.243573887074
57,78,185,122.2976126858596
57,79,184,120.93974304460049
57,80,183,120.08884332492525
57,81,182,121.01435067454013
57,82,181,119.8592437442618
57,83,180,118.47506919537528
57,84,179,117.9671794135103
57,85,178,115.71364818430284
57,86,177,113.08062392645999
57,87,176,109.9281168792084
57,88,175,109.00142269628259
57,89,174,110.95731157587514
57,90,173,106.26894028815097
57,91,172,105.66216606735381
57,92,171,110.68654896869594
57,93,170,105.83659278546854
57,94,169,112.69115854792307
57,95,168,110.73324277158834
57,96,167,111.09692958853748
57,97,166,101.04837279696264
57,98,165,105.9584409066817
57,99,164,108.44998480766242
57,100,163,109.80495133450248
57,101,162,107.10624067344628
57,102,161,111.33154335258978
57,103,160,108.6169059180773
57,104,159,105.49140120465248
57,105,158,106.2250805121885
57,106,157,100.72404095528563
57,107,156,98.00524442918763
57,108,155,94.6060895789247
57,109,154,90.3055460174607
57,110,153,88.79651712258513
57,111,152,96.8265117447992
57,112,151,96.99411311943561
57,113,150,92.0579260766327
57,114,149,87.64076052115728
57,115,148,85.04654748721212
57,116,147,90.39137739226442
57,117,146,89.30307782983252
57,118,145,98.58150414652974
57,119,144,101.67587428960005
57,120,143,103.38627041969403
57,121,142,106.4665689596814
57,122,141,107.87034746796536
57,123,140,109.00296785723475
57,124,139,110.10212899938257
57,125,138,111.8361365300908
57,126,137,108.65428473331184
57,127,136,105.54281540766196
57,128,135,105.64555711277173
57,129,134,108.9365410330386
57,130,133,107.13224463303919
57,131,132,105.43592965734548
57,132,131,105.12285329174469
57,133,130,98.51567070377878
57,134,129,95.54313927022338
57,135,128,94.24968686924143
57,136,127,96.90335222517177
57,137,126,94.9386753450797
57,138,125,95.64521097268434
57,139,124,96.2780247568754
57,140,123,94.55868447796169
57,141,122,98.06433682523902
57,142,121,96.10020469234595
57,143,120,94.30889557029137
57,144,119,95.01383892772459
57,145,118,95.20112098208818
57,146,117,92.65803697885127
57,147,116,93.77367623465298
57,148,115,91.67126374984528
57,149,114,89.0715552443229
57,150,113,89.91417398382875
57,151,112,96.47952804085153
57,152,111,99.75768227683906
57,153,110,101.14824195525128
57,154,109,96.48343062335249
57,155,108,98.53941068278883
57,156,107,99.91079540665994
57,157,106,93.30685243069328
57,158,105,96.38091444776082
57,159,104,91.01310295025112
57,160,103,90.8059083491188
58,40,173,124.52973380275932
58,41,172,123.59488558443937
58,42,171,124.89255723564443
58,43,170,125.0
58,44,169,124.73730450701362
58,45,168,123.31002804566361
58,46,167,122.34373440252807
58,47,166,120.70241225367838
58,48,165,118.7030690957912
58,49,164,118.46798761314757
58,50,163,118.41575204442526
58,51,162,119.34647459625748
58,52,161,121.42379012955533
58,53,160,119.80092131110152
58,54,159,118.15996425243138
58,55,158,119.96313211603027
58,56,157,119.93016648151686
58,57,156,119.19481019576915
58,58,155,121.49286251501107
58,59,154,118.98326721433611
58,60,153,120.5858577831024
58,61,152,120.90563840054648
58,62,151,122.00838709774999
58,63,150,122.10235568618006
58,64,149,122.99279019594584
58,65,148,123.8674222452326
58,66,147,121.40774075929974
58,67,146,121.8773384737658
58,68,145,121.13541493130998
58,69,144,120.23926448061184
58,70,143,120.7028500904317
58,71,142,114.22494356261942
58,72,141,113.42761951365361
58,73,140,109.16675585310892
58,74,139,113.10372732611052
58,75,138,112.7360322328254
58,76,137,112.69856805470508
58,77,136,114.40984414117723
58,78,135,118.4280093574857
58,79,134,117.58173544042818
58,80,133,114.53078100796094
58,81,132,115.56118568316663
58,82,131,115.7979098661366
58,83,130,115.80364716685837
58,84,129,114.04155708080148
58,85,128,111.72733121942916
58,86,127,112.63434324852403
58,87,126,109.39094310361756
58,88,125,108.21212162861517
58,89,124,109.48492061989275
58,90,123,104.58641728160642
58,91,122,102.35570621040887
58,92,121,99.01042847654762
58,93,120,101.35137178665022
58,94,119,99.78181950231863
58,95,118,100.27953311847958
58,96,117,108.02016032114489
58,97,116,103.63952351955928
58,98,115,102.59513579729233
58,99,114,96.5826942822016
58,100,113,98.26206281104692
58,101,112,104.48674666669618
58,102,111,103.44883307971017
58,103,110,99.7535462094884
58,104,109,105.18157179704151
58,105,108,101.88241996148892
58,106,107,102.56955635356076
58,107,106,102.23620942641105
58,108,105,100.92720573766712
58,109,104,96.9146544850567
58,110,103,92.64757135513125
58,111,102,84.85531361083703
58,112,101,88.15020133139234
58,113,100,84.40043999003868
58,114,99,90.48319027946738
58,115,98,89.78885445345142
58,116,97,80.24921910371353
58,117,96,83.26729110945973
58,118,95,75.33217182580555
58,119,94,75.78100787525878
58,120,93,79.06690391597627
58,121,92,84.31542624793894
58,122,91,92.27148494409639
58,123,90,91.0608762832588
58,124,89,90.63109120699858
58,125,88,86.57895794882083
58,126,87,84.317099729629
58,127,86,85.24008475173528
58,128,85,83.6716878543132
58,129,84,78.00951295244309
58,130,83,74.72876612819564
58,131,82,67.99002978364463
58,132,81,63.74804498276937
58,133,80,69.07074552014171
58,134,79,66.88486378309878
58,135,78,77.56204645380087
58,136,77,77.61172962065716
58,137,76,76.28348295008632
58,138,75,67.69878595495345
58,139,74,67.69542347270723
58,140,73,75.58616990047648
58,141,72,79.61549476819997
58,142,71,78.02580413138233
58,143,70,74.5279232756732
58,144,69,74.18833321024059
58,145,68,71.6032353834948
58,146,67,64.60217880381923
58,147,66,62.47845045511976
58,148,65,57.85781771061491
58,149,64,55.63444600105757
58,150,63,51.26336941445959
58,151,62,48.87583595554375
58,152,61,50.87992452262492
58,153,60,51.66828420024508
58,154,59,53.09238073741989
58,155,58,55.39245194898348
58,156,57,46.477040283814716
58,157,56,45.24922971402922
58,158,55,43.58660629731571
58,159,54,48.424699354459364
58,160,53,51.15080280877069
58,161,52,51.470709784076895
58,162,51,50.13333980977298
58,163,50,50.971232338020016
58,164,49,53.86005563518735
58,165,48,57.74272272984281
58,166,47,58.26140873629788
58,167,46,56.33180831240146
58,168,45,53.62502739374551
58,169,44,51.96479585032175
58,170,43,52.9478435501497
58,171,42,51.0831507514976
58,172,41,47.88210339038167
58,173,40,48.363990730713304
58,174,39,49.93648317758843
58,175,38,48.98039357983956
58,176,37,45.62389406278106
59,40,168,122.88914251281348
59,41,167,124.43584437234577
59,42,166,123.91248012889841
59,43,165,122.82251101937518
59,44,164,124.75964240245384
59,45,163,123.47937280786765
59,46,162,124.39864144412176
59,47,161,123.35603907634697
59,48,160,122.77370793522485
59,49,159,123.17146602381396
59,50,158,124.48001969820207
59,51,157,123.91902125199744
59,52,156,121.49205286793085
59,53,155,123.54061614428977
59,54,154,122.8845980501395
59,55,153,123.04015519796138
59,56,152,123.09328929411578
59,57,151,123.49800953927854
59,58,150,123.83780004825178
59,59,149,122.94696739353414
59,60,148,123.65613267591728
59,61,147,123.40766505162111
59,62,146,122.90567240338817
59,63,145,122.8919083022582
59,64,144,122.33617351558503
59,65,143,123.2684910965346
59,66,142,121.35064571024245
59,67,141,121.80281245608245
59,68,140,121.1055194478312
59,69,139,120.96020766852448
59,70,138,121.92430231920108
59,71,137,123.23245837827486
59,72,136,122.71742661549749
59,73,135,122.69103727569852
59,74,134,123.64795454744726
59,75,133,122.7254555802519
59,76,132,120.95347544601563
59,77,131,119.84561547297452
59,78,130,120.23881496223828
59,79,129,118.16179403510236
59,80,128,118.45198701193493
59,81,127,118.68517263691783
59,82,126,118.77661676875292
59,83,125,118.01405928997241
59,84,124,120.78699300160193
59,85,123,120.24836422560907
59,86,122,118.37982686672376
59,87,121,118.5993083603322
59,88,120,115.49067766621795
59,89,119,114.64271450486657
59,90,118,113.12071907462075
59,91,117,112.29964752843358
59,92,116,114.3039578507209
59,93,115,111.51459921116833
59,94,114,112.43962801653198
60,40,207,120.50117080020442
60,41,206,119.49068340360267
60,42,205,118.29151624144967
60,43,204,113.29413992246828
60,44,203,114.3203348818551
60,45,202,118.08390489691683
60,46,201,119.3078824629089
60,47,200,121.25492681224951
60,48,199,121.87200750233683
60,49,198,123.22361118199404
60,50,197,122.79151838404765
60,51,196,121.61717327593392
60,52,195,121.60911630103632
60,53,194,120.78689752109207
60,54,193,120.86570167939162
60,55,192,120.6814013486328
60,56,191,120.56343808785935
60,57,190,121.49556500861752
60,58,189,119.34171904577849
60,59,188,118.51020526648912
60,60,187,119.71835335179458
60,61,186,117.67154205946082
60,62,185,115.23102667773952
60,63,184,116.15552116897986
60,64,183,115.48641264183715
60,65,182,114.07152370648524
60,66,181,115.34234599162016
60,67,180,113.2910403545842
60,68,179,112.2707859396325
60,69,178,110.64922229296249
60,70,177,108.43877190871575
60,71,176,107.94949537244202
60,72,175,108.32885838423535
60,73,174,104.75867776999323
60,74,173,110.23275555134192
60,75,172,113.49752565019904
60,76,171,116.83509208968997
60,77,170,117.34039025461774
60,78,169,120.3587663740297
60,79,168,120.9925216596705
60,80,167,121.54071201458211
60,81,166,122.36467826440759
60,82,165,120.75993539886906
60,83,164,117.9587373078526
60,84,163,116.34418827159428
60,85,162,116.49488844349952
60,86,161,114.99141789493393
60,87,160,114.56753188520872
60,88,159,115.2858057449503
60,89,158,114.67900571826146
60,90,157,116.15332393368777
60,91,156,114.97721008852801
60,92,155,116.82592884414022
60,93,154,118.09872900090315
60,94,153,118.07805018590656
60,95,152,119.30634844574405
60,96,151,117.47662284407272
60,97,150,115.87221435838043
60,98,149,116.2665313860495
60,99,148,114.14482447427602
60,100,147,115.68839275376772
60,101,146,114.47241301907039
60,102,145,112.00110164100624
60,103,144,112.10795949602263
60,104,143,110.01004198713122
60,105,142,107.7278251820527
60,106,141,106.35907010001246
60,107,140,100.71410884980344
60,108,139,99.53078948694986
60,109,138,92.69981712395136
60,110,137,94.5201760317685
60,111,136,94.0143771869862
60,112,135,96.76082201984772
60,113,134,89.60036960171865
60,114,133,93.78519659954326
60,115,132,90.77255179820025
60,116,131,97.9035891067014
60,117,130,94.46343970397115
60,118,129,100.51907922982141
60,119,128,101.65916702542472
60,120,127,104.12784663205198
60,121,126,109.36602639574019
60,122,125,106.14840645969176
60,123,124,107.5364684398287
60,124,123,106.68622472445969
60,125,122,98.30594091856457
60,126,121,94.67476299213168
60,127,120,88.14403401493618
60,128,119,85.31771176470448
60,129,118,79.76142078683
60,130,117,78.99162582477567
60,131,116,83.47605926098811
60,132,115,89.45192807169737
60,133,114,92.47045826476298
60,134,113,95.9067495777901
60,135,112,99.05991840904292
60,136,111,95.5568251976038
60,137,110,91.71668988115164
60,138,109,100.4841642121458
60,139,108,99.64144580433728
60,140,107,92.02815574909557
60,141,106,92.2743792774237
60,142,105,93.65247261599285
60,143,104,96.34674374338724
60,144,103,94.37189954358382
60,145,102,91.42092538602094
60,146,101,97.65063225602003
60,147,100,100.99850186802213
61,40,140,121.13999734799859
61,41,139,120.72055545016767
61,42,138,120.78424639734482
61,43,137,121.17429062492302
61,44,136,119.78966057662453
61,45,135,119.30500475006605
61,46,134,119.42743640304082
61,47,133,119.95201417522586
61,48,132,121.17598870007913
61,49,131,120.79909439160065
61,50,130,121.265817071759
61,51,129,120.09754002270321
61,52,128,120.00893451372843
61,53,127,118.58164709638461
61,54,126,117.2298474849201
61,55,125,118.0412990119757
61,56,124,118.40725850648481
61,57,123,118.78146520727338
61,58,122,119.19088145367641
61,59,121,118.93713975360701
61,60,120,119.07277475453441
61,61,119,117.93458782953104
61,62,118,117.31754548718725
61,63,117,116.77801939911805
61,64,116,114.69737546633527
61,65,115,115.87948572097179
61,66,114,114.00769589819018
61,67,113,116.18398743503133
61,68,112,114.99849936825106
61,69,111,114.31675241905995
61,70,110,112.27175571586011
61,71,109,115.8672678329989
61,72,108,117.77843929551733
61,73,107,116.84413525573568
61,74,106,114.18536962243354
61,75,105,116.46113153450888
61,76,104,115.7189321282766
61,77,103,115.34077857137206
61,78,102,111.85359312493875
61,79,101,113.83725703003704
61,80,100,114.45130080496025
61,81,99,112.22489098343002
61,82,98,114.57317031377909
61,83,97,111.00339543167725
61,84,96,109.07193783666239
61,85,95,107.96536501786238
61,86,94,105.6214545791407
61,87,93,104.53102952747383
61,88,92,109.65189130703965
61,89,91,105.1716700379192
61,90,90,106.63260316684537
61,91,89,110.44159808218424
61,92,88,108.3653739600648
61,93,87,106.15751796063878
61,94,86,100.64261347235131
61,95,85,99.00638950979823
61,96,84,105.84811735451035
61,97,83,101.0687554480528
61,98,82,101.77518413942497
61,99,81,98.67967062458997
61,100,80,96.60819592433546
61,101,79,94.04251396104705
61,102,78,94.39936392434888
61,103,77,91.77130808722048
61,104,76,88.08639137297511
61,105,75,84.65136620285855
61,106,74,80.93697163052201
61,107,73,74.38473654017352
61,108,72,70.68797023433756
61,109,71,74.66503095622502
61,110,70,68.34657942968727
61,111,69,70.18066190312086
61,112,68,71.59170596221115
61,113,67,71.26581253034948
61,114,66,68.96918410799779
61,115,65,64.4881069441649
61,116,64,63.42352999383631
61,117,63,62.7393685819694
61,118,62,55.81071959224698
61,119,61,56.74168906570583
61,120,60,54.62501713121753
61,121,59,52.125480213677115
61,122,58,49.75729200815758
61,123,57,51.8226839057663
61,124,56,48.31050970321395
61,125,55,49.76027057619143
61,126,54,48.037632882503445
61,127,53,47.96819406928468
61,128,52,47.71315323591014
61,129,51,49.02707556427861
61,130,50,51.056972015545526
61,131,49,49.24157344748757
61,132,48,50.33223780479842
61,133,47,53.95111410110506
61,134,46,53.47760006746201
61,135,45,52.6875608847279
61,136,44,52.78696429218061
61,137,43,51.65262926410325
61,138,42,50.975196070778495
61,139,41,51.60961123716146
61,140,40,54.20299139931414
61,141,39,50.34634481598461
61,142,38,49.12845519741859
61,143,37,49.698164966524814
61,144,36,48.40422557616495
61,145,35,46.728146201127345
61,146,34,45.18434497461912
61,147,33,40.81792153253693
61,148,32,36.75161536493413
61,149,31,33.942190740393485
61,150,30,32.26180132505513
61,151,29,31.350959290863287
61,152,28,32.050867226463325
61,153,27,31.64673171168215
61,154,26,29.678923132141605
61,155,25,29.64834732982103
61,156,24,27.3291562434189
61,157,23,26.514914908838342
61,158,22,24.94193250492973
61,159,21,25.38846930071645
62,40,246,123.48148620221795
62,41,245,123.67546010624619
62,42,244,122.65585816126486
62,43,243,121.82564749268582
62,44,242,121.02889072446524
62,45,241,122.12003155342066
62,46,240,121.74461124165421
62,47,239,120.41816640970384
62,48,238,120.86216359131461
62,49,237,123.26270631812302
62,50,236,123.5992763390197
62,51,235,123.38154396820605
62,52,234,121.14030435677165
62,53,233,121.45605414425665
62,54,232,123.94228362857808
62,55,231,124.23883923771845
62,56,230,124.36129116382898
62,57,229,123.57233912156937
62,58,228,124.31779020269566
62,59,227,123.82264283024773
62,60,226,122.53889437874595
62,61,225,124.78931530141564
62,62,224,124.41854676160906
62,63,223,123.9092312080593
62,64,222,122.4772661356495
62,65,221,122.10212743770083
62,66,220,122.97824809426443
62,67,219,122.89555173918568
62,68,218,123.9971225295831
62,69,217,124.19725362552882
62,70,216,124.43134867412307
62,71,215,124.04037682297385
62,72,214,123.79008951124423
62,73,213,123.22994656568835
62,74,212,123.22446911563836
62,75,211,122.93694100080458
62,76,210,121.61850983278265
62,77,209,121.1558295599095
62,78,208,123.76349416992196
62,79,207,123.91617414611898
62,80,206,124.42243018539199
62,81,205,123.906278345173
62,82,204,122.65700505491145
62,83,203,122.88048071042473
62,84,202,122.1294746928314
62,85,201,122.76128201000057
62,86,200,122.99921618162456
62,87,199,122.8764046023829
62,88,198,122.14909005227156
62,89,197,122.40831193596642
62,90,196,122.84760755717133
62,91,195,123.93556187508395
62,92,194,123.72255621289712
62,93,193,124.68695866598837
62,94,192,124.04972113556084
62,95,191,124.30666378822868
62,96,190,123.74100741175252
62,97,189,124.03978298797395
62,98,188,123.64965614138781
62,99,187,123.41188532170847
62,100,186,122.9651377721217
62,101,185,123.2573285837435
62,102,184,122.95241229061187
62,103,183,122.2960915514054
62,104,182,121.56710342807602
62,105,181,121.05595781761649
62,106,180,120.522220371376
62,107,179,122.4030464873407
62,108,178,122.13204707681
62,109,177,123.23023420172038
62,110,176,123.58233993389369
62,111,175,122.37051730682632
62,112,174,122.16279431498992
62,113,173,121.95193200813372
62,114,172,121.55238099619746
62,115,171,120.1286285485636
62,116,170,118.64511057350902
62,117,169,118.00291899753535
62,118,168,121.61585420999313
62,119,167,120.85399578294835
62,120,166,121.5858611698925
62,121,165,122.13545449566935
62,122,164,121.69941352666885
62,123,163,122.59277183639337
62,124,162,123.19007777274474
62,125,161,124.0025323111248
62,126,160,123.9853075170918
62,127,159,123.43214283552132
62,128,158,122.95850955413951
62,129,157,122.90238048124739
62,130,156,122.32591398648863
62,131,155,122.59607195896146
62,132,154,119.45367093974338
62,133,153,119.041716968323
62,134,152,119.10395405914548
62,135,151,118.62240209044863
62,136,150,120.21270269156022
62,137,149,120.43279054531749
62,138,148,120.57324170202229
62,139,147,121.78013673126074
62,140,146,122.43950521855002
62,141,145,123.11161342978724
62,142,144,121.80418285432451
62,143,143,121.36013061509375
62,144,142,120.331789277084
62,145,141,120.7981864468367
62,146,140,120.48089287094447
62,147,139,119.99986070779258
62,148,138,119.43268672407379
62,149,137,118.22442496832261
62,150,136,117.81345041402895
62,151,135,115.96462646673453
62,152,134,112.59502002029615
62,153,133,113.08566663534194
62,154,132,108.87378185885335
62,155,131,111.74431472193882
62,156,130,111.61888129994614
62,157,129,109.79496318158623
62,158,128,108.88670096369134
62,159,127,107.94140434383917
62,160,126,106.86270277611233
62,161,125,106.36972993538012
62,162,124,101.73475933601364
62,163,123,100.53438736686267
62,164,122,107.89474850593305
62,165,121,107.84254349493597
62,166,120,106.4427960397992
62,167,119,104.11169418178915
62,168,118,103.60124875743344
62,169,117,107.33309020573306
62,170,116,105.41186683768339
62,171,115,104.03181956918309
62,172,114,105.23539963851894
62,173,113,102.39489265589951
62,174,112,103.32603855425708
62,175,111,101.04659849113052
62,176,110,105.42677587085691
62,177,109,105.15587146353477
62,178,108,106.87774425609891
62,179,107,104.6365686270919
62,180,106,104.2430894592097
62,181,105,100.66672215173921
62,182,104,97.40189913144566
62,183,103,98.58741962758435
62,184,102,93.68943493892259
62,185,101,94.46776752518994
62,186,100,97.20322986870153
62,187,99,96.73276623051441
62,188,98,95.996709494735
62,189,97,97.72630297615183
62,190,96,97.2931945784727
62,191,95,94.64021979976604
62,192,94,92.79278442562189
62,193,93,92.79239243129344
62,194,92,90.87212119652017
62,195,91,94.03537152087193
62,196,90,92.73839586343298
62,197,89,87.20661620022486
62,198,88,86.28962595296133
62,199,87,83.33797520336844
62,200,86,83.9018922125653
62,201,85,85.3151692318816
62,202,84,82.50474070046948
62,203,83,84.0582760096112
62,204,82,88.87386988998543
62,205,81,90.07073045639035
62,206,80,91.09493324348841
62,207,79,87.7678299621858
62,208,78,84.97530398472543
62,209,77,82.51983520715845
62,210,76,80.34534455906544
62,211,75,77.61725192180836
62,212,74,78.91872722144436
62,213,73,73.92016999914748
62,214,72,76.05071711092492
62,215,71,72.39464215152744
62,216,70,72.08219634743045
62,217,69,71.04850335980271
62,218,68,66.76178169613789
62,219,67,70.43254145517584
62,220,66,65.46396761670741
62,221,65,64.59810013106141
62,222,64,62.981710710318794
62,223,63,65.28525746359628
62,224,62,60.83509169418711
62,225,61,59.43557311062526
62,226,60,58.599320543097996
62,227,59,58.43269794374895
62,228,58,57.3761036915809
62,229,57,56.67700428177889
62,230,56,56.056216165635135
62,231,55,51.913958442336614
62,232,54,52.740061251284224
63,40,187,123.33711142417411
63,41,186,120.89360548497798
63,42,185,122.30133126519428
63,43,184,122.23938463648521
63,44,183,121.97303625026558
63,45,182,120.57495444749632
63,46,181,118.40795902247189
63,47,180,118.65332845420292
63,48,179,117.94164137378903
63,49,178,117.19607699064093
63,50,177,118.15058350850165
63,51,176,119.72131476156528
63,52,175,119.47291325524063
63,53,174,121.80762720563052
63,54,173,119.96820319239286
63,55,172,121.43834159911924
63,56,171,121.41630535537058
63,57,170,120.43937835505767
63,58,169,122.47688092721046
63,59,168,121.94424404879827
63,60,167,120.8808202121554
63,61,166,120.98828960750748
63,62,165,120.63950879638381
63,63,164,120.79762629090357
63,64,163,119.13849853630857
63,65,162,119.40851656000683
63,66,161,120.06643685010505
63,67,160,119.24674799626084
63,68,159,119.91460725463952
63,69,158,118.48828071643769
63,70,157,116.26255882900219
63,71,156,111.3055251757772
63,72,155,111.81417015825716
63,73,154,115.58054445849041
63,74,153,115.39476148869757
63,75,152,113.6982450161886
63,76,151,115.20104734793044
63,77,150,115.83009888263291
63,78,149,115.64947559271866
63,79,148,111.90722888601559
63,80,147,108.30040014108144
63,81,146,108.41465980258721
63,82,145,112.86892733608275
63,83,144,113.44853807890507
63,84,143,108.69022971776849
63,85,142,111.64337765626988
63,86,141,110.11709255158989
63,87,140,106.26024856185329
63,88,139,108.82904949158264
63,89,138,106.4995282452964
63,90,137,100.46021606111238
63,91,136,96.2948146791368
63,92,135,94.52631994755633
63,93,134,99.62853810956798
63,94,133,99.56878595358546
63,95,132,100.22985837903757
63,96,131,98.39397695885296
63,97,130,102.08032676022196
63,98,129,106.52301281616457
63,99,128,101.99256473272293
63,100,127,105.52517144483778
63,101,126,103.95518008492024
63,102,125,104.19747017075761
63,103,124,108.73044269642833
63,104,123,104.13760526682897
63,105,122,105.84020836541794
63,106,121,104.74809959341619
63,107,120,112.70471973383715
63,108,119,114.55107342041586
63,109,118,113.7267542179666
63,110,117,113.7428612764388
63,111,116,114.9996708602774
63,112,115,115.35774540708468
63,113,114,114.0156910979014
63,114,113,116.72871699795968
63,115,112,116.83467620032289
63,116,111,117.75854997741746
63,117,110,115.30061267483994
63,118,109,112.94701395949139
63,119,108,112.51895689064389
63,120,107,109.97516142064435
63,121,106,106.5334682779233
63,122,105,110.7105589935073
63,123,104,104.57211061584037
63,124,103,102.18200530455748
63,125,102,104.96124392013377
63,126,101,102.94685477124995
63,127,100,97.57259047776607
63,128,99,95.19972789262147
63,129,98,90.19290397560067
63,130,97,86.05482111091521
63,131,96,85.63566719856833
63,132,95,86.60530751453149
63,133,94,88.09557599109272
63,134,93,91.52370519230371
63,135,92,86.69907020268494
63,136,91,82.36182997615336
63,137,90,74.22068874011804
63,138,89,77.67430885869436
63,139,88,69.7111549599302
63,140,87,61.9630200724645
63,141,86,61.99402439185709
63,142,85,58.56353541392206
63,143,84,59.5571543719086
63,144,83,55.47505961085422
63,145,82,62.607094833303655
63,146,81,64.24078057926053
63,147,80,66.78399566602378
63,148,79,68.47643490619684
63,149,78,70.99848543980991
63,150,77,73.42600096612148
63,151,76,76.17607813396612
63,152,75,72.88643553127038
63,153,74,70.20597563445928
63,154,73,77.32235698175549
63,155,72,77.71408362292132
64,40,156,121.87551258281002
64,41,155,122.28590497100723
64,42,154,122.28631103266935
64,43,153,122.18665704560584
64,44,152,121.16941022552254
64,45,151,121.6785953886174
64,46,150,123.5947950067235
64,47,149,122.69519698170899
64,48,148,122.09578752871221
64,49,147,122.9385622529708
64,50,146,122.75800958703962
64,51,145,123.72891612580528
64,52,144,123.78721121348512
64,53,143,124.09710467861488
64,54,142,122.86857678428922
64,55,141,121.62819192821854
64,56,140,122.87638918654424
64,57,139,123.30554393980849
64,58,138,123.64263721361752
64,59,137,123.91568979075576
64,60,136,122.01574530663876
64,61,135,121.71592264468737
64,62,134,123.03395534171182
64,63,133,120.33698132534701
64,64,132,117.84757886281852
64,65,131,118.82283860984654
64,66,130,117.02450836329275
64,67,129,115.95300080258396
64,68,128,114.91114420226313
64,69,127,115.73365128589737
64,70,126,118.2592012961044
64,71,125,117.60706062651705
64,72,124,118.63297666428491
64,73,123,119.59712005990222
64,74,122,115.89804516023395
64,75,121,117.97187456325113
64,76,120,116.364197328985
64,77,119,111.17856043345088
64,78,118,109.59019039593652
64,79,117,99.34335046977318
64,80,116,107.77662706805411
64,81,115,104.72311563764998
64,82,114,101.06643590294344
64,83,113,95.27958320781482
64,84,112,86.3239587525805
64,85,111,86.42318017669982
64,86,110,91.58423032748752
64,87,109,102.94509129540337
64,88,108,102.31008016435297
64,89,107,97.15789854197088
64,90,106,85.31952450554769
64,91,105,87.14499376420716
64,92,104,80.40887929808547
64,93,103,94.81801494782144
64,94,102,83.4287289712077
64,95,101,80.34904221807062
64,96,100,82.69553011295764
64,97,99,91.43901261767846
64,98,98,92.15388601199984
64,99,97,91.06372440994078
64,100,96,93.098009637958
64,101,95,94.94641374195598
64,102,94,103.4903105125547
64,103,93,95.2977172801861
64,104,92,102.25005757181839
64,105,91,95.1181203351167
64,106,90,90.44991359273159
64,107,89,87.18223548751781
64,108,88,88.23347370185516
64,109,87,87.01605007922441
64,110,86,91.86466586529286
64,111,85,92.1239357489315
64,112,84,100.06716874999455
64,113,83,105.76490905198352
64,114,82,106.88971482937397
64,115,81,104.9611686428336
64,116,80,97.82187065253592
64,117,79,96.68365075390096
64,118,78,100.34015078562648
64,119,77,97.77114540488661
64,120,76,103.6179433852549
64,121,75,99.24885205976793
64,122,74,96.32194793087324
64,123,73,94.7481475368173
64,124,72,95.20357905922447
64,125,71,95.81892567836707
64,126,70,92.1637875297958
64,127,69,96.81839449639413
64,128,68,93.07407427549103
64,129,67,90.74552584253844
64,130,66,85.7751096160654
64,131,65,81.97772672447113
64,132,64,75.75961317416946
64,133,63,78.33743399552185
64,134,62,66.43414360235448
64,135,61,66.55563304873877
64,136,60,63.76506357938993
64,137,59,65.0271690952741
64,138,58,61.950827170824695
64,139,57,63.92018973854637
64,140,56,62.89540912150646
64,141,55,65.43119744757112
64,142,54,63.446075750466505
64,143,53,57.45187637443676
64,144,52,53.63271446155947
64,145,51,51.18481420976072
64,146,50,53.43004488722454
64,147,49,52.18017495490158
64,148,48,53.211656782032264
64,149,47,49.91990731169875
64,150,46,44.24828122868856
64,151,45,44.28334110755826
64,152,44,44.17474382300627
64,153,43,44.567749244234406
64,154,42,44.19542368018908
64,155,41,44.5283136038578
64,156,40,45.983739690858
64,157,39,41.25246045029802
64,158,38,42.642008972045694
64,159,37,38.47993957346601
64,160,36,38.92371943496126
64,161,35,38.061723014170006
64,162,34,35.004180283990955
64,163,33,34.260423139672284
64,164,32,32.664220823898546
64,165,31,30.76874882992363
64,166,30,28.95726074601422
64,167,29,28.792848623751425
64,168,28,29.59279446865674
65,40,159,122.01374056441588
65,41,158,121.71808361597627
65,42,157,120.68089081207555
65,43,156,120.2654585587716
65,44,155,122.01068749893268
65,45,154,121.72462489327518
65,46,153,121.46273290754051
65,47,152,121.02619365277093
65,48,151,119.31653096563096
65,49,150,120.04917726285781
65,50,149,119.44044430356948
65,51,148,119.19862862251001
65,52,147,115.95585514929365
65,53,146,118.36913486621546
65,54,145,117.08187471565486
65,55,144,118.01260675850905
65,56,143,116.96804385240884
65,57,142,116.54183227120515
65,58,141,115.06391874400231
65,59,140,115.92245923069076
65,60,139,116.60727113123076
65,61,138,116.19328289353065
65,62,137,116.61494071505317
65,63,136,117.47230986503516
65,64,135,115.89434775551635
65,65,134,117.03494174186483
65,66,133,115.88932770111958
65,67,132,117.10117702198897
65,68,131,115.27717847428238
65,69,130,117.86804073908156
65,70,129,118.1834985357365
65,71,128,118.18176559723597
66,40,121,118.05268100015137
66,41,120,113.29570701384284
66,42,119,111.97856976790469
66,43,118,115.63323958838069
66,44,117,113.56749021556729
66,45,116,113.26092725106713
66,46,115,114.4984614296311
66,47,114,113.49565415609744
66,48,113,110.90152368833395
66,49,112,113.52353955155708
66,50,111,112.77654256324743
66,51,110,113.34172027794457
66,52,109,115.66786236572295
66,53,108,115.82259238620267
66,54,107,116.49680216345874
66,55,106,116.68112321711632
66,56,105,117.11687379224503
66,57,104,116.54296958786526
66,58,103,117.98251863178128
66,59,102,116.18930186073177
66,60,101,113.67553240766821
66,61,100,115.49335885699017
66,62,99,114.67775907446402
66,63,98,117.27721683341795
66,64,97,113.78946583223674
66,65,96,111.3242289135004
66,66,95,111.04858763468864
66,67,94,109.13908623674443
66,68,93,110.31892401490386
66,69,92,104.9367233375192
66,70,91,103.03200033281698
66,71,90,96.79054928883687
66,72,89,98.13918723461647
66,73,88,100.11673048170944
66,74,87,101.0537078910429
66,75,86,99.18848333656874
66,76,85,98.81709244563334
66,77,84,97.27927911841746
66,78,83,96.23338182942477
66,79,82,96.38608532667936
66,80,81,88.94436529513675
66,81,80,87.74538637043213
66,82,79,83.93550327786231
66,83,78,90.60242223261488
66,84,77,88.7698625166934
66,85,76,83.16320504764956
66,86,75,80.93404368928873
66,87,74,75.3974495770553
66,88,73,75.98682253745972
66,89,72,70.19182894518156
66,90,71,68.91219164473375
66,91,70,68.63110148435842
66,92,69,65.9811764547893
66,93,68,60.68426234779603
66,94,67,55.23386873733536
66,95,66,56.73597063825551
66,96,65,57.13135786246076
66,97,64,60.86697128988738
66,98,63,66.28006645196746
66,99,62,65.32089447696785
66,100,61,62.25017714555374
66,101,60,66.91876179300829
66,102,59,66.53242910508504
66,103,58,58.83496737099663
66,104,57,59.42742539167481
66,105,56,60.20005565448654
66,106,55,56.88746521218593
66,107,54,59.444199657057226
66,108,53,59.002371066627596
66,109,52,56.40729463008638
66,110,51,53.27554831456775
66,111,50,53.28381696826699
66,112,49,52.96697340764932
66,113,48,53.276983409879456
66,114,47,48.378508165549064
66,115,46,47.04217150450333
66,116,45,47.210047452223755
66,117,44,45.43518669162784
66,118,43,43.90350685196727
66,119,42,43.91474564328327
66,120,41,41.22819968452909
66,121,40,37.8980481091323
66,122,39,33.96862544292978
66,123,38,35.2468174250115
66,124,37,38.40144879294066
66,125,36,39.990604698006265
66,126,35,37.87982859220814
66,127,34,36.55518256571989
66,128,33,35.540933006987586
66,129,32,30.421711120241593
66,130,31,29.709789589804757
66,131,30,30.20338467941592
66,132,29,29.47193910023345
66,133,28,29.4830976077497
66,134,27,27.53169706576307
66,135,26,27.72744490121268
66,136,25,28.24215819555973
66,137,24,25.817771405237167
66,138,23,25.27594248117262
66,139,22,23.473821122284104
66,140,21,22.817665135379904
66,141,20,24.165784667733206
66,142,19,23.446998708899823
66,143,18,22.937409872070187
66,144,17,21.18736871791195
66,145,16,18.985393227097333
66,146,15,17.61045260335827
66,147,14,16.513801166767838
67,40,108,113.85725888207588
67,41,107,117.0244737028903
67,42,106,118.05231320941934
67,43,105,119.22202856066018
67,44,104,117.67925894493455
67,45,103,115.75907056524635
67,46,102,112.89961167280023
67,47,101,111.08595729691739
67,48,100,110.9817401586495
67,49,99,110.1820636259352
67,50,98,113.34433257837831
67,51,97,116.48879612584221
67,52,96,119.98624980525133
67,53,95,121.3756116552401
67,54,94,123.62037352780696
67,55,93,122.22906666035108
67,56,92,122.63130718526648
67,57,91,122.99769813102199
67,58,90,121.5513104935188
67,59,89,120.50518146723738
67,60,88,117.32738954776394
67,61,87,117.11665687670376
67,62,86,117.46565911596255
67,63,85,117.09439057467989
67,64,84,111.8882435862397
67,65,83,115.00660516662569
67,66,82,117.59126455885965
67,67,81,118.99172453184633
67,68,80,117.52410099368088
67,69,79,117.7025231256134
67,70,78,117.03611785819757
67,71,77,113.37421645423686
68,40,155,118.23688872761474
68,41,154,114.38393337777099
68,42,153,112.63838059971765
68,43,152,113.4490181233628
68,44,151,110.01620067345934
68,45,150,108.32827853720661
68,46,149,108.39997132474156
68,47,148,112.33332787044392
68,48,147,111.62284936615349
68,49,146,112.72156407770952
68,50,145,113.2155969972266
68,51,144,115.77981575859718
68,52,143,116.33634629943772
68,53,142,117.9161076002351
68,54,141,116.51947088533281
68,55,140,118.73609279417852
68,56,139,117.29263346029924
68,57,138,119.28211798668156
68,58,137,117.97851679421402
68,59,136,116.80575012981495
68,60,135,114.84824475265498
68,61,134,116.98167554831375
68,62,133,115.75960684181675
68,63,132,116.37136628839636
68,64,131,113.87275238563495
68,65,130,114.51705240427611
68,66,129,115.74877977878616
68,67,128,113.60319797558019
68,68,127,113.17644439628857
68,69,126,111.89983173105097
68,70,125,109.23960617724823
68,71,124,101.30372356529874
68,72,123,108.61768757894836
68,73,122,109.51336786892676
68,74,121,106.31646582287266
68,75,120,106.48699020375666
68,76,119,104.95859165135123
68,77,118,101.11238599430371
68,78,117,103.24756284093277
68,79,116,102.87242207104927
68,80,115,101.7446095476523
68,81,114,108.17742274545415
68,82,113,107.22851169855934
68,83,112,109.43385095573103
68,84,111,110.88559403843296
68,85,110,111.85312051763627
68,86,109,102.6873783503416
68,87,108,106.70463734044557
68,88,107,106.58224694664828
68,89,106,106.69005821807033
68,90,105,108.65774187114567
68,91,104,108.2874415887921
68,92,103,109.14502638650086
68,93,102,111.83493735670173
68,94,101,114.51969148329255
68,95,100,114.67286336842403
68,96,99,116.48328312103209
68,97,98,118.4530562445969
68,98,97,117.22975999751793
68,99,96,114.84662521645735
68,100,95,114.87683066019495
68,101,94,112.45261242939056
68,102,93,107.9219694564777
68,103,92,108.84442921046958
68,104,91,111.95140573316334
68,105,90,111.05451566825009
68,106,89,108.51807933282228
68,107,88,106.98254994491754
68,108,87,105.35276619001328
68,109,86,106.03819518882213
68,110,85,103.61171627085042
68,111,84,100.89568049930426
68,112,83,97.92577085844097
68,113,82,95.83764300881165
68,114,81,88.68389037525384
68,115,80,89.472538618189
68,116,79,85.39393776226956
68,117,78,84.47406094693469
68,118,77,85.23452958842844
68,119,76,75.77684102548938
68,120,75,77.95144673839926
68,121,74,71.15035044055104
68,122,73,72.11442687849998
68,123,72,73.70000451290464
68,124,71,66.09561465685233
68,125,70,66.43077396280628
68,126,69,65.43427513087707
68,127,68,66.04632191905303
68,128,67,66.56329957054302
68,129,66,64.97227046696761
68,130,65,63.28198893280464
68,131,64,58.969171932859155
68,132,63,62.76426442816198
68,133,62,66.25317668429355
68,134,61,67.31788719581081
68,135,60,65.59891249301899
68,136,59,62.55298692235538
68,137,58,59.35388626234786
68,138,57,52.18516734620327
68,139,56,54.69298327021349
68,140,55,53.094593539137904
68,141,54,51.44200621904564
68,142,53,53.32043857967949
68,143,52,54.18293424189514
68,144,51,54.41321230484343
68,145,50,54.03888370194142
68,146,49,54.033419702049414
68,147,48,53.35538862243203
68,148,47,51.07934579354217
68,149,46,50.120030104336806
68,150,45,54.79032891564955
68,151,44,57.77395287898499
68,152,43,57.858035962399185
68,153,42,50.79392606584487
68,154,41,51.2716021108831
68,155,40,53.30589903232864
68,156,39,51.47322862313389
68,157,38,52.50179269980649
68,158,37,54.26810631609344
68,159,36,51.786567883647656
68,160,35,52.61284340126816
68,161,34,48.6006085413274
68,162,33,44.8693908684405
68,163,32,47.470543117725704
68,164,31,41.467796723917324
68,165,30,42.30689235295464
68,166,29,40.34371254551458
68,167,28,39.01770665370758
68,168,27,39.202887503317996
68,169,26,37.11091427968788
68,170,25,34.87145937127465
68,171,24,32.17491407628454
68,172,23,32.67390553962624
68,173,22,27.807917113241185
68,174,21,24.070079747153265
68,175,20,23.57053794518734
68,176,19,24.1491343716312
68,177,18,22.080215266729603
68,178,17,22.02708070741518
68,179,16,21.403400739383628
68,180,15,18.203409835117995
68,181,14,16.749135293660263
68,182,13,15.456210705748315
68,183,12,15.11999840182573
68,184,11,13.924366355404919
68,185,10,12.915126284819458
68,186,9,11.6612881726641
68,187,8,11.137937369789967
69,40,135,117.43827405626051
69,41,134,116.40680083497077
69,42,133,116.20460253726156
69,43,132,117.52010683503714
69,44,131,116.99808282924643
69,45,130,116.73328660249672
69,46,129,113.08522256066398
69,47,128,110.6139783661002
69,48,127,111.3444136002916
69,49,126,114.17808658767296
69,50,125,112.44757369708769
69,51,124,113.7763660512494
69,52,123,114.86238229646843
69,53,122,115.78449303868891
69,54,121,115.91079739133582
70,40,206,122.29048894085241
70,41,205,121.04755675515419
70,42,204,122.35199439839006
70,43,203,123.11261117884526
70,44,202,123.02672665536463
70,45,201,123.25763195849052
70,46,200,122.41558125674666
70,47,199,122.54916609568184
70,48,198,120.92044360967722
70,49,197,121.37475798532898
70,50,196,121.67882904312737
70,51,195,120.94509656936795
70,52,194,122.67110741304977
70,53,193,124.21154630009559
70,54,192,124.30988042269306
70,55,191,124.5487642655861
70,56,190,123.89095012222313
70,57,189,123.5038228457527
70,58,188,123.4380524481424
70,59,187,123.71045989007294
70,60,186,123.39464138131169
70,61,185,123.22741433396664
70,62,184,121.69627657325557
70,63,183,120.8436268536912
70,64,182,120.8380863332041
70,65,181,118.9247291995853
70,66,180,119.0554347031268
70,67,179,116.71384856179606
70,68,178,114.68829101313887
70,69,177,114.8654419504452
70,70,176,114.66589382153964
70,71,175,113.52733379745717
70,72,174,110.3255685486831
70,73,173,114.01682478414432
70,74,172,112.61489079319928
70,75,171,111.0195262938046
70,76,170,114.43643696857791
70,77,169,115.5173526774833
70,78,168,118.93087332231829
70,79,167,116.76925627966284
70,80,166,116.7885425347003
70,81,165,116.20984700936532
70,82,164,118.67743526337733
70,83,163,121.94277377884413
70,84,162,121.36846402489354
70,85,161,119.33843817431736
70,86,160,118.67505077250993
70,87,159,118.44888347868397
70,88,158,118.80887087227984
70,89,157,118.26898507826084
70,90,156,116.9287630432841
70,91,155,111.56453455234788
70,92,154,115.01250433695088
70,93,153,116.38567166808875
70,94,152,117.0898810800302
70,95,151,116.88122917966626
70,96,150,116.92546117408904
70,97,149,114.95396291338065
70,98,148,117.34728991626528
70,99,147,116.42145161670055
70,100,146,114.61112469327608
70,101,145,114.26805051207995
70,102,144,114.18720018477111
70,103,143,113.86215347292759
70,104,142,113.88415765361194
70,105,141,110.0144500431316
70,106,140,111.74275611273833
70,107,139,110.8106453073413
70,108,138,108.9193988408278
70,109,137,109.11365598554865
70,110,136,104.1838055363464
70,111,135,101.20368581347311
70,112,134,101.4481753323941
70,113,133,102.2556569019142
70,114,132,97.37150965105927
70,115,131,96.3729968050464
70,116,130,99.89683739075869
70,117,129,97.93852411447324
70,118,128,100.14881521966518
70,119,127,90.46349709879155
70,120,126,95.52675476106575
70,121,125,93.26787830546098
70,122,124,90.45412523478949
70,123,123,90.80977780059006
70,124,122,94.91682974135433
70,125,121,92.70740880022578
70,126,120,83.91388051101546
70,127,119,90.40519132799926
70,128,118,87.45931829167259
70,129,117,107.03649041629845
70,130,116,102.47810347770829
70,131,115,91.14709950394248
70,132,114,96.01788743070315
70,133,113,102.10491916547366
70,134,112,94.52687854335612
70,135,111,92.11851925187044
70,136,110,94.81005986073873
70,137,109,96.04405171988866
70,138,108,104.05913644326316
70,139,107,97.45593204235014
70,140,106,87.78557760685646
70,141,105,87.28269757484195
70,142,104,79.22431288606896
70,143,103,89.17980751541563
70,144,102,87.66686466222666
70,145,101,88.98336256321019
70,146,100,89.39512894733274
70,147,99,93.37961419511383
70,148,98,99.09450667058812
70,149,97,96.79509268572349
70,150,96,86.3332638845205
70,151,95,83.07549906371936
70,152,94,83.59808214857253
71,40,146,115.50175974354042
71,41,145,115.6475253809221
71,42,144,119.62314675557197
71,43,143,121.50974589982914
71,44,142,119.77047886411715
71,45,141,119.51196592878578
71,46,140,119.52265878699575
71,47,139,119.26684487944263
71,48,138,119.84056104289567
71,49,137,118.45223143159058
71,50,136,118.39038312936754
71,51,135,119.0306787575046
71,52,134,119.07061623805376
71,53,133,118.60963783770589
71,54,132,119.78757591437268
71,55,131,119.17135336159518
71,56,130,119.91747243371222
71,57,129,119.95082973631112
71,58,128,116.71441771954676
71,59,127,114.33066538846481
71,60,126,110.70388441661348
71,61,125,111.08557619970378
71,62,124,110.01175984795978
71,63,123,105.73762997644991
71,64,122,102.93689502394696
71,65,121,105.81512176427293
71,66,120,108.92591395280685
71,67,119,109.28045601726663
71,68,118,106.52341631464216
72,40,141,119.50008161665869
72,41,140,118.14376664999818
72,42,139,118.75086323578918
72,43,138,115.60995151459667
72,44,137,116.91923817314779
72,45,136,116.54097487399375
72,46,135,117.82847572524628
72,47,134,118.37396751062069
72,48,133,116.65598201421017
72,49,132,118.10944519749626
72,50,131,117.34610267878014
72,51,130,116.81724664491628
72,52,129,114.84644758311106
72,53,128,113.39704691239274
72,54,127,115.3215363339612
72,55,126,112.83146381119194
72,56,125,115.02594206805117
72,57,124,112.63553485332157
72,58,123,111.755013671266
72,59,122,111.35892843786556
72,60,121,110.30014286987748
72,61,120,114.35055638504187
72,62,119,112.90127853736064
72,63,118,116.42152287479352
72,64,117,115.53304866841665
72,65,116,111.63134778362881
72,66,115,114.22557036061033
72,67,114,111.69676647446255
72,68,113,112.39688361699274
72,69,112,114.5360010602006
72,70,111,116.8747722877258
72,71,110,117.33890612313289
72,72,109,116.89428020705377
72,73,108,116.14817893924186
72,74,107,112.89157325185207
72,75,106,111.91497866397847
72,76,105,110.6496344310067
72,77,104,101.56916206168276
72,78,103,113.05531486102637
72,79,102,110.50410529812406
72,80,101,114.33357757730892
72,81,100,114.17487629013546
72,82,99,108.97672513669892
72,83,98,108.53807494419951
72,84,97,110.788447330965
72,85,96,109.83857998211182
72,86,95,104.86851525137618
72,87,94,110.41430573849898
72,88,93,109.12342669977386
72,89,92,109.54116238421585
72,90,91,110.93942544062496
72,91,90,103.69655922054737
72,92,89,100.27543528821792
72,93,88,100.73296071386214
72,94,87,103.80085121291299
72,95,86,107.2531553510904
72,96,85,108.72094581123119
72,97,84,104.29565786483298
72,98,83,101.013126324831
72,99,82,101.22296210296713
72,100,81,97.41119290940733
72,101,80,102.83516624529167
72,102,79,100.81099187311747
72,103,78,103.77365159998783
72,104,77,99.96328797513996
72,105,76,96.57747839847545
72,106,75,89.33829403580374
72,107,74,88.2591202806259
72,108,73,89.38401334649458
72,109,72,91.82813245949251
72,110,71,94.56862617860926
72,111,70,87.49953898432764
72,112,69,82.76690953221103
72,113,68,82.71685145263274
72,114,67,79.1988493203992
72,115,66,76.59001297742756
72,116,65,76.39411075233727
72,117,64,76.13376416740525
72,118,63,78.0779075579337
72,119,62,80.0083257958466
72,120,61,81.58242081333677
72,121,60,76.4084154331305
72,122,59,73.76172142507264
72,123,58,77.09620757606723
72,124,57,75.06825187357856
72,125,56,69.26393176477742
72,126,55,70.57586254854745
72,127,54,70.23598694398018
72,128,53,71.29756429485172
72,129,52,74.63061631912032
72,130,51,67.1631996130088
72,131,50,60.39685108803799
73,40,203,122.319929254708
73,41,202,122.64959785338723
73,42,201,122.29577062099355
73,43,200,122.7120254988719
73,44,199,122.3394348618944
73,45,198,121.55044910279136
73,46,197,122.98700393008085
73,47,196,123.17827620659978
73,48,195,122.88607153531154
73,49,194,124.20851359578893
73,50,193,124.25164420270906
73,51,192,123.80292114287843
73,52,191,123.1819111714272
73,53,190,122.85179106193077
73,54,189,121.0936824059116
73,55,188,121.19479873479199
73,56,187,122.24104357968619
73,57,186,122.33773065354795
73,58,185,121.45114859941097
73,59,184,120.99809252307716
73,60,183,121.64298833541571
73,61,182,120.745906473612
73,62,181,120.5290252694873
73,63,180,120.57372657082138
73,64,179,119.44771006776158
73,65,178,121.27921837153727
73,66,177,120.3889957198609
73,67,176,119.5601785025855
73,68,175,118.8884233469297
73,69,174,114.3331070532515
73,70,173,113.91753840154188
73,71,172,114.68309753710622
73,72,171,118.12433847866524
73,73,170,123.39174747189227
73,74,169,121.81333258994277
73,75,168,121.18266760515951
73,76,167,121.42901682062265
73,77,166,120.1647577387401
73,78,165,119.80245858891874
73,79,164,119.37450959722318
73,80,163,117.43645737624887
73,81,162,118.16859437123563
73,82,161,119.41913345626273
73,83,160,119.6422881243118
73,84,159,117.98427510995599
73,85,158,117.31848912058935
73,86,157,117.2303340115098
73,87,156,116.96690096246925
73,88,155,116.89025380857302
73,89,154,115.48403777642821
73,90,153,113.47089174680238
73,91,152,114.24736407699264
73,92,151,116.41403593676301
73,93,150,116.33653127393592
73,94,149,115.99197398394794
73,95,148,114.99089741092274
73,96,147,112.27250550789412
73,97,146,113.17929279283824
73,98,145,109.9731136211173
73,99,144,108.54088824047042
73,100,143,108.1869698234681
73,101,142,101.57606350087704
73,102,141,104.22563875207615
73,103,140,108.21389843575955
73,104,139,107.74971741705036
73,105,138,110.24285876327338
73,106,137,110.4607275315296
73,107,136,110.02221047037763
73,108,135,107.268542349271
73,109,134,100.83076845150818
73,110,133,98.9799184277899
73,111,132,100.82136053469769
73,112,131,103.20875024828425
74,40,223,117.06399604772025
74,41,222,118.04707050486232
74,42,221,121.05690356528235
74,43,220,122.04181715653246
74,44,219,122.73924595194626
74,45,218,122.31466187044856
74,46,217,122.42755013821059
74,47,216,122.14649046362157
74,48,215,121.43046604680009
74,49,214,121.50442531852127
74,50,213,120.15833268921658
74,51,212,120.63242205454262
74,52,211,120.71538332247698
74,53,210,121.12204381467797
74,54,209,120.8591552107114
74,55,208,121.00168468314989
74,56,207,121.37973191321639
74,57,206,121.82008747044053
74,58,205,121.82493997811963
74,59,204,120.47096771464537
74,60,203,121.94062545288986
74,61,202,120.86424383754536
74,62,201,120.04661368480257
74,63,200,120.00810634881105
74,64,199,118.37003430850662
74,65,198,119.92320212961167
74,66,197,120.00798656739347
74,67,196,121.9243851359454
74,68,195,122.59576592252543
74,69,194,121.33015509867826
74,70,193,119.19291388606645
74,71,192,115.66244219437333
74,72,191,116.45891194756373
74,73,190,115.96812258682273
74,74,189,115.45271939437983
74,75,188,115.27636062525798
74,76,187,115.71822208531654
74,77,186,115.99329988491736
74,78,185,115.74225089775271
74,79,184,112.3026317322078
74,80,183,113.04592044903006
74,81,182,112.2502007738216
74,82,181,112.07523326021312
74,83,180,113.53599511064058
74,84,179,114.8362642063419
74,85,178,113.18014972530439
74,86,177,108.76931209886631
74,87,176,109.07814092028079
74,88,175,107.74498641757339
74,89,174,108.15504423128635
74,90,173,107.0447557706187
74,91,172,104.78081751976842
74,92,171,102.88199292081202
74,93,170,99.03753234061202
74,94,169,104.43851725096846
74,95,168,103.30127850988796
74,96,167,102.25759634808674
74,97,166,101.95434423733343
74,98,165,95.92112093824801
74,99,164,102.76615000537015
74,100,163,103.17978024997777
74,101,162,103.60417738190489
74,102,161,99.94585238626486
74,103,160,96.5896629979039
74,104,159,98.86686388036156
74,105,158,101.78517850862077
74,106,157,108.26532271642644
74,107,156,107.18762561316518
74,108,155,111.20170900211156
74,109,154,107.79004088423044
74,110,153,105.94131330252839
74,111,152,108.53124954208295
74,112,151,105.68789242055522
74,113,150,101.74745822037856
74,114,149,101.92628037127797
74,115,148,102.05138420669309
74,116,147,112.50207888477603
74,117,146,112.01429439587218
74,118,145,112.15904235756717
74,119,144,111.7973997163498
74,120,143,113.72474056632137
74,121,142,112.8320583590536
74,122,141,112.2958176143205
74,123,140,113.32157467732304
74,124,139,112.00043720212642
74,125,138,112.57922935664357
74,126,137,107.52785243109355
74,127,136,108.82724961885131
74,128,135,116.30210656295188
74,129,134,115.0754271048681
74,130,133,114.24600824466287
74,131,132,114.18437947570705
74,132,131,113.08466773008519
74,133,130,111.38165392278044
74,134,129,110.52425505276773
74,135,128,109.61022108029195
74,136,127,108.7742049436683
74,137,126,108.45341773044849
75,40,161,121.33972542766547
75,41,160,119.46244083012519
75,42,159,114.13312287911037
75,43,158,117.58188690817147
75,44,157,117.48624891843102
75,45,156,116.41776385972067
75,46,155,116.72769391234576
75,47,154,116.07648224043547
75,48,153,114.1604414014906
75,49,152,114.46642547560216
75,50,151,113.60203910296863
75,51,150,117.88064496105841
75,52,149,118.8967434060769
75,53,148,120.13674108636522
75,54,147,119.27621386949036
75,55,146,121.00400765148322
75,56,145,118.66692264796347
75,57,144,118.47378314430651
75,58,143,118.59397589777683
75,59,142,118.28871789970957
75,60,141,118.03428824375032
75,61,140,117.27257101200343
75,62,139,118.57009897639159
75,63,138,117.9151363725818
75,64,137,117.48333644195579
75,65,136,116.49416748718627
75,66,135,115.30101293954331
75,67,134,114.2682452802976
75,68,133,116.03219080777941
75,69,132,118.01956610706918
75,70,131,115.89417156378397
75,71,130,113.581772238302
75,72,129,112.67656175709568
75,73,128,109.22279801463011
75,74,127,108.44478165333788
75,75,126,101.10688983011988
75,76,125,103.15002365970014
75,77,124,106.12511441754418
75,78,123,103.18140216391069
75,79,122,106.4513477383634
75,80,121,106.25753854181384
75,81,120,108.85485649025426
75,82,119,105.9056431405632
75,83,118,107.93736602074594
75,84,117,107.5154025695298
75,85,116,106.32614727261947
75,86,115,104.2905294557091
75,87,114,104.3257814377009
75,88,113,104.03667958142947
76,40,175,123.50442065071442
76,41,174,123.70716063276907
76,42,173,124.17835540392556
76,43,172,124.32304016039652
76,44,171,124.40775092119226
76,45,170,123.73483666959628
76,46,169,122.74728709268416
76,47,168,123.51848456860596
76,48,167,123.32979270508858
76,49,166,123.69309236244213
76,50,165,123.03646701704383
76,51,164,122.49086124258672
76,52,163,121.74990043695223
76,53,162,122.37343350404419
76,54,161,121.87518002415214
76,55,160,122.12785575361235
76,56,159,121.32019592848641
76,57,158,121.36082269748854
76,58,157,122.15360786828734
76,59,156,121.8876043351595
76,60,155,122.66002584826386
76,61,154,122.76501755376785
76,62,153,121.06497312085298
76,63,152,121.00504481564671
76,64,151,121.1847008957144
76,65,150,120.17244096166229
76,66,149,120.47986123625563
76,67,148,120.18715493230087
76,68,147,118.64441284615621
76,69,146,118.43551065043935
76,70,145,116.63205901424433
76,71,144,114.84108630320196
76,72,143,116.18670403189472
76,73,142,115.36431944168936
76,74,141,116.87386627183139
76,75,140,116.99370128959852
76,76,139,116.59873429634884
76,77,138,112.32582766149315
76,78,137,113.04951874138021
76,79,136,113.21983856361155
76,80,135,111.18202236023126
76,81,134,110.77696405761743
76,82,133,108.52672440740663
76,83,132,111.05996459269745
76,84,131,112.88292088490816
76,85,130,110.50033548273247
76,86,129,109.3512955575425
76,87,128,108.20732051589565
76,88,127,106.7366915102687
76,89,126,108.56746492717659
76,90,125,110.98951982591126
76,91,124,111.75972960184401
76,92,123,111.0939015655486
76,93,122,110.40559382681658
76,94,121,111.02801322067549
76,95,120,110.0299395365081
76,96,119,109.7643040483716
76,97,118,113.68853905885112
76,98,117,116.26391721746543
76,99,116,114.86819140286975
76,100,115,112.25564895736488
76,101,114,112.06044776320664
76,102,113,110.49000493718046
76,103,112,106.46297921772012
76,104,111,111.15661885938383
76,105,110,113.39920897244988
76,106,109,114.17846116350799
76,107,108,113.59049598186398
76,108,107,111.08922666048447
76,109,106,108.07932884792316
76,110,105,110.75698843156897
76,111,104,112.79464066091641
76,112,103,113.33675743579428
76,113,102,109.76263257435568
76,114,101,110.50576622931945
76,115,100,105.33288964115062
76,116,99,110.85329383841886
76,117,98,104.3256236417954
76,118,97,95.79996490145973
76,119,96,99.25534233528583
76,120,95,97.08667321237613
76,121,94,95.65864121558397
76,122,93,95.78954501677703
76,123,92,91.3986983586058
76,124,91,94.0544181540404
76,125,90,87.24943835369382
76,126,89,82.88939861654143
76,127,88,87.90922515323525
76,128,87,85.96200126211971
76,129,86,90.15109427505317
76,130,85,85.2292870002076
76,131,84,82.98148212678404
76,132,83,84.18343653705865
76,133,82,85.48486103614107
76,134,81,78.6302165605135
76,135,80,79.70201078530818
76,136,79,75.33500309573371
76,137,78,81.05128803297974
76,138,77,84.07053285556319
76,139,76,86.36816222098378
76,140,75,78.18271166907526
76,141,74,77.5863718914623
76,142,73,72.28798710144898
76,143,72,75.56444335396475
76,144,71,78.522621636916
76,145,70,82.96749439577121
76,146,69,78.00698598962302
76,147,68,77.38261709521069
76,148,67,77.82671217756756
76,149,66,74.88199005410812
76,150,65,73.73183376501024
76,151,64,75.81932200843957
76,152,63,71.93256632787626
76,153,62,71.65395248194227
76,154,61,71.93568754315262
76,155,60,71.34160253197584
76,156,59,81.85497932476498
76,157,58,71.49927069412026
76,158,57,66.11305039105386
76,159,56,65.29183713723914
76,160,55,64.79865840287682
76,161,54,61.890411385281986
76,162,53,58.115190910998756
76,163,52,54.65918516985627
76,164,51,57.082794455335915
76,165,50,54.94807557230234
76,166,49,50.085297465489155
76,167,48,48.80736178935415
76,168,47,45.228813070700795
76,169,46,46.17307870476411
76,170,45,44.536293174276075
76,171,44,43.56004793465807
76,172,43,42.32930706410656
76,173,42,41.74927310094104
76,174,41,42.57237819735904
76,175,40,42.51728392902566
76,176,39,41.50764576637168
76,177,38,38.61390440253163
76,178,37,35.86724787402789
76,179,36,36.73039284043486
76,180,35,34.444272517481664
76,181,34,36.05831871837773
76,182,33,35.115072177085274
76,183,32,33.12650986955379
76,184,31,30.607018598182062
76,185,30,31.661831496447903
76,186,29,27.58226548011192
76,187,28,25.645681997712572
76,188,27,25.190612920762312
76,189,26,24.809710521413322
76,190,25,24.017459748829353
76,191,24,23.192678636549054
76,192,23,22.17912235946983
76,193,22,19.98251222263836
76,194,21,16.883073827163486
76,195,20,17.16757479064318
76,196,19,18.578430608349876
76,197,18,18.059049255857055
76,198,17,15.36147483953463
76,199,16,15.195935835440475
76,200,15,13.914727233675864
76,201,14,12.439225216151325
76,202,13,12.92525089893428
76,203,12,11.424425576226856
76,204,11,9.8450689747166
76,205,10,9.71790205554005
77,40,156,120.53121851035637
77,41,155,120.10032999997418
77,42,154,118.87294273185802
77,43,153,118.16957682272965
77,44,152,117.15377220732526
77,45,151,116.9990529277393
77,46,150,113.26062572493505
77,47,149,115.44665562045765
77,48,148,115.89219798734945
77,49,147,114.34181745612952
77,50,146,114.1522778543586
77,51,145,117.55611686974119
77,52,144,117.32687689887838
77,53,143,117.97347952070888
77,54,142,118.22284755591207
77,55,141,119.92432039404633
77,56,140,118.16278512033577
77,57,139,119.01619794080176
77,58,138,118.60078561955271
77,59,137,119.44600872925444
77,60,136,117.61593708264093
77,61,135,118.4041141806878
77,62,134,120.57500070524603
77,63,133,119.4487183046636
77,64,132,117.90856476539038
77,65,131,118.01304538661947
77,66,130,120.18148278937733
77,67,129,118.81128065512658
77,68,128,117.778734525299
77,69,127,117.00818872390278
77,70,126,118.47586857234819
77,71,125,118.16613002496833
77,72,124,119.14553308765082
77,73,123,118.22252538000046
77,74,122,117.4429463302958
77,75,121,115.1156690406518
77,76,120,112.5507406320537
77,77,119,106.0750073984672
77,78,118,107.6579666339891
77,79,117,105.88802160457055
77,80,116,106.88582329234131
77,81,115,101.29959441839237
77,82,114,105.93390741003066
77,83,113,105.51951725319697
77,84,112,103.6817735668393
77,85,111,103.68778735803923
77,86,110,100.41622491646909
77,87,109,99.34721929024496
77,88,108,100.73836769306143
77,89,107,101.7557706458006
77,90,106,102.40756179665502
77,91,105,101.10255731609584
77,92,104,102.23379897209858
77,93,103,104.2629545061536
77,94,102,104.98702552321228
77,95,101,104.97467487463851
77,96,100,102.86940788185315
77,97,99,105.54268697866712
77,98,98,106.0444576108039
77,99,97,108.80993862577586
77,100,96,108.94403101315169
77,101,95,106.75199192982532
77,102,94,104.13125015088369
77,103,93,102.5252644269695
77,104,92,100.41674959809981
77,105,91,95.9944700592951
77,106,90,98.02657832435484
77,107,89,99.32457009219557
77,108,88,100.3410414491462
77,109,87,99.49702329391747
77,110,86,95.60160914899748
77,111,85,96.6827704912414
77,112,84,95.23909848488852
77,113,83,94.95863086991622
77,114,82,96.07580496636163
77,115,81,89.98899345043083
77,116,80,82.45949936709896
77,117,79,70.74237950462782
77,118,78,66.43744196996472
77,119,77,63.05872176128799
77,120,76,51.25212461852062
77,121,75,51.23772965726533
77,122,74,54.40900133069319
77,123,73,57.69039327202337
77,124,72,58.19983323467653
77,125,71,60.36087784360895
77,126,70,56.572981597311596
77,127,69,60.19485440867605
77,128,68,60.051666771593275
77,129,67,57.64046356270278
77,130,66,56.998751031229034
77,131,65,55.049510526789
77,132,64,58.42160275250268
77,133,63,56.32593149533142
77,134,62,55.42634076146609
77,135,61,50.055098692144185
77,136,60,48.29375008853249
77,137,59,46.04644749293631
77,138,58,47.22576623096557
77,139,57,50.381932223285915
77,140,56,52.17809426092851
77,141,55,54.939334230217206
77,142,54,50.62586007605376
77,143,53,49.966205219808415
77,144,52,55.39882396166328
77,145,51,50.248872725706846
77,146,50,48.3382188278283
77,147,49,44.65587333459463
77,148,48,43.62118938769941
77,149,47,47.05604473737279
77,150,46,41.98887523738399
77,151,45,38.574803414502
77,152,44,37.34546600147792
77,153,43,40.6406424963437
77,154,42,43.65989002550158
77,155,41,38.80461687964422
77,156,40,34.85710594412232
77,157,39,35.73357502624917
77,158,38,35.28582089884466
77,159,37,36.7861882650724
77,160,36,33.02986205793904
77,161,35,31.283828671184956
77,162,34,29.02296643790435
78,40,139,122.3991757566067
78,41,138,119.30860762181214
78,42,137,120.60668358021746
78,43,136,119.49305744334843
78,44,135,119.64062114113035
78,45,134,119.87328538865289
78,46,133,119.67010159434521
78,47,132,119.07663240632826
78,48,131,119.54879316913586
78,49,130,120.58165989025744
78,50,129,121.48898256934885
78,51,128,120.48013145004194
78,52,127,121.17793906954641
78,53,126,121.5956923280042
78,54,125,121.15036351029033
78,55,124,121.25962958185298
78,56,123,123.29732295563463
78,57,122,122.75531467797722
78,58,121,123.58118496291705
78,59,120,124.2601895438356
78,60,119,124.22727613547656
78,61,118,123.87915935948293
78,62,117,125.0
78,63,116,125.0
78,64,115,123.02839237569921
78,65,114,123.19298164636616
78,66,113,122.01852315436142
78,67,112,122.29976996945565
78,68,111,122.2436992434945
78,69,110,122.65965692710748
78,70,109,123.3127630169133
78,71,108,123.28595075155653
78,72,107,121.67597872588743
79,40,124,118.92845845898881
79,41,123,121.20922009600014
79,42,122,119.7751725776865
79,43,121,119.6338104533452
79,44,120,118.08456430359166
79,45,119,118.84739705157344
79,46,118,119.21633207991155
79,47,117,119.1082890224809
79,48,116,120.94199481083912
79,49,115,120.9734431181151
79,50,114,120.95212346132055
79,51,113,119.08596353436823
79,52,112,116.07648501626363
79,53,111,116.32081956333606
79,54,110,115.47055810536474
79,55,109,115.27538261347775
79,56,108,119.3588765025747
79,57,107,117.99532871397568
79,58,106,120.29373379196437
79,59,105,118.55678161835324
79,60,104,119.10689699936381
79,61,103,119.45696161366686
79,62,102,117.87796079942186
79,63,101,115.51609109256728
79,64,100,117.1457466824912
79,65,99,117.97497577538809
79,66,98,115.20673063396862
79,67,97,114.49430854438232
79,68,96,113.84075989511632
79,69,95,114.86051496711889
79,70,94,109.14604091572711
79,71,93,113.02543525954468
79,72,92,112.84650352859134
79,73,91,113.06492978411691
79,74,90,109.70675906886706
79,75,89,110.65859126523651
79,76,88,105.35683486266174
79,77,87,112.93374376940093
79,78,86,112.44612147948573
79,79,85,109.42224580602306
79,80,84,114.9456971410406
79,81,83,114.2105939137507
79,82,82,113.93157843480435
79,83,81,111.41096247132742
79,84,80,113.23442669292959
79,85,79,108.66477877400831
79,86,78,108.95164292982554
79,87,77,106.13467994306019
79,88,76,109.59893210078772
79,89,75,107.23484933218086
79,90,74,112.08658305754665
79,91,73,104.67586007557415
79,92,72,102.10138517494053
79,93,71,99.75434736652709
79,94,70,88.07051592273261
79,95,69,83.97982556244943
79,96,68,81.10259443982751
79,97,67,83.01791735755734
79,98,66,85.23078418089335
79,99,65,97.50964753099169
79,100,64,102.84622957210209
79,101,63,91.59439160191585
80,40,183,118.38011982031097
80,41,182,120.7454973969117
80,42,181,116.77799521941563
80,43,180,118.92682885602505
80,44,179,119.1007866512681
80,45,178,122.37257779053502
80,46,177,120.38065535710706
80,47,176,122.55594739320068
80,48,175,123.14208211916454
80,49,174,122.59828723077099
80,50,173,123.04222670861637
80,51,172,123.11248525154323
80,52,171,122.15712036736348
80,53,170,120.94385303475465
80,54,169,119.56236151462193
80,55,168,122.10770914943532
80,56,167,121.55871609217677
80,57,166,122.81050542106559
80,58,165,121.0007643728189
80,59,164,122.35378716244506
80,60,163,121.4136671979187
80,61,162,118.63087552671203
80,62,161,118.75587863166146
80,63,160,121.70840966721396
80,64,159,122.10584158770956
80,65,158,121.70540375959504
80,66,157,121.02717098246947
80,67,156,119.43180214208537
80,68,155,118.37426354943274
80,69,154,117.33973501931945
80,70,153,114.84135494859179
80,71,152,114.00058801213356
80,72,151,113.666108990878
80,73,150,116.0069750230019
80,74,149,119.34801640350292
80,75,148,120.49229013033967
80,76,147,118.82459640757969
80,77,146,118.67156519087322
80,78,145,118.33091494240921
80,79,144,117.16087796811865
80,80,143,115.56546070859667
80,81,142,112.36406156062941
80,82,141,113.41212030838412
80,83,140,114.12751559383966
80,84,139,117.41673834230264
80,85,138,119.21016941403491
80,86,137,116.57348018608317
80,87,136,117.73514393233388
80,88,135,118.75145830918443
80,89,134,118.44427612635698
80,90,133,116.21157586768837
80,91,132,116.14589979376998
80,92,131,113.14526736911222
80,93,130,113.24981575158478
80,94,129,110.20854280551794
80,95,128,107.2763997345765
80,96,127,104.82066942171389
80,97,126,100.14783582809412
80,98,125,95.33492453125541
80,99,124,94.38377430492622
80,100,123,96.37440777636033
80,101,122,91.92003939172432
80,102,121,96.31743157338526
80,103,120,99.03252964470673
80,104,119,96.09021693312144
80,105,118,98.880675681506
80,106,117,96.92833333621454
80,107,116,91.26858249563233
80,108,115,95.33501945895787
80,109,114,94.1253333178609
80,110,113,88.68333736762757
80,111,112,86.40477843403201
80,112,111,90.02557494243689
80,113,110,92.4926135235473
80,114,109,93.69968433140511
80,115,108,96.30010319494349
80,116,107,97.16244051794678
80,117,106,81.1876202457476
80,118,105,87.38520761211933
80,119,104,84.7021014209649
80,120,103,83.32253548905491
80,121,102,69.14363156853062
80,122,101,71.75267932361758
80,123,100,74.17077557369176
80,124,99,78.20878963030128
80,125,98,78.74468034252133
80,126,97,78.73034359273262
80,127,96,80.1785987217543
80,128,95,89.70855189443017
80,129,94,90.41551334166209
80,130,93,90.11059034453874
80,131,92,94.70914397238073
80,132,91,91.5897083851635
80,133,90,91.0128477849953
81,40,181,116.40871024765204
81,41,180,113.76039793435518
81,42,179,113.1918439316464
81,43,178,110.40718589047141
81,44,177,111.53891669202943
81,45,176,112.59699713178128
81,46,175,111.94962651984837
81,47,174,109.97001892820386
81,48,173,107.51335276402531
81,49,172,105.91601903161387
81,50,171,105.95160629994946
81,51,170,108.72968617040254
81,52,169,108.62799517489672
81,53,168,108.95065011520852
81,54,167,107.70678416598565
81,55,166,102.77234436301455
81,56,165,104.80469732756515
81,57,164,105.8595425317589
81,58,163,106.91186624120073
81,59,162,103.18027634467201
81,60,161,103.34397130776883
81,61,160,105.73924001984864
81,62,159,99.29207123267574
81,63,158,98.95052919744253
81,64,157,98.78347671937239
81,65,156,104.69659185689147
81,66,155,104.21754122470429
81,67,154,105.23833477834931
81,68,153,101.21480632865334
81,69,152,103.73833303095732
81,70,151,110.47492362799619
81,71,150,112.70516722740548
81,72,149,111.55237269200269
81,73,148,109.27569623584759
81,74,147,107.73119494231209
81,75,146,108.22575801386358
81,76,145,107.66775238828288
81,77,144,108.30601846576508
81,78,143,108.12081294431066
81,79,142,108.2911415121105
81,80,141,108.71706738687274
81,81,140,108.33586670467469
81,82,139,105.2587491526528
81,83,138,107.81839060954067
81,84,137,107.82421103413347
81,85,136,109.27982052288982
81,86,135,104.55430933681689
81,87,134,107.29210665226302
81,88,133,109.14602799837022
81,89,132,105.87105816811939
81,90,131,108.34306383592167
81,91,130,109.3626865375904
81,92,129,110.23530808585053
81,93,128,112.6637044704604
81,94,127,112.46577085749055
81,95,126,111.65782938881854
81,96,125,110.82530634428929
81,97,124,108.81489314638367
81,98,123,108.40727359888197
81,99,122,109.4514993042757
81,100,121,108.88524375859268
81,101,120,107.802130295871
81,102,119,105.86847278852932
81,103,118,104.98450612837394
81,104,117,99.3961074908888
81,105,116,100.6486320097901
81,106,115,100.60969668945155
81,107,114,102.3582396380468
81,108,113,100.3218945172377
81,109,112,101.9336675454478
81,110,111,97.68074524490407
81,111,110,98.30679887980943
81,112,109,95.56537844420637
81,113,108,93.89832625169714
81,114,107,95.35233233649757
81,115,106,96.7109491719979
81,116,105,96.29949479312685
81,117,104,93.79561111362841
81,118,103,92.37926745955885
81,119,102,86.69002048231312
81,120,101,89.65914092915979
81,121,100,85.78961501355732
81,122,99,87.18085431142116
81,123,98,84.63943775543953
81,124,97,81.37997803941127
81,125,96,81.32658059517983
81,126,95,72.71069737286616
81,127,94,81.48525026430718
81,128,93,80.89413741529188
81,129,92,77.72594641162893
81,130,91,78.63773396682433
81,131,90,87.6297516892049
81,132,89,84.54559572629883
81,133,88,86.10285876251206
81,134,87,79.4987654114654
81,135,86,79.79883188328898
81,136,85,82.64190412965854
81,137,84,80.09793267423973
81,138,83,82.88951477088881
81,139,82,85.27772528477234
81,140,81,82.94679297226651
81,141,80,85.71586463019551
81,142,79,91.19454829002159
81,143,78,96.86638343207416
81,144,77,93.4300185174435
81,145,76,97.20297805994733
81,146,75,98.01579762916174
81,147,74,93.46720504495296
81,148,73,91.26656803203208
81,149,72,91.77039026422523
81,150,71,85.52126564510395
81,151,70,81.23246443012613
81,152,69,80.72569800454856
81,153,68,76.57831648377854
81,154,67,70.98152881759174
81,155,66,72.29529202943783
81,156,65,72.17377309715769
81,157,64,69.82235506601108
81,158,63,73.5969937798638
81,159,62,70.40836374830316
81,160,61,71.3411687664692
81,161,60,72.17130465068624
81,162,59,73.55855150685616
81,163,58,68.82209579894314
81,164,57,66.63292727133768
81,165,56,64.33229398330374
81,166,55,62.749566920916735
81,167,54,61.85016232191138
81,168,53,60.86136055516345
81,169,52,51.30822501067999
81,170,51,45.67668211076023
81,171,50,43.720036753158766
81,172,49,42.877371623129775
81,173,48,40.462745770991454
81,174,47,38.421001549219824
81,175,46,36.34994500428846
81,176,45,38.84143674203089
81,177,44,37.96583092475981
81,178,43,39.702904013815186
81,179,42,39.38538622903166
81,180,41,38.48626770686967
81,181,40,37.51872937433586
81,182,39,37.70479982807697
81,183,38,33.140767829286204
81,184,37,31.505599018901897
81,185,36,30.08586013761203
81,186,35,32.297468480119555
81,187,34,33.73243898396743
81,188,33,32.93139751174251
81,189,32,30.923704513341846
81,190,31,29.196293679115193
81,191,30,29.401471453335535
81,192,29,30.03819579925741
81,193,28,28.478746317132828
81,194,27,26.185690232266026
81,195,26,24.71715303597467
81,196,25,23.830621019194673
81,197,24,22.689566435914426
81,198,23,22.079432600039524
81,199,22,21.714344364320265
81,200,21,22.182752720841027
81,201,20,21.58163058049646
81,202,19,19.574639096721036
81,203,18,19.084731746096118
81,204,17,19.72014267577244
81,205,16,18.365983081837243
81,206,15,18.591266166541015
81,207,14,17.547175297700967
81,208,13,16.536639550331266
81,209,12,15.527940191107517
81,210,11,14.0091492122055
81,211,10,11.83558281079437
81,212,9,10.37547952381618
81,213,8,9.093564540236638
82,40,131,113.49714696993581
82,41,130,115.20879363860709
82,42,129,114.37432560900882
82,43,128,114.46054659775568
82,44,127,115.19207315806823
82,45,126,115.5258419439102
82,46,125,112.3969272091955
82,47,124,110.90601276121424
82,48,123,108.44885269410216
82,49,122,110.83193898603443
82,50,121,110.65145776551151
82,51,120,108.88602828249023
82,52,119,107.60045812934244
82,53,118,106.04178098147568
82,54,117,101.9075487563016
82,55,116,97.03385095795059
82,56,115,103.74097702298053
82,57,114,104.08976040015628
82,58,113,107.58574358282888
82,59,112,110.83922342746773
82,60,111,113.4261379344848
82,61,110,112.51965701428972
82,62,109,109.7763222332628
82,63,108,112.83880267548697
82,64,107,113.28398552648335
82,65,106,112.58723546990909
82,66,105,114.30928985285455
82,67,104,115.22283817842307
82,68,103,113.6185095681049
82,69,102,111.80529447794832
82,70,101,113.58169059726418
82,71,100,116.22577177309711
82,72,99,117.54619785299201
82,73,98,117.21721568288504
82,74,97,117.75848999451924
82,75,96,117.67878586055949
82,76,95,116.52797743842952
82,77,94,115.40176595676719
82,78,93,110.76440461687095
82,79,92,110.91484663956436
82,80,91,110.49660515110179
82,81,90,103.21931070204636
82,82,89,99.09964331308824
82,83,88,99.86633485263272
82,84,87,101.99339635795735
82,85,86,104.86352257598057
82,86,85,104.0418975675685
82,87,84,103.9341086015668
82,88,83,104.22554706371531
82,89,82,99.34636612013006
82,90,81,98.12604094480699
82,91,80,93.68846787063399
82,92,79,92.17986289462632
82,93,78,89.25220433517376
82,94,77,88.29319199640636
82,95,76,84.43589394730466
82,96,75,84.14913739827628
82,97,74,80.78606376992886
82,98,73,74.42785171373569
82,99,72,75.48314605713759
82,100,71,73.72251782066458
82,101,70,68.14210866724909
82,102,69,65.25463624569676
82,103,68,62.03090933021437
82,104,67,56.85152566506612
82,105,66,54.17952297575095
82,106,65,57.02405682629889
82,107,64,61.29807486619812
82,108,63,56.632069248087305
82,109,62,59.46394054127734
82,110,61,58.15493926843503
82,111,60,56.76683224098266
82,112,59,58.85691869596233
82,113,58,60.95654616127836
82,114,57,57.81269818062283
82,115,56,54.93517359732618
82,116,55,56.358660489946104
82,117,54,58.211136560591896
82,118,53,56.368109072939056
82,119,52,57.76625453674923
82,120,51,59.32129661116592
82,121,50,59.06723367905614
82,122,49,60.534813385319794
82,123,48,58.784781339507006
82,124,47,61.59952034431643
82,125,46,60.83978731581494
82,126,45,63.455885619688075
82,127,44,61.12798523173322
82,128,43,61.99140505800856
82,129,42,61.37741283002505
82,130,41,58.627148580482995
82,131,40,58.061942929013924
82,132,39,56.755760627551936
82,133,38,56.706399028827434
82,134,37,59.826114154170014
82,135,36,65.12514976625832
82,136,35,66.58128718084605
82,137,34,63.345717311989745
82,138,33,55.721402480332586
82,139,32,51.79373243872718
82,140,31,50.86847122236632
82,141,30,46.81161094969285
82,142,29,43.32390689813703
82,143,28,40.4053799988325
82,144,27,38.85733346527452
82,145,26,38.34534714248855
82,146,25,38.24892347438875
82,147,24,38.48924773456696
82,148,23,32.269186056036446
82,149,22,32.685542604922176
82,150,21,28.881681809941156
82,151,20,26.654127183854566
82,152,19,24.39831070968907
82,153,18,23.684385136047798
82,154,17,22.371648502864403
82,155,16,20.95892555097228
82,156,15,20.329080726678935
82,157,14,17.94826899924075
82,158,13,16.546539442060137
82,159,12,13.96080550733176
82,160,11,12.782155142692526
82,161,10,12.613125774457089
82,162,9,10.957445799819928
83,40,170,120.83468886069502
83,41,169,121.45590670074841
83,42,168,122.05028509586
83,43,167,122.78237969624841
83,44,166,122.12753884591014
83,45,165,120.43314164752405
83,46,164,116.77079702870867
83,47,163,116.4042837916632
83,48,162,117.00163163942764
83,49,161,116.55685084771906
83,50,160,113.58738766091795
83,51,159,112.2352178443633
83,52,158,109.04735089774815
83,53,157,106.63779742146518
83,54,156,108.01943590285447
83,55,155,113.29520802940797
83,56,154,113.34397103881545
83,57,153,112.82680474132141
83,58,152,112.73635407551987
83,59,151,112.95732601890184
83,60,150,111.93761903706141
83,61,149,110.39356058581455
83,62,148,113.54871563072342
83,63,147,113.3047436176596
83,64,146,113.39676740769055
83,65,145,113.35141077632193
83,66,144,113.61697584157253
83,67,143,114.91815190116833
83,68,142,114.95129134934916
83,69,141,116.01142860304569
83,70,140,117.62534164833585
83,71,139,117.10278023268941
83,72,138,117.26924393478012
83,73,137,114.94300672320568
84,40,190,120.81423040143213
84,41,189,119.40092169842251
84,42,188,121.64825247096356
84,43,187,122.46221301537568
84,44,186,122.72562562616098
84,45,185,122.44769936769028
84,46,184,121.00372140321835
84,47,183,118.9440221354428
84,48,182,118.42973103679788
84,49,181,118.91241551260791
84,50,180,114.80433024025942
84,51,179,116.19003811526841
84,52,178,116.11193020083886
84,53,177,118.05794534691854
84,54,176,115.9685751448808
84,55,175,116.54930883967748
84,56,174,117.01473660080316
84,57,173,115.82416650350001
84,58,172,112.83440769927388
84,59,171,113.61799741401501
84,60,170,112.90095781307448
84,61,169,112.24085773498783
84,62,168,112.84450505591576
84,63,167,114.99269314253183
84,64,166,115.93662021451166
84,65,165,117.04465322734845
84,66,164,116.33846927360247
84,67,163,116.20397407918082
84,68,162,114.79432247513338
84,69,161,114.40403899495752
84,70,160,112.69741190542575
84,71,159,111.55787761159003
84,72,158,111.7887862702152
84,73,157,109.47363266997002
84,74,156,115.94009601078227
84,75,155,115.48665492197833
84,76,154,114.53263441106432
84,77,153,116.98065841908308
84,78,152,119.15795809239557
84,79,151,116.91542907924526
84,80,150,116.8549542896454
84,81,149,115.52161393854598
84,82,148,117.43084815509124
84,83,147,118.80748039307949
84,84,146,118.96656676569967
84,85,145,118.24655907525317
84,86,144,118.15511893869106
84,87,143,116.24049728088727
84,88,142,119.95273877988637
84,89,141,119.78238856850554
84,90,140,118.6225587357662
84,91,139,117.32748062473162
84,92,138,115.55364860919707
84,93,137,117.26933720678025
84,94,136,116.36783921656814
84,95,135,116.13950197307952
84,96,134,113.1951815371582
84,97,133,113.90037189276961
84,98,132,112.78635283452013
84,99,131,110.18956129012517
84,100,130,108.61801774143171
84,101,129,104.77757692048769
84,102,128,109.72888568163363
84,103,127,112.00135889133252
84,104,126,114.86339379409402
84,105,125,113.92588928304563
84,106,124,113.1663739047534
84,107,123,109.84361495764578
84,108,122,106.47446652689905
84,109,121,96.67475262933743
84,110,120,92.72148770652163
84,111,119,91.88013524202981
84,112,118,88.67816470270876
84,113,117,93.44582818690847
84,114,116,95.80065280390383
84,115,115,96.17141803742243
84,116,114,95.43041981601962
84,117,113,106.88614252067015
84,118,112,110.74509440595219
84,119,111,111.97853624119082
84,120,110,109.84703322513752
84,121,109,108.36353981474176
84,122,108,106.75458029806538
84,123,107,106.20453872928124
84,124,106,103.3591396865108
84,125,105,103.25876792356584
84,126,104,99.60717994172168
84,127,103,102.72623684447915
84,128,102,106.01070839108627
84,129,101,101.06798245177151
84,130,100,93.35473188380743
84,131,99,98.6141166901115
84,132,98,93.35536131975206
84,133,97,93.29416443124853
84,134,96,95.59564405704847
84,135,95,94.57076384033809
84,136,94,97.00597832619982
84,137,93,95.33878752907312
84,138,92,90.56345967854972
84,139,91,87.29887905967406
84,140,90,84.1508630172692
84,141,89,79.9504363545083
84,142,88,87.10964969176467
84,143,87,80.29081657705305
84,144,86,80.5652876325953
84,145,85,86.68000938668013
84,146,84,94.69177192008452
84,147,83,90.57536486583086
84,148,82,85.3987535141789
84,149,81,61.97894687885558
84,150,80,57.22694773699814
84,151,79,62.61171355285095
84,152,78,62.08138140478428
84,153,77,57.63785351368563
84,154,76,60.712901679932706
84,155,75,55.82991888508925
84,156,74,63.01302397983601
84,157,73,67.45467023410038
84,158,72,69.86439462811374
84,159,71,73.31939270716856
84,160,70,68.71290719675719
84,161,69,72.59384385860253
84,162,68,65.68346868601134
84,163,67,60.51192777114459
84,164,66,56.72279199016735
84,165,65,61.1004311614128
84,166,64,62.2644897898507
84,167,63,64.41214810371198
84,168,62,68.42536029278105
84,169,61,67.68178522270685
84,170,60,68.12230594578094
84,171,59,69.09205923442858
84,172,58,63.705897027320795
85,34,118,105.20197071400086
86,40,159,122.14510897986554
86,41,158,124.87595956930029
86,42,157,122.08991750697515
86,43,156,119.11329701524028
86,44,155,118.24365854834937
86,45,154,116.54037392650177
86,46,153,117.36486116292534
86,47,152,119.15052645097235
86,48,151,119.15799107349231
86,49,150,118.8994682616303
86,50,149,117.69780423884737
86,51,148,117.01997484793833
86,52,147,116.29360063678422
86,53,146,113.7770905462418
86,54,145,112.43823364124346
86,55,144,112.69681106703013
86,56,143,113.39730596740281
86,57,142,113.05036447997377
86,58,141,108.5857452661939
86,59,140,107.18971045705956
86,60,139,104.45900453751565
86,61,138,101.67284852538766
86,62,137,107.73374951278859
86,63,136,110.52648398841569
86,64,135,112.06379379326548
86,65,134,112.57370156146094
86,66,133,109.69572765073612
86,67,132,111.94772738548872
86,68,131,112.53542411608878
86,69,130,108.05613221858816
86,70,129,113.4637009717287
86,71,128,112.92287882881499
86,72,127,110.38604332638647
86,73,126,111.08733008646956
86,74,125,109.9453569897259
86,75,124,103.94996036723738
86,76,123,102.12484202261587
86,77,122,101.33304887594403
86,78,121,98.51540717886114
86,79,120,100.72972290318907
86,80,119,105.8090077820249
86,81,118,103.94632642868291
86,82,117,102.79763953682153
86,83,116,103.36663727996569
86,84,115,104.2867345553386
86,85,114,100.18007692075452
86,86,113,100.23707768380419
86,87,112,98.87406802882003
86,88,111,96.43238729547258
86,89,110,95.33553857808835
86,90,109,97.38216312810594
86,91,108,101.34489390522012
86,92,107,99.23396233235658
86,93,106,99.3058882942004
86,94,105,98.78346098426968
86,95,104,99.45384163700024
86,96,103,100.22923964488214
86,97,102,101.7613138934941
86,98,101,102.61332392785553
86,99,100,100.05369903647885
86,100,99,104.79719777067257
86,101,98,105.23354102905466
86,102,97,108.62142501416585
86,103,96,111.5204572444108
86,104,95,105.59854377323819
86,105,94,105.92413176961296
86,106,93,103.93223910023342
86,107,92,104.64520424810962
86,108,91,107.81932913196528
86,109,90,104.74926859046548
86,110,89,103.05625152713515
87,40,132,116.6349962523102
87,41,131,118.63217743145663
87,42,130,120.31546746772607
87,43,129,117.94185777758253
87,44,128,118.21020028249026
87,45,127,114.78072632238505
87,46,126,114.78414181529803
87,47,125,114.28972459910884
87,48,124,113.9064238207566
87,49,123,112.76615440697094
87,50,122,114.07968471745531
87,51,121,113.058538173344
87,52,120,113.67295534168647
87,53,119,113.44464367930863
87,54,118,114.21629119852834
87,55,117,114.69220922233892
87,56,116,112.26888356655999
88,40,143,115.59394503096436
88,41,142,118.59050375099258
88,42,141,119.2707579328636
88,43,140,111.38147758649451
88,44,139,114.04282259983611
88,45,138,117.29607013572985
88,46,137,114.65777220236305
88,47,136,108.59329010566665
88,48,135,110.6207117965513
88,49,134,110.8551899784199
88,50,133,105.63629709509908
88,51,132,105.39194813496397
88,52,131,106.63393397913276
88,53,130,106.7930472573403
88,54,129,110.30879676465334
88,55,128,106.31876568812078
88,56,127,105.51095458457229
88,57,126,111.64568721767162
88,58,125,111.17289844797324
88,59,124,108.89972659181635
88,60,123,110.1432852528198
88,61,122,109.85298859879403
88,62,121,116.96511546839494
88,63,120,116.61462154332949
88,64,119,114.6517120412685
88,65,118,113.79607853848806
88,66,117,114.88816464712667
88,67,116,117.86932990833864
88,68,115,120.00450212550533
89,40,273,123.57988972139097
89,41,272,122.67107959099849
89,42,271,122.31950296362301
89,43,270,121.9652620449327
89,44,269,122.83520077555762
89,45,268,122.26945777979856
89,46,267,122.02508636444598
89,47,266,119.93945984093418
89,48,265,119.32511771654741
89,49,264,117.87788588842511
89,50,263,121.2448353636692
89,51,262,121.80039173086476
89,52,261,122.5457028883148
89,53,260,121.99120949471013
89,54,259,119.6261300275211
89,55,258,118.68557865104398
89,56,257,120.17463464983928
89,57,256,120.56421464594155
89,58,255,120.08975494587987
89,59,254,121.28713898900676
89,60,253,120.67498775065198
89,61,252,122.34613606857106
89,62,251,121.34680847174133
89,63,250,119.66195521466454
89,64,249,118.89049805449989
89,65,248,117.25276548014864
89,66,247,115.96208953353852
89,67,246,113.42251659320056
89,68,245,117.68710829614437
89,69,244,119.3842177904852
89,70,243,116.08400111391717
89,71,242,112.70226308562697
89,72,241,109.86445594135982
89,73,240,113.92599417377254
89,74,239,118.15230862911844
89,75,238,118.2899332419609
89,76,237,113.50432264084992
89,77,236,116.3507582806574
89,78,235,116.23476078266515
89,79,234,117.29943530441844
89,80,233,115.7413993446986
89,81,232,114.66599301361771
89,82,231,112.07345760101461
89,83,230,108.24916979515179
89,84,229,108.38551861814753
89,85,228,114.24632821260607
89,86,227,111.38760769499953
89,87,226,109.90644169228665
89,88,225,111.01294479871905
89,89,224,107.79399832458293
89,90,223,109.264579399323
89,91,222,115.52810342694048
89,92,221,116.25239592184573
89,93,220,116.61288364705767
89,94,219,115.01498865686469
89,95,218,114.84421706753109
89,96,217,112.73001639179728
89,97,216,115.445148918905
89,98,215,119.83327089718486
89,99,214,117.82538848240104
89,100,213,117.98952088890391
89,101,212,118.63967067389356
89,102,211,119.87410715410194
89,103,210,122.18786386773115
89,104,209,121.38216231177621
89,105,208,119.90766051678378
89,106,207,117.71550050789818
89,107,206,117.58666898991667
89,108,205,116.0145447614114
89,109,204,114.40466876261202
89,110,203,114.52131801867952
89,111,202,112.80243026509314
89,112,201,115.35017563652616
89,113,200,117.25415153422261
89,114,199,119.79223617966642
89,115,198,120.08551054763123
89,116,197,116.89896512909257
89,117,196,119.7444504432836
89,118,195,121.75009456762578
89,119,194,121.97432356783727
89,120,193,115.12083212790252
89,121,192,116.4104031565337
89,122,191,116.99555768413478
89,123,190,114.96765376954059
89,124,189,116.24948080602087
89,125,188,116.04927977685827
89,126,187,113.7439237007522
89,127,186,111.43065815281486
89,128,185,111.28906213540728
89,129,184,107.44928125239714
89,130,183,110.72695033460539
89,131,182,114.56906418560665
89,132,181,108.5553347722101
89,133,180,109.00655276070341
89,134,179,108.19893927238493
89,135,178,105.79729139503746
89,136,177,107.58921599284588
89,137,176,108.19643924352746
89,138,175,107.46004138783104
89,139,174,109.97277732594495
89,140,173,109.35442525746211
89,141,172,107.90630324919434
89,142,171,109.9506029568867
89,143,170,109.08712491394424
89,144,169,104.19406098093314
89,145,168,106.35574717595787
89,146,167,105.900728904256
89,147,166,105.55086638988735
89,148,165,106.88172037626403
89,149,164,106.30904339132536
89,150,163,106.27276344685158
89,151,162,106.28343178453292
89,152,161,104.89687241712832
89,153,160,108.07430989839872
89,154,159,109.70955350753017
89,155,158,106.89505181759438
89,156,157,107.6948733520596
89,157,156,112.0995938181182
89,158,155,112.12247390056862
89,159,154,109.59144324523984
89,160,153,106.40275310043674
89,161,152,108.92099223439183
89,162,151,110.9742897312739
89,163,150,112.35968625374628
89,164,149,111.89376884063171
89,165,148,109.69209967661317
89,166,147,107.59486258554051
89,167,146,107.24644673282137
89,168,145,109.29984917706318
89,169,144,107.74926952587384
89,170,143,111.2100476594904
89,171,142,113.27394581874225
89,172,141,113.47080563192567
89,173,140,112.55313057749294
89,174,139,110.12754858189453
89,175,138,109.30933159401613
89,176,137,108.71174654885768
89,177,136,106.35830579104213
90,40,134,123.54011165193545
90,41,133,121.536358016122
90,42,132,120.75552419150858
90,43,131,120.72350508050349
90,44,130,118.24761615066802
90,45,129,120.1959706628856
90,46,128,119.80903843145418
90,47,127,119.00867599107048
90,48,126,117.05036828823619
90,49,125,115.57104412720713
90,50,124,117.79890555396196
90,51,123,118.83447899996384
90,52,122,117.59931327005158
90,53,121,119.79930577303033
90,54,120,119.80527302209344
90,55,119,112.30092404519087
90,56,118,113.50855354381542
90,57,117,109.37004046166513
90,58,116,113.62454007022018
90,59,115,110.12836032788107
90,60,114,112.15681339451987
90,61,113,106.51261616525572
90,62,112,101.51919617034964
90,63,111,97.25345393236755
90,64,110,89.46110934579221
90,65,109,90.62888532893328
90,66,108,92.42190380204188
90,67,107,94.3284470879421
90,68,106,96.03520448238598
90,69,105,99.0904238145678
90,70,104,101.37623023971724
90,71,103,96.36756315121148
90,72,102,97.61941186654445
90,73,101,96.93836202549137
90,74,100,98.85283126480195
90,75,99,101.5167320533114
90,76,98,94.91445815461975
90,77,97,97.5394007366198
90,78,96,91.0283622562259
90,79,95,93.8238460284235
90,80,94,96.24285425031759
90,81,93,96.85646708061792
90,82,92,91.67636571105274
90,83,91,95.89337618909195
90,84,90,84.53665069164578
90,85,89,84.21485806654843
90,86,88,82.43565992392843
90,87,87,82.23551407184206
90,88,86,78.98423497599684
90,89,85,83.67780975941267
90,90,84,85.88829952060397
90,91,83,90.26896906235184
90,92,82,94.00986892774031
90,93,81,97.96782886827981
90,94,80,94.06413990653454
90,95,79,92.56249931043385
90,96,78,94.07959268634465
90,97,77,92.65085522685965
90,98,76,90.15339634338466
90,99,75,92.34644595648828
90,100,74,96.78486308650182
90,101,73,97.82141392732083
90,102,72,97.12912554092091
90,103,71,93.35532610001529
90,104,70,86.77685171008679
90,105,69,80.21287179912156
90,106,68,81.66403778016914
90,107,67,87.38980518265313
90,108,66,87.7742746232613
90,109,65,88.8667151412871
90,110,64,86.50216657417255
90,111,63,84.94730934751267
90,112,62,84.40083681516535
90,113,61,81.51914077787836
90,114,60,84.15586840817794
90,115,59,82.15381022996124
90,116,58,80.1955123720578
90,117,57,74.771078899444
90,118,56,73.77084224167763
90,119,55,67.09467584656824
90,120,54,66.88795723713042
90,121,53,66.29846287612042
90,122,52,65.2340733859451
90,123,51,60.890973723640215
90,124,50,57.643737516812294
90,125,49,52.618846006073234
90,126,48,49.61986787678349
90,127,47,49.28364784684629
90,128,46,45.21163389938582
90,129,45,42.346524074312406
90,130,44,39.49246414373054
90,131,43,36.29231460940431
90,132,42,35.33956888861165
90,133,41,38.09837147776412
90,134,40,36.903101256172505
90,135,39,36.885077276948756
90,136,38,38.68035581685309
90,137,37,38.940386105128596
90,138,36,40.78418766065404
90,139,35,39.21250370389792
90,140,34,38.73730553848668
90,141,33,41.16287183346854
90,142,32,35.598143452079306
90,143,31,34.23069831176403
90,144,30,29.475250928455992
90,145,29,25.817819268297626
90,146,28,25.05559252819063
91,40,232,118.00227075537867
91,41,231,119.03044091882592
91,42,230,118.31962352730935
91,43,229,119.92854645390298
91,44,228,120.85916254440016
91,45,227,120.7898678234411
91,46,226,121.21855292778531
91,47,225,121.82720821712584
91,48,224,122.57790452966427
91,49,223,120.03576336897552
91,50,222,119.42460424988253
91,51,221,117.48191540783671
91,52,220,118.96033350058057
91,53,219,121.23148754346998
91,54,218,116.75986227271406
91,55,217,113.85913967719851
91,56,216,113.44649208287723
91,57,215,112.0708775878375
91,58,214,109.74106479346705
91,59,213,114.17688481381768
91,60,212,118.72811647490946
91,61,211,117.98755551239093
91,62,210,117.85771169932922
91,63,209,119.4390035598872
91,64,208,118.82152378034512
91,65,207,119.37144486998268
91,66,206,119.52258481394736
91,67,205,118.94282608821493
91,68,204,118.59438267156173
91,69,203,117.87155741388308
91,70,202,113.66095665888525
91,71,201,119.26687752281248
91,72,200,120.43351078694221
91,73,199,121.35231949400546
91,74,198,121.58171639781679
91,75,197,121.54284943275601
91,76,196,118.02671642065204
91,77,195,115.67181659892297
91,78,194,112.78405056969044
91,79,193,114.42658525626615
91,80,192,112.33875112546988
91,81,191,111.41799411626815
91,82,190,111.45561412622428
91,83,189,113.3700460142887
91,84,188,108.58493788886398
91,85,187,108.02916827784685
91,86,186,107.60834058564072
91,87,185,105.50812176479451
91,88,184,106.64903331748593
91,89,183,106.21346763140637
91,90,182,105.62966329569073
91,91,181,106.22231900287076
91,92,180,106.3441979571879
91,93,179,108.60957885178127
91,94,178,105.50360637381083
91,95,177,104.30326434984957
91,96,176,104.45422346250655
91,97,175,101.13667577983841
91,98,174,100.2269846723742
91,99,173,100.59285547189705
91,100,172,104.04331624244344
91,101,171,103.3959657231164
91,102,170,106.0484395349398
91,103,169,107.38380713368099
91,104,168,103.78439912009122
91,105,167,108.04462737655619
91,106,166,106.3573350245716
91,107,165,106.55233625027321
91,108,164,106.22858798660053
91,109,163,102.39579542575034
91,110,162,104.1354612088513
91,111,161,107.95503458947721
91,112,160,108.87418053947523
91,113,159,108.22687133985455
91,114,158,105.43126159900318
91,115,157,105.22457193275963
91,116,156,106.437846388055
91,117,155,105.93353180899135
91,118,154,107.25366714244177
91,119,153,109.80264568169842
91,120,152,105.84560111345789
91,121,151,107.20750981341229
91,122,150,105.98613146703406
91,123,149,108.19817358780739
91,124,148,104.07192840095135
91,125,147,100.44784864917301
91,126,146,99.26902827743785
91,127,145,102.65031230119916
91,128,144,104.98160716126122
91,129,143,102.42823598304467
91,130,142,103.67313598021633
91,131,141,100.79312063305412
91,132,140,104.06795831012435
91,133,139,102.00307907589003
91,134,138,96.421518490274
91,135,137,98.7527731851709
91,136,136,97.14175470132488
91,137,135,95.93642960672872
91,138,134,97.51031204824453
91,139,133,94.24177372406265
91,140,132,93.47734517392557
91,141,131,92.81665327807849
91,142,130,100.16168514098845
91,143,129,92.38364017633461
91,144,128,86.26714066415778
91,145,127,88.47206308820627
91,146,126,78.11918240235825
91,147,125,78.11352428814925
91,148,124,73.62750218948642
91,149,123,67.91296732468851
91,150,122,70.12546791238984
91,151,121,72.93555852685284
91,152,120,70.10813636465755
91,153,119,78.27594056666233
91,154,118,72.93281303282123
91,155,117,81.8477571038075
91,156,116,85.18089469153696
91,157,115,86.12885025245188
91,158,114,81.43355176961286
91,159,113,77.50981667924808
91,160,112,77.46029030706931
91,161,111,77.25811909397956
91,162,110,80.90304795138567
91,163,109,80.02407441645707
91,164,108,78.62516202559937
91,165,107,79.50988616271333
91,166,106,82.3005026983843
91,167,105,82.5218541513427
91,168,104,76.69144433128866
91,169,103,76.35203455724286
91,170,102,77.3677257985035
91,171,101,74.499156722414
91,172,100,75.64003132372216
91,173,99,75.5254403939121
91,174,98,74.96669725746816
91,175,97,73.2811780666606
91,176,96,73.39479928660904
91,177,95,69.89827325363092
91,178,94,71.69485840885972
91,179,93,68.38620221827583
91,180,92,65.69621648968308
91,181,91,63.789417368935595
91,182,90,64.98025841139821
91,183,89,62.3450610450302
91,184,88,65.74366467534463
91,185,87,69.98711916442443
91,186,86,67.68780882506982
91,187,85,66.09966172056397
91,188,84,60.79646224956046
91,189,83,63.886285008066125
91,190,82,61.99160732754299
91,191,81,61.737843987638996
91,192,80,62.7139195713741
91,193,79,58.54702018616821
91,194,78,60.38066947618853
91,195,77,62.905155254779984
91,196,76,62.883904170559084
91,197,75,62.349784369842695
91,198,74,60.44903693996132
91,199,73,61.79429682212207
91,200,72,59.60372423098379
91,201,71,61.22921392420272
91,202,70,63.251492626801515
91,203,69,63.37671558857035
91,204,68,62.117256673908976
91,205,67,61.88394373691636
91,206,66,62.32774442859506
91,207,65,60.709816380628595
91,208,64,59.07019250933864
91,209,63,57.807882185917286
91,210,62,55.457492924248726
91,211,61,53.102559746780344
91,212,60,56.033304896618574
91,213,59,54.71655935418717
91,214,58,60.48495522764405
91,215,57,60.20666796326687
91,216,56,51.112626638526734
91,217,55,51.734785698454075
91,218,54,49.889814725324584
91,219,53,48.53070789009236
91,220,52,46.45728262022051
91,221,51,42.20832648375966
91,222,50,40.78207114709639
91,223,49,39.93150123500342
91,224,48,42.940522083358616
91,225,47,44.83920775117177
91,226,46,40.03856470900477
91,227,45,38.66764636194946
91,228,44,36.11393859699618
91,229,43,34.78832325099271
91,230,42,33.808176000823714
91,231,41,29.83650364564667
91,232,40,29.71798344198357
91,233,39,26.976677608051205
91,234,38,29.79901929680775
92,40,130,120.15401649666249
92,41,129,119.69697604701001
92,42,128,121.52846178615854
92,43,127,120.77158000593445
92,44,126,119.40684743979335
92,45,125,119.97022236341476
92,46,124,121.63075651004175
92,47,123,121.22451806989976
92,48,122,121.22054088421262
92,49,121,120.2198291294618
92,50,120,119.07454023330733
92,51,119,119.76237764436257
92,52,118,121.18961207470078
92,53,117,120.43578632328871
92,54,116,122.55178318183272
92,55,115,122.69623306575068
92,56,114,123.71176867189038
92,57,113,123.44284024461498
92,58,112,123.03325359290734
92,59,111,123.17413844028519
92,60,110,122.28537008778812
92,61,109,118.73872693420643
92,62,108,117.35379851970703
92,63,107,117.4845194699001
92,64,106,116.32258058944294
92,65,105,118.96383259921797
92,66,104,117.94375733436127
92,67,103,117.66574538169266
92,68,102,122.3932317811062
92,69,101,122.36893586263966
92,70,100,120.3906062413558
92,71,99,120.02208343220623
92,72,98,121.48219671316373
92,73,97,121.67688926419623
92,74,96,118.49879749689553
92,75,95,115.9120914939567
92,76,94,116.87024830518156
92,77,93,112.33830434016076
92,78,92,108.99483925094309
92,79,91,110.14671668452671
92,80,90,113.56049903596391
92,81,89,109.22287815195642
92,82,88,106.92845037884915
92,83,87,106.70715365735609
92,84,86,104.85772791514886
92,85,85,106.42226006443748
92,86,84,105.41038117151979
92,87,83,96.35931169171806
92,88,82,94.26544272793797
92,89,81,92.72968562775759
92,90,80,90.21703227040808
92,91,79,88.88537003058312
92,92,78,86.36680363133311
92,93,77,83.75500833825843
92,94,76,88.55622845506713
92,95,75,77.31542134852836
92,96,74,71.53748216628794
92,97,73,73.54063670674842
92,98,72,73.38089438859559
92,99,71,73.67653858798354
92,100,70,73.5647399623561
92,101,69,75.04465325474875
92,102,68,74.91804837487217
92,103,67,74.18958624778612
92,104,66,72.09736992774735
92,105,65,73.65116733427928
92,106,64,76.63098254431387
92,107,63,76.43285187021895
92,108,62,74.19818477500962
92,109,61,69.90537948681214
92,110,60,74.37439479904882
92,111,59,70.56103197467918
92,112,58,67.96592646238835
92,113,57,72.63512195370888
92,114,56,69.16547050687498
92,115,55,66.1664598938209
92,116,54,65.52163023065802
92,117,53,60.92311807035981
92,118,52,62.14168543190268
92,119,51,60.414498326645976
92,120,50,60.79242098054131
92,121,49,58.02357281732151
92,122,48,56.242774953992694
92,123,47,53.46017433556337
92,124,46,50.82918139006968
92,125,45,51.89775260064343
92,126,44,50.34799783209111
92,127,43,45.58481419626151
92,128,42,46.98575006033023
92,129,41,44.71459217688015
92,130,40,43.03244870682502
92,131,39,43.48685784269773
92,132,38,42.61849792894718
92,133,37,40.276980006972174
92,134,36,41.74245868231873
92,135,35,39.20429518872727
92,136,34,36.02458262671002
92,137,33,33.02119846750108
92,138,32,29.675967003498155
92,139,31,31.738533075524707
92,140,30,33.59937787321151
92,141,29,31.875359991157993
92,142,28,31.616932300584235
92,143,27,29.979915748997044
92,144,26,26.713614523488204
92,145,25,28.85934071490202
92,146,24,32.325926801964165
92,147,23,29.280550351882557
92,148,22,26.25259215289904
92,149,21,24.710485665869797
92,150,20,24.674002152665537
93,40,289,121.21727160686788
93,41,288,120.97652337972482
93,42,287,120.55167490255317
93,43,286,120.76197498024655
93,44,285,121.6853753734982
93,45,284,122.9063733298911
93,46,283,121.48712020363112
93,47,282,122.45706852115487
93,48,281,121.58830917148242
93,49,280,121.44153716112913
93,50,279,121.68770752131164
93,51,278,121.04789871211852
93,52,277,120.19030532993906
93,53,276,119.9465661939198
93,54,275,119.12764094599765
93,55,274,120.80728522112622
93,56,273,120.5672716194683
93,57,272,119.45687164817124
93,58,271,120.840532496929
93,59,270,120.92861546929346
93,60,269,118.84885984250965
93,61,268,118.87913640016286
93,62,267,119.21554422376659
93,63,266,117.23854345704427
93,64,265,118.85645145611055
93,65,264,121.06205873134894
93,66,263,121.49812488844556
93,67,262,120.05848761430963
93,68,261,120.41222767579228
93,69,260,118.26485300053454
93,70,259,119.63746309172748
93,71,258,119.90074008869124
93,72,257,119.72356996380753
93,73,256,120.3329899373443
93,74,255,120.10623624239847
93,75,254,111.42906167821337
93,76,253,109.45113991621973
93,77,252,108.88541927559253
93,78,251,107.77248685389912
93,79,250,107.25151878252186
93,80,249,108.713892032329
93,81,248,104.28434669250964
93,82,247,103.32143985705098
93,83,246,103.180433045419
93,84,245,104.76787381535014
93,85,244,105.61855077868853
93,86,243,101.91509675873974
93,87,242,104.8201287865734
93,88,241,109.79680791863294
93,89,240,106.09882016489875
93,90,239,100.66712888099491
93,91,238,95.54969126434077
93,92,237,92.9406756377061
93,93,236,93.25739187737122
93,94,235,90.24733235493234
93,95,234,96.68388250542904
93,96,233,95.0299394288553
93,97,232,97.21905725932461
93,98,231,106.12832533918936
93,99,230,104.14112250426291
93,100,229,100.86767644747519
93,101,228,107.42020887336096
93,102,227,106.4942911153634
93,103,226,104.89216651120124
93,104,225,104.04237611900308
93,105,224,107.80571661055775
93,106,223,113.56225090336201
93,107,222,114.65592879305748
93,108,221,114.66924738764033
93,109,220,110.88462291454111
93,110,219,107.61641932262064
93,111,218,112.54271539592088
93,112,217,111.49513504252491
93,113,216,116.94685363878459
93,114,215,107.5290422285185
93,115,214,107.46106024043758
93,116,213,110.57469367730747
93,117,212,107.12937660779292
93,118,211,108.2132524316169
93,119,210,111.1998100134069
93,120,209,109.46854966574868
93,121,208,103.614944563384
93,122,207,102.02167152660661
93,123,206,106.5231493963075
93,124,205,107.62842772612598
93,125,204,106.03917454828186
93,126,203,106.14059187709982
93,127,202,105.37549749271116
93,128,201,103.24122456086613
93,129,200,98.90303124765896
93,130,199,99.81125020351513
93,131,198,94.56686201473485
93,132,197,96.88907826168445
93,133,196,94.85430594224248
93,134,195,98.10052865504468
93,135,194,96.90160168574845
93,136,193,98.90565585804359
93,137,192,102.62400997721493
93,138,191,101.1691403574456
93,139,190,99.76518769047794
93,140,189,99.95685808471305
93,141,188,97.23059396996103
93,142,187,101.09650976748583
93,143,186,104.20020911563873
93,144,185,105.99404458332187
93,145,184,106.57720872115883
93,146,183,102.43335604878494
93,147,182,101.26416725513515
93,148,181,100.52124569949464
93,149,180,103.35477606559063
93,150,179,106.07800449221847
93,151,178,106.6032545679592
93,152,177,107.69763967833563
93,153,176,109.25777735587434
93,154,175,110.63384474692339
93,155,174,110.20761880258762
93,156,173,111.58488352302041
93,157,172,113.24981840639757
93,158,171,114.65212891213051
93,159,170,113.91456594523905
93,160,169,116.91772550180752
93,161,168,116.16496981810062
93,162,167,111.57441163163
93,163,166,112.85167604941185
93,164,165,113.5736192894723
93,165,164,113.14001329333315
93,166,163,114.40920953718346
93,167,162,113.71151362054829
93,168,161,110.70596908172371
93,169,160,111.82396141840837
93,170,159,112.68159519440678
93,171,158,109.19776375327297
93,172,157,109.4471109947323
93,173,156,109.03492779891434
93,174,155,109.73838530266804
93,175,154,108.79750759104442
93,176,153,108.84210017974894
93,177,152,107.2543959590731
93,178,151,106.21546466514413
93,179,150,104.31902867686719
93,180,149,104.45562923259467
93,181,148,101.1673895537617
93,182,147,101.90302327929584
93,183,146,103.46906100651313
93,184,145,103.0251430877207
93,185,144,97.99352195950163
93,186,143,91.82560047825494
93,187,142,90.59666140479248
93,188,141,88.5700994201329
93,189,140,94.91291692248278
93,190,139,97.03513889778247
93,191,138,96.17835524873018
93,192,137,91.1262589570126
93,193,136,89.86242924707847
93,194,135,92.35882183064824
93,195,134,92.53974613055249
93,196,133,90.27585145872015
93,197,132,92.14029765920057
93,198,131,94.6076347450119
93,199,130,91.26514861596468
93,200,129,92.55088164395767
93,201,128,95.16868755642855
93,202,127,93.02529679054635
93,203,126,90.50528872668133
93,204,125,87.10533986068614
93,205,124,91.14816121071357
93,206,123,90.3799552240522
93,207,122,86.44699678205518
93,208,121,84.57946633850133
93,209,120,83.1131568584434
93,210,119,79.21510686680884
93,211,118,79.75791729229144
93,212,117,81.5406302955119
93,213,116,82.44795752792805
93,214,115,81.66041812271078
93,215,114,79.81180440940761
93,216,113,78.51228181747045
93,217,112,73.73579713634513
93,218,111,74.09663132172844
93,219,110,74.52449651054647
93,220,109,79.21707509821988
93,221,108,78.09521140208798
93,222,107,75.10653412008602
93,223,106,72.62098902036023
93,224,105,70.64161178146307
93,225,104,70.18563050296245
93,226,103,61.66080186921519
93,227,102,62.88363523269951
93,228,101,59.46962002948017
93,229,100,64.3774536778478
93,230,99,67.05785790408775
93,231,98,66.11125572952132
93,232,97,63.54102450935373
93,233,96,61.92471144555691
93,234,95,60.594305712442484
93,235,94,56.55947482716981
93,236,93,56.79843868438422
93,237,92,53.870608515608154
93,238,91,54.98582766334333
93,239,90,55.27574994583117
93,240,89,53.168548359598425
93,241,88,51.392327093248085
93,242,87,48.610605737348365
93,243,86,50.08492796601722
93,244,85,52.21528541368352
94,40,148,118.02266292966107
94,41,147,118.21431028378262
94,42,146,117.84313202106789
94,43,145,115.7306099240466
94,44,144,116.22237607946687
94,45,143,116.66751555212466
94,46,142,117.6523271581105
94,47,141,117.77267383125958
94,48,140,122.6889064614173
94,49,139,121.81593458305107
94,50,138,119.52322549251298
94,51,137,118.92379972277462
94,52,136,118.59441748681485
94,53,135,120.28369461350803
94,54,134,120.69761106811444
94,55,133,120.01146233003553
94,56,132,120.53534955243427
94,57,131,121.29834302980748
94,58,130,120.32021492692115
94,59,129,119.16060814856965
94,60,128,119.35904087195708
94,61,127,120.30560352596905
94,62,126,120.65029490212405
94,63,125,119.28004205112362
94,64,124,119.49555600193099
94,65,123,120.82179377218543
94,66,122,120.06629831498078
94,67,121,120.19847206810633
94,68,120,120.24551582087963
94,69,119,119.86614604580916
94,70,118,116.82979745309058
94,71,117,116.07809159689135
94,72,116,116.12447763996444
94,73,115,111.17172927624367
94,74,114,107.18801616743555
94,75,113,103.47026933157794
94,76,112,100.30191442414791
94,77,111,101.59684603370269
94,78,110,92.19925210746574
94,79,109,93.29612642859789
94,80,108,84.73205590403819
94,81,107,85.68925413748934
94,82,106,85.01463166591589
94,83,105,86.10120075594776
94,84,104,91.92502861029239
94,85,103,90.8298289249027
94,86,102,91.15251403480221
94,87,101,86.93249267411574
94,88,100,86.15264498845383
94,89,99,82.55687380750896
94,90,98,79.00661502549345
94,91,97,83.14320474184726
94,92,96,82.82922908630616
94,93,95,81.76220597015691
94,94,94,77.649032799821
94,95,93,81.32660928233193
94,96,92,80.1868996146452
94,97,91,85.92809979117753
94,98,90,80.72008513662279
94,99,89,77.31881754239544
94,100,88,76.08929083621794
94,101,87,80.85755411660571
94,102,86,84.10850655055793
94,103,85,86.87320329891946
94,104,84,87.28809886501173
94,105,83,81.76146862153061
94,106,82,82.15647011667329
94,107,81,81.26267029296615
94,108,80,84.67601584542362
94,109,79,81.58936706606988
94,110,78,82.29982401794504
94,111,77,87.05740742071853
94,112,76,86.21711492902963
94,113,75,86.45321894366238
94,114,74,84.70077547710093
94,115,73,79.0443599348726
94,116,72,77.49008994505934
94,117,71,75.28142436461442
94,118,70,68.52927316727748
94,119,69,74.46423810519572
94,120,68,67.49595465972456
94,121,67,64.67358914403664
94,122,66,65.88310553166878
94,123,65,67.43219576740935
94,124,64,69.19432759130069
94,125,63,69.25387876887143
94,126,62,65.6106088269143
94,127,61,69.12564132286883
94,128,60,66.86637155253676
94,129,59,69.94686791676344
94,130,58,70.8457873146692
94,131,57,67.74945921927105
94,132,56,66.33860026050938
94,133,55,62.152082875501065
95,40,177,123.7924972226766
95,41,176,123.20562358499714
95,42,175,122.37707933252196
95,43,174,121.21839629960823
95,44,173,120.10682120562356
95,45,172,119.2665140370305
95,46,171,120.77297640686879
95,47,170,120.07212779895643
95,48,169,118.92927946338713
95,49,168,119.32833372220546
95,50,167,119.10776906886554
95,51,166,118.85795530517787
95,52,165,117.32903369086708
95,53,164,115.99792110552903
95,54,163,118.91404221551187
95,55,162,117.08887567256566
95,56,161,116.11216327554152
95,57,160,115.33269581982027
95,58,159,111.16996805121272
95,59,158,111.36993212530336
95,60,157,110.19096376945711
95,61,156,111.38072784126516
95,62,155,111.4165928943063
95,63,154,107.67671396317715
95,64,153,106.52758889280837
95,65,152,110.53617132675467
95,66,151,111.89469122879166
95,67,150,112.1605775980588
95,68,149,110.5528631595754
95,69,148,109.27994180926677
95,70,147,103.07973288168182
95,71,146,106.27033262548775
95,72,145,105.30133049039821
95,73,144,104.60569890162104
95,74,143,107.65270359208768
95,75,142,109.5200756574207
95,76,141,112.21549082427498
95,77,140,111.79243896269745
95,78,139,109.85792560646193
95,79,138,111.0588743486044
95,80,137,112.58815809340504
95,81,136,114.0903797970083
95,82,135,114.11873527262117
95,83,134,112.46098330968098
95,84,133,111.1122278080968
95,85,132,108.74439085471259
95,86,131,109.14738078375987
95,87,130,110.07852381318983
95,88,129,106.02473883462278
95,89,128,106.25703898585394
96,40,194,124.27580680184506
96,41,193,123.59100614734393
96,42,192,122.55413513418378
96,43,191,121.85962934126067
96,44,190,122.05785213427927
96,45,189,122.58566848035497
96,46,188,122.59039887354909
96,47,187,122.63022585659775
96,48,186,123.17254873820937
96,49,185,122.7879332030214
96,50,184,122.29388795662805
96,51,183,121.22672911760407
96,52,182,120.04626029843126
96,53,181,119.7949294291698
96,54,180,122.84538670839837
96,55,179,122.84221490938715
96,56,178,122.6969187318712
96,57,177,119.78312980340169
96,58,176,119.61965666855681
96,59,175,119.16276079636032
96,60,174,119.34406644939617
96,61,173,119.77080829865595
96,62,172,119.02807693955549
96,63,171,120.27365299893026
96,64,170,118.85750439085113
96,65,169,119.22948210065363
96,66,168,120.02236682961119
96,67,167,121.44025403288818
96,68,166,121.2992709737488
96,69,165,120.8583261705113
96,70,164,121.41763764909041
96,71,163,121.87001614998186
96,72,162,122.15236536209943
96,73,161,122.38309995266675
96,74,160,121.71553695280025
96,75,159,120.82221153944019
96,76,158,123.04244817537827
96,77,157,121.26959966859826
96,78,156,120.53826034001433
96,79,155,121.00791424270514
96,80,154,119.41865805247852
96,81,153,121.52271756417048
96,82,152,120.5129767831626
96,83,151,118.98656442236894
96,84,150,117.90103237813503
96,85,149,117.74393762337957
96,86,148,118.55509894622193
96,87,147,120.10125749546863
96,88,146,120.68197638918267
96,89,145,120.04605993851355
96,90,144,117.72574995797535
96,91,143,117.40693340821784
96,92,142,117.94004434859252
96,93,141,119.54317078684281
96,94,140,117.03813622147608
96,95,139,115.90721733213738
96,96,138,113.66899239775381
96,97,137,113.30769026682475
97,40,176,120.08096001197816
97,41,175,119.36199308304238
97,42,174,118.10447009206845
97,43,173,119.33643185623845
97,44,172,120.34926401086278
97,45,171,119.34656124123924
97,46,170,120.24056518800496
97,47,169,121.12615793703264
97,48,168,121.00285444220279
97,49,167,121.14646830118897
97,50,166,120.24573711232568
97,51,165,119.01168905478329
97,52,164,119.6665982843571
97,53,163,119.2064383659209
97,54,162,119.3192475903831
97,55,161,119.77656927754506
97,56,160,118.35645763944869
97,57,159,117.22367249335875
97,58,158,118.3995433866983
97,59,157,116.43117469237521
97,60,156,116.38207082474959
97,61,155,115.12889524201418
97,62,154,117.05043411425741
97,63,153,115.81124331419744
97,64,152,116.93228378475965
97,65,151,118.33925103220089
97,66,150,119.29879641411866
97,67,149,118.13281182449902
97,68,148,115.86628521864739
97,69,147,113.65666497328556
97,70,146,115.15644647881928
97,71,145,110.5021784752301
97,72,144,112.2241543875496
97,73,143,111.44461555502673
97,74,142,112.79335658597127
97,75,141,112.49382539381384
97,76,140,114.29982686934449
97,77,139,113.39024084410028
97,78,138,115.05775156307405
97,79,137,115.71177915798822
97,80,136,114.67650678054508
97,81,135,110.03005648443346
97,82,134,107.06943861755474
97,83,133,108.6074094289427
97,84,132,109.85947602792429
97,85,131,108.38884552501047
97,86,130,108.20144493325088
97,87,129,107.45262462413456
97,88,128,108.8796669250024
97,89,127,110.08915235782082
97,90,126,109.89901066469997
97,91,125,111.56574328738989
97,92,124,107.71012927749814
97,93,123,108.7780983901586
97,94,122,106.82571909018841
97,95,121,108.85243380744893
97,96,120,107.48130738472902
97,97,119,108.43481431987378
97,98,118,105.06193644487053
97,99,117,101.30818988975312
97,100,116,101.07663351724516
97,101,115,104.92802884003612
97,102,114,105.80855241015418
97,103,113,104.51380400576429
97,104,112,100.2633029979441
97,105,111,101.24247950512208
97,106,110,103.82085851168213
97,107,109,104.95525471790532
97,108,108,104.86157714568601
97,109,107,104.38372629654793
97,110,106,106.10182219354719
97,111,105,104.42372945588613
97,112,104,103.7048498078095
97,113,103,103.079432467296
97,114,102,104.07287778679687
97,115,101,105.50841210221772
97,116,100,109.9318590012262
97,117,99,111.28579083434056
97,118,98,112.82421819061312
97,119,97,107.77509203928562
97,120,96,109.24978390846235
97,121,95,109.6557113533794
97,122,94,106.70257063330185
97,123,93,108.57538226947197
97,124,92,108.84463003638811
97,125,91,109.82079101727348
97,126,90,111.74423131147951
97,127,89,110.1305416700772
97,128,88,107.50404075451166
97,129,87,104.06803711111577
97,130,86,106.9545694676709
97,131,85,107.06913894680035
97,132,84,103.93275374722569
97,133,83,101.50017247014858
97,134,82,98.73931370906163
98,40,140,120.13766849360402
98,41,139,119.95986868801802
98,42,138,116.04713656088992
98,43,137,112.97504896241244
98,44,136,114.87547267372197
98,45,135,115.0023732179514
98,46,134,111.92262634281641
98,47,133,108.78382615175852
98,48,132,111.27125770147501
98,49,131,108.93958035389673
98,50,130,100.76055047165411
98,51,129,96.5502440024602
98,52,128,93.14505629680176
98,53,127,94.02081724892223
98,54,126,99.32920778475435
98,55,125,102.54275944972377
98,56,124,101.24653070230025
98,57,123,109.59211815239144
98,58,122,108.39967642040068
98,59,121,104.53255047347193
98,60,120,101.86665781735212
98,61,119,98.29021586678219
98,62,118,100.56497827267114
98,63,117,99.02184831683972
98,64,116,96.03227588056635
98,65,115,94.24093221076531
98,66,114,104.62121372788835
98,67,113,92.09547939512844
98,68,112,102.7975209583594
98,69,111,111.73906980417885
98,70,110,113.02188349835166
98,71,109,112.44946783639443
98,72,108,111.74325791267816
98,73,107,109.10151865417824
98,74,106,104.2319312989483
98,75,105,107.28382158058857
98,76,104,104.93914482780586
98,77,103,104.21125922339246
98,78,102,103.57847074050974
98,79,101,98.64207847194498
98,80,100,97.51934976240761
98,81,99,97.18487090297862
98,82,98,97.04873383617095
98,83,97,91.96454446617169
98,84,96,96.57624355698974
98,85,95,100.43763264340706
98,86,94,99.29857698769061
98,87,93,97.07276468253107
98,88,92,100.05906133766547
98,89,91,99.10143418493055
98,90,90,95.10699658609286
98,91,89,93.22641442452371
98,92,88,92.11771348318246
98,93,87,95.17951919136033
98,94,86,101.37732255651252
98,95,85,98.68787110624064
98,96,84,96.46861312477309
98,97,83,101.68109241965561
98,98,82,100.25680773431442
98,99,81,100.46205233379922
98,100,80,94.51960561208993
98,101,79,89.3059768538634
98,102,78,89.07336224434854
98,103,77,78.28148311298312
98,104,76,71.61895693915434
98,105,75,80.66700528245897
98,106,74,79.25410894329502
98,107,73,82.02429975189756
98,108,72,84.25923533795114
98,109,71,94.70279233166221
98,110,70,88.54906870803588
98,111,69,89.09830036460066
98,112,68,88.32517546568945
98,113,67,77.78556218730249
98,114,66,83.403894828602
98,115,65,90.4067564328486
98,116,64,91.26759845592872
98,117,63,90.29696449774485
98,118,62,83.86513228101579
98,119,61,75.62890780908792
98,120,60,74.95113520186123
98,121,59,75.34788135122614
99,40,174,123.28941020784599
99,41,173,123.32919467774357
99,42,172,123.77645241547614
99,43,171,123.56398129750497
99,44,170,122.20831687808653
99,45,169,123.53952747465956
99,46,168,123.44292048460366
99,47,167,122.75117310891939
99,48,166,123.14651231256556
99,49,165,123.660144238079
99,50,164,124.22967535306131
99,51,163,123.42017959083839
99,52,162,123.56122950274116
99,53,161,123.6144357853642
99,54,160,123.17951948702668
99,55,159,123.32787774403214
99,56,158,123.69310504833763
99,57,157,121.82915444908213
99,58,156,122.1014738863344
99,59,155,123.36038127160005
99,60,154,123.38238599784724
99,61,153,123.27364506146856
99,62,152,121.72278763929052
99,63,151,119.02069200486987
99,64,150,117.91642162755898
99,65,149,116.68781154603961
99,66,148,116.26784592419968
99,67,147,117.28607209549276
99,68,146,118.35676247750692
99,69,145,120.18928014067637
99,70,144,120.58304055891051
99,71,143,121.93894758241777
99,72,142,121.43896714034298
99,73,141,120.92772303418472
99,74,140,121.07906303113356
99,75,139,121.20397937872235
99,76,138,118.94618205951392
99,77,137,120.0084862356245
99,78,136,120.57486889385974
99,79,135,119.09080467944534
99,80,134,116.9499773589987
99,81,133,120.23896476330188
99,82,132,119.10896118359491
99,83,131,119.52613735183256
99,84,130,119.92318718552113
99,85,129,118.55053048783009
99,86,128,120.70987516260382
99,87,127,120.91852315461658
99,88,126,119.51861892478252
99,89,125,112.52358025329386
99,90,124,111.09568553235889
99,91,123,112.07693785788733
99,92,122,118.25047654403144
99,93,121,116.42346730178211
99,94,120,116.2577006031072
99,95,119,118.52021672163016
99,96,118,117.4566139683098
99,97,117,115.96386012395075
100,40,178,123.2792684561669
100,41,177,123.06221076210093
100,42,176,123.01280318441609
100,43,175,122.97256484254984
100,44,174,121.56852718965311
100,45,173,122.19581152653794
100,46,172,122.55622778983442
100,47,171,122.24800076755733
100,48,170,121.93730872020717
100,49,169,122.27459415051956
100,50,168,122.46644883181384
100,51,167,123.19096846459334
100,52,166,121.97094841708056
100,53,165,122.21539791307126
100,54,164,122.50032145372134
100,55,163,122.5730276211957
100,56,162,121.98008025471917
100,57,161,122.09602175800367
100,58,160,121.06779455010053
100,59,159,121.14072449034154
100,60,158,120.14994544747393
100,61,157,119.26806669806322
100,62,156,119.31858030269312
100,63,155,118.11375278179281
100,64,154,118.67289868979731
100,65,153,119.17309625847628
100,66,152,119.17637202767403
100,67,151,119.75445927967712
100,68,150,118.43769639672166
100,69,149,118.16883749105546
100,70,148,115.34422795212929
100,71,147,112.61525256293416
100,72,146,113.76583092838436
100,73,145,114.0271133318569
100,74,144,112.38519328609422
100,75,143,114.01658233540044
100,76,142,113.22829054530517
100,77,141,109.99932508466003
100,78,140,109.67327398642865
100,79,139,112.69691270792455
100,80,138,115.9946943978253
100,81,137,116.31603799522888
100,82,136,117.17072234616612
100,83,135,118.78899197429399
100,84,134,120.57312455137743
100,85,133,120.47595193968635
100,86,132,119.10601164263899
100,87,131,118.89163537760496
100,88,130,117.44261827996436
100,89,129,116.0943837095312
100,90,128,116.48827401269129
100,91,127,115.95888216682299
100,92,126,118.23741176387648
100,93,125,115.64214171729847
100,94,124,114.33178041705906
100,95,123,112.71764447408057
100,96,122,111.76998313331988
100,97,121,111.21540339287068
100,98,120,112.59735939078442
100,99,119,114.6163966267466
100,100,118,112.63918423376353
100,101,117,112.31764407170185
100,102,116,112.22967335258923
100,103,115,111.97232755679717
100,104,114,112.00075694053686
100,105,113,108.24773222329509
100,106,112,107.32446646210576
100,107,111,104.17958171704535
100,108,110,105.1178867352174
100,109,109,101.98629315512336
100,110,108,101.65751682708469
100,111,107,102.61199506032153
100,112,106,103.65352659786318
100,113,105,102.36794833106961
100,114,104,100.6536976380363
100,115,103,99.77460202770868
100,116,102,100.3347739682296
100,117,101,101.49784755870249
100,118,100,101.22923142172002
100,119,99,100.38465233272592
100,120,98,97.11057470732153
100,121,97,95.17659097516167
100,122,96,95.41288637375777
100,123,95,95.89574927904562
100,124,94,96.59676652842268
100,125,93,95.93566290189656
100,126,92,94.3938073394356
100,127,91,90.85085061577476
100,128,90,90.2044557607919
100,129,89,88.17210055623096
100,130,88,88.67271284192032
100,131,87,85.30361194308477
100,132,86,84.02579834123631
100,133,85,80.82802925698894
100,134,84,80.99523443311512
100,135,83,79.94049120520039
100,136,82,82.74400500657475
100,137,81,86.17332921396998
100,138,80,87.3120558757791
100,139,79,93.4798654093035
100,140,78,94.7401961068052
100,141,77,92.47395547705432
100,142,76,93.8954669653277
100,143,75,91.18932112434551
100,144,74,89.1318234894159
100,145,73,83.00525778218656
100,146,72,81.31751340914364
100,147,71,78.22224227863973
100,148,70,77.9996523303117
100,149,69,74.66914112469334
100,150,68,72.26848513775718
100,151,67,68.4806844875774
100,152,66,65.81692281143623
100,153,65,65.62400653551202
100,154,64,63.56438444878216
100,155,63,61.474671201812114
100,156,62,62.7825975327376
100,157,61,62.28927158094278
100,158,60,62.06851412844897
100,159,59,62.57834153295314
100,160,58,60.799698342058136
100,161,57,57.29180378734045
100,162,56,56.92604266723708
100,163,55,53.3857619648639
100,164,54,52.806599122815896
100,165,53,49.93067873745302
100,166,52,49.01871342441878
100,167,51,45.44460405639194
100,168,50,45.24594333103665
100,169,49,45.78050366748521
100,170,48,44.36151607021809
100,171,47,46.18442213364881
100,172,46,46.23958283062963
100,173,45,45.76545231672456
100,174,44,46.49021033037586
100,175,43,46.38706426782279
100,176,42,44.68237180751323
100,177,41,43.49319036571366
100,178,40,41.29555790314461
100,179,39,40.885421552256965
100,180,38,39.065831496515216
100,181,37,40.08147419078593
100,182,36,40.00614788091676
100,183,35,38.37386057213003
100,184,34,36.75323000350153
100,185,33,36.454341711612315
100,186,32,32.87514282906757
100,187,31,31.593080310705652
100,188,30,31.865179374175604
100,189,29,30.430307395469356
100,190,28,30.636075258146807
100,191,27,28.23694135856399
100,192,26,27.79857029314471
100,193,25,26.734617504239324
100,194,24,23.75375256710224
100,195,23,22.341653053619922
100,196,22,22.8737801376856
100,197,21,21.965210639365424
100,198,20,20.887522676638042
