unit,cycle,true_rul,pred_rul
1,40,236,123.10000117241124
1,41,235,122.76973749000351
1,42,234,125.0
1,43,233,125.0
1,44,232,125.0
1,45,231,123.50236445249448
1,46,230,121.07030132997451
1,47,229,118.78422016828465
1,48,228,122.07270293470029
1,49,227,123.55574721775182
1,50,226,123.33004833599246
1,51,225,124.15885991424162
1,52,224,124.34444363615503
1,53,223,125.0
1,54,222,124.09221239466669
1,55,221,122.31070861294043
1,56,220,124.35404792129646
1,57,219,122.11936747777249
1,58,218,120.91690529005204
1,59,217,119.55828799150012
1,60,216,121.29035601317688
1,61,215,120.36505388097083
1,62,214,120.15175014183572
1,63,213,120.58714725989171
1,64,212,119.50731257430516
1,65,211,118.7113681535576
1,66,210,116.69212240365984
1,67,209,116.70597901872411
1,68,208,115.0960947385984
1,69,207,112.7843202815539
1,70,206,111.389364867788
1,71,205,112.4331077493827
1,72,204,109.56378469701076
1,73,203,113.92709972553175
1,74,202,116.53567155801696
1,75,201,119.80769771465306
1,76,200,119.67566784796838
1,77,199,119.82409256522382
1,78,198,117.09461975390815
1,79,197,117.75027085085614
1,80,196,118.11827106641411
1,81,195,118.65448598750802
1,82,194,120.72971180405375
1,83,193,120.09083406193693
1,84,192,116.95848022759388
1,85,191,116.13117129222996
1,86,190,113.8959447059137
1,87,189,109.09894064294781
1,88,188,109.97907097509272
1,89,187,108.10926517658547
1,90,186,109.48783965952865
1,91,185,108.70995049585011
1,92,184,112.41275763466656
1,93,183,108.91465151236463
1,94,182,107.20133139562985
1,95,181,107.74795622240262
1,96,180,106.79157194179659
1,97,179,105.86335388300044
1,98,178,104.74985766771499
1,99,177,109.24318063320004
1,100,176,108.0178799681945
1,101,175,105.49857724886772
1,102,174,103.69311132649182
1,103,173,106.90966652193254
1,104,172,111.79453650686344
1,105,171,109.82845191470497
1,106,170,111.68673242301364
1,107,169,111.42998562947653
1,108,168,109.12671746369722
1,109,167,109.36697448864396
1,110,166,109.18557128711038
1,111,165,113.86675650189545
1,112,164,109.50308863899508
1,113,163,108.98391449963188
1,114,162,110.97960936216873
1,115,161,113.64555786796495
1,116,160,113.05613158043838
1,117,159,113.51898147551543
1,118,158,112.4456023807779
1,119,157,113.66921331710125
1,120,156,114.33889447704101
1,121,155,111.78104059270939
1,122,154,108.62833268880792
1,123,153,107.7349594846149
1,124,152,108.18165517191885
1,125,151,113.87228079058127
1,126,150,111.97145932369679
1,127,149,109.27027405196931
1,128,148,109.47024830887534
1,129,147,108.93746691761174
1,130,146,112.63752163281997
1,131,145,114.92968779598851
1,132,144,113.26735943081272
1,133,143,111.39504358131609
1,134,142,112.23610805903624
1,135,141,114.35555237906696
1,136,140,116.84499060709007
1,137,139,111.86989380175797
1,138,138,107.84534636453975
1,139,137,104.53674395237928
1,140,136,101.42863601125694
1,141,135,103.76141055418873
1,142,134,103.21470238130715
1,143,133,104.37561605863867
1,144,132,106.24087546209114
1,145,131,103.69705681876533
1,146,130,100.10031857847312
1,147,129,100.2445809279042
1,148,128,90.02739115678091
1,149,127,87.39328967599518
1,150,126,81.15836101131279
1,151,125,82.40041914257795
1,152,124,81.58637463717356
1,153,123,83.18288028096686
1,154,122,79.66230691296919
1,155,121,83.83273225038997
1,156,120,86.96969341272555
1,157,119,82.59886120553506
1,158,118,86.54858111444635
1,159,117,88.09034565603773
1,160,116,85.19403690975896
1,161,115,87.32850873705182
1,162,114,80.7694890140454
1,163,113,78.22745853515588
1,164,112,71.63789382556803
1,165,111,72.98814185441807
1,166,110,68.48161615582563
1,167,109,69.9688795161853
1,168,108,81.45916478288865
1,169,107,78.97099524967086
1,170,106,85.98293450602313
1,171,105,89.49673657718417
1,172,104,95.95222142267474
1,173,103,99.4039518408452
1,174,102,99.47529417865604
1,175,101,100.69044172866941
1,176,100,102.64812854612302
1,177,99,96.02623055655323
1,178,98,96.42200551413706
1,179,97,92.10992504388582
1,180,96,94.8539856491921
1,181,95,95.08332178256353
1,182,94,92.8100845033268
1,183,93,97.87338498221018
1,184,92,99.0267423447518
1,185,91,104.55963037229304
1,186,90,103.74857357796039
1,187,89,99.88496670282927
1,188,88,105.40776680123162
1,189,87,105.6197109359535
1,190,86,98.57684265995255
1,191,85,97.85713931556819
1,192,84,99.5102887033581
1,193,83,89.23204221097811
1,194,82,87.36480620135521
1,195,81,88.21718154450183
1,196,80,87.0402187713423
1,197,79,79.30140608218301
1,198,78,77.56469311644301
1,199,77,73.88948222068788
1,200,76,67.99298774599386
1,201,75,60.72883167405718
1,202,74,61.058352690995484
1,203,73,60.141396651551354
1,204,72,55.133873833751274
1,205,71,45.86007443156221
1,206,70,44.706365308104594
1,207,69,43.26529287135878
1,208,68,43.1575768108942
1,209,67,46.51064995820952
1,210,66,49.404546537150075
1,211,65,47.746202417151075
1,212,64,45.349199792839315
1,213,63,46.19441127540888
1,214,62,42.54764431560079
1,215,61,44.343604661160356
1,216,60,41.319518939947386
1,217,59,43.6566105231328
1,218,58,40.260033747645
1,219,57,43.891405792814254
1,220,56,44.58441847197352
1,221,55,41.61399305248888
1,222,54,43.87773890953355
1,223,53,42.48088706821493
1,224,52,40.37688771472758
1,225,51,40.8498306445107
1,226,50,39.92126732054503
1,227,49,39.80239119346332
1,228,48,36.813590432304494
1,229,47,38.56676237890787
1,230,46,38.038327647755665
1,231,45,38.39520884738654
1,232,44,36.6326059472314
1,233,43,36.023125967692394
1,234,42,36.55447396761802
1,235,41,36.16765781780195
1,236,40,34.9797806746292
1,237,39,31.490977496023234
1,238,38,30.499584144879478
1,239,37,29.605956552999352
1,240,36,28.48277475288125
1,241,35,29.093403375907634
1,242,34,31.725512508436275
1,243,33,33.555410991517036
1,244,32,33.84313993038882
1,245,31,33.06386953721614
1,246,30,31.950319549843165
1,247,29,27.63047749281774
1,248,28,28.945325050624472
1,249,27,26.979033260065144
1,250,26,25.344790250466527
1,251,25,23.66342938771252
1,252,24,22.238660022176894
1,253,23,21.8383343040356
1,254,22,20.877937416850614
1,255,21,18.258139563590298
1,256,20,18.40019107633212
1,257,19,19.428584031958877
1,258,18,18.743110916113665
2,40,94,119.02906604207203
2,41,93,116.6000577810411
2,42,92,114.00073400045162
2,43,91,115.44367249044979
2,44,90,116.36354380325008
2,45,89,114.70269917834511
2,46,88,116.29466519562118
2,47,87,115.05094994235003
2,48,86,113.40614479747484
2,49,85,110.14427074802822
2,50,84,108.1907527687872
2,51,83,109.13392180144103
2,52,82,109.24453289302626
2,53,81,106.8469587004586
2,54,80,106.99098543935068
2,55,79,107.61938797381237
3,40,231,124.03392398364319
3,41,230,121.37835209859927
3,42,229,121.97974459339261
3,43,228,123.83617290044718
3,44,227,123.65786674478399
3,45,226,119.48724629926029
3,46,225,120.08478384533441
3,47,224,121.77920874961862
3,48,223,121.65113064805047
3,49,222,120.12654952186233
3,50,221,117.53236288459496
3,51,220,117.55533510062492
3,52,219,119.96363014107123
3,53,218,119.20322919524429
3,54,217,120.44557605005895
3,55,216,119.89771259612675
3,56,215,117.54541700324388
3,57,214,113.38135784073117
3,58,213,113.7171815702225
3,59,212,115.1439950234436
3,60,211,116.34112896760473
3,61,210,114.74792602377278
3,62,209,111.27451788197291
3,63,208,109.0812427761416
3,64,207,108.57749875319672
3,65,206,111.24060307972144
3,66,205,105.11198753602424
3,67,204,110.10494281667007
3,68,203,107.7202098981487
3,69,202,109.07537054163194
3,70,201,108.40740363137922
3,71,200,112.2465358572336
3,72,199,112.69266236735746
3,73,198,115.54234893724654
3,74,197,114.57670142615817
3,75,196,113.18342668417102
3,76,195,111.74743425971462
3,77,194,112.50599680716249
3,78,193,112.13061884013698
3,79,192,111.50045323282828
3,80,191,111.17602414815545
3,81,190,111.06006708401118
3,82,189,114.17967843512653
3,83,188,115.07816015185989
3,84,187,114.70672098594437
3,85,186,115.38692688809918
3,86,185,115.59012194037334
3,87,184,114.32852176231543
3,88,183,113.94266039791272
3,89,182,114.87044229459013
3,90,181,113.15903606618879
3,91,180,116.37479439100056
3,92,179,116.54045358541063
3,93,178,114.58089258438852
3,94,177,111.03861231128477
3,95,176,109.6979146480702
3,96,175,103.9631772346991
3,97,174,105.02915105842723
3,98,173,105.63133964826345
3,99,172,104.1574969011364
3,100,171,101.53460576735635
3,101,170,97.00069089235433
3,102,169,92.94334115733471
3,103,168,96.33453733691783
3,104,167,101.45572593985344
3,105,166,94.47890395310014
3,106,165,92.75746662740428
3,107,164,94.32366349813623
3,108,163,90.49159329078194
3,109,162,88.56156630977682
3,110,161,86.74759080309855
3,111,160,99.89722138026843
3,112,159,98.11231038486737
3,113,158,104.63549151944099
3,114,157,104.09194882133535
3,115,156,104.36608218198074
3,116,155,98.25991553300247
3,117,154,96.982333829116
3,118,153,100.98512994395938
3,119,152,100.6109756572198
3,120,151,105.36460552292124
3,121,150,106.97079557919841
3,122,149,106.91721457926866
3,123,148,108.29471437498
3,124,147,107.24487446322898
3,125,146,105.24476783581156
3,126,145,104.95818377309473
3,127,144,103.14360947317846
3,128,143,97.04685673958465
3,129,142,96.93295419627287
3,130,141,93.90595824948336
3,131,140,95.35071020845983
3,132,139,100.33150404533686
3,133,138,94.6254819659634
3,134,137,95.62375324963925
3,135,136,90.01567121077193
3,136,135,94.33182779040281
3,137,134,93.14566231901398
3,138,133,96.55463046212645
3,139,132,98.17019838034398
3,140,131,101.21455337852672
3,141,130,100.83545497764047
3,142,129,103.66241558270028
3,143,128,108.14819130506993
3,144,127,112.1295279792122
3,145,126,111.20631622372561
3,146,125,110.77104247129678
3,147,124,112.83770320318717
3,148,123,99.81561137219836
3,149,122,100.28794316699572
3,150,121,99.00503323449146
3,151,120,101.48964370549102
3,152,119,98.55358648672039
3,153,118,96.49161691701971
3,154,117,96.84675092036531
3,155,116,100.7864374318126
3,156,115,100.12608930338679
3,157,114,100.97904012272076
3,158,113,101.77700537013973
3,159,112,102.4778634529716
3,160,111,108.45106992766476
3,161,110,109.26381680450393
3,162,109,109.76061507793406
3,163,108,110.47382087406478
3,164,107,111.85595193204556
3,165,106,115.2515383691252
4,40,156,119.16043428227468
4,41,155,117.02875664135306
4,42,154,117.48460988835399
4,43,153,118.97192865047307
4,44,152,118.70316481238709
4,45,151,118.0312170010403
4,46,150,118.07757022903351
4,47,149,117.1079921490124
4,48,148,115.86735240895425
4,49,147,116.73142868935003
4,50,146,117.02189833574468
4,51,145,116.93559460953287
4,52,144,109.93487780929792
4,53,143,104.63428713394558
4,54,142,107.07816474169944
4,55,141,104.99515372737831
4,56,140,107.93200534361688
4,57,139,104.76045035803313
4,58,138,96.91880246998807
4,59,137,108.08061331332965
4,60,136,110.2505517195356
4,61,135,114.68818259484758
4,62,134,110.12923093769984
4,63,133,116.46645588347451
4,64,132,113.85212268299279
4,65,131,111.46090169104852
4,66,130,112.10733987169306
4,67,129,111.45046153340203
4,68,128,106.84193413657617
4,69,127,105.04063832224017
4,70,126,104.8190464924932
4,71,125,106.38726377012198
4,72,124,103.00331696084984
4,73,123,98.18462444281222
4,74,122,96.58504045772776
4,75,121,96.58709215236564
4,76,120,90.96252683669692
4,77,119,91.56267965588488
4,78,118,92.10907781261797
4,79,117,95.87256198931631
4,80,116,91.88010264682353
4,81,115,89.02114866575505
4,82,114,92.90095726920538
4,83,113,88.29299604937503
4,84,112,81.05557579334663
4,85,111,81.49268113786877
4,86,110,85.28465409171775
5,40,123,112.27316297062548
5,41,122,112.32603898196751
5,42,121,112.33566234568488
5,43,120,112.87466199673858
5,44,119,111.26673269652795
5,45,118,110.26713732738597
5,46,117,110.7229027331941
5,47,116,112.79948301325143
5,48,115,114.0459453958772
5,49,114,113.96024822809918
5,50,113,117.35645440372221
5,51,112,119.92057646514351
5,52,111,119.21845482692135
5,53,110,117.35550473666558
5,54,109,115.58335201949967
5,55,108,115.1984121374353
5,56,107,114.08832297982667
5,57,106,113.08067126726206
5,58,105,114.92270662598312
5,59,104,115.63345232667143
5,60,103,114.85906573254942
5,61,102,112.97951140766622
5,62,101,112.44915732986979
5,63,100,110.08480224087381
5,64,99,106.81265589686485
5,65,98,106.78580045317865
5,66,97,107.61423133843007
5,67,96,109.19213099398806
5,68,95,109.60555878265221
5,69,94,114.20847969691549
5,70,93,107.33423676366807
5,71,92,107.789497885032
5,72,91,110.0584083430652
5,73,90,110.54250288819745
5,74,89,103.9164688711023
5,75,88,102.27153656757743
5,76,87,98.19364972803984
5,77,86,94.73604568837976
5,78,85,89.16807699511953
5,79,84,85.03481400811344
5,80,83,85.009299825478
5,81,82,84.51379315107312
5,82,81,83.37462976374087
5,83,80,78.04684066206394
5,84,79,80.0267221788493
5,85,78,73.85999490861539
5,86,77,74.55692085330972
5,87,76,68.47549929932181
5,88,75,62.131577588157796
5,89,74,60.19679206058881
5,90,73,61.11873916975578
5,91,72,66.114064354652
5,92,71,59.38598108716997
5,93,70,55.475716666291106
5,94,69,60.2871630445689
5,95,68,62.66486739311332
5,96,67,65.57179938960306
5,97,66,61.847165364821805
5,98,65,61.7069825018499
5,99,64,64.19611776739455
5,100,63,69.13650054237645
5,101,62,66.76908510906662
5,102,61,64.43947791453685
5,103,60,61.332971774484434
5,104,59,60.57299751369054
5,105,58,60.13107476632142
5,106,57,59.558531565159
5,107,56,59.82417727146048
5,108,55,57.168462372658084
5,109,54,55.596331107288734
5,110,53,57.27921771763623
5,111,52,55.563945687767784
5,112,51,55.66882377006249
5,113,50,54.06850563195949
5,114,49,50.3425450503446
5,115,48,46.301643425451196
5,116,47,45.709482646649434
5,117,46,47.32706485463834
5,118,45,46.75078920077745
5,119,44,44.32447255581446
5,120,43,44.88191678735469
5,121,42,40.88827692227822
5,122,41,40.61075597526809
5,123,40,38.659739537091
5,124,39,35.8309344365462
5,125,38,35.09626963911772
5,126,37,35.188143801048255
5,127,36,36.47102532110335
5,128,35,34.537173609434134
5,129,34,32.90599437418223
5,130,33,28.558113569988514
5,131,32,28.11616178421966
5,132,31,28.2354327301975
5,133,30,25.960946286080528
5,134,29,26.895054396134995
5,135,28,25.36473745838982
5,136,27,24.3918932636371
5,137,26,21.46438096464248
5,138,25,22.090934099605512
5,139,24,21.357861916411224
5,140,23,20.706505698636015
5,141,22,18.873368370940774
5,142,21,16.47229211186113
5,143,20,15.462010467634153
5,144,19,14.82766990168118
5,145,18,14.450835726709165
5,146,17,14.061166745601724
5,147,16,13.803287276397562
5,148,15,13.022991075847784
6,40,178,119.08519063415991
6,41,177,119.57954774359783
6,42,176,119.90025474640953
6,43,175,121.74297845536871
6,44,174,122.43971886300031
6,45,173,123.76015638515454
6,46,172,121.87947552346454
6,47,171,118.57213573611877
6,48,170,119.69723271168141
6,49,169,119.56903971211608
6,50,168,116.89731602374951
6,51,167,114.9831871941247
6,52,166,114.87236327680813
6,53,165,111.32623708373191
6,54,164,110.83579113571491
6,55,163,108.7655967147869
6,56,162,110.12373599082167
6,57,161,110.64493153220985
6,58,160,110.73510503221425
6,59,159,113.78027265674885
6,60,158,114.73001322048856
6,61,157,115.03024670496795
6,62,156,115.07453772338022
6,63,155,113.96331315668482
7,40,150,124.05402712921392
7,41,149,124.17793763100494
7,42,148,123.39679387838677
7,43,147,122.56289865376988
7,44,146,123.35812486532629
7,45,145,123.90285265733353
7,46,144,124.30628966904027
7,47,143,124.06266883911184
7,48,142,123.42991703681116
7,49,141,122.96066252424268
7,50,140,122.74815273334991
7,51,139,122.15270843998053
7,52,138,121.32636041173623
7,53,137,123.63618482295225
7,54,136,124.40973192804356
7,55,135,123.98036209356249
7,56,134,122.60957574672989
7,57,133,121.99909993771233
7,58,132,124.21715230978566
7,59,131,122.31560861851985
7,60,130,120.61849310039864
7,61,129,117.99107658876073
7,62,128,115.23102571589371
7,63,127,114.34831763178067
7,64,126,112.80129094657366
7,65,125,109.111229344755
7,66,124,107.76056704622499
7,67,123,106.46889890285406
7,68,122,103.3348365879659
7,69,121,96.97064524930647
7,70,120,97.08002540109631
7,71,119,98.2644597941663
7,72,118,100.85815042204584
7,73,117,103.40420473283112
7,74,116,108.35583040596097
7,75,115,108.1335579096737
7,76,114,108.35040208027863
7,77,113,106.51629961641166
7,78,112,105.9335828796529
7,79,111,101.41040709009386
7,80,110,106.5837184766376
7,81,109,100.89287962944718
7,82,108,105.84371667035518
7,83,107,103.79579845343136
7,84,106,99.95907399036389
7,85,105,104.70695840755636
7,86,104,102.94512995879074
7,87,103,98.70141178234651
7,88,102,95.62001974128876
7,89,101,92.24141830942756
7,90,100,92.76819620482719
7,91,99,93.4019021500232
7,92,98,97.17279127578266
7,93,97,101.23097927312938
7,94,96,103.59693911666935
7,95,95,102.09225332560315
7,96,94,99.32994753262837
7,97,93,103.63865233671282
7,98,92,101.4408647828404
7,99,91,100.94254409640351
7,100,90,94.93132331827366
7,101,89,88.3139210423027
7,102,88,76.445217585351
7,103,87,72.3601540078059
7,104,86,68.16565525000959
7,105,85,69.3947914607596
7,106,84,80.77507674008848
7,107,83,80.49465925135044
7,108,82,79.64356781512697
7,109,81,73.86499134506431
7,110,80,70.33277628729543
7,111,79,72.61941162972803
7,112,78,68.76667879999964
7,113,77,71.07189355628499
7,114,76,74.15274668406803
7,115,75,75.34154317493793
7,116,74,74.35853980171451
7,117,73,78.50719419226206
7,118,72,73.2087163914853
7,119,71,74.11625508850624
7,120,70,79.70615185610684
7,121,69,72.01705423561651
7,122,68,76.09874649816295
7,123,67,80.94800794600039
7,124,66,89.03955162131577
7,125,65,86.7602158566761
7,126,64,82.82280670876196
7,127,63,79.55494073750441
7,128,62,71.54793192531264
7,129,61,67.34694360241403
7,130,60,69.74055939586324
7,131,59,66.45322674863642
7,132,58,60.30932780422782
7,133,57,58.37372276006339
7,134,56,58.73745499007683
7,135,55,59.126329913975276
7,136,54,59.89241238363732
7,137,53,64.77348634762193
7,138,52,59.54369941083253
7,139,51,52.60166384191291
7,140,50,52.57574194985954
7,141,49,50.659320682572854
7,142,48,48.26058945255906
7,143,47,44.89814169847058
7,144,46,40.213355510748634
7,145,45,40.6594811067327
7,146,44,39.75982677736502
7,147,43,41.51479343182103
7,148,42,43.078106892675244
7,149,41,42.062534635576625
7,150,40,38.55213108943701
7,151,39,41.29629042684485
7,152,38,42.29835627669058
7,153,37,42.696186896875204
7,154,36,45.377253696864436
7,155,35,47.23917142146766
7,156,34,42.05700075225927
7,157,33,40.38086346103722
7,158,32,36.366953210557654
7,159,31,35.06060790118681
7,160,30,40.32658932157162
7,161,29,38.59112333080101
7,162,28,34.259135262435606
7,163,27,32.464185262531515
7,164,26,31.47302501783152
7,165,25,29.89548533157147
7,166,24,26.405116144389133
7,167,23,26.812049667069566
7,168,22,26.17674936182233
7,169,21,24.206055524473435
7,170,20,21.900569737768556
7,171,19,19.887023467363036
7,172,18,21.879433279070213
7,173,17,19.221318422388936
7,174,16,16.941468740463275
7,175,15,15.108761470111602
7,176,14,14.250586118534965
7,177,13,12.622930735026642
7,178,12,9.57115637580389
7,179,11,7.4142956175316295
7,180,10,8.29630746802587
7,181,9,8.70437684297923
7,182,8,8.613630235201729
7,183,7,6.93963648286693
7,184,6,6.892108029392176
8,40,223,123.89560234567618
8,41,222,122.1103576323693
8,42,221,122.28614781417188
8,43,220,123.13505964533314
8,44,219,121.64123542158912
8,45,218,122.20853175970083
8,46,217,124.38963152939989
8,47,216,124.48355625517449
8,48,215,125.0
8,49,214,123.78577394508625
8,50,213,122.89624177592191
8,51,212,124.60179689576287
8,52,211,122.15027952285264
8,53,210,121.88791318865509
8,54,209,123.39933827860182
8,55,208,124.3688804230934
8,56,207,125.0
8,57,206,124.64051669559316
8,58,205,124.23842343640564
8,59,204,125.0
8,60,203,120.65213176758357
8,61,202,122.61005139758316
8,62,201,123.90935614328927
8,63,200,120.04759250716208
8,64,199,120.63027143714362
8,65,198,121.0618006706525
8,66,197,117.29939762656569
8,67,196,118.97497902035815
8,68,195,118.09165520409718
8,69,194,118.03038583276896
8,70,193,119.84794859306052
8,71,192,119.85061585528352
8,72,191,118.55134258014165
8,73,190,115.28300556928478
8,74,189,110.8897295783319
8,75,188,110.72512270701142
8,76,187,107.88852995483211
8,77,186,108.88172681225022
8,78,185,109.00267272675927
8,79,184,110.55008169070089
8,80,183,109.26678947472627
8,81,182,109.3734877878787
8,82,181,108.40633430747963
8,83,180,109.70183940219499
8,84,179,107.89065575826132
8,85,178,105.35425818621445
8,86,177,105.28159008003979
8,87,176,106.43427734572728
8,88,175,99.71742800758156
8,89,174,103.2770117307609
8,90,173,106.56925352297338
8,91,172,106.4557278246836
8,92,171,107.28233392975449
8,93,170,108.5548476462298
8,94,169,109.84357350294783
8,95,168,110.17115888604488
8,96,167,109.33080051178182
8,97,166,113.32698467403479
8,98,165,112.04072170588782
8,99,164,115.16038065755853
8,100,163,111.74925508530171
8,101,162,111.22255386096948
8,102,161,109.2906830383854
8,103,160,109.23229258640905
8,104,159,109.33909291864013
8,105,158,112.20293686962947
8,106,157,112.09656728266043
8,107,156,111.66297030941985
8,108,155,109.47778834583548
8,109,154,107.4205716064938
8,110,153,109.93315018200357
8,111,152,107.66261290049178
8,112,151,109.04159231439904
8,113,150,109.02485055096278
8,114,149,106.77321352435314
8,115,148,110.17353513335608
8,116,147,110.02368189101236
8,117,146,112.0478311051608
8,118,145,111.5021366619369
8,119,144,112.2613626036063
8,120,143,107.76485250913416
8,121,142,106.41097303570308
8,122,141,104.15444364040081
8,123,140,103.50977732214996
8,124,139,103.8679944471196
8,125,138,107.20461608081658
8,126,137,100.67763693129308
8,127,136,99.71088400494611
8,128,135,93.1163467285852
8,129,134,97.29927634779119
8,130,133,97.44268337335421
8,131,132,96.13623847875766
8,132,131,96.51437556456744
8,133,130,96.70523586406456
8,134,129,101.14073466057617
8,135,128,98.9766959244135
8,136,127,98.05182660049803
8,137,126,103.86203928420227
8,138,125,106.71428004726216
8,139,124,108.57422770885245
8,140,123,102.92370658721843
8,141,122,102.6481563424627
8,142,121,97.97014297680855
8,143,120,100.46420979881657
8,144,119,97.97569905140074
8,145,118,96.09075361589882
8,146,117,90.14758091807442
8,147,116,92.07467711879981
8,148,115,93.81949363911141
8,149,114,93.77175280155231
8,150,113,89.43830550842108
8,151,112,90.09766829222431
8,152,111,93.62601677427043
8,153,110,94.61663373781045
8,154,109,93.61861967943437
8,155,108,92.58520113835453
8,156,107,96.69919329459677
8,157,106,98.08226803296556
8,158,105,90.64360750252152
8,159,104,91.68607192301411
8,160,103,84.14649214871547
8,161,102,76.88144641301406
8,162,101,78.54745365312601
8,163,100,80.97600845936219
8,164,99,74.23083750068747
8,165,98,71.85781690004526
8,166,97,68.46713633816239
8,167,96,69.86364549897272
8,168,95,67.6818965787073
8,169,94,68.41030691895756
8,170,93,68.41382591437946
8,171,92,71.30784319865002
8,172,91,74.07587069255706
8,173,90,67.6846174191657
9,40,132,120.98069739274626
9,41,131,119.42787642776908
9,42,130,119.50996237333662
9,43,129,119.701780979271
9,44,128,117.98389071521427
9,45,127,120.74745115477076
9,46,126,120.03524628407177
9,47,125,119.77118487403956
9,48,124,121.23967609445359
9,49,123,120.04103786053979
9,50,122,120.20669368113604
9,51,121,122.01488123909596
9,52,120,120.5929311830782
9,53,119,124.45612555073863
9,54,118,122.92020112218076
9,55,117,123.80542134614947
9,56,116,124.12256244187782
9,57,115,123.30234176017416
9,58,114,124.66141346793367
9,59,113,123.58711141044519
9,60,112,123.56682888978644
9,61,111,123.30350559434527
9,62,110,120.66135148502192
9,63,109,119.66929914970778
9,64,108,120.13607323736588
9,65,107,120.14857842597335
9,66,106,120.45009960196062
9,67,105,115.94020827666594
9,68,104,113.94094553312348
9,69,103,112.36463760644887
9,70,102,110.82692097060607
9,71,101,115.05713512354777
9,72,100,113.36231874029394
9,73,99,112.6459778955583
9,74,98,112.19971571617953
9,75,97,114.01816949494807
9,76,96,113.78111765983151
9,77,95,113.36315061543905
9,78,94,114.56822428058575
9,79,93,112.96125946013483
9,80,92,108.89173398119217
9,81,91,106.81483861110394
9,82,90,108.29233187624189
9,83,89,105.27408149526407
9,84,88,107.0095206124279
9,85,87,102.01865019627775
9,86,86,101.2871650557511
9,87,85,99.35233928660384
9,88,84,95.68986730327705
9,89,83,100.20580564293346
9,90,82,106.57104784642718
9,91,81,102.25334092845031
9,92,80,101.86859610659349
9,93,79,101.33176353978732
9,94,78,101.31734380803695
9,95,77,108.73358148634568
9,96,76,102.33939936972956
9,97,75,101.80216558267323
9,98,74,101.21987258651875
9,99,73,92.72047410692826
9,100,72,95.23355859965332
9,101,71,100.2191109599124
9,102,70,101.36145564254451
9,103,69,100.502249050178
9,104,68,98.33568928621654
9,105,67,92.61102169765792
9,106,66,76.82311839889479
9,107,65,70.25300360212552
9,108,64,61.20478797751821
9,109,63,59.18602959522578
9,110,62,58.4159360936716
9,111,61,61.499079250277155
9,112,60,55.50291962874962
9,113,59,54.961380301657826
9,114,58,64.73934388224669
9,115,57,66.12507518721675
9,116,56,64.23728789433397
9,117,55,64.54379414477134
9,118,54,62.781795073498024
9,119,53,57.75728897493856
9,120,52,53.9510280081177
9,121,51,55.31385691688395
9,122,50,57.45500841468649
9,123,49,57.47288576552366
9,124,48,48.996799601544474
9,125,47,43.47781112926872
9,126,46,46.01927894880508
9,127,45,45.687326489766164
9,128,44,45.56855869909741
9,129,43,49.68216059941274
9,130,42,54.30977336761318
9,131,41,53.745962737756514
9,132,40,47.884766112266064
9,133,39,46.82838445625873
9,134,38,43.844021505760516
9,135,37,43.00080039961314
9,136,36,40.15498437646694
9,137,35,39.11327612278993
9,138,34,36.47989758990817
9,139,33,38.89628838840372
9,140,32,38.80306589865748
9,141,31,40.285777829535164
9,142,30,41.31438634438453
9,143,29,38.31271410391848
9,144,28,36.962620786901574
9,145,27,37.91736354120475
9,146,26,34.00704329853022
9,147,25,31.727629093083507
9,148,24,29.38752942852662
9,149,23,27.862412478484686
9,150,22,27.126401884377636
9,151,21,24.396268561213574
9,152,20,23.11470415169396
9,153,19,20.662267175517577
9,154,18,21.633383097437555
9,155,17,17.546609719955033
9,156,16,15.924432905544426
9,157,15,15.20430846232437
9,158,14,12.321037427310209
9,159,13,11.05448727491281
9,160,12,11.656656604115014
9,161,11,9.966865160906172
10,40,123,119.45224429869413
10,41,122,120.26443550522849
10,42,121,119.54304784964508
10,43,120,119.9190458358207
10,44,119,120.90827848724291
10,45,118,122.11165737829309
10,46,117,122.17876271539924
10,47,116,122.5797984059748
10,48,115,122.23455910731718
10,49,114,121.78222225750058
10,50,113,120.49389930553173
10,51,112,116.80366603838004
10,52,111,114.30165965997558
10,53,110,119.50269764947942
10,54,109,120.81678762550689
10,55,108,120.67370522535047
10,56,107,118.18880097865157
10,57,106,111.09538714256846
10,58,105,112.54620044379567
10,59,104,108.23971035151219
10,60,103,111.5802029045482
10,61,102,114.89025226963676
10,62,101,108.15434884437909
10,63,100,110.37786582722913
10,64,99,107.99455772757403
10,65,98,100.42426281848016
10,66,97,93.47042590029159
10,67,96,102.71412315472733
10,68,95,106.33657669470023
10,69,94,107.97109430680199
10,70,93,108.67708160782034
10,71,92,113.29051608264652
10,72,91,110.3788398750761
10,73,90,109.45491816435771
10,74,89,103.74260643718944
10,75,88,109.2444299820034
10,76,87,103.51246199092293
10,77,86,100.0849413571472
10,78,85,108.50536831106069
10,79,84,106.06437418001724
10,80,83,101.52633683468314
10,81,82,99.65464096787946
10,82,81,103.32885127583813
10,83,80,108.1120146588365
10,84,79,107.2162359595947
11,40,128,125.0
11,41,127,124.63729919746231
11,42,126,124.94944669506145
11,43,125,122.9311630754318
11,44,124,123.01130407645462
11,45,123,122.2431216865786
11,46,122,122.53346701525803
11,47,121,122.16678144837562
11,48,120,122.41678001045699
11,49,119,123.48868837409222
11,50,118,124.36660772066921
11,51,117,124.61035226084897
11,52,116,123.02012358236561
11,53,115,124.04907440800629
11,54,114,120.5203304349263
11,55,113,123.36842119367705
11,56,112,123.71961581586889
11,57,111,123.23657816179306
11,58,110,122.20667873563067
11,59,109,123.22931021862402
11,60,108,122.30990071189265
11,61,107,122.94887759921798
11,62,106,123.37286054803073
11,63,105,121.3583001415973
11,64,104,121.56514321216345
11,65,103,120.20738372537396
11,66,102,119.70965701678082
11,67,101,119.67460005738502
11,68,100,119.56364255403477
11,69,99,119.40859944810072
11,70,98,118.70742439193828
11,71,97,121.97045732790144
11,72,96,120.35183679856671
11,73,95,119.04216909856578
11,74,94,118.69436384837002
11,75,93,119.60983907794605
11,76,92,118.90975770092105
11,77,91,114.88346654032247
11,78,90,116.4001166424195
11,79,89,116.59379409358294
11,80,88,117.65735699716413
11,81,87,114.45769801292892
11,82,86,114.51415982216864
11,83,85,113.01464518285056
11,84,84,112.70227472620678
11,85,83,114.70224193038118
11,86,82,107.80436877417068
11,87,81,101.72389813712438
11,88,80,107.64773062721451
11,89,79,106.7922953318295
11,90,78,105.66329325200577
11,91,77,108.08975003826563
11,92,76,99.01389069561034
11,93,75,97.90760062385998
11,94,74,92.66468261941078
11,95,73,90.38394481979965
11,96,72,89.76997171148736
11,97,71,88.06444938654104
11,98,70,81.80480696183034
11,99,69,87.836345439995
11,100,68,86.48754735257201
11,101,67,82.05507191937696
11,102,66,84.34416727388566
11,103,65,88.22415169769678
11,104,64,87.43936209876097
11,105,63,82.05291036992132
11,106,62,87.2311506966299
11,107,61,92.88056929188052
11,108,60,96.92646044459559
11,109,59,96.27459948433003
11,110,58,103.21974985784647
11,111,57,103.81785870504237
11,112,56,101.07512240135918
11,113,55,102.43676860397389
11,114,54,97.47947985629321
11,115,53,91.6502066616346
11,116,52,84.83865079062014
11,117,51,77.6012097074416
11,118,50,79.04665727621797
11,119,49,64.23727263315274
11,120,48,63.87803465721382
11,121,47,59.29582302011263
11,122,46,54.86020743748778
11,123,45,51.64601901927537
11,124,44,46.48992495071691
11,125,43,51.636374627698004
11,126,42,48.735767854862615
11,127,41,43.96393809535368
11,128,40,37.99711124445609
11,129,39,36.0763290814302
11,130,38,35.217991705364824
11,131,37,34.24252243716728
11,132,36,35.59259618712475
11,133,35,39.21987815859539
11,134,34,38.74186784146268
11,135,33,35.30542197862532
11,136,32,34.537969207333106
11,137,31,33.381131328705585
11,138,30,30.57658896298718
11,139,29,30.36398101845392
11,140,28,32.264739301937325
11,141,27,29.578202094724183
11,142,26,29.431636531409197
11,143,25,25.401828602824892
11,144,24,26.097580347168275
11,145,23,25.805830447150782
11,146,22,25.77372122100339
11,147,21,23.607447980609788
11,148,20,21.727773364483326
11,149,19,18.86485235261652
11,150,18,20.19333656715603
11,151,17,17.930954312440313
11,152,16,16.587489380361436
11,153,15,16.84089624756537
11,154,14,14.410868574569548
11,155,13,15.257363951869866
11,156,12,14.599364184772213
11,157,11,13.247529068405907
11,158,10,10.734246856023042
11,159,9,9.335076583193391
11,160,8,8.234257122835984
11,161,7,7.287873313621458
11,162,6,5.869410829736765
12,40,107,111.62450379280688
12,41,106,105.50505805519299
12,42,105,104.52533324699908
12,43,104,99.45704156705173
12,44,103,93.81981174538814
12,45,102,100.80592465605096
12,46,101,98.82676093081498
12,47,100,104.55084477029543
12,48,99,99.24721947305372
12,49,98,97.6421275349887
12,50,97,92.42382776482597
12,51,96,102.09474154048567
12,52,95,95.80141902474003
12,53,94,88.53879623303334
12,54,93,91.39997567761536
12,55,92,96.83150348724381
12,56,91,94.0816441217394
12,57,90,87.67894952568827
12,58,89,102.83966771254529
12,59,88,101.30103922137279
12,60,87,104.52481459508468
12,61,86,101.57000893566882
12,62,85,100.3793148021717
12,63,84,95.5922813010551
12,64,83,101.21595142179484
12,65,82,104.90487430966994
12,66,81,110.19289547467591
12,67,80,111.1623114017022
12,68,79,110.04604256814937
12,69,78,107.53460359802256
12,70,77,107.63929734691025
12,71,76,108.85329257514941
12,72,75,109.1138136527549
12,73,74,105.41742452216056
12,74,73,111.14924550080718
13,40,154,115.66327269171259
13,41,153,119.48736124679786
13,42,152,119.78214695803011
13,43,151,120.67103156731284
13,44,150,112.80712159930135
13,45,149,108.54562876909495
13,46,148,106.87607454930867
13,47,147,113.8880328781051
13,48,146,118.07676498682501
13,49,145,117.75200466460839
13,50,144,115.36852196743217
13,51,143,117.95220388058337
13,52,142,120.07273215483278
13,53,141,121.00066839823356
13,54,140,121.9697155513879
13,55,139,122.23438958429166
13,56,138,120.85467047669857
13,57,137,122.14183283866979
13,58,136,120.87543519507116
13,59,135,121.16571115918917
13,60,134,119.15167473021546
13,61,133,119.86713670868907
13,62,132,116.00119474081197
13,63,131,116.61537581525408
13,64,130,114.37410984103533
13,65,129,115.25346191688439
13,66,128,117.6276701027777
13,67,127,117.70021568824373
13,68,126,116.00685683252712
13,69,125,114.78812638366585
13,70,124,111.6821366180983
13,71,123,116.04055319381263
13,72,122,121.07437582272453
13,73,121,121.81514644998794
13,74,120,119.9721381939645
13,75,119,120.52083135842375
13,76,118,116.78917383560713
13,77,117,117.05525113555682
13,78,116,113.67660177008831
13,79,115,111.34148009235707
13,80,114,112.6730503711392
13,81,113,112.9340841994412
13,82,112,112.46271600112942
13,83,111,110.44541917473205
13,84,110,108.62859869140419
13,85,109,108.51135943334828
13,86,108,108.73988107897233
13,87,107,108.95975251716104
13,88,106,108.4043577592809
13,89,105,110.62741667483533
13,90,104,111.13732726017133
13,91,103,109.83463791702674
13,92,102,110.40356627657019
13,93,101,110.23423948221385
13,94,100,109.2748376329854
13,95,99,109.16542209648044
13,96,98,110.80512708992015
13,97,97,107.41972494657487
13,98,96,107.03723617559757
13,99,95,100.81597720570386
13,100,94,98.9056879632054
13,101,93,104.375839037899
13,102,92,101.53641425235128
13,103,91,91.64925056176162
13,104,90,89.23496768683223
13,105,89,94.93657101003717
13,106,88,98.64897887582431
13,107,87,97.88188961075778
13,108,86,102.25449175131806
13,109,85,103.83521006328179
13,110,84,99.43769951372853
13,111,83,106.9495006455931
13,112,82,104.36877384231052
13,113,81,99.17550155930259
13,114,80,102.98816160540372
13,115,79,98.60678164122464
13,116,78,90.56581644379233
13,117,77,90.24567382441289
13,118,76,82.92508379412769
13,119,75,83.3862907917161
13,120,74,74.25269953018277
13,121,73,68.14319897675347
13,122,72,72.54216263586295
13,123,71,66.60734961632815
13,124,70,65.01103776051067
13,125,69,61.542011825185625
13,126,68,65.73035011687017
13,127,67,66.40945854021862
13,128,66,68.74728567442108
13,129,65,69.57471381828373
13,130,64,80.265196867349
13,131,63,74.38169784357117
13,132,62,74.85820776930977
13,133,61,67.88013315347393
13,134,60,66.49221504608929
13,135,59,66.33893222016212
13,136,58,64.678994846786
13,137,57,63.641830910118614
13,138,56,62.322155615555786
13,139,55,58.67545823017765
13,140,54,61.72415068888469
13,141,53,70.52504864355714
13,142,52,66.99288467096487
13,143,51,65.29671916660538
13,144,50,65.57666723086172
13,145,49,58.52034505755903
13,146,48,58.44565861801371
13,147,47,55.689437618666055
13,148,46,57.53299449322324
13,149,45,61.00783604228324
13,150,44,60.30352653624242
13,151,43,55.55449768657396
13,152,42,51.35511707812674
13,153,41,57.72291050441424
13,154,40,50.480105572503184
13,155,39,42.29085022541061
13,156,38,39.89439512079473
13,157,37,37.09567538561089
13,158,36,35.574898518895886
13,159,35,33.47059628050015
13,160,34,27.358095859869056
13,161,33,27.740034632574012
13,162,32,24.852363527365146
13,163,31,23.31203888124402
13,164,30,23.60838837302727
14,40,131,115.6155953821181
14,41,130,115.73723463608587
14,42,129,116.648964312434
14,43,128,117.49221016806398
14,44,127,117.69149505468695
14,45,126,116.90420838197629
14,46,125,116.85294355045174
14,47,124,115.59852406872348
14,48,123,114.79474082021714
14,49,122,115.01690398166707
14,50,121,111.58392351401994
14,51,120,114.77227585802699
14,52,119,116.25440180658376
14,53,118,115.497681617143
14,54,117,110.08444176020127
14,55,116,109.19861150755983
14,56,115,105.7989573787014
14,57,114,109.23056365869573
14,58,113,109.07896172865946
14,59,112,107.63572813793144
14,60,111,108.30997671571578
14,61,110,110.4385073521257
14,62,109,102.73248693125805
14,63,108,100.09622209908945
14,64,107,95.32862838341616
14,65,106,91.4892501032135
14,66,105,95.64367522655039
14,67,104,95.6990724648279
14,68,103,96.2865918577441
14,69,102,101.98372172054638
14,70,101,98.98112719368825
14,71,100,98.86410403916746
14,72,99,98.31960048990148
14,73,98,99.54899127725344
14,74,97,104.51186264910586
14,75,96,109.18816389013247
14,76,95,103.48756015682667
14,77,94,95.7597866529243
14,78,93,101.9035636642777
14,79,92,101.61263845863229
14,80,91,101.26501074747077
14,81,90,93.92293676698246
14,82,89,98.88968865567801
14,83,88,106.02538015805516
14,84,87,104.3513513132991
14,85,86,101.47917780528738
14,86,85,103.8025318697251
14,87,84,94.49781905793063
14,88,83,96.90319787887378
14,89,82,98.02861900321363
14,90,81,96.5254605336014
14,91,80,104.60641671680922
14,92,79,99.51744814173159
14,93,78,107.63425669110208
14,94,77,100.05655213761416
14,95,76,96.87110898121881
14,96,75,98.05551687025655
14,97,74,100.36751681079376
14,98,73,100.47029584508522
14,99,72,97.08210912829047
14,100,71,99.11824186268205
14,101,70,96.72200675422359
14,102,69,100.78462993512773
14,103,68,92.66397762495276
14,104,67,91.38521207774528
14,105,66,80.21113890049209
14,106,65,74.69010592095239
14,107,64,69.40648186183168
14,108,63,57.323827065141174
14,109,62,57.215652855022725
14,110,61,52.85501979555022
14,111,60,50.100030723560835
14,112,59,48.568846156815255
14,113,58,44.88014091418234
14,114,57,41.200302393440595
14,115,56,43.327702394364735
14,116,55,46.00306039485331
14,117,54,47.64994463242207
14,118,53,47.10928607335605
14,119,52,43.60886719485862
14,120,51,49.01409456860176
14,121,50,47.067351313951484
14,122,49,52.93435144250965
14,123,48,48.028137351860124
14,124,47,45.4073476624213
14,125,46,45.79321542303137
14,126,45,53.88996768758314
14,127,44,41.628670010956704
14,128,43,44.20407369858568
14,129,42,40.36641226407183
14,130,41,48.40144243317444
14,131,40,46.231131563068075
14,132,39,42.81376130093353
14,133,38,41.542317533263336
14,134,37,39.105502993727384
14,135,36,35.29431746945237
14,136,35,36.10522548609966
14,137,34,34.484965581471855
14,138,33,33.49608109150037
14,139,32,31.739186034325925
14,140,31,30.604173438074845
14,141,30,32.75549809751976
14,142,29,33.19921152338515
14,143,28,30.624131556450028
14,144,27,32.32476381757923
14,145,26,28.50393442748127
14,146,25,24.18586677625814
14,147,24,22.412794976920065
14,148,23,21.332281444259728
14,149,22,22.29560425669964
14,150,21,21.406131381131537
14,151,20,20.71703614688436
14,152,19,20.794047431858992
14,153,18,19.337131508254167
14,154,17,15.913022866376876
14,155,16,12.759129278571862
14,156,15,11.4380004725327
14,157,14,13.250049320712934
14,158,13,10.425565074256454
14,159,12,11.296179505734003
14,160,11,11.708014619319789
15,40,162,125.0
15,41,161,122.5608810686696
15,42,160,123.52339158906187
15,43,159,122.78971835130599
15,44,158,121.85584626571315
15,45,157,119.09088460082371
15,46,156,119.68210787080352
15,47,155,116.34553185933902
15,48,154,119.79365486934734
15,49,153,118.89629779968172
15,50,152,112.98362289047529
15,51,151,110.5405986071741
15,52,150,107.69802440695781
15,53,149,106.10421599889442
15,54,148,106.93310795231496
15,55,147,107.14855052006553
15,56,146,109.48313291597691
15,57,145,108.63221371997857
15,58,144,105.85180200739619
15,59,143,103.53734123484443
15,60,142,105.05798122447207
15,61,141,108.72290814273282
15,62,140,107.67108455925043
15,63,139,109.32031049246802
15,64,138,108.96323170044835
15,65,137,109.63415695255199
15,66,136,111.31012602924282
15,67,135,112.61442114626476
15,68,134,110.656220393571
15,69,133,107.72625804509141
15,70,132,106.77303977549917
15,71,131,107.50865329525317
15,72,130,106.19555272087536
15,73,129,103.87133123604178
15,74,128,105.56788693571534
15,75,127,104.39326547124682
15,76,126,105.44455159989181
15,77,125,108.65315213186977
15,78,124,109.83904537072559
15,79,123,113.77951473104025
15,80,122,113.13923727435068
15,81,121,114.46431424879366
15,82,120,114.48753657483053
15,83,119,116.55240938501369
15,84,118,116.47293593051069
15,85,117,116.52292161193616
15,86,116,120.2268068517111
15,87,115,118.8358898135389
15,88,114,118.55208959433901
15,89,113,116.35393219555374
15,90,112,113.63163965108487
15,91,111,104.67610492279258
15,92,110,96.58550264586734
15,93,109,94.58227590464145
15,94,108,84.57070197438001
15,95,107,85.88265189939395
15,96,106,86.49427109388066
15,97,105,90.47091183852586
15,98,104,84.78271764188541
15,99,103,79.41119122517507
15,100,102,86.69958776878102
15,101,101,85.98301273672556
15,102,100,87.24092724220031
15,103,99,85.47714684645472
15,104,98,79.443906408764
15,105,97,77.94841025081953
15,106,96,84.63465092364731
15,107,95,85.8331266347351
15,108,94,76.36081090486866
15,109,93,71.92357431107058
15,110,92,76.8665003217784
15,111,91,73.34602094111511
15,112,90,67.6811568393792
15,113,89,67.80191429396115
15,114,88,66.62018635951064
15,115,87,75.08504947003638
15,116,86,74.84175307001232
15,117,85,75.33723933655565
15,118,84,85.5341897546539
15,119,83,86.25591592866296
15,120,82,84.142121720284
15,121,81,81.10075873137819
15,122,80,89.50949636137888
15,123,79,93.19578721874853
15,124,78,91.0693935530361
15,125,77,95.12000057617692
15,126,76,94.86886830049264
15,127,75,95.97348403455896
15,128,74,95.96688315961197
15,129,73,96.4220823048159
15,130,72,98.9299808601435
15,131,71,97.7027376169828
15,132,70,95.40228684425975
15,133,69,92.25806451555485
15,134,68,78.81227231058129
15,135,67,74.73560126368736
15,136,66,74.92053335267649
15,137,65,67.25385779856617
15,138,64,68.99209767341898
15,139,63,67.94647283621262
15,140,62,69.59699419595904
15,141,61,71.30308492299662
15,142,60,60.90677889367489
15,143,59,59.564019294277585
15,144,58,56.728397564414564
15,145,57,60.22779495719345
15,146,56,61.21777545781249
15,147,55,58.62128443431701
15,148,54,54.18573036978916
15,149,53,53.53062456852456
15,150,52,52.279655002948914
15,151,51,48.73965138932513
15,152,50,51.90370616865606
15,153,49,54.44608839507413
15,154,48,57.028547313499416
15,155,47,56.537641213322104
15,156,46,54.166275600868666
15,157,45,48.55089461588908
15,158,44,49.30182376621906
15,159,43,48.879319658884114
15,160,42,50.36837860426188
15,161,41,50.185814285847
15,162,40,50.70470326437457
15,163,39,47.30102144453788
15,164,38,45.90556581247986
15,165,37,43.43698227476564
16,40,115,119.39473524063726
16,41,114,118.88528938773945
16,42,113,117.97921382451278
16,43,112,118.94358916894059
16,44,111,117.89152565568139
16,45,110,119.07103678789679
16,46,109,120.39432961947838
16,47,108,118.5432681627438
16,48,107,118.11872047819264
16,49,106,114.53240632881007
16,50,105,109.16137117723693
16,51,104,113.08113784754917
16,52,103,116.28039395815271
16,53,102,116.46806106501813
16,54,101,115.67172609442224
16,55,100,116.42377440168758
16,56,99,119.95611845816576
16,57,98,118.04691429495793
16,58,97,117.84847515315485
16,59,96,117.555800654509
16,60,95,117.34600147096444
16,61,94,109.6306822261223
16,62,93,108.929425873072
16,63,92,115.56630012580878
16,64,91,116.74895928110153
16,65,90,115.90102624244679
16,66,89,116.23480001164656
16,67,88,117.85758020798323
16,68,87,118.20328396516513
16,69,86,118.60482082989735
16,70,85,115.27676931114385
16,71,84,113.11154379927574
16,72,83,114.6679812917994
16,73,82,115.16428135083824
16,74,81,115.13419098780301
16,75,80,110.9355563553828
16,76,79,106.5601799084385
16,77,78,104.8181096406381
16,78,77,99.79448032777444
16,79,76,100.12606831764978
16,80,75,90.38957647005996
16,81,74,86.70667384827706
16,82,73,82.68350855524773
16,83,72,86.48535017054064
16,84,71,85.7675633014905
16,85,70,85.68916086858054
16,86,69,87.23940884248888
16,87,68,86.03072338743175
16,88,67,87.5534538348586
17,40,292,125.0
17,41,291,125.0
17,42,290,125.0
17,43,289,125.0
17,44,288,125.0
17,45,287,125.0
17,46,286,125.0
17,47,285,125.0
17,48,284,125.0
17,49,283,125.0
17,50,282,125.0
17,51,281,124.45727517644933
17,52,280,124.70811464365963
17,53,279,125.0
17,54,278,125.0
17,55,277,124.38776013239199
17,56,276,124.24574146277345
17,57,275,124.2802206811395
17,58,274,122.72205044025492
17,59,273,120.54298021738501
17,60,272,119.7457717166867
17,61,271,121.62177621738181
17,62,270,122.7801731953657
17,63,269,123.66435081254573
17,64,268,123.99262317753421
17,65,267,124.38310840372716
17,66,266,122.72829679020005
17,67,265,123.49775182234728
17,68,264,120.8691944507632
17,69,263,117.24384557600897
17,70,262,122.46929692632082
17,71,261,121.95707418925711
17,72,260,122.81263700301116
17,73,259,122.71979943677573
17,74,258,122.41029137094156
17,75,257,119.92649464129228
17,76,256,120.87851055754456
17,77,255,120.75325422561329
17,78,254,120.39976636981703
17,79,253,118.3076099672124
17,80,252,119.77850549142423
17,81,251,121.99930384744943
17,82,250,117.6371025501114
17,83,249,121.23031325393706
17,84,248,121.93700975554103
17,85,247,120.86234851265483
17,86,246,122.10465185949201
17,87,245,122.77150406586324
17,88,244,123.05922270328429
17,89,243,125.0
17,90,242,124.06387393370062
17,91,241,122.66919538592713
17,92,240,121.42143428606582
17,93,239,120.99397218496253
17,94,238,122.71947797975784
17,95,237,120.40038295593266
17,96,236,120.8133280579166
17,97,235,121.31564978763507
17,98,234,120.6990397312947
17,99,233,117.99137102082861
17,100,232,119.1924954844348
17,101,231,117.54082761894662
17,102,230,120.16408117650849
17,103,229,121.85116762318773
17,104,228,120.77923399778018
17,105,227,120.65313533989666
17,106,226,120.64486860367246
17,107,225,119.55443671445781
17,108,224,118.68568688529571
17,109,223,122.3740989706219
17,110,222,123.73037520580372
17,111,221,123.62647245814657
17,112,220,122.76668750051468
17,113,219,123.18893473939835
17,114,218,122.02245733468094
17,115,217,121.22336090866824
17,116,216,122.61500203986802
17,117,215,123.0278251694027
17,118,214,122.24252254453125
17,119,213,120.16519873906114
17,120,212,121.11235349749967
17,121,211,124.37742495450883
17,122,210,121.72868429775939
17,123,209,122.22131938514639
17,124,208,124.9948888821944
17,125,207,123.70414606770944
17,126,206,122.58287601195282
17,127,205,123.72056974959524
17,128,204,122.46651266241892
17,129,203,124.20198790481929
17,130,202,123.43096073485385
17,131,201,123.14070228849909
17,132,200,123.82612365716213
17,133,199,122.85803939511467
17,134,198,122.83974661298028
17,135,197,122.15772960450539
17,136,196,121.15948240510733
17,137,195,120.07454138800321
17,138,194,117.39389528145789
17,139,193,120.09406981600941
17,140,192,121.20440743323601
17,141,191,121.0977804749086
17,142,190,121.75802332921488
17,143,189,121.89555367091548
17,144,188,123.34740178960935
17,145,187,125.0
17,146,186,125.0
17,147,185,123.64364759609933
17,148,184,124.2500330391495
17,149,183,124.04812832085392
17,150,182,124.75923945037364
17,151,181,124.90891351513407
17,152,180,123.80539733257544
17,153,179,124.22951804112321
17,154,178,123.74756176529897
17,155,177,122.85752180480821
17,156,176,123.64547541497612
17,157,175,122.4645684558015
17,158,174,122.52475760434585
17,159,173,119.88622554207899
17,160,172,119.04782180979828
17,161,171,118.72152404507631
17,162,170,119.04792373035377
17,163,169,122.87127158450065
17,164,168,122.14480706467896
17,165,167,123.75895553202906
17,166,166,123.22603998215638
17,167,165,120.36427339225239
17,168,164,117.399441645319
17,169,163,119.90724503382623
17,170,162,120.37239012027814
17,171,161,123.54155817392487
17,172,160,124.57244226291316
17,173,159,124.37456841724139
17,174,158,125.0
17,175,157,121.34086411505733
17,176,156,118.88551422926514
17,177,155,115.3736117229544
17,178,154,116.56828165082133
17,179,153,119.47664554333474
17,180,152,121.24682448228633
17,181,151,120.07682999797173
17,182,150,118.59852870553802
17,183,149,117.28579973192501
17,184,148,117.73427183327154
17,185,147,118.29110004967006
17,186,146,117.18424440556129
17,187,145,116.06259307913533
17,188,144,115.77917177084217
17,189,143,116.54162176343942
17,190,142,112.78254350295654
17,191,141,111.8733580789947
17,192,140,111.10684387991805
17,193,139,113.37020438050578
17,194,138,119.81078997611294
17,195,137,118.37680929100412
17,196,136,121.11115754503096
17,197,135,119.05899573928295
17,198,134,119.40496813193403
17,199,133,117.51156673349792
17,200,132,117.12580795505329
17,201,131,117.52954193881001
17,202,130,114.96909177634683
17,203,129,116.28599494157308
17,204,128,113.0334308317741
17,205,127,117.1014830181499
17,206,126,119.0133582744536
17,207,125,118.47000320444698
17,208,124,117.7142127638445
17,209,123,116.06450823715883
17,210,122,117.86990506066306
17,211,121,118.9658515782758
17,212,120,119.89673726891726
17,213,119,120.99171096702533
17,214,118,122.32596291554401
17,215,117,117.31417449787597
17,216,116,120.79974132478624
17,217,115,119.53429472465211
17,218,114,118.67132470239754
17,219,113,116.02665527201361
17,220,112,121.5143259269536
17,221,111,119.91958282488447
17,222,110,122.0896828157086
17,223,109,119.83605602012162
17,224,108,115.6806224527519
17,225,107,116.66367015785305
17,226,106,119.23142431060445
17,227,105,115.17803285674916
17,228,104,112.54087727496858
17,229,103,108.11718803872901
17,230,102,101.56770477092616
17,231,101,99.74524804379078
17,232,100,103.61881656976024
17,233,99,105.64459099968084
17,234,98,109.79163203527217
17,235,97,112.14089503991366
17,236,96,114.28437703770561
17,237,95,114.65241403149119
17,238,94,116.38104712091712
17,239,93,116.24779916268459
17,240,92,110.51266222216205
17,241,91,105.69889489858367
17,242,90,103.92411539964459
17,243,89,111.54119273544742
17,244,88,105.30349465720099
17,245,87,103.0431780199325
17,246,86,104.3984323801794
17,247,85,100.68338213354343
17,248,84,96.19225369008652
17,249,83,94.55001733088463
17,250,82,90.91110735002636
17,251,81,95.02841572884827
17,252,80,95.34476135338662
17,253,79,93.80038150384226
17,254,78,99.50100681615575
17,255,77,97.24716219028892
17,256,76,96.67009020979116
17,257,75,96.21435168470111
17,258,74,92.75462843600769
17,259,73,91.46295838044757
17,260,72,89.96304449171603
17,261,71,89.82010089548197
17,262,70,83.0303658096891
17,263,69,86.9442217470413
17,264,68,81.09654097678933
18,40,99,116.37329769626632
19,40,154,112.73038889953753
19,41,153,113.50715219143063
19,42,152,114.16555418313806
19,43,151,114.7817703318193
19,44,150,114.7304553606476
19,45,149,116.96496836078484
19,46,148,115.63743138087719
19,47,147,118.55909276011303
19,48,146,118.6970064674837
19,49,145,113.84655374195358
19,50,144,110.55123596685857
19,51,143,111.56162207542665
19,52,142,115.55710808668692
19,53,141,114.27768304342555
19,54,140,115.23635327354326
19,55,139,114.28764531118982
19,56,138,117.27422909919633
19,57,137,118.68208706437115
19,58,136,122.44107368662031
19,59,135,122.6883206904154
19,60,134,123.60135842646184
19,61,133,123.5836241370422
19,62,132,123.5492478433548
19,63,131,120.31019914443122
19,64,130,120.70155287695016
19,65,129,119.50818968118125
19,66,128,116.43797941916556
19,67,127,114.00193113193899
19,68,126,117.75245302230017
19,69,125,117.97362247821309
19,70,124,117.7792383741278
19,71,123,118.97725800610868
19,72,122,114.31438523672993
19,73,121,112.90751800308632
19,74,120,113.09804688459131
19,75,119,114.75070173943618
19,76,118,112.58488655191974
19,77,117,113.22417283793942
19,78,116,108.33654326806825
19,79,115,105.48256199121344
19,80,114,106.17401932478788
19,81,113,104.39782794925515
19,82,112,104.46588156474513
19,83,111,105.05496634216047
19,84,110,106.58063268413304
19,85,109,105.96034680497392
19,86,108,104.56439062199186
19,87,107,104.47303146970381
19,88,106,100.24239270393306
19,89,105,93.07185709899872
19,90,104,88.99110443713269
19,91,103,94.3417455344335
19,92,102,89.59376380075705
19,93,101,91.76652815778058
19,94,100,98.64589854874498
19,95,99,98.74474769473758
19,96,98,98.65427586562429
19,97,97,99.9369263301455
19,98,96,97.55799734324614
19,99,95,96.15896882506357
19,100,94,95.57725835041724
19,101,93,96.95259377421488
19,102,92,91.03121112825195
19,103,91,88.91257372097569
19,104,90,90.42153298664897
19,105,89,85.9239284646413
19,106,88,86.13775339499483
19,107,87,81.05912278841814
19,108,86,84.21121206327305
19,109,85,75.66652991121562
19,110,84,81.22236862097668
19,111,83,71.38858989289736
19,112,82,70.45898352450484
19,113,81,72.64378467293626
19,114,80,77.17103594057333
19,115,79,68.87888760221645
19,116,78,70.34752082015727
19,117,77,76.11289628291769
19,118,76,70.34267356607205
19,119,75,67.68755393564936
19,120,74,62.083327122962004
19,121,73,57.865691114539985
19,122,72,55.41264467786608
19,123,71,56.80662710336406
19,124,70,60.09348489107544
19,125,69,59.50615980413231
19,126,68,61.84360639945676
19,127,67,63.705842773902376
19,128,66,61.82245938982777
19,129,65,61.861910336085316
19,130,64,58.097780464921925
19,131,63,58.2067105707639
19,132,62,58.99189109142213
19,133,61,58.442170701375424
19,134,60,60.38303841187813
19,135,59,54.48596588204887
19,136,58,55.31896017862667
19,137,57,55.14201921911824
19,138,56,52.82518689208182
19,139,55,54.52160294215299
19,140,54,53.082384074426244
19,141,53,49.32270306316451
19,142,52,47.40988122392211
19,143,51,44.157212842348855
19,144,50,43.31876622540135
19,145,49,43.09588211177909
19,146,48,41.626819470386536
19,147,47,41.88897214599868
19,148,46,45.04325909814112
19,149,45,48.62584224626946
19,150,44,45.960867571399795
19,151,43,45.63691394718894
19,152,42,45.22094597101018
19,153,41,43.44848795356225
19,154,40,45.42547124182026
19,155,39,42.75258996423778
19,156,38,42.14037896919102
19,157,37,42.751295962544155
19,158,36,41.43052462527594
19,159,35,41.5046380578118
19,160,34,38.750168440358536
19,161,33,35.78657928283563
19,162,32,34.06847853118555
19,163,31,32.12338355248494
19,164,30,31.851752873378686
19,165,29,27.734239741797957
19,166,28,24.66906149499354
19,167,27,22.351691802310437
19,168,26,23.001429894957294
19,169,25,25.34335445875232
19,170,24,24.343787385107397
19,171,23,24.017723879077806
19,172,22,22.88065237458394
20,40,115,121.84956357605988
20,41,114,121.06633558197444
20,42,113,120.10723182790514
20,43,112,117.4634656120524
20,44,111,116.89796272348624
20,45,110,117.47250726630236
20,46,109,117.36229512982666
20,47,108,116.69021308210512
20,48,107,117.05721279940434
20,49,106,118.41065598991426
20,50,105,119.20436685818964
20,51,104,121.47190157683971
20,52,103,121.985893553124
20,53,102,119.15162622823334
20,54,101,118.57255777084205
20,55,100,117.35250761178239
20,56,99,117.02578654306761
20,57,98,117.2448650780141
20,58,97,113.99130710925533
20,59,96,116.33341425587145
20,60,95,115.05578239532872
20,61,94,107.98895262187852
20,62,93,109.24069806351005
20,63,92,114.00044590216258
20,64,91,110.47144167416441
20,65,90,112.7756121797531
20,66,89,106.89697378862726
20,67,88,107.88196574452721
20,68,87,106.13944677928242
20,69,86,100.98079705379402
20,70,85,91.2924778767194
20,71,84,91.187067949077
20,72,83,94.23517160821999
20,73,82,97.9291610588584
20,74,81,99.20049391957907
20,75,80,101.76912899514814
20,76,79,98.99984699949928
20,77,78,100.28916645448136
20,78,77,104.35271505133588
20,79,76,106.05638850238849
20,80,75,107.26806959198225
20,81,74,106.07580780722259
20,82,73,109.35334201800205
20,83,72,108.37586609639123
20,84,71,106.50414213968664
20,85,70,101.32110519372515
20,86,69,98.89729549068284
20,87,68,91.4311322330187
20,88,67,88.09609713492728
20,89,66,69.2848550984995
20,90,65,72.39888117031592
20,91,64,75.97085377024143
20,92,63,76.832482677604
20,93,62,77.70947796407376
20,94,61,70.69271883097188
20,95,60,64.61605553343597
20,96,59,61.43077417247125
20,97,58,60.62312117790428
20,98,57,62.65926335415824
20,99,56,63.74749773270867
20,100,55,55.2560511578591
20,101,54,50.19124958968074
21,40,185,123.45999004035293
21,41,184,121.55631739627343
21,42,183,121.26156686181743
21,43,182,121.42788397575988
21,44,181,121.12043853769359
21,45,180,119.65636168941717
21,46,179,119.24492201895009
21,47,178,119.93891780410877
21,48,177,120.28318231914078
21,49,176,119.66670662358194
21,50,175,121.32846214689569
21,51,174,120.23366923844387
21,52,173,118.60575191886602
21,53,172,117.8912178945728
21,54,171,117.25707758649695
21,55,170,106.16955756229409
21,56,169,109.3675890085932
21,57,168,106.90784596161097
21,58,167,106.64165298596927
21,59,166,106.63206909144809
21,60,165,105.70539868655386
21,61,164,107.45938572601497
21,62,163,101.19560084073427
21,63,162,104.49694801568296
21,64,161,100.08593243268692
21,65,160,94.1381568700933
21,66,159,90.31518976882276
21,67,158,83.3745253230729
21,68,157,84.78691886186863
21,69,156,83.8980335486855
21,70,155,90.33986617265853
21,71,154,87.37961553564404
21,72,153,90.3698888318761
21,73,152,87.94565243014961
21,74,151,87.13384225261834
21,75,150,85.8867204684731
21,76,149,92.01885556897524
21,77,148,95.67892938852577
21,78,147,103.03132808654931
21,79,146,105.64523610208093
21,80,145,109.73037779737675
21,81,144,109.41378974453798
21,82,143,111.82644355866333
21,83,142,114.38334446811118
21,84,141,115.2546370802021
21,85,140,116.67194461351296
21,86,139,118.63916748952576
21,87,138,117.86687806549226
21,88,137,118.92664916803355
21,89,136,120.39811532046295
21,90,135,116.58165896654398
21,91,134,117.05543308515145
21,92,133,118.05139263871365
21,93,132,118.75219669144775
21,94,131,120.1702255821925
21,95,130,116.98439048201544
21,96,129,117.85663946260973
21,97,128,117.20603231675159
21,98,127,116.16044062449731
21,99,126,114.49364842545336
21,100,125,115.21357625351045
21,101,124,114.69375719497637
21,102,123,112.8028097997364
21,103,122,111.27547625991332
21,104,121,111.50615004225264
21,105,120,108.45066639244229
21,106,119,103.07956596503433
21,107,118,98.1779684223297
21,108,117,90.41298931619457
21,109,116,90.6546892969533
21,110,115,91.88374460902358
21,111,114,87.1790480890183
21,112,113,89.48249253318029
21,113,112,85.39874527397666
21,114,111,80.14625891247294
21,115,110,81.38184706727344
21,116,109,81.89094378607834
21,117,108,79.85492786170174
21,118,107,86.17148618235689
21,119,106,88.43157369571644
21,120,105,90.52216469369871
21,121,104,96.01414800219374
21,122,103,96.07833313812867
21,123,102,102.2218237125582
21,124,101,102.85926988811946
21,125,100,100.63548184822207
21,126,99,98.79095610944591
21,127,98,96.8357579732954
21,128,97,93.57850981320671
22,40,129,113.88599841369788
22,41,128,111.06834786917912
22,42,127,110.78503161380587
22,43,126,113.43592398432827
22,44,125,112.78030531811079
22,45,124,113.81056328457007
22,46,123,109.97879017611967
22,47,122,113.97734705363573
22,48,121,114.71859777752616
22,49,120,116.073329845
22,50,119,117.04075155129519
22,51,118,113.69469570932552
22,52,117,111.99135811729235
22,53,116,110.58871638756298
22,54,115,105.3022438102899
22,55,114,109.79778803476117
22,56,113,110.53503195125178
22,57,112,110.18577756565173
22,58,111,110.56826065367531
22,59,110,109.792174298703
22,60,109,110.43337734718122
22,61,108,111.18307829259808
22,62,107,109.81649512791867
22,63,106,107.08775358374655
22,64,105,104.79406999586305
22,65,104,101.39187899620232
22,66,103,102.52141053491535
22,67,102,109.76005184047857
22,68,101,114.45667072675994
22,69,100,109.53846447096495
22,70,99,109.00109962550175
22,71,98,111.40162812150919
22,72,97,113.5971257753373
22,73,96,115.69621595411259
22,74,95,115.43273920032121
22,75,94,112.77583323082038
22,76,93,114.01527596258799
22,77,92,116.54699447181221
22,78,91,115.9127011232568
22,79,90,116.43475006523707
22,80,89,113.9097548467913
22,81,88,111.9255158990166
22,82,87,111.71644984049043
22,83,86,105.33366552365929
22,84,85,109.6517925364159
22,85,84,110.25021806890868
22,86,83,110.6768338347436
22,87,82,106.42130079147378
22,88,81,106.85170770577628
22,89,80,111.30058713958468
22,90,79,111.21705895773962
22,91,78,109.32319890067693
22,92,77,109.0345118775885
22,93,76,107.11074313753473
22,94,75,105.00407474709544
22,95,74,105.86916020508389
22,96,73,106.4009088437987
22,97,72,105.37652669320676
22,98,71,108.65351564706256
22,99,70,102.00654956910287
22,100,69,96.62495103335871
22,101,68,93.72241548233384
22,102,67,90.9465292588835
22,103,66,86.93183047515092
22,104,65,87.260279798265
22,105,64,86.24011350493734
22,106,63,87.91559052681836
22,107,62,90.42955292056209
22,108,61,81.22891090644276
22,109,60,71.38378662496194
22,110,59,64.3291553738685
22,111,58,66.19019148935706
22,112,57,63.330714131483006
22,113,56,58.32840619353251
22,114,55,56.73073797120807
22,115,54,54.72934598899474
22,116,53,50.46484217298161
22,117,52,50.85743446824659
22,118,51,50.00173688917196
22,119,50,47.86357677022999
22,120,49,46.285677234370944
22,121,48,44.737845255595346
22,122,47,42.090282704995474
22,123,46,41.710889165067414
22,124,45,40.829232216729906
22,125,44,39.240523225309595
22,126,43,40.18781313606625
22,127,42,42.9448487903385
22,128,41,44.02045774809944
22,129,40,43.075732678249324
22,130,39,41.058125316723434
22,131,38,40.49500945985389
22,132,37,40.623663003815594
22,133,36,41.03579146246486
22,134,35,40.494186239478566
22,135,34,38.635060110544394
22,136,33,36.023285635630444
22,137,32,38.099739008902574
22,138,31,38.386431829064925
22,139,30,36.03042583519811
22,140,29,34.524907920419906
22,141,28,37.8025049618833
22,142,27,35.482105929184314
22,143,26,32.85842263069069
22,144,25,33.0554910966726
22,145,24,30.61996292398436
22,146,23,26.788668213621246
22,147,22,29.53322417820183
22,148,21,25.155894653405074
22,149,20,22.33097742650847
22,150,19,20.151015566919792
22,151,18,21.632780112856544
22,152,17,21.6034300735
22,153,16,18.097289827767426
22,154,15,18.880676296426294
22,155,14,18.564088475685942
22,156,13,17.832993556436104
22,157,12,16.5639665630488
22,158,11,14.667318409856048
22,159,10,13.568031517863616
23,40,151,125.0
23,41,150,125.0
23,42,149,125.0
23,43,148,124.83483693206719
23,44,147,124.60845391507354
23,45,146,124.58833145071989
23,46,145,124.23487018491487
23,47,144,122.62999329166303
23,48,143,122.42662990413834
23,49,142,121.81263069997624
24,40,247,124.24011904992665
24,41,246,123.16121437213798
24,42,245,122.75010666842566
24,43,244,122.57312633438227
24,44,243,120.75443124632616
24,45,242,120.54566587827426
24,46,241,121.12641481964187
24,47,240,121.14664605644359
24,48,239,120.58861694518906
24,49,238,122.99734388017797
24,50,237,122.87513118896047
24,51,236,122.79915534512588
24,52,235,123.45593239082842
24,53,234,124.11692385923797
24,54,233,123.47652283819576
24,55,232,122.54933126995101
24,56,231,122.52773688469469
24,57,230,123.01076074289762
24,58,229,120.55937338312114
24,59,228,119.83799928879333
24,60,227,119.77034395028778
24,61,226,120.81038594590902
24,62,225,120.13739796276086
24,63,224,121.95672849576388
24,64,223,121.27639992838111
24,65,222,123.0608218661944
24,66,221,117.2678634818914
24,67,220,119.68240930453379
24,68,219,121.94338584505488
24,69,218,122.18387609644682
24,70,217,121.11737508519217
24,71,216,121.3802101028872
24,72,215,123.34589443357888
24,73,214,122.93611395619713
24,74,213,121.50117594959707
24,75,212,123.00002472441363
24,76,211,122.87855444713195
24,77,210,124.67044775919695
24,78,209,124.538190712156
24,79,208,123.97773624775438
24,80,207,122.77674999220037
24,81,206,122.01369444838073
24,82,205,122.57057716261214
24,83,204,122.22542098180023
24,84,203,120.30561561620046
24,85,202,119.59952093622978
24,86,201,117.49055473181228
24,87,200,120.02192786372197
24,88,199,120.58929260957328
24,89,198,121.72173848916017
24,90,197,123.47679084094375
24,91,196,123.99396875676632
24,92,195,123.38025470650939
24,93,194,122.24475807637526
24,94,193,123.34065782201358
24,95,192,121.18873833369348
24,96,191,120.3806809921959
24,97,190,119.72765574637017
24,98,189,120.7567470825364
24,99,188,122.19852970675062
24,100,187,122.85306838322445
24,101,186,122.43784770704784
24,102,185,120.34271669978236
24,103,184,119.50583525826714
24,104,183,119.95392629901067
24,105,182,122.49402619780898
24,106,181,123.82320289220672
24,107,180,123.57487334254972
24,108,179,124.8187110623579
24,109,178,124.51027723681736
24,110,177,125.0
24,111,176,124.59415466259631
24,112,175,124.5499697262847
24,113,174,122.39417070239097
24,114,173,122.80658389120455
24,115,172,122.44265826286963
24,116,171,121.91711907537662
24,117,170,120.32804836079488
24,118,169,120.08313277982876
24,119,168,119.96110883514476
24,120,167,119.73465783719624
24,121,166,122.25074602188505
24,122,165,120.16226212372254
24,123,164,119.1191002129481
24,124,163,114.55807604516076
24,125,162,115.53929928261027
24,126,161,116.42141513824419
24,127,160,119.48108471146286
24,128,159,120.79864939031532
24,129,158,121.74184593107367
24,130,157,122.23531078249252
24,131,156,121.48651654599885
24,132,155,119.89182451710181
24,133,154,120.14374784313569
24,134,153,121.7527341826386
24,135,152,121.12494125296568
24,136,151,121.02861133149776
24,137,150,121.83881404318338
24,138,149,121.28594254942406
24,139,148,121.18771221351317
24,140,147,122.8394956202342
24,141,146,122.71450528609614
24,142,145,116.87616033659053
24,143,144,118.86888414904797
24,144,143,121.32896365048876
24,145,142,121.92357854676172
24,146,141,120.48350798433344
24,147,140,120.0840565760418
24,148,139,124.06320186953359
24,149,138,123.77661801637407
24,150,137,121.77036506268843
24,151,136,120.53058569107691
24,152,135,118.69153722831591
24,153,134,118.48532083686264
24,154,133,119.60818292938167
24,155,132,120.63716129848706
24,156,131,120.02157601632882
24,157,130,119.3808445713995
24,158,129,120.2745846932751
24,159,128,120.7672953699716
24,160,127,120.93533225404533
24,161,126,119.373444778975
24,162,125,119.34486627859475
24,163,124,118.35140514270654
24,164,123,119.69163592541038
24,165,122,119.68330855080185
24,166,121,119.13996691846532
24,167,120,117.94373992072678
24,168,119,117.94204114120208
24,169,118,117.73815383159061
24,170,117,114.16599103396717
24,171,116,112.32085705368914
24,172,115,111.4742149546903
24,173,114,108.39618054737856
24,174,113,109.73781262304513
24,175,112,104.14543371900015
24,176,111,106.49252667329117
24,177,110,102.60161711081165
24,178,109,99.08139779205231
24,179,108,97.05828664551692
24,180,107,97.39198583002337
24,181,106,96.87485134043988
24,182,105,96.6113969705661
24,183,104,96.8971309659843
24,184,103,98.4752296354124
24,185,102,93.33767146873438
24,186,101,91.62974797822037
24,187,100,87.87699289639329
24,188,99,92.98183695145903
24,189,98,92.5480038995102
24,190,97,88.37673868234623
24,191,96,84.70984005031661
24,192,95,80.3790387421214
24,193,94,81.51580529338275
24,194,93,80.39408881069865
24,195,92,84.17816302669056
24,196,91,79.36470061875485
24,197,90,79.24449540168115
24,198,89,81.38914546615332
24,199,88,80.24433889606604
24,200,87,82.16013699403706
24,201,86,83.74561162120992
24,202,85,80.37883196744077
24,203,84,79.93192588115909
24,204,83,79.5446565815451
24,205,82,83.02653099856033
24,206,81,77.93541660683294
24,207,80,75.0736798044521
24,208,79,76.91878821157094
24,209,78,79.0621518142421
24,210,77,76.93846776055747
25,40,195,123.73474149275042
25,41,194,122.81963635497645
25,42,193,120.48900500938932
25,43,192,121.04972535105847
25,44,191,120.248479290707
25,45,190,118.44653845477795
25,46,189,120.80329253448757
25,47,188,122.15227049370938
25,48,187,121.53450260310163
25,49,186,121.61912719520402
25,50,185,122.30137759438432
25,51,184,123.05795248550152
25,52,183,122.41576851247603
25,53,182,122.15464289428499
25,54,181,123.2647458507893
25,55,180,121.59358165360456
25,56,179,122.79544969124677
25,57,178,122.51764932628672
25,58,177,122.80844121247301
25,59,176,122.38925091973651
25,60,175,120.87824672154738
25,61,174,117.96272340853957
25,62,173,117.28205652028419
25,63,172,118.12846961769755
25,64,171,121.08551670603457
25,65,170,118.92981884749355
25,66,169,117.6339511328516
25,67,168,115.3165316456784
25,68,167,116.36920794901178
25,69,166,117.93299812937744
25,70,165,117.46553501898198
25,71,164,116.74518808732802
25,72,163,115.34202729042875
25,73,162,116.87970110267823
25,74,161,118.9176425621463
25,75,160,115.97727173632518
25,76,159,112.60254566998091
25,77,158,111.70995978008385
25,78,157,111.94867701352186
25,79,156,113.59348919151421
25,80,155,116.48559953601473
25,81,154,115.21156034549449
25,82,153,112.66237512370886
25,83,152,115.4818001588396
25,84,151,117.16036293655277
25,85,150,119.28452980228924
25,86,149,118.8847339649073
25,87,148,118.49898456055499
25,88,147,116.81720758875326
25,89,146,116.64600633109316
25,90,145,114.46157631654728
25,91,144,117.79983484304825
25,92,143,118.82141769699969
25,93,142,119.8410859095523
25,94,141,121.81947772068182
25,95,140,120.64519252738518
25,96,139,121.36772036628703
25,97,138,120.33434568932523
25,98,137,120.75433273226065
25,99,136,117.19986359770135
25,100,135,118.68212053318032
25,101,134,118.33464243938414
25,102,133,116.27083036426919
25,103,132,117.55357871735254
25,104,131,117.97554004565504
25,105,130,118.70774337131331
25,106,129,120.67866649340303
25,107,128,120.8069226919298
25,108,127,122.26797841056559
25,109,126,123.17096267596673
25,110,125,122.37006057293266
25,111,124,121.63969877322427
25,112,123,120.20661423233587
25,113,122,120.31890380581686
25,114,121,119.92136199612837
25,115,120,116.8791777705753
25,116,119,112.64202670746923
25,117,118,109.34958453311043
25,118,117,112.31990952545084
25,119,116,109.46947101732388
25,120,115,115.43551188438667
25,121,114,116.12428245855631
25,122,113,117.85523996888162
25,123,112,117.98342602764212
25,124,111,117.88296737015955
25,125,110,117.88701534207662
25,126,109,114.81623234466034
25,127,108,110.27730385674478
25,128,107,101.2060559933816
25,129,106,98.60561637544055
25,130,105,94.82571803111324
25,131,104,93.12524141278418
25,132,103,90.90694720408523
25,133,102,91.3532706050753
25,134,101,92.12511315944853
25,135,100,86.97938179628632
25,136,99,85.30427453199009
25,137,98,79.42145527512936
25,138,97,80.5098757730772
25,139,96,76.00977718567034
25,140,95,76.63586973923628
25,141,94,85.16169775262725
25,142,93,78.30538591338825
25,143,92,79.90495209193992
25,144,91,84.68301355032345
25,145,90,85.73232174226956
25,146,89,89.72857255059253
25,147,88,89.27873600024859
26,40,199,119.80721113795906
26,41,198,119.87629971995459
26,42,197,119.3869823113351
26,43,196,119.40614552722963
26,44,195,119.99394735963088
26,45,194,120.89724786491489
26,46,193,120.18944016102611
26,47,192,120.43452917457714
26,48,191,120.76971993537131
26,49,190,121.77369491220546
26,50,189,121.33993439911629
26,51,188,122.674171872728
26,52,187,121.09448336370309
26,53,186,123.37141480325283
26,54,185,122.03376579562755
26,55,184,122.45386164189873
26,56,183,122.96335228205403
26,57,182,121.79019015535724
26,58,181,122.32180663912729
26,59,180,123.76071700250833
26,60,179,123.4077831045426
26,61,178,120.29898805753035
26,62,177,115.85403004720683
26,63,176,113.17968871080882
26,64,175,110.58970648244113
26,65,174,111.42770872105031
26,66,173,114.01879451131518
26,67,172,116.06808607277611
26,68,171,114.19549748841035
26,69,170,115.91729435820298
26,70,169,113.26850144836403
26,71,168,116.0535017229817
26,72,167,117.16672184451343
26,73,166,118.44674638374045
26,74,165,117.71136191038852
26,75,164,118.76296515121416
26,76,163,119.30571949068474
27,40,154,123.79342942262137
27,41,153,122.99585717443456
27,42,152,119.40542321711311
27,43,151,118.35342971447002
27,44,150,119.8126821251629
27,45,149,120.89553802105397
27,46,148,120.74944311456753
27,47,147,121.63273322792811
27,48,146,121.23760574041424
27,49,145,122.73076515310443
27,50,144,121.73540167695313
27,51,143,120.81229080113819
27,52,142,121.92469924383246
27,53,141,120.52140032112655
27,54,140,121.74711857585294
27,55,139,122.97364559803742
27,56,138,122.7480084619306
27,57,137,121.87764774822942
27,58,136,120.40824849847277
27,59,135,119.10864732333813
27,60,134,118.77759465013675
27,61,133,120.34500879174813
27,62,132,120.05913869642694
27,63,131,118.59820397160176
27,64,130,118.49023999574881
27,65,129,117.96215184244298
27,66,128,118.69091691060596
27,67,127,117.68755299243597
27,68,126,117.90878254617243
28,23,138,115.38406055403263
29,40,144,120.63292571867765
29,41,143,119.52068170839945
29,42,142,118.67709243354221
29,43,141,116.85596749338168
29,44,140,112.56233308333398
29,45,139,113.53506098956908
29,46,138,113.41202722069839
29,47,137,117.11209491233576
29,48,136,113.82790039615966
29,49,135,117.94282308873728
29,50,134,117.52271277854993
29,51,133,113.25111980137665
29,52,132,114.32401065879927
29,53,131,118.74549869331543
29,54,130,115.69500068949657
29,55,129,114.7584063237702
29,56,128,113.49950410995376
29,57,127,116.41615481255128
29,58,126,115.51432339126505
29,59,125,107.37332317536112
29,60,124,107.69616406819469
29,61,123,104.09724455140702
29,62,122,102.92470639233079
29,63,121,105.40829142094799
29,64,120,106.2488910463922
29,65,119,103.88253573165966
29,66,118,106.62209097043981
29,67,117,107.32669501923723
29,68,116,103.99605760130827
29,69,115,101.4568759224718
29,70,114,102.75844200277277
29,71,113,98.47691964412962
29,72,112,96.82154910303836
29,73,111,102.72775056359417
29,74,110,107.14365398061037
29,75,109,111.58911474577314
29,76,108,113.75388498303428
29,77,107,112.68579284061852
29,78,106,112.68340575368012
29,79,105,107.0949577503186
29,80,104,108.2257968619747
29,81,103,107.57478373466728
29,82,102,108.7568588621078
29,83,101,111.26779265640533
29,84,100,108.98561587220446
29,85,99,110.36060533408578
29,86,98,111.27964350460982
29,87,97,110.72709856977642
29,88,96,110.1619432500151
29,89,95,114.81626252049736
29,90,94,114.97414717682094
29,91,93,108.49287314033143
29,92,92,110.76842485011616
29,93,91,107.77537809677014
29,94,90,105.10873498832044
29,95,89,102.30788742166511
29,96,88,100.90610913441895
29,97,87,99.86884668567988
29,98,86,93.72195128160834
29,99,85,92.76242447935951
29,100,84,89.73824639725258
29,101,83,80.7015374014136
30,40,222,123.20676680408619
30,41,221,121.45449412267442
30,42,220,119.91173329505446
30,43,219,119.79627620873916
30,44,218,119.47633442967111
30,45,217,119.22014014431592
30,46,216,118.42042947540992
30,47,215,118.05782571525708
30,48,214,118.76722555665798
30,49,213,117.12984953881636
30,50,212,115.5635580577444
30,51,211,116.23601166342118
30,52,210,117.46515207130815
30,53,209,117.1485320974196
30,54,208,118.67053288333076
30,55,207,114.149766579708
30,56,206,115.18680536180968
30,57,205,116.175587013224
30,58,204,114.99827327802745
30,59,203,113.01630999134812
30,60,202,112.09675764437856
30,61,201,112.43068020336288
30,62,200,110.19164313293344
30,63,199,107.06029198719014
30,64,198,109.44005398329008
30,65,197,109.75990638864722
30,66,196,111.70981634778333
30,67,195,115.55799913461743
30,68,194,117.20948679376926
30,69,193,120.40397149309028
30,70,192,119.69331265607798
30,71,191,118.61299308360503
30,72,190,119.6849313818403
30,73,189,119.59570279829384
30,74,188,119.71228703283569
30,75,187,119.13488987713806
30,76,186,117.29433183651977
30,77,185,117.21255412573846
30,78,184,116.68007675600798
30,79,183,114.95576480046788
30,80,182,114.08590819082619
30,81,181,113.87560359840978
30,82,180,112.10363320595793
30,83,179,112.53211242720076
30,84,178,114.38435590027521
30,85,177,114.97098946755833
30,86,176,110.83966131886305
30,87,175,110.74304483381204
30,88,174,113.40930277476856
30,89,173,113.40124014231938
30,90,172,112.8066451670719
30,91,171,113.95827949257051
30,92,170,112.3315206066842
30,93,169,112.79345602443243
30,94,168,113.97412090131911
30,95,167,110.62415897184165
30,96,166,111.4939318980237
30,97,165,111.87169850552753
30,98,164,113.25876066701784
30,99,163,114.97060136372502
30,100,162,111.00998258251998
30,101,161,109.20144708398075
30,102,160,108.07360942248455
30,103,159,107.11308494766209
30,104,158,106.9946980352764
30,105,157,102.81891247551418
30,106,156,102.05136093540091
30,107,155,101.9081292533645
30,108,154,97.21704954439488
30,109,153,93.24337425810566
30,110,152,105.63819677035377
30,111,151,98.6637391012083
30,112,150,102.35442325575869
30,113,149,104.53041868833681
30,114,148,102.83329255385195
30,115,147,104.35979387949158
30,116,146,100.13029227862468
30,117,145,100.63692622730075
30,118,144,100.27391716951941
30,119,143,100.88643825371466
30,120,142,100.05073443753132
30,121,141,103.21515063530899
30,122,140,100.5411537018652
30,123,139,104.59564555596467
30,124,138,112.46396831616784
30,125,137,113.95853716878636
30,126,136,113.44560392432982
30,127,135,114.18916509095355
30,128,134,112.73212560234239
30,129,133,113.8003593005946
30,130,132,113.38868630505871
30,131,131,113.24628735798461
30,132,130,108.63777793210086
30,133,129,105.996277747616
30,134,128,104.5723739256371
30,135,127,103.76687483560423
30,136,126,104.80282482512206
30,137,125,103.00754635416796
30,138,124,98.42749932752449
30,139,123,100.65604491268316
30,140,122,106.5554948914286
30,141,121,105.32292411838209
30,142,120,104.27830649304033
30,143,119,101.7601831483145
30,144,118,103.27180902521731
30,145,117,99.47921468766344
30,146,116,100.45061645043464
30,147,115,100.55752954283764
30,148,114,103.21259824923871
30,149,113,103.91530003403017
30,150,112,105.94446496464715
30,151,111,100.66613050765004
30,152,110,101.76069584852624
30,153,109,103.97528532809321
30,154,108,106.69693084592295
30,155,107,108.149425118083
30,156,106,103.75705285924887
30,157,105,106.54602482408629
30,158,104,107.35640886403499
30,159,103,103.9897474607865
30,160,102,107.87724701542433
30,161,101,103.90340786687693
30,162,100,100.65501095863266
30,163,99,102.98958938202665
30,164,98,106.53192527111611
30,165,97,104.16434690403247
30,166,96,104.19180221038133
30,167,95,104.74158433038716
30,168,94,105.83200953985556
30,169,93,105.4503917029798
30,170,92,104.56169020112382
30,171,91,105.29471768281428
30,172,90,99.18277578924332
30,173,89,99.14495576797233
30,174,88,91.52060710071785
30,175,87,90.0667569623345
30,176,86,82.11223083135991
30,177,85,77.40049849182851
30,178,84,71.53611947867503
30,179,83,70.06762307898086
30,180,82,65.26485471797366
30,181,81,66.23621679509915
30,182,80,63.988147800150266
30,183,79,60.97414202600254
30,184,78,59.40887272253672
31,40,158,119.87891871632857
31,41,157,121.61976229129726
31,42,156,121.81415078428012
31,43,155,119.97840495102719
31,44,154,121.023044045618
31,45,153,121.93665203815193
31,46,152,121.28014427385503
31,47,151,118.09394960633135
31,48,150,117.21992978770376
31,49,149,118.68924090566628
31,50,148,120.16913471865222
31,51,147,121.05183584400459
31,52,146,120.4172564044695
31,53,145,119.26427684697629
31,54,144,120.77416540886271
31,55,143,117.83806421573385
31,56,142,121.52225455250905
31,57,141,120.31172425587874
31,58,140,119.682891595364
31,59,139,120.4699166006222
31,60,138,119.48668019479675
31,61,137,119.99210997875528
31,62,136,118.25692630471974
31,63,135,121.03889522720588
31,64,134,120.12072578358965
31,65,133,120.15492975364162
31,66,132,120.09490026611928
31,67,131,122.63601047912098
31,68,130,123.36560949896963
31,69,129,123.19313691818192
31,70,128,123.33395222142289
31,71,127,123.1222105572694
31,72,126,123.11326026655598
31,73,125,121.00734346558501
31,74,124,120.96370317144516
31,75,123,120.43273726772804
31,76,122,118.15557923762313
31,77,121,118.08725637340768
31,78,120,116.18872099492874
31,79,119,114.53274727398366
31,80,118,112.10053813375964
31,81,117,110.39218303555822
31,82,116,110.67208474689713
31,83,115,107.21721184821804
31,84,114,107.29152301518387
31,85,113,112.70248026010756
31,86,112,112.0977258564343
31,87,111,110.77931510973369
31,88,110,108.18558283892557
31,89,109,110.2026331177731
31,90,108,112.52120709634613
31,91,107,111.50172581894947
31,92,106,106.3227472021203
31,93,105,107.67247223106793
31,94,104,106.15658884723214
31,95,103,98.86325346598201
31,96,102,103.49411757642014
31,97,101,97.29388156050587
31,98,100,94.48530524527197
31,99,99,93.42966537308945
31,100,98,96.64224045685965
31,101,97,95.71457591835082
31,102,96,104.98499091355586
31,103,95,105.83089733141935
31,104,94,104.16265281441333
31,105,93,104.10531000892121
31,106,92,98.40880690205599
31,107,91,101.79944972657901
31,108,90,109.51275088052621
31,109,89,110.86614778971025
31,110,88,111.52113204098774
31,111,87,109.02908295291712
31,112,86,108.68747126475205
31,113,85,109.16724049137797
31,114,84,109.55811531902819
31,115,83,107.92731862651243
31,116,82,106.52877040352715
31,117,81,105.59346098332195
31,118,80,102.55834627948929
31,119,79,104.83616239396169
31,120,78,104.67574684612649
31,121,77,102.46730199702365
31,122,76,101.6438110919728
31,123,75,108.20480969624629
32,40,141,119.52836964001538
32,41,140,118.88774515348683
32,42,139,119.19333372707897
32,43,138,119.63422515754812
32,44,137,118.90867382907419
32,45,136,118.0321235313163
32,46,135,119.95194055955861
32,47,134,118.4059476738031
32,48,133,118.23864177775249
32,49,132,119.15417316613818
32,50,131,118.11270711591328
32,51,130,117.81897182831366
32,52,129,118.00262236370892
32,53,128,117.74995847011459
32,54,127,116.39513232813532
32,55,126,116.26311221531618
32,56,125,115.8874611621052
32,57,124,118.92439752510077
32,58,123,121.36719028476725
32,59,122,120.71616129081224
32,60,121,118.86589559098327
32,61,120,118.20111761457497
32,62,119,119.48487772332831
32,63,118,119.12886855956148
32,64,117,113.32594105968776
32,65,116,116.04655188628476
32,66,115,112.96393107210278
32,67,114,112.65557372319483
32,68,113,115.17892645323437
32,69,112,117.10508988480294
32,70,111,114.32788179749633
32,71,110,115.233650100947
32,72,109,112.25107076179481
32,73,108,111.07061112882471
32,74,107,109.22172663715432
32,75,106,107.94929184687805
32,76,105,104.67885546950231
32,77,104,100.30231552241939
32,78,103,102.22182773864684
32,79,102,99.49677809415968
32,80,101,103.2345657526055
32,81,100,102.87438407984996
32,82,99,102.59716181933209
32,83,98,104.96759836840948
32,84,97,100.92701030914489
32,85,96,101.16135794871414
32,86,95,100.2544214306688
32,87,94,106.96772615934941
32,88,93,104.24644609070268
32,89,92,108.22246110509089
32,90,91,105.7641892323157
32,91,90,107.72931735564478
32,92,89,109.02148583587648
32,93,88,107.25684793369251
32,94,87,102.86922725448734
32,95,86,106.50668930093971
32,96,85,103.19528324938997
32,97,84,103.60128324553833
32,98,83,99.22703231407803
32,99,82,95.98348939664322
32,100,81,92.46804648273022
32,101,80,94.01352077127135
32,102,79,96.12382637407796
32,103,78,95.3513304503
32,104,77,84.1589096265296
32,105,76,91.62986258223773
32,106,75,86.09122700470103
32,107,74,89.23615088829058
32,108,73,91.43472050505233
32,109,72,90.15805281746037
32,110,71,87.41681563100252
32,111,70,90.75655598101329
32,112,69,87.69112517665968
32,113,68,77.66773905033669
32,114,67,72.60930393582757
32,115,66,67.53402085282823
32,116,65,57.35199942037529
32,117,64,57.196393152897286
32,118,63,53.56612808485015
32,119,62,56.32263756476433
32,120,61,65.45973093416112
32,121,60,57.60164311895343
32,122,59,61.54719390238127
32,123,58,56.31885558148345
32,124,57,54.35228865929584
32,125,56,52.58781799952591
32,126,55,54.826871754016
32,127,54,55.70162174614087
32,128,53,48.646401463347054
32,129,52,49.231317167198696
32,130,51,52.20931615147468
32,131,50,52.420831958229016
32,132,49,50.859181375550534
32,133,48,51.430715848555955
32,134,47,46.25116618962045
32,135,46,53.570169009290986
32,136,45,54.30620474075824
32,137,44,50.903765950051664
32,138,43,47.925243361703465
32,139,42,44.124720607274384
32,140,41,43.44403855715704
32,141,40,45.839508041169175
32,142,39,46.91287526740359
32,143,38,41.48426379932752
32,144,37,39.54612415969892
32,145,36,41.89344742667482
32,146,35,40.76792128591336
32,147,34,41.54459020764543
32,148,33,41.34506233663659
32,149,32,40.09063959064272
32,150,31,40.15444030038749
32,151,30,41.51256023710567
32,152,29,39.698044084431544
32,153,28,37.890605371043335
32,154,27,36.23995816412949
32,155,26,32.533112420854195
32,156,25,27.000115799896264
32,157,24,25.818689217751867
32,158,23,24.068575826941697
32,159,22,23.325054554134294
32,160,21,24.14083076370062
32,161,20,23.837654007720822
32,162,19,21.306099873999848
32,163,18,18.16789145271894
32,164,17,18.029735634305208
32,165,16,16.11930347923775
32,166,15,15.657895930350044
32,167,14,14.789155796984046
32,168,13,14.272842445676426
32,169,12,12.995501219682323
32,170,11,14.398348197911186
33,40,148,120.05845960861276
33,41,147,119.65609324716931
33,42,146,120.42456047177268
33,43,145,122.27425278904784
33,44,144,123.64646028026128
33,45,143,123.98610153156653
33,46,142,121.19782627355042
33,47,141,120.7696890701654
33,48,140,121.51761954628662
33,49,139,120.60392511256927
33,50,138,117.54717745648897
33,51,137,118.08459013901671
33,52,136,118.20745393709458
33,53,135,118.61170540178077
33,54,134,119.78358737608863
33,55,133,119.39808002869393
33,56,132,117.40659422913924
33,57,131,118.04648205474899
33,58,130,121.74488190028885
33,59,129,120.56220585834623
33,60,128,123.36853539455423
33,61,127,122.40157902286023
33,62,126,120.2949261024581
33,63,125,119.72488262586661
33,64,124,120.10158715808788
33,65,123,119.28111974258141
33,66,122,117.62162703060508
33,67,121,117.36609055812067
33,68,120,117.80330663403808
33,69,119,116.76709066577601
33,70,118,118.59558642882592
33,71,117,116.87121292201384
33,72,116,117.41527769882094
33,73,115,111.05594715553843
33,74,114,109.76622719681518
33,75,113,105.1199903447186
33,76,112,107.42564346787321
33,77,111,102.87000963464064
33,78,110,107.4936321101431
33,79,109,103.72377543736104
33,80,108,103.69866452053665
33,81,107,105.53383103763883
33,82,106,106.51685701016278
33,83,105,107.41012532773246
33,84,104,108.1282216853952
33,85,103,98.81312429903211
33,86,102,99.58052686474426
33,87,101,91.911353774064
33,88,100,84.73924545349718
33,89,99,81.66854157771081
33,90,98,78.48424427169189
33,91,97,77.33244085694798
33,92,96,78.3252092361578
33,93,95,81.92294424602386
33,94,94,88.37911762459476
33,95,93,84.26540240218041
33,96,92,74.60916986834106
33,97,91,74.6288169872193
33,98,90,69.53919223516957
33,99,89,77.9976173471066
33,100,88,75.39844560368024
33,101,87,72.35870917526213
33,102,86,63.58133109932984
33,103,85,64.85176883161859
33,104,84,61.872078992145234
33,105,83,61.24760776195242
33,106,82,55.3547813663617
33,107,81,55.004073779248
33,108,80,60.04895954828766
33,109,79,59.94107121151231
33,110,78,64.95693272264225
33,111,77,63.9917879621606
33,112,76,62.99924682913245
33,113,75,64.78202270063585
33,114,74,66.43234812380724
33,115,73,73.15826669781114
33,116,72,78.4581442525087
33,117,71,75.3409107721734
33,118,70,73.49279801441335
33,119,69,67.61232866405867
33,120,68,73.39141631633505
33,121,67,73.44717922238604
33,122,66,71.10544675543393
33,123,65,72.51015206995191
33,124,64,72.84231922416852
33,125,63,71.807570106904
33,126,62,72.35544149830395
33,127,61,71.96676641693642
33,128,60,66.41000162700355
33,129,59,66.05749015092832
33,130,58,64.65634980192782
33,131,57,59.842629732867465
33,132,56,61.8098328533304
33,133,55,63.793744814628056
33,134,54,66.80774886978978
33,135,53,62.762582887026376
34,40,185,123.31778313685295
34,41,184,123.34828055614364
34,42,183,122.85536182559902
34,43,182,122.84820058652355
34,44,181,122.0825214882513
34,45,180,122.22816612044664
34,46,179,121.87416946992005
34,47,178,121.63170866831179
34,48,177,121.7912970392187
34,49,176,121.9358888961775
34,50,175,121.07935223373177
34,51,174,120.38237437004003
34,52,173,119.7179586679477
35,40,100,110.92627961483007
35,41,99,108.6842020838908
35,42,98,108.64679519759332
35,43,97,108.82406110699048
35,44,96,105.08703778983568
35,45,95,108.63791389673536
35,46,94,105.92192799034618
35,47,93,106.757086022909
35,48,92,109.0712378426068
35,49,91,113.2526801769646
35,50,90,113.1608933576068
35,51,89,112.35811296451183
35,52,88,115.01988562018295
35,53,87,115.84047658356329
35,54,86,114.84492164851167
35,55,85,117.38323655172115
35,56,84,119.72558554861274
35,57,83,118.31158532986555
35,58,82,114.43217233840585
35,59,81,115.12730683189238
35,60,80,114.06614994183539
35,61,79,111.54669458203045
35,62,78,109.4913141937052
35,63,77,110.7619139575749
35,64,76,109.11179768196074
35,65,75,106.69471888401083
35,66,74,108.82989285939132
35,67,73,107.56556340101471
35,68,72,108.83925093037963
35,69,71,107.02077064369587
35,70,70,107.83980986107915
35,71,69,105.24165742939469
35,72,68,106.26565012756808
35,73,67,102.29539374890747
35,74,66,94.21753532281278
35,75,65,92.67787163769759
35,76,64,84.88755788884504
35,77,63,85.89615070004118
36,40,223,119.78624695375333
36,41,222,120.13189868277234
36,42,221,121.86063864599049
36,43,220,122.3175362389371
36,44,219,121.19039700988188
36,45,218,122.25811699724225
36,46,217,121.85953074091455
36,47,216,120.75802166680023
36,48,215,118.68195646413099
36,49,214,118.82416020853209
36,50,213,115.46872421418058
36,51,212,113.6481416657376
36,52,211,113.62891502247388
36,53,210,113.70361434086496
36,54,209,114.46768933553777
36,55,208,115.4384534623909
36,56,207,114.12476591386974
36,57,206,117.64078260115907
36,58,205,115.19817261367388
36,59,204,112.333702615374
36,60,203,111.20027448508279
36,61,202,107.57683813102234
36,62,201,109.54620420431772
36,63,200,109.98697249496522
36,64,199,109.480570143423
36,65,198,105.70186221022617
36,66,197,110.78616506834021
36,67,196,112.07519440468664
36,68,195,112.57692558218486
36,69,194,113.21679273160038
36,70,193,114.22681287622389
36,71,192,111.65049301216969
36,72,191,111.782522108297
36,73,190,110.51872581053355
36,74,189,107.7215369044819
36,75,188,108.53179669334841
36,76,187,108.2400228484408
36,77,186,110.94961913608694
36,78,185,111.70054614320117
36,79,184,109.917713897872
36,80,183,111.77558251456975
36,81,182,112.16289822553195
36,82,181,112.53112982654149
36,83,180,111.2392507312151
36,84,179,110.12774257873542
36,85,178,112.17422516018459
36,86,177,113.82957038171173
36,87,176,113.56035816472169
36,88,175,111.18386769369029
36,89,174,113.28332379161583
36,90,173,113.23937056040768
36,91,172,113.641290328946
36,92,171,110.90800558308564
36,93,170,111.3165239815214
36,94,169,111.13088342558913
36,95,168,112.50093745552607
36,96,167,111.82644263621958
36,97,166,111.46503282927294
36,98,165,107.12733992535289
36,99,164,105.41595424043308
36,100,163,106.2261632072833
36,101,162,102.78745969641153
36,102,161,103.63252168079421
36,103,160,105.18434110609871
36,104,159,108.19343469922474
36,105,158,104.9119760225094
36,106,157,109.67902463410627
36,107,156,104.06905956050898
36,108,155,104.7384178340098
36,109,154,104.93366430716858
36,110,153,107.15583235430049
36,111,152,105.9969992027568
36,112,151,106.10511108841521
36,113,150,105.68150678246982
36,114,149,104.06166359680353
36,115,148,106.7235061255869
36,116,147,107.18351704759209
36,117,146,105.26537696215098
36,118,145,106.0047529758562
36,119,144,102.3005106821953
36,120,143,108.46658337779735
36,121,142,104.77632615627587
36,122,141,106.82097093818378
36,123,140,100.1708134686379
36,124,139,101.99768007240553
36,125,138,99.87855533400698
36,126,137,110.86782536797722
36,127,136,110.84693947537163
36,128,135,112.79232278097717
36,129,134,113.52349312403697
36,130,133,114.86551575875424
36,131,132,114.7175977415299
36,132,131,112.20190670804031
36,133,130,105.49033511706381
36,134,129,101.72382455003049
36,135,128,101.84841140638996
36,136,127,101.6925523401164
36,137,126,92.89789841561645
36,138,125,89.08086296113623
36,139,124,91.85814172318759
36,140,123,92.2416252027277
36,141,122,99.70407437154374
36,142,121,98.96761507492613
36,143,120,99.44533469012157
36,144,119,97.35489843592245
36,145,118,102.20219722576067
36,146,117,99.98028389327827
36,147,116,94.0733456803896
36,148,115,94.92208699374291
36,149,114,88.34428981353724
36,150,113,89.28795093742278
36,151,112,90.22895090016294
36,152,111,91.05441413758855
36,153,110,94.09476248543581
36,154,109,82.81503231991314
36,155,108,87.78276464766822
36,156,107,86.16052130352942
36,157,106,78.27828657069043
36,158,105,83.81649093765233
36,159,104,84.01240236270553
36,160,103,85.00806988254209
36,161,102,79.91081419951423
36,162,101,70.80321210276313
36,163,100,73.07212859445191
37,40,160,123.24476399580857
37,41,159,122.59391574911686
37,42,158,122.30797245033517
37,43,157,122.74048109683031
37,44,156,121.15253303111294
37,45,155,122.76937470490716
37,46,154,122.0538709738084
37,47,153,121.42314314820337
37,48,152,121.42673655060342
37,49,151,118.43195754213346
38,40,142,123.54879817549889
38,41,141,124.041761887862
38,42,140,124.16479424263056
38,43,139,124.11528502119286
38,44,138,121.9331824854799
38,45,137,121.5931743960753
38,46,136,122.02028996889112
38,47,135,120.64780413847757
38,48,134,122.07125408684084
38,49,133,124.25365322790469
38,50,132,125.0
38,51,131,122.34995037507825
38,52,130,117.95489229722949
38,53,129,115.1029982813719
38,54,128,117.32757811537391
38,55,127,116.07746976276407
38,56,126,117.95836289215454
38,57,125,115.65172623142514
38,58,124,118.92189994353078
38,59,123,114.6519891710139
38,60,122,117.04481586851944
38,61,121,116.4316544020787
38,62,120,111.51496383137217
38,63,119,108.364713020234
38,64,118,111.06554301154549
38,65,117,108.82541057522798
38,66,116,106.90027511086754
38,67,115,104.51943432661406
38,68,114,101.45596269837915
38,69,113,100.87658550941471
38,70,112,96.57717637400113
38,71,111,95.02439893601749
38,72,110,96.15766685279598
38,73,109,94.58630550626648
38,74,108,97.07086626264034
38,75,107,102.7136466003065
38,76,106,104.11292800511987
38,77,105,102.29707544806243
38,78,104,102.8461761634945
38,79,103,100.92794764575179
38,80,102,101.4785484703897
38,81,101,104.42006714106151
38,82,100,106.6131653002775
38,83,99,107.09261788258533
38,84,98,104.38321765674533
38,85,97,99.82170044466238
38,86,96,98.52376500075533
38,87,95,96.99835226892495
38,88,94,94.9008389012453
38,89,93,94.1581278510573
38,90,92,92.63995774829442
38,91,91,90.1988859695197
38,92,90,87.24489162118647
38,93,89,91.16152370846157
38,94,88,88.45606133732753
38,95,87,86.65629318674571
38,96,86,85.34664356390101
38,97,85,79.33286155652027
38,98,84,82.86925457335946
38,99,83,76.28799777382011
38,100,82,73.49451877585207
38,101,81,71.47278014143886
38,102,80,72.79313487080418
38,103,79,73.03860542183499
38,104,78,74.42928321751455
38,105,77,76.89367848128407
38,106,76,76.5874126886975
38,107,75,78.22651016093414
38,108,74,80.20598408131075
38,109,73,91.61745258362622
38,110,72,91.5647414508901
38,111,71,86.3068031881194
38,112,70,76.34144662983906
38,113,69,68.71136581982567
38,114,68,63.545189979627025
38,115,67,65.14557535684175
38,116,66,63.8192473420325
38,117,65,62.85003851018837
38,118,64,57.619170868436115
38,119,63,58.44533770001878
38,120,62,58.39256958583782
38,121,61,57.48269408367712
38,122,60,70.78335007689016
38,123,59,69.67671414896284
38,124,58,62.26164700714682
38,125,57,63.72137345227841
38,126,56,65.18081188305814
38,127,55,60.810267768708265
39,40,157,113.05447038997332
39,41,156,115.74530659478887
39,42,155,116.28626935656334
39,43,154,117.13587670679078
39,44,153,117.8446161504498
39,45,152,119.9161327265793
39,46,151,118.27465563767026
39,47,150,114.50913722927274
39,48,149,113.91660756481735
39,49,148,113.69130603755363
39,50,147,113.80047301838357
39,51,146,113.41802389845978
39,52,145,114.54497840324152
39,53,144,109.38928843911863
39,54,143,104.48018772152494
39,55,142,108.57616745334056
39,56,141,110.92933781165814
39,57,140,115.41854824308956
39,58,139,118.7125667213981
39,59,138,118.07822122948366
39,60,137,116.91889160166747
39,61,136,115.02160777606312
39,62,135,116.32800111122285
39,63,134,116.68814372996118
39,64,133,117.0624400252353
39,65,132,117.16033905262955
39,66,131,117.87327311580964
39,67,130,114.81302846553628
39,68,129,116.62980785475284
39,69,128,115.03639294684625
39,70,127,112.73739250491491
39,71,126,108.68025274343721
39,72,125,105.62192511199689
39,73,124,103.61350335385174
39,74,123,96.95687023728175
39,75,122,95.25034826352092
39,76,121,98.02336648470148
39,77,120,101.78626452069531
39,78,119,109.19933155116888
39,79,118,109.16997262124167
39,80,117,108.0193978189806
39,81,116,112.08197333988676
39,82,115,113.44061533425345
39,83,114,112.85053494143229
39,84,113,114.33738807751016
39,85,112,113.99041350700418
39,86,111,113.34601025246369
39,87,110,112.61457437557746
39,88,109,114.60174262423905
39,89,108,113.17713983659274
39,90,107,107.4773022959115
39,91,106,106.72255105372926
39,92,105,102.43413778212036
39,93,104,99.16431535584428
39,94,103,95.96598083245358
39,95,102,96.78505278515095
39,96,101,99.90026767630187
39,97,100,97.53193058781207
39,98,99,94.77661336088363
39,99,98,90.24036850989646
39,100,97,85.05837034682344
39,101,96,85.21178792273969
39,102,95,80.96730740634138
39,103,94,82.5071206173914
39,104,93,81.9061305259734
39,105,92,90.68634540333656
39,106,91,84.85020501206623
39,107,90,73.36569914453605
39,108,89,71.72925343471977
39,109,88,82.20955116572605
39,110,87,73.02185768297583
39,111,86,70.43784110098778
39,112,85,66.25796663794341
39,113,84,64.924279202257
39,114,83,59.547545611393915
39,115,82,60.67475370661792
39,116,81,61.47692815662731
39,117,80,63.96252765535359
39,118,79,67.47946945952492
39,119,78,64.98515891176552
39,120,77,65.99189553035028
39,121,76,67.16337694867998
39,122,75,65.77527410563206
39,123,74,67.00447432053414
39,124,73,62.29588508313627
39,125,72,62.59100191923264
39,126,71,62.29572661297849
39,127,70,62.98247211772727
39,128,69,64.27924979833813
39,129,68,67.0520433824843
39,130,67,68.51576719353545
39,131,66,65.67726057096337
39,132,65,63.88873001443603
39,133,64,66.55506759320039
39,134,63,63.583098242765836
39,135,62,64.70617046684237
39,136,61,60.90099347719128
39,137,60,57.644457093101714
39,138,59,58.88887166818637
39,139,58,49.52803472531112
39,140,57,49.072312006215554
39,141,56,49.03324751796206
39,142,55,47.35626330440273
39,143,54,48.20736487862155
39,144,53,48.31900643257095
39,145,52,49.25700590066542
39,146,51,45.3204961444448
39,147,50,42.76237233577814
39,148,49,43.494513955139084
39,149,48,45.38822549973294
40,40,180,120.02012362551226
40,41,179,120.07324511270676
40,42,178,116.81299919054109
40,43,177,118.87223860461457
40,44,176,120.46414862034001
40,45,175,118.81921704420634
40,46,174,118.31817508310087
40,47,173,118.36425431225942
40,48,172,121.60797594985456
40,49,171,119.8514747367858
40,50,170,119.35846445042986
40,51,169,115.59453206207695
40,52,168,116.3458685967395
40,53,167,115.51332372363996
40,54,166,115.72574746011063
40,55,165,117.5903363085445
40,56,164,118.16355316371917
40,57,163,118.05735751771884
40,58,162,117.86870922894087
40,59,161,118.80786864755481
40,60,160,119.62760471141715
40,61,159,119.55036977312085
40,62,158,119.70351892215376
40,63,157,117.06596306867849
40,64,156,114.65397788357527
40,65,155,117.22122364126437
40,66,154,118.7328799242166
40,67,153,119.0080408186146
40,68,152,116.60396431761035
40,69,151,115.00735988897974
40,70,150,117.78410480441248
40,71,149,117.5025465042629
40,72,148,116.19669418365042
40,73,147,114.76981450269382
40,74,146,112.87842867001189
40,75,145,115.50521703787396
40,76,144,112.37815161994152
40,77,143,112.23407140176906
40,78,142,111.52340513037495
40,79,141,108.72028114827089
40,80,140,104.92855407207162
40,81,139,96.39279015684738
40,82,138,94.79833712726854
40,83,137,96.58081981724068
40,84,136,93.67709111847023
40,85,135,86.63521242879092
40,86,134,90.12886192857113
40,87,133,82.94055923722567
40,88,132,85.83461082351636
40,89,131,76.66785182252394
40,90,130,80.8207728668145
40,91,129,75.00696404843953
40,92,128,77.00500632161058
40,93,127,67.25790781378366
40,94,126,65.41807439191156
40,95,125,64.32500323412093
40,96,124,66.55878719074862
40,97,123,68.85637992082619
40,98,122,73.93790440056993
40,99,121,77.95972019206536
40,100,120,84.87018103479133
40,101,119,75.27601914799968
40,102,118,79.35835489754494
40,103,117,72.51098843166427
40,104,116,79.18849689372317
40,105,115,81.63007705548577
40,106,114,81.79495298230515
40,107,113,80.66693095972072
40,108,112,75.4901555966648
40,109,111,85.06108498410181
40,110,110,89.87386433922208
40,111,109,85.48083832101437
40,112,108,80.3002195313119
40,113,107,86.3688832683153
40,114,106,91.4681992464436
40,115,105,99.27948812935634
40,116,104,95.7201549644054
40,117,103,101.75651895486095
40,118,102,100.75772057933888
40,119,101,99.15862214554666
40,120,100,99.22497211316588
40,121,99,95.39650696384615
40,122,98,90.93334687600327
40,123,97,91.88490036084573
40,124,96,92.7800639870182
40,125,95,90.13103139071362
40,126,94,92.25920169506158
40,127,93,97.13459172816201
40,128,92,101.43790848061508
40,129,91,103.94315696271858
40,130,90,102.2003456313021
40,131,89,99.55249295758226
40,132,88,95.6170046929272
40,133,87,94.86492783414062
40,134,86,93.11104777930291
40,135,85,83.74136864627008
40,136,84,82.85525132165054
40,137,83,84.94081175202469
40,138,82,84.64242411758585
40,139,81,87.17223899810415
40,140,80,93.40300337144086
40,141,79,95.01822569141153
40,142,78,94.41514863938417
40,143,77,89.4786043630233
40,144,76,91.62509701404369
40,145,75,89.5840733447742
40,146,74,90.96634467183833
40,147,73,85.10222482928143
40,148,72,87.46570863532594
40,149,71,87.83362399400663
40,150,70,82.9273192190246
40,151,69,73.75054219618858
40,152,68,71.07676400910636
40,153,67,69.35150021319879
40,154,66,68.39944911623928
40,155,65,67.0180548474587
40,156,64,66.70946453924046
40,157,63,64.46265087209213
40,158,62,63.196720186745324
40,159,61,61.731381090366355
40,160,60,63.506979820559614
40,161,59,55.12854637006289
40,162,58,48.63275084397216
40,163,57,43.980680496643544
40,164,56,38.97028515802417
40,165,55,37.10405106732149
40,166,54,35.60176607078403
40,167,53,36.92719385749866
40,168,52,35.822888509198215
40,169,51,38.25519115228748
40,170,50,37.658565385658335
40,171,49,44.726485727298744
40,172,48,43.57152995283214
40,173,47,43.98790263313295
40,174,46,44.203612054864095
40,175,45,45.011270386095646
40,176,44,39.074097674049156
40,177,43,38.7580213647379
40,178,42,37.514389094550566
40,179,41,38.380782672406205
40,180,40,38.366953767666885
40,181,39,34.99611103991149
40,182,38,33.25112407648572
40,183,37,36.14267302695715
41,40,214,117.28033704524893
41,41,213,118.10129143029721
41,42,212,118.27783104118222
41,43,211,120.51995547223783
41,44,210,118.3030747035782
41,45,209,118.70979889580616
41,46,208,118.65425798656133
41,47,207,120.71749581391853
41,48,206,117.84818186412912
41,49,205,116.28084663637873
41,50,204,115.37583792299242
41,51,203,115.77779429466047
41,52,202,117.00980144118901
41,53,201,116.35537079171479
41,54,200,115.1094447749204
41,55,199,112.99468574695132
41,56,198,111.46265599867449
41,57,197,110.29286618186933
41,58,196,108.82115901549082
41,59,195,111.68561463383452
41,60,194,112.03440101109616
41,61,193,110.53242025434574
41,62,192,103.88774597924711
41,63,191,102.06737990614744
41,64,190,102.93326900690013
41,65,189,105.54699142140072
41,66,188,105.96861941081404
41,67,187,109.66917611781244
41,68,186,111.78142457241029
41,69,185,109.47906669463173
41,70,184,108.93907788130224
41,71,183,107.59144913797397
41,72,182,103.4382434900122
41,73,181,104.00149088497949
41,74,180,109.85268472770835
41,75,179,110.9643273204006
41,76,178,111.15286096617959
41,77,177,114.44023291089331
41,78,176,112.72782602145749
41,79,175,109.3377990641861
41,80,174,107.61239777551852
41,81,173,107.8593403896956
41,82,172,106.36007912630474
41,83,171,104.19199237445987
41,84,170,106.93000134112287
41,85,169,106.8681803179932
41,86,168,101.44567448925804
41,87,167,103.72734422571067
41,88,166,104.54279838347114
41,89,165,99.62283311665658
41,90,164,99.92634403346113
41,91,163,103.66660810408075
41,92,162,105.15928501642364
41,93,161,101.11361202440173
41,94,160,106.12272079280467
41,95,159,106.36753528853072
41,96,158,101.8580751256402
41,97,157,96.8239552307979
41,98,156,101.24464358838586
41,99,155,98.14035975715535
41,100,154,94.83155946025747
41,101,153,94.0214743502144
41,102,152,85.67140221056275
41,103,151,89.22234292792213
41,104,150,79.87018707990488
41,105,149,82.0894412882283
41,106,148,91.31933018734051
41,107,147,95.26917129497272
41,108,146,99.10848127197917
41,109,145,95.23695588790505
41,110,144,94.49906582810164
41,111,143,95.46828328461743
41,112,142,96.14668755426948
41,113,141,105.61580630521794
41,114,140,108.12206323848079
41,115,139,108.54938612429834
41,116,138,110.42968153467928
41,117,137,115.316222092515
41,118,136,112.77946867516391
41,119,135,110.05891135144904
41,120,134,109.15992576960787
41,121,133,107.40935465002254
41,122,132,108.40408507623164
41,123,131,111.97361178174805
41,124,130,112.23788104602461
41,125,129,111.2646193029542
41,126,128,107.26818019552505
41,127,127,106.6995699704579
41,128,126,109.4682786662931
41,129,125,106.6981508801947
41,130,124,106.99328569652043
41,131,123,106.54861845540916
41,132,122,105.49814554988629
41,133,121,105.52542199851864
41,134,120,110.00309196874704
41,135,119,106.34047047394539
41,136,118,104.22994874024548
41,137,117,94.32949184526996
41,138,116,91.19760423497453
41,139,115,90.00695272536615
41,140,114,91.36055888392036
41,141,113,101.4567365832174
41,142,112,97.77753425874022
41,143,111,101.28381175190029
41,144,110,89.60742513599648
41,145,109,93.78606792106739
41,146,108,102.33015928265542
41,147,107,101.74497807954208
41,148,106,100.52260171487694
41,149,105,93.03541363495802
41,150,104,88.79559726958374
41,151,103,89.92529063402523
41,152,102,86.49734213236115
41,153,101,96.71551231217822
41,154,100,96.25124866971208
41,155,99,98.25550589017853
41,156,98,97.39809663680708
41,157,97,96.33835379429522
41,158,96,86.91687985500246
41,159,95,91.34525466268136
41,160,94,87.21483064235554
41,161,93,81.0747298319535
41,162,92,89.12301833461507
41,163,91,85.95944092649198
41,164,90,78.40659896597207
41,165,89,81.6081043033549
41,166,88,72.42284172815923
41,167,87,79.26092616806935
41,168,86,74.91785585032567
41,169,85,84.02007504598569
41,170,84,81.03916425001401
41,171,83,77.06515454353703
41,172,82,70.17760544302297
41,173,81,59.4399423487042
41,174,80,57.76383497742886
41,175,79,54.31914851095323
41,176,78,50.10621947070368
41,177,77,51.99186439336442
41,178,76,56.77938216789248
41,179,75,58.68886915216717
41,180,74,57.97559657363955
41,181,73,57.618424522960744
41,182,72,56.5003690887735
41,183,71,52.69907885231755
41,184,70,48.91415669050997
41,185,69,51.733991719979656
41,186,68,53.39743201976809
41,187,67,54.222419895675685
41,188,66,54.71431648553107
41,189,65,51.311888270836874
41,190,64,45.97846882106353
41,191,63,47.19585471658583
41,192,62,49.503319856700934
41,193,61,42.584803692907556
41,194,60,45.389103501562644
41,195,59,45.81824220958654
41,196,58,45.327540280304405
41,197,57,49.55988095770701
41,198,56,45.89703927571739
41,199,55,51.960025561339584
41,200,54,48.05666349801088
41,201,53,46.15158525874622
41,202,52,47.32758227643957
41,203,51,44.38538801134801
41,204,50,42.63680275193787
41,205,49,42.98775959447339
41,206,48,41.92822063132492
41,207,47,38.997562395465394
41,208,46,37.24218895533965
41,209,45,38.17775289696736
41,210,44,39.65919822184806
42,40,124,117.08451678300203
42,41,123,114.35345129495428
42,42,122,113.88155275147327
42,43,121,113.66729083825616
42,44,120,114.65577924502324
42,45,119,114.46780239345355
42,46,118,114.07645125778254
42,47,117,112.83935669771347
42,48,116,111.96155583436115
42,49,115,112.19403093579695
42,50,114,106.49924587401415
42,51,113,102.77134941433766
42,52,112,104.635675751075
42,53,111,105.94264528188788
42,54,110,106.97379750120649
42,55,109,108.63387030367426
42,56,108,107.9200657801801
42,57,107,107.92238736422644
42,58,106,109.56960057792398
42,59,105,108.28497105121156
42,60,104,107.48668080173132
42,61,103,108.89566028226241
42,62,102,105.28572368180794
42,63,101,105.86077530862909
42,64,100,111.62392285238359
42,65,99,113.05421474497928
42,66,98,109.67609598599202
42,67,97,113.65390710559183
42,68,96,111.42354595238322
42,69,95,113.85530519071122
42,70,94,112.22163729969998
42,71,93,113.31334200245274
42,72,92,115.39544965023386
42,73,91,113.96533158156603
42,74,90,111.2611375085169
42,75,89,110.16505351645924
42,76,88,109.55235415842998
42,77,87,110.82761674329316
42,78,86,109.81172483278044
42,79,85,106.21435305614457
42,80,84,105.61962065597974
42,81,83,96.4111737238309
42,82,82,96.95088410793292
42,83,81,94.01609185044181
42,84,80,92.46060592470144
42,85,79,95.83121511071153
42,86,78,94.59110632849502
42,87,77,93.3907305572308
42,88,76,91.53888857521727
42,89,75,91.21802096158456
42,90,74,89.70627989900728
42,91,73,84.44204172882873
42,92,72,84.46328704646062
42,93,71,86.29932461190353
42,94,70,84.50099597941662
42,95,69,87.82171469332535
42,96,68,76.93315107880025
42,97,67,73.9694363262029
42,98,66,70.05122497509646
42,99,65,59.81366755962029
42,100,64,65.64686035760337
42,101,63,59.87243396353537
42,102,62,56.22032273017142
42,103,61,64.51740240789562
42,104,60,69.0092912271538
42,105,59,66.97614565391183
42,106,58,76.6126890461242
42,107,57,79.87894522786931
42,108,56,76.69478680571837
42,109,55,72.54685324992765
42,110,54,73.42332160854244
42,111,53,69.35488957838524
42,112,52,65.43054818347514
42,113,51,68.79306310134024
42,114,50,67.02088775839394
42,115,49,61.50774477922563
42,116,48,57.55931827543925
42,117,47,57.253341305164895
42,118,46,53.28248952811925
42,119,45,46.79120167126345
42,120,44,47.71610609691869
42,121,43,48.44634414849858
42,122,42,41.87350130840484
42,123,41,42.183977340898345
42,124,40,39.63848257967465
42,125,39,48.33307051333743
42,126,38,45.776985015909794
42,127,37,39.33025440222571
42,128,36,40.16734114972175
42,129,35,38.23951271734087
42,130,34,36.51120200914153
42,131,33,37.155166821248265
42,132,32,36.2095522612131
42,133,31,30.85360122609399
42,134,30,30.95593180408133
42,135,29,29.579929677218566
42,136,28,29.83933511550718
42,137,27,26.05319785976164
43,40,162,123.33688563792094
43,41,161,120.97006593289969
43,42,160,119.01659965471731
43,43,159,120.519248337215
43,44,158,121.8151858301712
43,45,157,118.99976784753721
43,46,156,119.13380727653302
43,47,155,119.01357932613898
43,48,154,118.85147889622064
43,49,153,118.45610762107334
43,50,152,119.570314055854
43,51,151,119.59039524141289
43,52,150,122.03005042359084
43,53,149,123.5334253795912
43,54,148,123.52865109657725
43,55,147,121.8075734233361
43,56,146,122.05095018409317
43,57,145,123.01331119363289
43,58,144,123.03148662010912
43,59,143,122.06653118359641
43,60,142,123.18161212074196
43,61,141,122.32493795941392
43,62,140,122.35198795640852
43,63,139,121.87731246228631
43,64,138,122.6858580305972
43,65,137,123.05483607193304
43,66,136,121.56000233962024
43,67,135,122.99800652562345
43,68,134,121.36901325083213
43,69,133,122.4822991799723
43,70,132,122.35782065539819
43,71,131,123.11856512978142
43,72,130,121.90009653486163
43,73,129,121.41871973095692
43,74,128,122.56591927073751
43,75,127,123.55929742631551
43,76,126,122.94106031889119
43,77,125,122.6204530626094
43,78,124,121.0460250727966
43,79,123,120.3504511651212
43,80,122,122.23011858824862
43,81,121,121.94174252932243
43,82,120,124.01654587666363
43,83,119,124.462750057896
43,84,118,120.4529474587948
43,85,117,121.47147624863698
43,86,116,120.6958954550909
43,87,115,119.87031787564547
43,88,114,120.83231012324879
43,89,113,121.04219386135415
43,90,112,121.2189518992847
43,91,111,122.67991797081439
43,92,110,122.84406034293778
43,93,109,124.65087105854857
43,94,108,124.30601903306282
43,95,107,122.15421460384817
43,96,106,123.33199798934803
43,97,105,123.33229117738247
43,98,104,123.71405609692229
43,99,103,121.8379494021986
43,100,102,121.75183398461866
43,101,101,122.41810937213239
43,102,100,121.37213675488749
43,103,99,119.8921489768066
43,104,98,119.839723507324
43,105,97,115.70635073969183
43,106,96,113.28062489032544
43,107,95,111.35741009252602
43,108,94,108.8831531725313
43,109,93,108.46736575677748
43,110,92,105.46704091153276
43,111,91,105.61545291715078
43,112,90,95.40319757525654
43,113,89,100.72476245139643
43,114,88,89.89379101787584
43,115,87,89.08519800714257
43,116,86,85.97912147772112
43,117,85,83.18811187427397
43,118,84,78.78783369600146
43,119,83,70.02749614080255
43,120,82,73.5416787531206
43,121,81,72.48890380769467
43,122,80,83.04214497604112
43,123,79,81.67420145420812
43,124,78,71.24770424543887
43,125,77,74.49391780890156
43,126,76,64.72032695737335
43,127,75,62.76361485259635
43,128,74,64.57955712817895
43,129,73,59.50759511594244
43,130,72,61.86798543828293
43,131,71,68.0580671350364
43,132,70,64.35320514869932
43,133,69,70.17078083083643
43,134,68,66.83722609849005
43,135,67,64.31865903829478
43,136,66,67.3582649151883
43,137,65,69.35804975748587
43,138,64,66.05881859195664
43,139,63,67.42709111089219
43,140,62,63.93949416952703
43,141,61,61.785117556628535
43,142,60,63.698794989639225
43,143,59,65.1263176937212
43,144,58,65.01794252513753
43,145,57,58.69452827445383
43,146,56,58.38581503666461
43,147,55,49.84388591484795
43,148,54,50.862065699431135
43,149,53,49.76525878509788
43,150,52,54.92390433350363
43,151,51,54.48673700849632
43,152,50,56.586368582108136
43,153,49,55.89734460368973
43,154,48,53.34416676256429
43,155,47,54.89103848215976
43,156,46,48.380702269508234
43,157,45,49.7574020747605
43,158,44,49.777364702709335
43,159,43,42.15673631572294
43,160,42,44.25431811340182
43,161,41,38.59892300835973
43,162,40,41.78987883119825
43,163,39,41.160379247420366
43,164,38,41.68092872179483
43,165,37,41.05117282469765
43,166,36,42.91850690316653
43,167,35,41.798602698589974
43,168,34,40.58243798091743
43,169,33,38.8507376633154
43,170,32,38.139264925425536
43,171,31,36.534295114980935
43,172,30,37.04756840545812
43,173,29,36.65088026271574
43,174,28,33.934140011214225
43,175,27,31.389357395809817
43,176,26,29.299548752071168
43,177,25,29.488913969226026
43,178,24,28.324369620807158
43,179,23,26.36582675683689
43,180,22,22.764724101830936
43,181,21,24.20369549618602
43,182,20,25.795591686046443
43,183,19,25.94125969713358
43,184,18,24.79975807625403
44,40,130,123.29073482790955
44,41,129,122.82844771581969
44,42,128,122.17388442890555
44,43,127,123.08856420059438
44,44,126,122.88606410775785
44,45,125,123.20665308924879
44,46,124,122.51927580501022
44,47,123,122.90990647153171
44,48,122,123.81707376060936
44,49,121,123.69105955073458
44,50,120,123.71212887636972
44,51,119,124.01027266870946
44,52,118,122.77419597217937
44,53,117,121.5673555865578
44,54,116,123.31756839556928
44,55,115,123.78514494460651
44,56,114,121.50096894436548
44,57,113,119.82608882944344
44,58,112,121.20136734079001
44,59,111,120.6720518209894
44,60,110,119.56923515296828
44,61,109,116.98965912950646
44,62,108,118.52006380873131
44,63,107,114.6339719663896
44,64,106,113.16086348749647
44,65,105,112.9588874824102
44,66,104,110.12853581245719
44,67,103,105.04721333876489
44,68,102,107.12392663576776
44,69,101,102.75933484881762
44,70,100,100.60343188394259
44,71,99,98.83571447730034
44,72,98,87.7243433484549
44,73,97,86.39633191583229
44,74,96,93.23405357706888
44,75,95,88.91225924824418
44,76,94,93.23148870192884
44,77,93,94.60965097002281
44,78,92,93.07571180220236
44,79,91,93.72441607367648
44,80,90,99.23378581802851
44,81,89,97.5398478722328
44,82,88,94.87791827379863
44,83,87,95.38879689804818
44,84,86,95.39883705043965
44,85,85,95.87067006983108
44,86,84,91.51261546149891
44,87,83,90.67032300910384
44,88,82,87.44091354258424
44,89,81,94.73997310794827
44,90,80,89.18986142446099
44,91,79,97.44487591524526
44,92,78,100.99910047353808
44,93,77,102.10987355513339
44,94,76,104.67869692749093
44,95,75,102.95605758882661
44,96,74,99.31947216825645
44,97,73,91.79168062779218
44,98,72,91.57751610494498
44,99,71,91.83779971143233
44,100,70,88.6740804338015
44,101,69,86.13190364870822
44,102,68,83.31135578998112
44,103,67,79.21597986263278
44,104,66,77.94703144889166
44,105,65,68.28933013420057
44,106,64,63.380811972951996
44,107,63,57.114572112537104
44,108,62,58.37983348841165
44,109,61,60.613144775524916
44,110,60,60.58687689195864
44,111,59,62.990500892961165
44,112,58,59.701335041467956
44,113,57,61.41242001589608
44,114,56,61.34825165384468
44,115,55,66.52469345590654
44,116,54,67.10827988029354
44,117,53,57.29406167836976
44,118,52,55.98320367651088
44,119,51,55.81254006834258
44,120,50,58.907374347279756
44,121,49,51.340953988093744
44,122,48,53.19375211562295
44,123,47,49.61975198776152
44,124,46,46.80329182918463
44,125,45,47.27321429524288
44,126,44,43.75115722173834
44,127,43,41.867363090920264
44,128,42,41.73796891772378
44,129,41,42.57734275602417
44,130,40,42.22312249729229
44,131,39,44.12060377187572
44,132,38,43.01358872462489
44,133,37,39.133150202944435
44,134,36,40.402993618263
44,135,35,39.32673606879226
44,136,34,41.41703662887008
44,137,33,37.87998144765618
44,138,32,35.71051519757972
44,139,31,35.069605104747595
44,140,30,33.43290886729371
44,141,29,33.276132084110245
44,142,28,30.894236089741792
44,143,27,28.90058245692888
44,144,26,27.20263145657643
44,145,25,26.84097669891399
44,146,24,26.547306971673386
44,147,23,27.369156861391318
44,148,22,25.755434222590846
44,149,21,24.04747897145092
44,150,20,23.236277470267336
44,151,19,23.102122259256692
44,152,18,20.61168708617963
44,153,17,19.43798021720101
44,154,16,18.742069766899355
44,155,15,17.96721765224893
44,156,14,13.668517183314899
44,157,13,13.19808450177398
44,158,12,13.094503542880966
44,159,11,10.94604420614616
44,160,10,12.497514666119969
44,161,9,9.361088930127867
44,162,8,8.316154277462514
44,163,7,7.886987672148496
44,164,6,6.807400234531353
45,40,170,121.65539954225586
45,41,169,122.58885863273709
45,42,168,123.24261223656175
45,43,167,121.86434526329519
45,44,166,123.38726497866651
45,45,165,123.84362288929088
45,46,164,122.95004669313327
45,47,163,121.38426444684879
45,48,162,119.2874890242735
45,49,161,120.82143483603298
45,50,160,117.76384930524877
45,51,159,119.68400869949821
45,52,158,117.1218650579382
45,53,157,116.61653533711554
45,54,156,113.44713294716794
45,55,155,113.57333752288591
45,56,154,113.29403446577572
45,57,153,111.65863389935711
45,58,152,116.08512975744688
45,59,151,117.78309930891689
45,60,150,118.45591814245807
45,61,149,118.1240266673721
45,62,148,117.6141920437703
45,63,147,118.62732449537967
45,64,146,115.6878351232141
45,65,145,115.47730346084992
45,66,144,114.55217286086136
45,67,143,114.78206503882409
45,68,142,112.8545350068425
45,69,141,115.24087788481343
45,70,140,115.62576742988828
45,71,139,115.74751102130759
45,72,138,114.8524631132226
45,73,137,115.89725906736518
45,74,136,114.78256819663687
45,75,135,113.54219313689225
45,76,134,112.6433691005112
45,77,133,112.0980145040586
45,78,132,114.97013592320914
45,79,131,113.05572090063488
45,80,130,112.35302382997766
45,81,129,116.09570268381111
45,82,128,117.22064691025352
45,83,127,115.38628860312846
45,84,126,119.147864978787
45,85,125,118.6759622566841
45,86,124,117.40368168923602
45,87,123,116.20169028171381
45,88,122,116.65075323201428
45,89,121,117.0812388869707
45,90,120,116.1340035231263
45,91,119,114.41585943194475
45,92,118,117.4802779098201
45,93,117,115.76039502582962
45,94,116,108.1862632321904
45,95,115,106.43217847628428
45,96,114,105.51761743575884
45,97,113,108.14028940302065
45,98,112,107.25924903106636
45,99,111,107.13026398663945
45,100,110,106.96147109132502
45,101,109,108.06559153370623
45,102,108,108.81943384373193
45,103,107,110.55219566524514
45,104,106,110.1049417972588
45,105,105,109.34878706791119
45,106,104,108.72076456982845
45,107,103,107.40941815272103
45,108,102,107.26544113897663
45,109,101,106.19500582896904
45,110,100,106.79142663824629
45,111,99,106.36220646455168
45,112,98,107.09065062089783
45,113,97,107.80988413924004
45,114,96,108.42096194763315
45,115,95,106.06518624668394
45,116,94,102.50711948298729
45,117,93,99.21876518775318
45,118,92,100.04828351561383
45,119,91,96.66499627749758
45,120,90,87.03776064635423
45,121,89,78.77400487123478
45,122,88,72.32346765373978
45,123,87,78.91919352929617
45,124,86,79.73989203306247
45,125,85,79.71869615099286
45,126,84,77.46546154656538
45,127,83,72.37620335944976
45,128,82,62.83215298744585
45,129,81,61.43337185535882
45,130,80,63.1892338526665
45,131,79,70.34275742792111
45,132,78,69.11604601238633
45,133,77,67.79177766520223
45,134,76,70.33561854203539
45,135,75,61.74777867114054
45,136,74,64.0829217105638
45,137,73,67.44219030363811
45,138,72,63.455768519307895
45,139,71,63.96431678839157
45,140,70,61.636060933924334
45,141,69,63.32144498160933
45,142,68,69.55205027824825
45,143,67,64.65619186240852
45,144,66,64.29535964021656
45,145,65,67.16876608538102
45,146,64,65.30108030449634
45,147,63,61.17524795444311
45,148,62,63.896024445660075
45,149,61,71.7598355794487
45,150,60,71.92211225616543
45,151,59,73.40428854833382
45,152,58,72.6372091775684
45,153,57,68.74196310888496
45,154,56,66.24782849701813
45,155,55,61.826746305413906
45,156,54,57.94157524172462
45,157,53,57.29462198644451
45,158,52,56.97829866479626
45,159,51,56.601410449251546
45,160,50,56.34204205257075
45,161,49,54.71767418506823
45,162,48,51.164049028706025
45,163,47,50.22794990333288
45,164,46,47.671755231110474
45,165,45,44.31967134060427
45,166,44,41.57819523901405
45,167,43,41.63809363416598
45,168,42,37.62822753397553
45,169,41,35.20914106763729
45,170,40,33.29885393205197
45,171,39,33.469164116893836
45,172,38,30.815141721136776
45,173,37,31.671745638189535
45,174,36,33.55311061146411
45,175,35,31.025391924194068
45,176,34,31.72150010266607
45,177,33,32.27965768025493
45,178,32,33.24582722127036
45,179,31,34.01041376661411
45,180,30,29.109436880318004
45,181,29,30.47483603450866
45,182,28,29.70209072230853
45,183,27,27.230629470913755
45,184,26,28.182062136314137
45,185,25,30.4795442055754
45,186,24,29.80573204499113
45,187,23,27.943174573794256
45,188,22,27.518650822413406
45,189,21,23.898197471715132
45,190,20,20.438336700173306
45,191,19,21.231851215517445
45,192,18,21.12922867344516
45,193,17,19.012996751259173
45,194,16,16.581246783066852
45,195,15,15.217057833719766
46,40,204,124.94546389982199
46,41,203,125.0
46,42,202,124.3388111714496
46,43,201,123.74602782084636
46,44,200,122.45072566145814
46,45,199,124.02080414280513
46,46,198,123.08302375741482
46,47,197,124.57178080817437
46,48,196,125.0
46,49,195,125.0
46,50,194,125.0
46,51,193,125.0
46,52,192,125.0
46,53,191,125.0
46,54,190,124.73166609231501
46,55,189,125.0
46,56,188,125.0
46,57,187,124.42175290303577
46,58,186,124.74474562296069
46,59,185,123.6640732134602
46,60,184,124.52744626881272
46,61,183,124.24683939788078
46,62,182,123.10809004996779
46,63,181,123.298045116526
46,64,180,122.72827886010484
46,65,179,121.65713714659171
46,66,178,122.33265441874966
46,67,177,123.36245479298029
46,68,176,123.67174961224302
46,69,175,124.97310030545532
46,70,174,125.0
46,71,173,125.0
46,72,172,125.0
46,73,171,124.68479108993816
46,74,170,123.93185289820106
46,75,169,123.09576100215776
46,76,168,123.91145657237423
46,77,167,123.3692268442143
46,78,166,121.17422565534397
46,79,165,120.60863617079742
46,80,164,119.58824557950854
46,81,163,119.79005330150099
46,82,162,120.88853371506949
46,83,161,120.41686207601855
46,84,160,119.69447541009947
46,85,159,120.57501361376389
46,86,158,118.72255623123823
46,87,157,121.89016175982324
46,88,156,121.27320224779287
46,89,155,121.5304668245314
46,90,154,121.99349775487563
46,91,153,121.22848537392255
46,92,152,121.08610915672095
46,93,151,120.43946709728257
46,94,150,121.74923574981163
46,95,149,123.14482372291349
46,96,148,124.35345570167956
46,97,147,124.69787668111972
46,98,146,125.0
46,99,145,125.0
46,100,144,124.9579461221342
46,101,143,125.0
46,102,142,123.64982324872759
46,103,141,123.51485331956405
46,104,140,122.32486353268351
46,105,139,120.55788140358113
46,106,138,119.78286570920773
46,107,137,116.48302404834061
46,108,136,115.92974371920019
46,109,135,116.67471101766631
46,110,134,116.6796467244837
46,111,133,117.05939652030179
46,112,132,119.14302741061051
46,113,131,115.03523770278326
46,114,130,113.75029839036179
46,115,129,113.81444683623111
46,116,128,114.38773771149869
46,117,127,115.86322754450718
46,118,126,115.3868724533018
46,119,125,112.8295414986492
46,120,124,114.38760816015704
46,121,123,116.22783877627157
46,122,122,115.99474568900314
46,123,121,115.6024443479188
46,124,120,116.68863653204443
46,125,119,119.42593121089419
46,126,118,122.83488283427339
46,127,117,121.55766668917931
46,128,116,119.6868145546806
46,129,115,118.9361107661359
46,130,114,121.57654618772928
46,131,113,116.61679437962877
46,132,112,117.25753909454035
47,40,172,121.44832202317022
47,41,171,122.24342446845944
47,42,170,121.69729684378123
47,43,169,120.62084002185681
47,44,168,120.83063783841662
47,45,167,120.73328911365742
47,46,166,120.31269709660933
47,47,165,121.31592270681645
47,48,164,118.19416047018359
47,49,163,118.47456381103322
47,50,162,118.30843014406241
47,51,161,116.6831225911781
47,52,160,117.24928846806245
47,53,159,119.86381669020784
47,54,158,118.99649667332635
47,55,157,118.76697562366176
47,56,156,115.95585316312139
47,57,155,116.62066544692462
47,58,154,111.05819564236359
47,59,153,110.57721461460562
47,60,152,108.39256540896062
47,61,151,107.92955415290146
47,62,150,108.66365771027031
47,63,149,107.90938243800932
47,64,148,103.38533248562561
47,65,147,107.94751438689153
47,66,146,106.5447272710161
47,67,145,99.39347839512064
47,68,144,96.88759316900295
47,69,143,95.80030784443855
47,70,142,96.7890004594309
47,71,141,94.93223930996598
47,72,140,94.15448143021663
47,73,139,94.45827572735172
47,74,138,88.4804418388197
47,75,137,94.39008284644544
47,76,136,94.25278796873724
47,77,135,91.90483643393407
47,78,134,91.6401314555942
47,79,133,95.51731308389324
47,80,132,96.06753312818228
47,81,131,99.55861451225576
48,40,105,116.50884291169737
48,41,104,115.64758301979982
48,42,103,113.26031003886689
48,43,102,110.0098854423276
48,44,101,105.18710794291866
48,45,100,108.99488460225177
48,46,99,103.40988855707056
48,47,98,99.5777823182473
48,48,97,102.07335362257174
48,49,96,102.54479550018517
48,50,95,108.15040799125254
48,51,94,112.05964998160462
48,52,93,114.1306939561795
48,53,92,111.17242722210361
48,54,91,110.19752505647406
48,55,90,110.40135131771638
48,56,89,108.68246619812092
48,57,88,112.21497308737834
48,58,87,112.20201997851056
48,59,86,115.03134508790939
48,60,85,113.4505592433346
48,61,84,115.63753729091779
48,62,83,115.17318416342044
48,63,82,114.08450021509857
48,64,81,116.32635066663897
48,65,80,114.25795896790558
48,66,79,111.828097582851
48,67,78,113.88744061058736
48,68,77,112.56935806700687
48,69,76,108.210518404856
48,70,75,110.78154838943391
48,71,74,111.42109992607719
48,72,73,110.10045341160242
48,73,72,106.8808934855688
48,74,71,107.15837236843008
48,75,70,110.49494750117336
48,76,69,108.16842773621573
48,77,68,109.356512765988
48,78,67,111.46561579662662
48,79,66,106.43403056443057
48,80,65,106.17318209834502
48,81,64,108.71497596465947
48,82,63,103.81287598929725
48,83,62,99.53064681348052
48,84,61,101.16151525088358
48,85,60,103.87187716564074
48,86,59,102.35394999587572
48,87,58,94.87511540422165
48,88,57,85.36844024183664
48,89,56,84.09802658536827
48,90,55,79.07745393145316
48,91,54,74.02444004500195
48,92,53,69.00578128478169
48,93,52,63.743938353123085
48,94,51,59.87298077860407
48,95,50,62.71437880101055
48,96,49,61.154914122911904
48,97,48,62.45002412836903
48,98,47,56.26126917218067
48,99,46,53.93606813332404
48,100,45,47.812306345173255
48,101,44,47.689111023343884
48,102,43,49.628732317463296
48,103,42,49.47990921792527
48,104,41,51.476266376450326
48,105,40,45.1932739428742
48,106,39,38.81537876779768
48,107,38,41.95787892566307
48,108,37,38.205160269939874
48,109,36,36.76767530390897
48,110,35,38.55761133006375
48,111,34,41.465106370133455
48,112,33,38.880012210863796
48,113,32,33.057122198819556
48,114,31,32.27075320607884
48,115,30,34.27768915719065
48,116,29,35.16794789380687
48,117,28,31.789293378645134
48,118,27,28.023780080581652
48,119,26,25.853199425304368
48,120,25,25.268591250909243
48,121,24,26.253724781121367
48,122,23,24.155362062166347
48,123,22,27.49102052300563
48,124,21,29.894211981477397
48,125,20,26.678155872961344
48,126,19,25.324203190294902
48,127,18,22.271106975467905
48,128,17,18.377259810149297
48,129,16,18.227381613186655
48,130,15,15.710407483313606
48,131,14,12.663666918354537
48,132,13,12.940355935470613
49,40,147,120.39527285808566
49,41,146,120.37945118807157
49,42,145,120.83823041530417
49,43,144,119.48243049637816
49,44,143,120.12732927146888
49,45,142,119.01563151354853
49,46,141,118.5645681652183
49,47,140,118.96805424486067
49,48,139,117.63526955053291
49,49,138,114.77631979970639
49,50,137,119.28441230716327
49,51,136,116.72148516775488
49,52,135,116.38705948594712
49,53,134,115.46040790989662
49,54,133,109.46642285849774
49,55,132,109.68380805312086
49,56,131,108.50474003530606
49,57,130,111.91893411618484
49,58,129,110.14825788097663
49,59,128,109.34179259039743
49,60,127,110.58840317282954
49,61,126,108.34434037459131
49,62,125,110.0619368627653
49,63,124,107.32839833141551
49,64,123,95.72537270989608
49,65,122,104.55572143158011
50,40,137,121.58519044302679
50,41,136,122.46253656305748
50,42,135,121.55746418820715
50,43,134,119.03907211758556
50,44,133,123.22977679086401
50,45,132,121.34705891976353
50,46,131,121.49251734902484
50,47,130,123.7361725047653
50,48,129,122.8801973709725
50,49,128,122.21363400318555
50,50,127,122.23251812081253
50,51,126,121.51827551844087
50,52,125,123.0536366095448
50,53,124,123.39158245757775
50,54,123,122.92338367267939
50,55,122,121.11450895794783
50,56,121,122.01910568783873
50,57,120,119.59198490199765
50,58,119,118.85126788537221
50,59,118,119.17714325468037
50,60,117,120.34967899424308
50,61,116,108.8545225721044
50,62,115,115.51943958053303
50,63,114,113.73246853832254
50,64,113,112.52492470022037
50,65,112,113.68610648225112
50,66,111,106.74694497016965
50,67,110,107.75405217373603
50,68,109,112.98581226821163
50,69,108,114.81504603996585
50,70,107,113.81817115244793
50,71,106,113.26102180273224
50,72,105,116.40896818337
50,73,104,114.33348853027722
50,74,103,113.46613798090968
50,75,102,114.43411559661155
50,76,101,115.98131036455636
50,77,100,109.03076276359343
50,78,99,107.85839093560438
50,79,98,106.73986829477843
50,80,97,103.05879310082176
50,81,96,104.62608455191682
50,82,95,100.68817283614615
50,83,94,98.89060066453516
50,84,93,102.40739696392816
50,85,92,101.84999793453883
50,86,91,102.21004481590955
50,87,90,101.4114328028342
50,88,89,104.43573421471936
50,89,88,106.07658986439473
50,90,87,103.51724794578288
50,91,86,99.39418973113594
50,92,85,104.83742926676746
50,93,84,96.62864478760449
50,94,83,92.5058684756238
50,95,82,88.75894587671985
50,96,81,89.20196051572235
50,97,80,95.4977195203152
50,98,79,93.99875893081685
50,99,78,100.26388112101307
50,100,77,102.3121782724405
50,101,76,95.99103128330373
50,102,75,94.96077837167252
50,103,74,93.24458105259971
50,104,73,95.6740121564105
50,105,72,97.65664048140087
50,106,71,83.77876262464514
50,107,70,86.02049258033766
50,108,69,86.76613088938211
50,109,68,84.959657614197
50,110,67,81.55998555396587
50,111,66,84.7725369014617
50,112,65,84.67372377870623
50,113,64,84.37277686547036
50,114,63,92.89606389958186
50,115,62,90.46646976733228
50,116,61,89.59145431043049
50,117,60,71.18904607082365
50,118,59,66.23431476389752
50,119,58,58.601977731391216
50,120,57,57.83963300076531
50,121,56,51.30092662733077
50,122,55,48.351626403604
50,123,54,50.89212365475346
50,124,53,48.64638148997532
50,125,52,50.56999319662093
50,126,51,48.090511244329605
50,127,50,48.310695907920135
50,128,49,49.394690980916906
50,129,48,54.702529465993926
50,130,47,56.84753290885842
50,131,46,56.07824105777826
50,132,45,58.26773649493016
50,133,44,50.92558675069273
50,134,43,51.94915212739008
50,135,42,47.421815059491784
50,136,41,46.7980096864289
50,137,40,46.01729647538489
50,138,39,47.2545384449144
50,139,38,52.06486115990788
50,140,37,52.21878840608615
50,141,36,51.28285763496578
50,142,35,49.89082450017339
50,143,34,44.11721106393804
50,144,33,47.194149809282564
50,145,32,45.34324041747152
50,146,31,37.270083405577665
50,147,30,37.680420242552984
50,148,29,35.37548594513586
50,149,28,34.53748471992063
50,150,27,29.386000050952763
50,151,26,29.81446133059984
50,152,25,27.1810590565946
50,153,24,27.320641883771145
50,154,23,25.235119676275545
50,155,22,19.405333665338922
50,156,21,16.629502908511068
50,157,20,15.368343466945303
50,158,19,13.563450772281655
50,159,18,13.10017210713048
50,160,17,11.992235012792632
50,161,16,10.824682260359024
50,162,15,10.379503719180823
50,163,14,7.957673244671073
50,164,13,7.303389881763452
51,37,98,121.61414339678679
52,40,178,118.25884590883558
52,41,177,117.01849007942975
52,42,176,112.57142294543155
52,43,175,115.46134408862343
52,44,174,113.17448544555575
52,45,173,117.19083918288035
52,46,172,112.86841465359429
52,47,171,112.02827968476419
52,48,170,111.81582349070565
52,49,169,106.64677368480389
52,50,168,103.98992073224053
52,51,167,107.4703516283501
52,52,166,109.74257368462712
52,53,165,112.95881217526563
52,54,164,114.11628442388356
52,55,163,115.44326472692472
52,56,162,113.45537794062474
52,57,161,111.0292405391993
52,58,160,113.80610765396281
52,59,159,114.64505100696763
52,60,158,113.59519159651607
52,61,157,114.18356961564291
52,62,156,111.52038479579093
52,63,155,112.7356855537482
52,64,154,113.52284234479282
52,65,153,115.32343427708999
52,66,152,112.55038070312048
52,67,151,112.75771547828299
52,68,150,110.72911197502151
52,69,149,104.60866185200251
52,70,148,104.53891819699535
52,71,147,101.83427244921334
52,72,146,101.61013892942859
52,73,145,106.8205849016348
52,74,144,104.03117580713024
52,75,143,107.19776718120089
52,76,142,109.85618929396986
52,77,141,116.7345928740024
52,78,140,117.85054977375874
52,79,139,116.49869361319331
52,80,138,113.67212084152361
52,81,137,114.47138408218706
52,82,136,116.33364623868472
52,83,135,115.5093436051512
52,84,134,112.28343782506549
52,85,133,114.67298454970947
52,86,132,110.81687441948375
52,87,131,109.94377026454762
52,88,130,109.38049385334537
52,89,129,107.7985148762622
52,90,128,108.68955402400553
52,91,127,107.65097512514271
52,92,126,111.21157468413367
52,93,125,108.86965950807442
52,94,124,108.96235985231587
52,95,123,106.80756697485359
52,96,122,104.93477102177997
52,97,121,101.50805976017011
52,98,120,101.9825229998665
52,99,119,105.52704864858754
52,100,118,105.41141016092328
52,101,117,103.72828896916668
52,102,116,103.37699750544772
52,103,115,101.33853535575173
52,104,114,107.17319993342014
52,105,113,112.32554882831568
52,106,112,109.88350920043545
52,107,111,109.5699421087495
52,108,110,110.8865315962084
52,109,109,107.19907829620473
52,110,108,101.58976089258957
52,111,107,99.48132337747231
52,112,106,96.39247267507591
52,113,105,96.56470572119156
52,114,104,90.57672819989966
52,115,103,89.99804120283898
52,116,102,95.44690816008247
52,117,101,89.17530279272901
52,118,100,94.12537955434908
52,119,99,90.94155676501765
52,120,98,85.72000775399715
52,121,97,83.66448774033617
52,122,96,88.00812050912016
52,123,95,86.37188551003408
52,124,94,84.03995368274246
52,125,93,84.8569276220275
52,126,92,86.75242631468737
52,127,91,83.61426564675745
52,128,90,78.61489914130911
52,129,89,79.85461438339223
52,130,88,81.95794292329884
52,131,87,83.1379949458084
52,132,86,83.1391790777761
52,133,85,81.67724054555225
52,134,84,87.3284792010403
52,135,83,68.27553793892338
52,136,82,72.91990874461268
52,137,81,65.95810224373957
52,138,80,65.61743444547113
52,139,79,73.4265706652681
52,140,78,68.79852153036208
52,141,77,69.12726755920531
52,142,76,68.63428622823488
52,143,75,72.43326199383742
52,144,74,69.7685486706306
52,145,73,65.42083717264372
52,146,72,76.83620272581753
52,147,71,70.57490020290606
52,148,70,73.68755669385732
52,149,69,75.89480112406426
52,150,68,74.23422637447365
52,151,67,67.58497983280662
52,152,66,67.11921371187356
52,153,65,62.19834689743322
52,154,64,58.71869582344526
52,155,63,61.02237256962182
52,156,62,59.16865267979816
52,157,61,59.52201452478535
52,158,60,57.170754119978554
52,159,59,52.76833465059279
52,160,58,51.603123881384825
52,161,57,52.390065492881526
52,162,56,52.928496357325855
52,163,55,50.913374482313145
52,164,54,49.47108134809294
52,165,53,48.33136084654781
53,40,161,115.69068016683363
53,41,160,115.7880202429111
53,42,159,112.7954933782996
53,43,158,112.62392310892301
53,44,157,109.32024450510568
53,45,156,111.57162969899069
53,46,155,109.84607427033916
53,47,154,114.28647081853798
53,48,153,115.89547009472015
53,49,152,113.00322635452201
53,50,151,116.35650833861294
53,51,150,115.02744521342845
53,52,149,119.15204010143957
53,53,148,121.3255643114066
53,54,147,121.92682645651348
53,55,146,120.42569487471425
53,56,145,119.34854253446336
53,57,144,118.52522642061972
53,58,143,117.92896949445655
53,59,142,118.5946961949439
53,60,141,120.12731219221621
53,61,140,119.48507350689931
53,62,139,117.22503194765105
53,63,138,119.60243149815565
53,64,137,120.16090047099777
53,65,136,119.28911809517955
53,66,135,112.0043355078961
53,67,134,110.97095300069402
53,68,133,111.70931060329781
53,69,132,108.74755075458623
53,70,131,108.08690298257696
53,71,130,113.82790187900059
53,72,129,111.86624934814944
53,73,128,107.52900535986058
53,74,127,102.20315065138567
53,75,126,103.19525213038946
53,76,125,101.7633789073955
53,77,124,105.38810128766862
53,78,123,104.29040605017002
53,79,122,102.49056637621169
53,80,121,101.99559800315897
53,81,120,107.77730011025689
53,82,119,103.36073242299264
53,83,118,102.62018511483168
53,84,117,101.62357524571183
53,85,116,102.80511859270112
53,86,115,98.45557161377617
53,87,114,96.24718669896515
53,88,113,103.58883555377682
53,89,112,99.24304920382434
53,90,111,103.3005616906946
53,91,110,106.09193027263315
53,92,109,105.34442758072741
53,93,108,106.71276680491462
53,94,107,105.24802739994112
53,95,106,104.75069790260417
53,96,105,101.13064175626889
53,97,104,104.64938746572429
53,98,103,107.45671062847671
53,99,102,105.73739668945106
53,100,101,111.2520692130266
53,101,100,105.17727873343219
53,102,99,102.90979124549918
53,103,98,103.85942856414945
53,104,97,106.96611167488487
53,105,96,102.89322633756422
53,106,95,98.64771530123035
53,107,94,96.29953849121688
53,108,93,97.6391693769105
53,109,92,95.53025428047462
53,110,91,98.15380764586207
53,111,90,99.54734495353065
53,112,89,97.34791261661584
53,113,88,93.06647638062697
53,114,87,91.18172372611443
53,115,86,87.40959160010809
53,116,85,82.44913084120029
53,117,84,88.22283751114904
53,118,83,83.27243721596227
53,119,82,72.55705919765185
53,120,81,68.17277525899911
53,121,80,73.00861801349622
53,122,79,72.82838045334503
53,123,78,75.8711871940322
53,124,77,73.34549967417172
53,125,76,70.70481227014946
53,126,75,65.22010033245465
53,127,74,64.90873486799298
53,128,73,69.50572725717268
53,129,72,64.560118720438
53,130,71,57.23376496896764
53,131,70,56.92381757773944
53,132,69,52.63969154022517
53,133,68,51.51132619866608
53,134,67,47.32430902423293
53,135,66,44.835207926514876
53,136,65,44.654391354298596
53,137,64,41.1389932210887
53,138,63,42.66134193259049
53,139,62,40.61315545021543
53,140,61,44.19051521751125
53,141,60,43.280386334100626
53,142,59,47.39658158360096
53,143,58,46.835910894429304
53,144,57,53.399129644878684
53,145,56,50.980185419819406
53,146,55,52.35611005718454
53,147,54,53.376889388635675
53,148,53,55.46868733283663
53,149,52,55.209632842946206
54,40,140,121.96166556567718
54,41,139,122.16900090598236
54,42,138,122.43238017394407
54,43,137,123.67526224018137
54,44,136,122.87392415191235
54,45,135,121.73929068152711
54,46,134,122.07724072374474
54,47,133,122.31774210679886
54,48,132,122.85135450160826
54,49,131,120.43756274466219
54,50,130,119.26953065507331
54,51,129,118.0772580382968
54,52,128,119.89946341908492
54,53,127,120.0917635935741
54,54,126,120.43950521167949
54,55,125,120.39494628406183
54,56,124,121.87260141108973
54,57,123,121.87126220874782
54,58,122,122.14060767346112
54,59,121,122.11457049725145
54,60,120,121.29385968647276
54,61,119,117.37273988477557
54,62,118,116.41427058581087
54,63,117,116.71952907227573
54,64,116,119.85063713306945
54,65,115,118.99967035578138
54,66,114,116.21076064802868
54,67,113,114.66766602925807
54,68,112,114.43593431944542
54,69,111,114.62583460275346
54,70,110,110.19725167590676
54,71,109,112.3270802552121
54,72,108,111.20108181516505
54,73,107,112.57666095069791
54,74,106,111.57995273041894
55,40,186,120.86099788171134
55,41,185,119.46281812873167
55,42,184,117.6236722126816
55,43,183,119.49643144551226
55,44,182,121.53749242770732
55,45,181,122.54939600780244
55,46,180,124.22971288306306
55,47,179,122.14067338229276
55,48,178,120.92465352347111
55,49,177,121.17006251345134
55,50,176,123.21376312892843
55,51,175,123.48703075024557
55,52,174,124.23299374491037
55,53,173,124.30286799105374
55,54,172,122.93903097484454
55,55,171,122.03878554197296
55,56,170,122.04734710768346
55,57,169,123.12905066026019
55,58,168,123.6010954828114
55,59,167,124.49021359139702
55,60,166,125.0
55,61,165,123.37527285860858
55,62,164,122.46693128616852
55,63,163,123.11358877426267
55,64,162,123.90345383961959
55,65,161,124.42433192994389
55,66,160,121.95347519686993
55,67,159,121.58999100255699
55,68,158,120.9319637636754
55,69,157,118.74100433159536
55,70,156,115.32426041477405
55,71,155,114.32308821506636
55,72,154,114.68794529169725
55,73,153,115.73906912940231
55,74,152,112.96675539931475
55,75,151,109.04845335629162
55,76,150,105.40570883693084
55,77,149,106.11459517835397
55,78,148,106.4214179632888
55,79,147,101.76517715222566
55,80,146,100.18251428924421
55,81,145,107.5009946833026
55,82,144,97.69978867208101
55,83,143,96.18976141890414
55,84,142,93.08246215986014
55,85,141,102.26404179802276
55,86,140,109.8268590706063
55,87,139,107.61521333605184
55,88,138,113.74023702677087
55,89,137,114.05057090625176
55,90,136,113.51415370589103
55,91,135,112.77052377858948
55,92,134,113.34829498373026
55,93,133,112.36945218447036
55,94,132,109.47116709709776
55,95,131,102.91766493123055
55,96,130,100.19808828656203
55,97,129,102.20141528895996
55,98,128,104.10576412005044
55,99,127,106.39661306300974
55,100,126,104.36166539149535
55,101,125,103.37446054353234
55,102,124,100.01291755502186
55,103,123,99.74387461454236
55,104,122,100.91693831224535
55,105,121,98.39291173056122
55,106,120,99.6011367408272
55,107,119,96.09577146672432
55,108,118,98.13578354523597
55,109,117,94.9479684957273
55,110,116,96.05334304457614
55,111,115,97.84552041418968
55,112,114,100.90301209787938
55,113,113,101.1060424511162
55,114,112,99.76988945734463
55,115,111,104.84710944745467
55,116,110,98.96661443592501
55,117,109,100.5064892955099
55,118,108,104.43877880680498
55,119,107,95.98256605844429
55,120,106,96.08158584633539
55,121,105,100.8569379959556
55,122,104,98.62709035298317
55,123,103,102.14524523688695
56,40,185,121.43383287669957
56,41,184,122.60721552189342
56,42,183,122.20160595794925
56,43,182,122.6678838706992
56,44,181,122.85505898840152
56,45,180,123.2136524480737
56,46,179,122.91919387372769
56,47,178,121.78534449850304
56,48,177,122.17259575966213
56,49,176,122.83725844087846
56,50,175,123.35259835121633
56,51,174,122.97373670405838
56,52,173,122.80093128354216
56,53,172,123.92718746167125
56,54,171,124.14486273514743
56,55,170,123.53057505842509
56,56,169,124.28846042473842
56,57,168,123.82279135191477
56,58,167,124.27908268533443
56,59,166,123.7958684871652
56,60,165,120.97413442382431
56,61,164,122.60746813973842
56,62,163,122.2565315452685
56,63,162,121.94640776423704
56,64,161,122.52581466314126
56,65,160,122.66037836944743
56,66,159,123.11973208851536
56,67,158,120.98579986030978
56,68,157,122.39758298360101
56,69,156,120.34165419791094
56,70,155,123.2101921541265
56,71,154,121.7906470901151
56,72,153,122.95410350221741
56,73,152,122.78427573339528
57,40,159,122.00416995397961
57,41,158,119.13204552635256
57,42,157,118.81828016064868
57,43,156,119.80246698391424
57,44,155,121.2059264208279
57,45,154,118.88521558890139
57,46,153,123.57535742315999
57,47,152,121.82003823671218
57,48,151,121.83300676467641
57,49,150,121.37139728818546
57,50,149,121.89799131444605
57,51,148,123.0059836554567
57,52,147,125.0
57,53,146,124.08878722976684
57,54,145,124.131136017588
57,55,144,124.29128697945197
57,56,143,124.4646359180645
57,57,142,123.47741113761444
57,58,141,124.19209944172223
57,59,140,123.14449527092438
57,60,139,122.45073694626682
57,61,138,123.04550990096459
57,62,137,122.94428354852008
57,63,136,121.42895396287926
57,64,135,122.55742832424131
57,65,134,122.79105803553935
57,66,133,123.3700757272816
57,67,132,123.58768778334061
57,68,131,122.26450610943654
57,69,130,122.41656791774219
57,70,129,121.45278451727373
57,71,128,122.09568618894147
57,72,127,122.29526145242937
57,73,126,119.7636599649264
57,74,125,119.44733572751062
57,75,124,119.35051534340934
57,76,123,121.22351050519111
58,40,233,113.11812832780484
58,41,232,112.7713808849508
58,42,231,115.59639020587494
58,43,230,117.89181549257947
58,44,229,115.05999856801856
58,45,228,115.64368150243294
58,46,227,113.72153551007352
58,47,226,113.4036426073103
58,48,225,114.09461853374937
58,49,224,117.1971716229412
58,50,223,115.92196122295402
58,51,222,116.38675003855593
58,52,221,115.63314407613898
58,53,220,112.43055778949989
58,54,219,109.69285174463974
58,55,218,111.21390658871164
58,56,217,114.70984576577092
58,57,216,115.28397999936382
58,58,215,114.48392757636137
58,59,214,118.08151258276183
58,60,213,117.52802433890704
58,61,212,115.93996212679488
58,62,211,114.70817840921194
58,63,210,117.21708899228949
58,64,209,115.45039082194543
58,65,208,118.60068485975883
58,66,207,118.10151375319792
58,67,206,118.1902642314889
58,68,205,120.89147627267634
58,69,204,120.17655873571144
58,70,203,119.50368930815631
58,71,202,120.52155209237799
58,72,201,118.56222026751368
58,73,200,117.44169627494243
58,74,199,118.09592728432017
58,75,198,119.12702931465199
58,76,197,120.43039696891529
58,77,196,120.45687566998247
58,78,195,115.74494208793567
58,79,194,114.44300119202822
58,80,193,111.6633026359765
58,81,192,114.73468131531175
58,82,191,115.43163551630695
58,83,190,117.03108454995703
58,84,189,115.20236554949224
58,85,188,113.33824078798648
58,86,187,107.10828845574632
58,87,186,107.00072725701696
58,88,185,107.22807493028279
58,89,184,102.226247237491
58,90,183,107.08087932478163
58,91,182,103.90143277406524
58,92,181,102.84653598846413
58,93,180,102.12505166412731
58,94,179,102.27226047865274
58,95,178,105.0250492180156
58,96,177,106.88280322469174
58,97,176,106.76528804008734
58,98,175,110.22221493142538
58,99,174,107.4052459807127
58,100,173,100.6558968431106
58,101,172,102.12115488108915
58,102,171,103.0713397218073
58,103,170,106.51512569223213
58,104,169,109.83479486431767
58,105,168,111.41789582485654
58,106,167,106.06225866470854
58,107,166,105.96971602091092
58,108,165,107.00936381644988
58,109,164,104.60912347826235
58,110,163,105.14171423927073
58,111,162,102.29010862535546
58,112,161,103.21356245664947
58,113,160,107.04249928922658
58,114,159,108.76595594899055
58,115,158,108.44887786057677
58,116,157,108.7646433702271
58,117,156,105.2793977068244
58,118,155,100.2352489221787
58,119,154,90.3754926799114
58,120,153,89.12703697295609
58,121,152,88.22138763759551
58,122,151,85.60083156972775
58,123,150,94.16364812800163
58,124,149,93.20258254391662
58,125,148,88.97042768245115
58,126,147,84.61901523251424
58,127,146,81.68303110239111
58,128,145,74.49820516771362
58,129,144,74.01495740266677
58,130,143,70.61170728531974
58,131,142,64.27848942392079
58,132,141,69.68308985167312
58,133,140,67.19677811129338
58,134,139,74.51031399232073
58,135,138,78.54363418666881
58,136,137,73.20441708910974
58,137,136,78.78455039466895
58,138,135,78.77673499542882
58,139,134,70.11027724872828
58,140,133,72.90562702105822
58,141,132,76.16459099435328
58,142,131,87.742794962831
58,143,130,92.61139014787886
58,144,129,98.52464859627952
58,145,128,102.18694706113381
58,146,127,99.3772512480677
58,147,126,101.00456776926112
58,148,125,96.28794213442703
58,149,124,100.85121292553478
58,150,123,104.17516400618817
58,151,122,101.59111502778977
58,152,121,97.21040403561105
58,153,120,100.50869869361244
58,154,119,101.42082212259092
58,155,118,101.62995705528468
58,156,117,103.60704175587392
58,157,116,101.1334658853625
58,158,115,99.12916571956617
58,159,114,93.85325287333418
58,160,113,95.54035621282762
58,161,112,95.24973374367869
58,162,111,97.40715071290523
58,163,110,93.57450802107395
58,164,109,88.58720645801682
58,165,108,92.37276384223279
58,166,107,89.79688075124376
58,167,106,88.94538860864787
58,168,105,87.25336399389553
58,169,104,88.95825326003887
58,170,103,87.6167789548831
58,171,102,84.00364303350648
58,172,101,81.46088733499562
58,173,100,81.28619469991702
58,174,99,83.93072894605008
58,175,98,85.83311718909951
58,176,97,82.84012762545083
58,177,96,81.13472032492308
58,178,95,77.75550160170695
58,179,94,80.2241613485482
58,180,93,75.18433634101481
58,181,92,80.3525057196114
58,182,91,78.05066935924721
58,183,90,76.11017982981086
58,184,89,69.44872586881293
58,185,88,70.58031705777653
58,186,87,70.6651892448766
58,187,86,74.59905014769822
58,188,85,74.85134585796584
58,189,84,74.67983752299247
58,190,83,78.41061290799513
58,191,82,80.1177445009789
58,192,81,76.1690459005931
58,193,80,76.71678383189749
58,194,79,74.3032021801626
58,195,78,73.49520648893477
58,196,77,72.23718149558746
58,197,76,66.69454305472405
58,198,75,63.154262726822466
58,199,74,59.489932957012414
58,200,73,57.03745904582535
58,201,72,55.63606363787656
58,202,71,54.13017477075181
58,203,70,55.42900831632632
58,204,69,55.30604947352204
58,205,68,56.17325911262364
58,206,67,56.68258408647651
58,207,66,53.32966474289789
58,208,65,50.38163292789451
58,209,64,46.77708725963524
58,210,63,46.838032060942055
58,211,62,45.0122185388046
58,212,61,41.23413993196611
58,213,60,39.472363317527794
58,214,59,42.6533830789313
58,215,58,41.26176199350737
58,216,57,40.63646447502522
58,217,56,36.47167981326275
58,218,55,36.37676189719613
58,219,54,37.09369554481863
58,220,53,40.61265715395489
58,221,52,41.617335662693584
58,222,51,44.66404392415878
58,223,50,44.21568881576088
58,224,49,44.807183175126596
58,225,48,38.938785573698404
58,226,47,43.15860639757177
58,227,46,42.45786835306888
58,228,45,39.735593990977534
58,229,44,38.01176479435618
58,230,43,40.0060766265252
58,231,42,37.39757240239287
58,232,41,35.058137761523454
58,233,40,34.25314190587407
58,234,39,34.489148418170615
58,235,38,32.12877240209313
58,236,37,30.557801468282246
58,237,36,32.30181948229023
58,238,35,34.573762243799166
58,239,34,36.84419583069881
58,240,33,33.03394781923967
58,241,32,34.89949427393488
58,242,31,35.17157385036552
58,243,30,38.60733979569689
58,244,29,36.43648078256416
58,245,28,33.68369909185947
58,246,27,33.22376961916279
58,247,26,29.367020769558525
59,22,178,113.48465685062074
60,40,177,112.3666660568012
60,41,176,109.9737267583781
60,42,175,113.61258372583319
60,43,174,110.53795112162311
60,44,173,116.13725467703057
60,45,172,117.0071844107414
60,46,171,118.16292956241261
60,47,170,119.8153471215719
60,48,169,121.33264454574746
60,49,168,120.66126977112248
60,50,167,118.97551876075686
60,51,166,116.654941258141
60,52,165,116.26231233315696
60,53,164,115.97214018144734
60,54,163,118.23179591646957
60,55,162,115.4611765686721
60,56,161,111.07472391113417
60,57,160,109.46306256605001
60,58,159,110.71824324815239
60,59,158,111.11137543946938
60,60,157,110.86760811730788
60,61,156,109.9408478246564
60,62,155,112.13115926709371
60,63,154,116.18660061689077
60,64,153,117.06295406419984
60,65,152,116.78301366354128
60,66,151,115.45455147773276
60,67,150,116.32874333150369
60,68,149,117.0899478858459
60,69,148,117.72892304068722
60,70,147,119.30263291449475
60,71,146,119.71242777451945
60,72,145,119.00582757389651
60,73,144,118.18200733499145
60,74,143,119.11433002277252
60,75,142,119.19199864406882
60,76,141,119.86709454275294
60,77,140,117.5476605262131
60,78,139,116.50496595410127
60,79,138,120.73744345773206
60,80,137,120.43634063025505
60,81,136,119.34206926753022
60,82,135,117.95014903001554
60,83,134,112.92732622610211
60,84,133,116.71657126309155
60,85,132,115.4729446468774
60,86,131,116.33827717945182
60,87,130,116.61190905629768
60,88,129,114.91168435319105
60,89,128,116.47421360200038
60,90,127,113.99232790240671
60,91,126,113.78138994115156
60,92,125,115.77791981233796
60,93,124,115.10620585045017
60,94,123,113.50553748203973
60,95,122,108.21499753418283
60,96,121,105.84797346859403
60,97,120,99.54368661843498
60,98,119,94.89852179921098
60,99,118,93.6467794364882
60,100,117,85.31310663184911
60,101,116,83.87111074928518
60,102,115,90.22907953110555
60,103,114,95.83784427388085
60,104,113,94.84225540792343
60,105,112,99.04540306416591
60,106,111,90.79206242997
60,107,110,92.12741455567662
60,108,109,91.15536364798463
60,109,108,85.30934853621005
60,110,107,90.60885564169685
60,111,106,90.95588114344196
60,112,105,77.02035525866512
60,113,104,76.78315528632541
60,114,103,81.37625289831693
60,115,102,77.38286990150898
60,116,101,80.63223670555446
60,117,100,88.04830729569306
60,118,99,90.03592837385389
60,119,98,91.53833442962495
60,120,97,91.18551797387579
60,121,96,84.07748839979385
60,122,95,74.82183277437534
60,123,94,65.63082558937967
60,124,93,77.17802778746116
60,125,92,68.9577596160058
60,126,91,69.8038335151288
60,127,90,73.97286384847887
60,128,89,80.81001162104327
60,129,88,83.48494075013016
60,130,87,85.16158508126524
60,131,86,88.98579237381787
60,132,85,86.09845396679933
60,133,84,87.49914787379407
60,134,83,85.15816592886907
60,135,82,79.39675453686161
60,136,81,78.71029634555678
60,137,80,85.39290467863476
60,138,79,82.90952861340355
60,139,78,85.24068371376887
60,140,77,78.13546030657129
60,141,76,79.93339030791934
60,142,75,80.46055434023799
60,143,74,88.4164620674032
60,144,73,86.1537372250184
61,40,199,124.33840907129643
61,41,198,125.0
61,42,197,125.0
61,43,196,125.0
61,44,195,123.71864624492447
61,45,194,122.81844902977144
61,46,193,119.98381078295078
61,47,192,120.61706456323986
61,48,191,121.3275137466332
61,49,190,120.38149506884352
61,50,189,118.12831859611862
61,51,188,121.37211562719415
61,52,187,120.99622816235637
61,53,186,119.49860494315817
61,54,185,120.55605311003511
61,55,184,119.41977300628007
61,56,183,119.06342466649068
61,57,182,119.81434004030308
61,58,181,119.89260911919811
61,59,180,117.49274802627377
61,60,179,118.00643666894976
61,61,178,117.21542723336044
61,62,177,117.19722264309335
61,63,176,116.69032697958718
61,64,175,113.49043333670022
61,65,174,106.24276818157176
61,66,173,105.3451427376441
61,67,172,105.7027887872834
61,68,171,111.37839789235352
61,69,170,113.65375285232703
61,70,169,110.24940402034477
62,40,204,118.51071381225961
62,41,203,119.47243157844864
62,42,202,120.08995652751612
62,43,201,118.83006797238802
62,44,200,115.2381708479388
62,45,199,113.7744731024101
62,46,198,113.09478610294885
62,47,197,112.37832181125275
62,48,196,115.79813630685611
62,49,195,115.02124673350488
62,50,194,117.05462274077023
62,51,193,118.00664362291796
62,52,192,111.16127762331143
62,53,191,116.85245400362935
62,54,190,116.02736605074978
62,55,189,113.22479587042949
62,56,188,114.08683516333257
62,57,187,118.98190887421435
62,58,186,113.71260034343567
62,59,185,111.92685773648947
62,60,184,114.41259976771433
62,61,183,118.24709638098207
62,62,182,114.24490305828596
62,63,181,117.28802427539975
62,64,180,119.38753988153655
62,65,179,117.87527679110057
62,66,178,118.31263971813124
62,67,177,118.5254307449233
62,68,176,117.18702807678838
62,69,175,117.744706261515
62,70,174,115.43062661131711
62,71,173,113.15615005705197
62,72,172,111.38327798296899
62,73,171,110.02170894426041
62,74,170,109.6792538619124
62,75,169,110.00165678918461
62,76,168,110.06439730504877
62,77,167,110.73181765400199
62,78,166,114.86983671847659
62,79,165,115.68027764043276
62,80,164,113.39278590540454
62,81,163,114.72255045974123
62,82,162,115.10682886428091
62,83,161,115.15231417921538
62,84,160,108.6589021126976
62,85,159,108.17044353365648
62,86,158,111.5981665479201
62,87,157,111.81833559870208
62,88,156,111.66005324520026
62,89,155,105.90056770177043
62,90,154,106.36237671041988
62,91,153,103.83500183662592
62,92,152,103.08637105573624
62,93,151,103.08602820483247
62,94,150,100.93611361693834
62,95,149,100.2023074214635
62,96,148,100.48047245451683
62,97,147,106.91293972380899
62,98,146,94.54626482731088
62,99,145,99.10061241102494
62,100,144,100.91316854212779
62,101,143,107.37031955325996
62,102,142,107.33220743506169
62,103,141,107.9218243842875
62,104,140,109.67048922275323
62,105,139,101.62202982149735
62,106,138,101.76971758501108
62,107,137,100.95599326523687
62,108,136,101.18744560163489
62,109,135,105.31435738746943
62,110,134,103.0913583496766
62,111,133,98.9352069221825
62,112,132,99.12800394318177
62,113,131,100.78213710257184
62,114,130,96.865429914005
62,115,129,99.68532798422483
62,116,128,95.28974904752879
62,117,127,96.62536172171214
62,118,126,96.13373265698911
62,119,125,100.6878219054609
62,120,124,97.21957250121636
62,121,123,98.74094688193107
62,122,122,99.08760668460327
62,123,121,101.55527246058207
62,124,120,105.3920170275256
62,125,119,110.60521719617549
62,126,118,108.7684442441012
62,127,117,108.43368842488785
62,128,116,108.65286691943597
62,129,115,111.59460104980786
62,130,114,108.73427511261245
62,131,113,106.70707453769444
62,132,112,108.26890586404183
62,133,111,109.3321583112132
62,134,110,109.96586247014335
62,135,109,107.84080187596567
62,136,108,109.68384637219796
62,137,107,108.96567057706194
62,138,106,107.43650373140194
62,139,105,106.71438822710286
62,140,104,108.54578557155948
62,141,103,106.92705821337094
62,142,102,98.1089214541419
62,143,101,95.80066524794904
62,144,100,94.90681123789766
62,145,99,90.74407525671774
62,146,98,85.80144964986867
62,147,97,84.44758937208698
62,148,96,79.48189779416718
62,149,95,81.22194949100546
62,150,94,83.42343808252227
62,151,93,80.55260709156607
62,152,92,83.77689280882313
62,153,91,82.07763287149726
62,154,90,80.79953796552626
62,155,89,78.3284588264182
62,156,88,78.48785872351397
62,157,87,73.89414940948669
62,158,86,68.61239445119044
62,159,85,69.94892691736432
62,160,84,71.1786817749992
62,161,83,70.212354140629
62,162,82,70.54983323895091
62,163,81,73.67663222220926
62,164,80,69.45914506348592
62,165,79,71.03694288353998
62,166,78,68.60553841905221
62,167,77,66.87289107206902
62,168,76,66.9268090499032
62,169,75,69.65418988674112
62,170,74,64.53693283376
62,171,73,67.54070643044793
62,172,72,60.166171292183094
62,173,71,68.40522283211283
62,174,70,68.88589881116152
62,175,69,64.50946362603287
62,176,68,62.4140178747664
62,177,67,60.334508743534165
62,178,66,60.19161064573487
62,179,65,63.70637844430566
62,180,64,69.38744560264631
62,181,63,67.6039040954157
62,182,62,66.2670046057734
62,183,61,64.06737810384473
62,184,60,59.699947591641674
62,185,59,57.61611985929094
62,186,58,58.096320139966274
62,187,57,54.712757612388856
62,188,56,53.796074359309614
62,189,55,52.47074285510155
62,190,54,52.974039660216825
62,191,53,50.61891452009783
62,192,52,47.76010633853571
62,193,51,47.52503295058183
62,194,50,44.56171576051628
62,195,49,45.94762733893889
62,196,48,42.528041593059015
62,197,47,41.94498359433125
62,198,46,39.72109932332538
62,199,45,39.791802182904135
62,200,44,42.83192484237385
62,201,43,39.99190245041591
62,202,42,39.86833514991675
62,203,41,38.216132079649384
62,204,40,36.858905498786996
62,205,39,37.65890367977477
63,40,173,120.91357931040312
63,41,172,121.46342326280336
63,42,171,122.2199741294169
63,43,170,123.37172530007189
63,44,169,124.38622285921537
63,45,168,124.10363222227525
63,46,167,123.71074315816449
63,47,166,124.20631781358102
63,48,165,123.62492153029692
63,49,164,122.69660558828309
63,50,163,122.84846093859454
63,51,162,121.13502466660924
63,52,161,120.10627655050175
63,53,160,117.83161565659665
63,54,159,118.5592910469176
63,55,158,118.26725863335577
63,56,157,116.0308468271254
63,57,156,113.04836209521025
63,58,155,116.32334357150536
63,59,154,117.46546929754219
63,60,153,117.85552081336594
63,61,152,117.80690090825064
63,62,151,118.14467845262732
63,63,150,121.74050094767296
63,64,149,120.99305855458465
63,65,148,120.82725846544948
63,66,147,119.73473067620841
63,67,146,119.22340855810667
63,68,145,119.67904321688493
63,69,144,118.75179510647023
63,70,143,119.38356312374967
63,71,142,119.41129450278214
63,72,141,118.30950793440198
63,73,140,117.73379894423182
63,74,139,116.02051226432019
63,75,138,116.4926563023524
63,76,137,115.49645552239986
63,77,136,111.57202749669645
63,78,135,109.1823107166969
63,79,134,108.91055938947777
63,80,133,107.062085160094
63,81,132,104.08748990267314
63,82,131,104.35215891123185
63,83,130,99.09420708471681
63,84,129,99.02831187439931
63,85,128,101.42306423254355
63,86,127,97.80517164256216
63,87,126,99.84591650800766
63,88,125,99.40521206264302
63,89,124,102.51711607946045
63,90,123,101.53758892906639
63,91,122,102.715939625376
63,92,121,104.75947731195649
63,93,120,105.96647710005469
63,94,119,102.18688031726222
63,95,118,101.54870818045015
63,96,117,109.67288682396793
63,97,116,103.47237443455491
63,98,115,105.27508342243587
63,99,114,102.89362393506974
63,100,113,101.83724175615714
63,101,112,101.36219180033297
63,102,111,100.36925343629241
63,103,110,104.23881852053165
63,104,109,104.9577708322646
63,105,108,103.27639701803385
63,106,107,110.28043316167756
63,107,106,103.48212892480758
63,108,105,106.07693278243316
63,109,104,107.62553674652796
63,110,103,116.04356496957303
63,111,102,114.13827101658039
63,112,101,118.04997927333575
63,113,100,114.39091854134234
63,114,99,111.9304934235088
63,115,98,112.19175001112056
63,116,97,113.28735346798008
63,117,96,115.9117501862743
63,118,95,115.32107620417204
63,119,94,117.22567175392135
63,120,93,117.39381092348734
63,121,92,114.59144223119023
63,122,91,116.75874608239775
63,123,90,113.7731001632908
63,124,89,115.37412198367859
63,125,88,114.42139173962892
63,126,87,107.14717006985903
63,127,86,103.36555295918723
63,128,85,104.90682068136195
63,129,84,106.26923392017176
63,130,83,100.61205988257075
63,131,82,99.65530023737969
63,132,81,102.4913218078255
63,133,80,102.07347952167018
63,134,79,98.73417445392924
63,135,78,94.5640027624452
63,136,77,96.69786312302827
63,137,76,84.40208831974805
63,138,75,75.9097539555105
63,139,74,78.53312641675515
63,140,73,67.12302662241211
63,141,72,63.746275405945724
63,142,71,66.08699379492826
63,143,70,68.85657617653557
63,144,69,70.78246673725454
63,145,68,70.011311214786
63,146,67,68.1080989912561
63,147,66,68.59020520121234
63,148,65,62.08244127143053
63,149,64,62.828775695741584
63,150,63,63.55486692371167
63,151,62,58.08525478006065
63,152,61,60.72014312942028
63,153,60,57.41745357942965
63,154,59,56.84757352847181
63,155,58,56.90614191136373
63,156,57,62.705234979731514
63,157,56,62.3630217989779
63,158,55,59.745591736797046
63,159,54,56.44495094234102
63,160,53,57.80913402993641
63,161,52,61.200509903335
63,162,51,63.97627360391162
63,163,50,68.74039161867762
63,164,49,62.55674154264811
63,165,48,55.79466701255241
63,166,47,56.77482153786467
63,167,46,53.18759341634075
63,168,45,52.40522196167099
63,169,44,56.045727805667404
63,170,43,49.1127631241076
63,171,42,46.68239082368069
63,172,41,47.85244224006604
63,173,40,45.595642596083216
63,174,39,40.86182867986823
64,40,207,120.57853059525348
64,41,206,119.825818909926
64,42,205,119.68841901731011
64,43,204,118.44627468583221
64,44,203,117.35725010649153
64,45,202,115.94072908439398
64,46,201,119.1167989021598
64,47,200,121.10554411292776
64,48,199,118.14557770859996
64,49,198,118.42147148546505
64,50,197,117.25386386718405
64,51,196,116.53085898704968
64,52,195,116.60543339244762
64,53,194,117.43360200694659
64,54,193,116.19073199995833
64,55,192,113.04700539336005
64,56,191,114.99790545954247
64,57,190,112.26681943375661
64,58,189,119.31530347696821
64,59,188,119.11479652961857
64,60,187,118.90081365672694
64,61,186,119.02391779046938
64,62,185,119.36712971273181
64,63,184,119.13872610704028
64,64,183,118.7786852581635
64,65,182,116.3474948732527
64,66,181,112.94009610437033
64,67,180,109.29367678452707
64,68,179,111.05381200284481
64,69,178,113.07123113116418
64,70,177,110.18040765357046
64,71,176,112.06397914729936
64,72,175,111.27908558860946
64,73,174,111.57043972842379
64,74,173,112.99384970662068
64,75,172,110.90205856132678
64,76,171,109.5406101786107
64,77,170,108.20698466466321
64,78,169,109.2651108101449
64,79,168,110.8713139958079
64,80,167,113.36844357151037
64,81,166,113.64195271362122
64,82,165,115.12377659363565
64,83,164,114.8288900829768
64,84,163,116.39956958687534
64,85,162,111.7986551485532
64,86,161,111.84069173802345
64,87,160,110.619938552429
64,88,159,109.62630864517605
64,89,158,108.02144628254983
64,90,157,107.44913179241573
64,91,156,110.49074952767828
64,92,155,110.32302576984465
64,93,154,108.65228902514167
64,94,153,104.74940621588216
64,95,152,108.42285878604855
64,96,151,108.70031527868287
64,97,150,106.92126609414916
64,98,149,113.19979496267413
64,99,148,112.3867714115068
64,100,147,109.74226069233798
64,101,146,109.43499601292255
64,102,145,104.6046706836203
64,103,144,110.61000741809082
64,104,143,111.41066061405695
64,105,142,106.45092888698505
64,106,141,100.3194768562778
64,107,140,97.52945891979346
64,108,139,94.8244101882716
64,109,138,96.97282279773918
64,110,137,97.60603324746391
64,111,136,98.60283836540472
64,112,135,100.66358705140047
64,113,134,99.91126713188055
64,114,133,102.18002892770093
64,115,132,103.0893003299592
64,116,131,98.75150792404543
64,117,130,92.06846850232435
64,118,129,88.26669307922761
64,119,128,88.82801740610788
64,120,127,90.64065912876295
64,121,126,90.67085693423581
64,122,125,85.90614081435677
64,123,124,82.15629044632499
64,124,123,85.09796603457761
64,125,122,74.90863177415864
64,126,121,73.97342697821458
64,127,120,76.69536112970867
64,128,119,81.05010816974823
64,129,118,82.72584261774162
64,130,117,78.56916706493948
64,131,116,82.14049462786603
64,132,115,84.33886367154034
64,133,114,85.61111865822441
64,134,113,85.52025200567189
64,135,112,94.0585966880202
64,136,111,97.89242742574731
64,137,110,94.0855547106581
64,138,109,86.86284043946236
64,139,108,89.87389005653692
64,140,107,92.15775041699064
64,141,106,93.00961694702897
64,142,105,92.33543705581955
64,143,104,96.22593981406807
64,144,103,92.75307117969126
64,145,102,90.4523457562104
64,146,101,88.15481675981366
64,147,100,84.01185530686774
64,148,99,88.62531644136962
64,149,98,84.3388642623193
64,150,97,88.17352545713592
64,151,96,93.57254658815336
64,152,95,94.10406388284197
64,153,94,92.42615590013881
64,154,93,92.04728153290174
64,155,92,95.79033919711549
64,156,91,94.43289168372664
64,157,90,92.1304106045132
64,158,89,96.38268084106832
64,159,88,89.99526563571494
64,160,87,91.48059443169686
64,161,86,87.2209685659623
64,162,85,81.46648311943807
64,163,84,69.40996280245112
64,164,83,64.69861069603293
64,165,82,62.06638151254973
64,166,81,61.06261338485925
64,167,80,55.282864173456275
64,168,79,59.86850626756912
64,169,78,51.90792593199467
64,170,77,49.49816437408937
64,171,76,49.804860277222176
64,172,75,50.303756258265565
64,173,74,53.932838634102
64,174,73,63.347628001223256
64,175,72,64.95033292541672
64,176,71,62.82973886532113
64,177,70,63.72819799262015
64,178,69,61.86978056661328
64,179,68,64.34041665337132
64,180,67,63.819384261333724
64,181,66,64.40475222382193
64,182,65,64.25916874131585
64,183,64,65.65412827764415
64,184,63,62.404684979739045
64,185,62,64.25372097807113
64,186,61,64.49739888774637
64,187,60,68.59149650438667
64,188,59,66.82190018798062
64,189,58,65.34274414076933
64,190,57,62.928026490251156
64,191,56,63.94083180303774
64,192,55,62.39634549549663
64,193,54,61.867662275826156
64,194,53,58.6325489069388
64,195,52,56.264486955603466
64,196,51,58.75107954149544
64,197,50,53.96149577368497
64,198,49,51.480592044652276
64,199,48,50.37947366677511
64,200,47,50.62557205720947
64,201,46,46.61354099574474
64,202,45,44.63198646266955
64,203,44,42.728269040186255
64,204,43,42.6585868298871
64,205,42,41.300981081696534
64,206,41,41.72807265701411
64,207,40,36.87915429595701
64,208,39,35.37336708587475
64,209,38,32.54839936282368
64,210,37,29.578588618891818
64,211,36,30.229996784615636
64,212,35,28.221604211795075
64,213,34,29.614326737703927
64,214,33,32.539962497875024
64,215,32,30.296666728374873
64,216,31,27.313822726343318
64,217,30,26.157740260539853
64,218,29,23.053563252995964
64,219,28,23.536490816245355
64,220,27,25.004692737686945
64,221,26,24.167685928339424
64,222,25,22.0277497056222
64,223,24,22.51165261505176
64,224,23,20.077634106981257
64,225,22,19.301364223206626
64,226,21,20.101189414548113
64,227,20,20.33485776696418
64,228,19,17.8913334700204
64,229,18,16.077562203910524
64,230,17,18.351457937825558
64,231,16,17.543773982487494
64,232,15,16.560621135529992
64,233,14,12.389638394709152
65,40,338,124.43705011246067
65,41,337,122.06746236276501
65,42,336,122.68147320417569
65,43,335,122.0453029388915
65,44,334,119.85932064010724
65,45,333,118.32901465975287
65,46,332,117.87309057558724
65,47,331,116.05819037801527
65,48,330,114.15057193114347
65,49,329,111.59421857717021
65,50,328,118.11030071934334
65,51,327,117.76557948333598
65,52,326,121.15957155238141
65,53,325,123.60845331038925
65,54,324,122.51899139488162
65,55,323,121.93277900756044
65,56,322,123.08160726574532
65,57,321,120.93494263250675
65,58,320,123.62041450221827
65,59,319,122.91437649750415
65,60,318,123.60440912103174
65,61,317,124.20464399816265
65,62,316,123.28582609977107
65,63,315,123.83714578357925
65,64,314,123.19232410470968
65,65,313,122.80722554923547
65,66,312,122.51911951164746
65,67,311,123.12411382752956
65,68,310,122.62729942497097
65,69,309,122.8113958054179
65,70,308,121.72489305784242
65,71,307,122.10693028184781
65,72,306,122.29311023640747
65,73,305,122.2142846846755
65,74,304,119.89734635947232
65,75,303,120.45419605120708
65,76,302,121.89209841695669
65,77,301,121.45819370241199
65,78,300,121.74812025214858
65,79,299,122.3636668981184
65,80,298,123.1343138295462
65,81,297,121.58183197347307
65,82,296,119.59773879511053
65,83,295,117.62868410882578
65,84,294,117.76675038084801
65,85,293,115.38840527621164
65,86,292,116.17527680109987
65,87,291,115.06760042457951
65,88,290,115.32762485017213
65,89,289,115.49130419197954
65,90,288,117.90002386399047
65,91,287,119.84508908308374
65,92,286,120.47531635075757
65,93,285,120.60844824704263
65,94,284,119.83676822646137
65,95,283,119.47817455978515
65,96,282,118.0162662438193
65,97,281,116.19883092627182
65,98,280,114.06102323628522
65,99,279,114.13851345541866
65,100,278,114.60563390872633
65,101,277,112.39545703917594
65,102,276,114.36488054712117
65,103,275,113.47528313402516
65,104,274,116.1507603311151
65,105,273,118.81603835404132
65,106,272,120.72236073927522
65,107,271,120.6328030472871
65,108,270,121.86371920694549
65,109,269,121.66823897916228
65,110,268,122.34056594143229
65,111,267,120.83001595544543
65,112,266,120.39484488044351
65,113,265,119.29987980749118
65,114,264,118.56050060437448
65,115,263,120.5721113118664
65,116,262,123.60242921114788
65,117,261,122.72941760899727
65,118,260,123.12457184626858
65,119,259,124.18735203896104
65,120,258,124.823469369028
65,121,257,122.40701243219613
65,122,256,121.66667533133717
65,123,255,121.5319261211659
65,124,254,118.84405063194988
65,125,253,119.38066851922244
65,126,252,120.54658354605007
65,127,251,121.10546925460756
65,128,250,122.27326581210224
65,129,249,123.63208098874769
65,130,248,124.0140945030997
65,131,247,123.15569961559464
65,132,246,122.24993573623186
65,133,245,124.1191311028201
65,134,244,124.09686876362198
65,135,243,125.0
65,136,242,124.743421186214
65,137,241,123.80215683722105
65,138,240,122.99554831417115
65,139,239,123.67002199630656
65,140,238,122.60446396143844
65,141,237,121.89017609010023
65,142,236,122.73855741597211
65,143,235,121.57806771138081
65,144,234,122.72136855801362
65,145,233,122.96250503779225
65,146,232,123.52469703374948
65,147,231,124.79594175110596
65,148,230,123.21561068233996
65,149,229,122.06407757478351
65,150,228,121.38915285230362
65,151,227,121.85202925921138
65,152,226,121.92096059554382
65,153,225,122.26457490904937
65,154,224,121.35450582349289
65,155,223,121.90983845868473
65,156,222,122.28415133958522
65,157,221,120.2318990410123
65,158,220,120.4254915169111
65,159,219,120.93076150737397
65,160,218,122.3014468484248
65,161,217,119.49948170335102
65,162,216,120.36413211414339
65,163,215,115.54230640542627
65,164,214,117.550851393463
65,165,213,119.85471398680846
65,166,212,122.90207784848394
65,167,211,124.23735588945257
65,168,210,124.27450690360646
65,169,209,123.11889493696687
65,170,208,120.72764853297538
65,171,207,119.98081518864636
65,172,206,119.70235751542381
65,173,205,119.51548764174116
65,174,204,120.23057569800349
65,175,203,122.03710155937114
65,176,202,120.73248765395098
65,177,201,122.30629656050422
65,178,200,121.05996471679615
65,179,199,119.78333741180289
65,180,198,119.84364708101677
65,181,197,120.98753071677345
65,182,196,121.16991460024889
65,183,195,122.18550917591963
65,184,194,122.05945991757264
65,185,193,121.94661943852032
65,186,192,119.54788929548803
65,187,191,118.19048334190086
65,188,190,115.65750023544955
65,189,189,113.89873772784898
65,190,188,115.71875667006789
65,191,187,115.48558974340921
65,192,186,117.09209403055434
65,193,185,116.49704564114913
65,194,184,117.13242639152583
65,195,183,117.26060308333439
65,196,182,118.12818760130358
65,197,181,117.47677415153399
65,198,180,117.99266975665688
65,199,179,117.46722409220762
65,200,178,115.87094702880212
65,201,177,117.2263583451973
65,202,176,118.17623926063062
65,203,175,114.57236670604227
65,204,174,116.5453921963148
65,205,173,117.63778512595303
65,206,172,116.35449400928151
65,207,171,115.27033021784226
65,208,170,114.98219099533144
65,209,169,115.88942147722315
65,210,168,116.96248599141799
65,211,167,113.42146585108162
65,212,166,112.78161522973339
65,213,165,113.3811426670625
65,214,164,111.86819657332286
65,215,163,110.82004918987847
65,216,162,108.77124717310117
65,217,161,112.10889041681932
65,218,160,111.86994289725521
65,219,159,113.92868602534728
65,220,158,115.9526208695791
65,221,157,117.19836380371802
65,222,156,114.22809535189818
65,223,155,116.93670979297222
65,224,154,114.72943521298032
65,225,153,114.92166389433159
65,226,152,117.88658459648772
65,227,151,117.70186014403494
65,228,150,119.6762429909042
65,229,149,119.4705934080604
65,230,148,119.4498696399508
65,231,147,112.52468563318868
65,232,146,106.59093813966581
65,233,145,100.89176924939564
65,234,144,102.4999283904879
65,235,143,106.42530537036501
65,236,142,107.29868225824983
65,237,141,103.42989009405899
65,238,140,101.2091357881962
65,239,139,101.41489284429268
65,240,138,103.10032527816708
65,241,137,106.11516355913506
65,242,136,105.37677337344903
65,243,135,107.25061632774248
65,244,134,108.29938707284744
65,245,133,108.50766367278004
65,246,132,101.74507661868503
65,247,131,103.52916304645808
65,248,130,107.53010145707361
65,249,129,105.9832919840939
65,250,128,109.3470434632855
65,251,127,108.58270509135008
65,252,126,107.74476815088168
65,253,125,106.48421626742926
65,254,124,103.0335964026456
65,255,123,97.8593532329437
65,256,122,98.07590199226371
65,257,121,97.07389370095842
65,258,120,102.8713080556577
65,259,119,105.90620463314374
65,260,118,107.1440115345307
65,261,117,109.92447455197156
65,262,116,112.23722559259048
65,263,115,113.88824054999876
65,264,114,116.39211999015608
65,265,113,117.61696442415467
65,266,112,116.76923998467558
65,267,111,113.24795707524831
65,268,110,113.89925056477867
65,269,109,116.56275471654737
65,270,108,114.76136228138486
65,271,107,113.68150252908944
65,272,106,112.02083629227594
65,273,105,109.39908989497519
65,274,104,110.03876219768645
65,275,103,108.43507496237314
65,276,102,108.930401138082
65,277,101,105.40182671753891
65,278,100,108.22041402154588
65,279,99,110.74841186150397
65,280,98,108.88336607003382
65,281,97,105.70527193000927
65,282,96,108.05852846527945
65,283,95,106.2221458257469
65,284,94,106.04793482767403
65,285,93,106.20121117378116
65,286,92,101.20276650887085
65,287,91,99.21804488995696
65,288,90,95.9034879315425
65,289,89,91.64928686567269
65,290,88,84.73003268635556
65,291,87,80.82897004961566
65,292,86,75.86318444776927
65,293,85,71.81151657264209
65,294,84,74.02416258980818
65,295,83,70.54629830332941
65,296,82,65.99185395702818
65,297,81,70.25447288475814
65,298,80,65.34506866073576
65,299,79,65.82439232612961
65,300,78,67.16261645579628
65,301,77,64.70498757491607
65,302,76,65.3058842397419
65,303,75,67.17696221141193
65,304,74,66.87887220791295
65,305,73,66.37049702073014
65,306,72,67.78762422320493
65,307,71,69.55449365049259
65,308,70,69.98511082652489
65,309,69,67.52361264186163
65,310,68,67.48004469757743
65,311,67,69.4856064270924
65,312,66,68.37495936072918
65,313,65,58.75642693030363
65,314,64,60.403063503813485
65,315,63,60.569504406258275
65,316,62,62.59753495616588
65,317,61,59.134013707230196
65,318,60,59.426069517169125
65,319,59,56.31721501575185
65,320,58,54.528454632489634
65,321,57,48.47890923310183
65,322,56,46.115384638179016
65,323,55,49.90965967673212
65,324,54,46.906943393024164
65,325,53,47.66220438116669
65,326,52,48.317878376010974
65,327,51,47.34503670372238
65,328,50,45.368263847245586
65,329,49,43.06268522822556
65,330,48,37.47395122096087
65,331,47,41.64482696124733
65,332,46,40.656645983749314
65,333,45,40.98712082306283
65,334,44,38.11153228827911
65,335,43,40.94914039201622
65,336,42,42.77223177596259
65,337,41,43.77931463182839
65,338,40,36.60541044947833
65,339,39,37.620763428907665
65,340,38,35.84853056887037
65,341,37,32.973508095277296
65,342,36,32.98214340535797
65,343,35,36.211805041188114
65,344,34,36.4677058858311
65,345,33,34.40423675457472
65,346,32,31.763293789106758
65,347,31,30.52482925821855
65,348,30,30.30915307737941
65,349,29,22.61662959980773
65,350,28,23.784605777918163
65,351,27,24.33057619767201
65,352,26,25.491864051980045
65,353,25,24.979918861686023
65,354,24,25.17264881282316
65,355,23,22.156090947084902
65,356,22,20.99794905483268
65,357,21,16.738704045709234
65,358,20,16.862375833269983
65,359,19,13.176963226421144
65,360,18,12.304204403353719
65,361,17,11.075764858928727
65,362,16,11.559432188408454
65,363,15,11.15175377128684
65,364,14,12.559315416178581
65,365,13,12.95473102177631
65,366,12,14.264562439129055
65,367,11,13.188561859232415
66,40,144,117.7545621800474
66,41,143,118.23975989554842
66,42,142,119.91780632749568
66,43,141,118.85812676487498
66,44,140,119.30882517040278
66,45,139,117.2417170945183
66,46,138,118.55158930725477
66,47,137,119.17446606598284
66,48,136,118.7101985053573
66,49,135,117.9241820359797
66,50,134,115.89214905156638
66,51,133,115.6470247522181
66,52,132,115.7387279630679
66,53,131,117.58019153177955
66,54,130,119.03370974983781
66,55,129,119.57263569758778
66,56,128,118.91922850819245
66,57,127,119.04641542510348
66,58,126,120.02282835468277
66,59,125,119.12689584911163
66,60,124,115.27975937573424
66,61,123,115.28013788361224
66,62,122,116.34794754913679
66,63,121,117.45247062845942
67,40,192,123.06342207642206
67,41,191,123.02474208353415
67,42,190,123.60832506968052
67,43,189,123.68739990799838
67,44,188,123.70829521910531
67,45,187,123.29584263762993
67,46,186,123.24530051113354
67,47,185,123.69683743440105
67,48,184,123.89792728424774
67,49,183,123.32786848163015
67,50,182,122.74253377805086
67,51,181,122.23332739985202
67,52,180,122.61758058252315
67,53,179,121.72212030424934
67,54,178,120.23983210724158
67,55,177,121.06149020445557
67,56,176,120.33901182582699
67,57,175,121.2417923848932
67,58,174,121.49053895615859
67,59,173,121.45655124853829
67,60,172,122.98841583791597
67,61,171,123.54906876893867
67,62,170,124.31501788823057
67,63,169,122.67086051724793
67,64,168,123.45919960328327
67,65,167,123.60856681754143
67,66,166,122.72105872393465
67,67,165,122.12787481935374
67,68,164,117.9984050299843
67,69,163,118.89082827936096
67,70,162,112.14317708118611
67,71,161,111.10669609604027
67,72,160,115.17451987018262
67,73,159,117.39764978273249
67,74,158,118.60122594980754
67,75,157,119.28635072359437
67,76,156,117.84061528198797
67,77,155,114.61984228088326
67,78,154,115.16523489066992
67,79,153,118.03949096633042
67,80,152,115.65769286399954
67,81,151,115.12826787987338
67,82,150,116.55446898539407
67,83,149,118.71913869915876
67,84,148,119.62461621341231
67,85,147,121.3966296543743
67,86,146,121.60049208632864
67,87,145,119.95391154169394
67,88,144,119.51432782650113
67,89,143,117.55864923870809
67,90,142,119.14159977227742
67,91,141,119.00924013773195
67,92,140,116.60837603064638
67,93,139,116.87980778591262
67,94,138,116.11529572692757
67,95,137,113.8334545212184
67,96,136,117.58460918778661
67,97,135,119.49944300659607
67,98,134,120.39223644958147
67,99,133,120.30626340763331
67,100,132,121.99188327617358
67,101,131,120.46819288076172
67,102,130,119.20853502851047
67,103,129,117.24622014587094
67,104,128,117.12140923067467
67,105,127,117.30356021586142
67,106,126,117.78186504716409
67,107,125,120.14041641923195
67,108,124,119.39807798513166
67,109,123,119.32620654061014
67,110,122,120.41583791942719
67,111,121,120.13052399540295
67,112,120,122.68344117411533
67,113,119,120.20879322309892
67,114,118,119.10297635758884
67,115,117,119.22909924252737
67,116,116,117.99016921204056
67,117,115,119.56252833048686
67,118,114,121.74428072629408
67,119,113,123.04268911942586
67,120,112,121.6472765248322
67,121,111,121.63739311043295
67,122,110,119.54122825646107
67,123,109,116.69084945623757
67,124,108,114.1775695321502
67,125,107,109.80091301455995
67,126,106,107.62101483077515
67,127,105,108.08503406326591
67,128,104,110.03541514923133
67,129,103,109.6135008084612
67,130,102,108.90001781775463
67,131,101,108.31885195134433
67,132,100,107.37691412584684
67,133,99,102.98363482385514
67,134,98,103.54039816626823
67,135,97,100.52067882641576
67,136,96,101.18239206675712
67,137,95,95.29435376580234
67,138,94,94.42776623086414
67,139,93,90.57612478785595
67,140,92,86.05359309069476
67,141,91,87.23597825249661
67,142,90,79.39810524791079
67,143,89,82.27406806098764
67,144,88,80.47519355199094
67,145,87,79.45355472074337
67,146,86,75.71331384936792
68,40,234,119.27223719408397
68,41,233,119.65935328680635
68,42,232,119.1507705036525
68,43,231,119.75719708479545
68,44,230,116.52212684353898
68,45,229,117.57013974446406
68,46,228,115.70233397411887
68,47,227,116.00823836828552
68,48,226,115.70121228721204
68,49,225,117.39443392195051
68,50,224,117.80329266374532
68,51,223,116.56398921497012
68,52,222,117.95492709106955
68,53,221,118.3504932411584
68,54,220,120.37127512144467
68,55,219,119.48060525604669
68,56,218,118.63524364289364
68,57,217,116.18568895303608
68,58,216,113.17357334472968
68,59,215,114.99574961317708
68,60,214,114.4413028139816
68,61,213,111.53842582599546
68,62,212,112.38223446294757
68,63,211,113.40512160892084
68,64,210,115.36385524282139
68,65,209,116.77606566868614
68,66,208,117.24331542925071
68,67,207,115.3467245111822
68,68,206,114.385425473237
68,69,205,112.42851853876701
68,70,204,112.00030055661479
68,71,203,112.30571660056452
68,72,202,109.43308833383405
68,73,201,110.56925878422217
68,74,200,113.49502051343046
68,75,199,116.42331843621724
68,76,198,116.79050078138118
68,77,197,116.81638107378606
68,78,196,117.46712125512849
68,79,195,117.44243720079203
68,80,194,117.84438848692164
68,81,193,119.70372756988235
68,82,192,120.61132984457532
68,83,191,119.87596022835223
68,84,190,120.1659427379183
68,85,189,120.26910333762739
68,86,188,119.62245296033316
68,87,187,119.79774636950798
68,88,186,117.81516811577863
68,89,185,117.75037341172128
68,90,184,115.35404553607539
68,91,183,115.46452713040624
68,92,182,114.31683091621264
68,93,181,112.7533437731056
68,94,180,112.2748044775353
68,95,179,109.84676084652419
68,96,178,109.15013051869403
68,97,177,110.02101735413902
68,98,176,102.15218049449643
68,99,175,97.14165701718021
68,100,174,90.17398410866858
68,101,173,91.97483751965473
68,102,172,96.14226141647369
68,103,171,99.06289284461536
68,104,170,99.43090451086357
68,105,169,104.59775824172104
68,106,168,99.81618566525836
68,107,167,96.51811760072246
68,108,166,91.84913431184887
68,109,165,98.41249447394875
68,110,164,97.46833236717276
68,111,163,95.60996596983713
68,112,162,95.88326852689488
68,113,161,92.45543615610441
68,114,160,90.49562557960263
68,115,159,94.41904008623797
68,116,158,96.66620295290605
68,117,157,93.12670881818653
68,118,156,101.2783683489423
68,119,155,103.99815686719525
68,120,154,100.65469886216773
68,121,153,103.02997684163458
68,122,152,106.42609592268288
68,123,151,107.06013172349759
68,124,150,106.91087262413396
68,125,149,106.42287682582669
68,126,148,107.06864520956934
68,127,147,103.8566137682096
68,128,146,96.62546620209125
68,129,145,93.0131399376933
68,130,144,97.05330540484
68,131,143,100.04496855996642
68,132,142,101.76165868349368
68,133,141,101.50822980055938
68,134,140,99.85898732507113
68,135,139,96.88482759574141
68,136,138,96.82077312349162
68,137,137,98.81903118806176
68,138,136,98.11062750927911
68,139,135,90.93610134802927
68,140,134,92.91711383751172
68,141,133,91.66706095201363
68,142,132,94.03303838610063
68,143,131,92.30328722569982
68,144,130,96.32672472879898
68,145,129,90.4165365929621
68,146,128,87.40560893840026
68,147,127,91.99897009030346
68,148,126,89.78713510823553
68,149,125,97.62777388474407
68,150,124,96.67106382111817
68,151,123,99.49447357969939
68,152,122,97.60340206685342
68,153,121,93.81315988016759
68,154,120,95.31573632365466
68,155,119,90.20280440029924
68,156,118,89.13051843460272
68,157,117,84.07064302535758
68,158,116,85.58632672971642
68,159,115,83.77935760889031
68,160,114,78.19659031660086
68,161,113,79.74838066042489
68,162,112,84.24852015416973
68,163,111,85.02603430407014
68,164,110,78.21981785265643
68,165,109,82.57877658259679
68,166,108,87.4751936313609
68,167,107,83.46008522767521
68,168,106,89.74602970204285
68,169,105,86.18843654827025
68,170,104,84.19280700379917
68,171,103,86.26642732864546
68,172,102,80.57004541623202
68,173,101,81.98709981183154
68,174,100,79.0078578411433
68,175,99,79.67555643580425
68,176,98,73.46688707717493
68,177,97,73.71317329037109
68,178,96,72.52297326521287
68,179,95,76.04902117503875
68,180,94,77.36973288579586
68,181,93,64.98717603091526
68,182,92,61.625773407454815
68,183,91,62.890868689773484
68,184,90,64.85554059309877
68,185,89,59.31911638014064
68,186,88,60.978866226888215
68,187,87,64.144702073773
68,188,86,65.97514878608754
68,189,85,65.69293346291978
68,190,84,63.920523439258034
68,191,83,64.72461613663786
68,192,82,62.31675482724923
68,193,81,59.56042532660972
68,194,80,60.21914828487695
68,195,79,59.07915415223927
68,196,78,64.26166615266244
68,197,77,60.45138123166401
68,198,76,61.310652463112554
68,199,75,61.14649577149213
68,200,74,66.10387767879789
68,201,73,64.72769631228766
68,202,72,66.90210164402774
68,203,71,60.49513790930121
68,204,70,58.46606797416051
68,205,69,59.36665070196072
68,206,68,58.316920867531195
68,207,67,61.06847071266206
68,208,66,61.33865877920401
68,209,65,58.716558059373064
68,210,64,61.011544926875345
68,211,63,59.848106516066224
68,212,62,59.92053935542999
68,213,61,56.578308443765934
68,214,60,53.830498662257156
68,215,59,57.09471314022989
68,216,58,54.45534402248455
68,217,57,56.040787948712385
68,218,56,54.27539209710484
69,40,233,124.94347371027332
69,41,232,124.03833612188446
69,42,231,124.04051777727486
69,43,230,124.10699100119004
69,44,229,123.83581989011188
69,45,228,122.21740154234824
69,46,227,119.94290521883927
69,47,226,123.00407667948735
69,48,225,120.65081035960802
69,49,224,120.96348969749842
69,50,223,123.29632962250597
69,51,222,122.13404902992261
69,52,221,121.61888276969655
69,53,220,121.18486628906831
69,54,219,122.12720783244183
69,55,218,122.56675238095244
69,56,217,122.80523632774708
69,57,216,123.05502868010876
69,58,215,123.20288033186458
69,59,214,123.72194708475098
69,60,213,124.00423548252623
69,61,212,123.63343719639238
69,62,211,123.77823105462267
69,63,210,123.45764948495426
69,64,209,125.0
69,65,208,125.0
69,66,207,125.0
69,67,206,125.0
69,68,205,124.70663339340648
69,69,204,124.79042343600875
69,70,203,122.07880973905262
69,71,202,122.17856494739787
69,72,201,122.5194823963944
69,73,200,122.86766217075858
69,74,199,123.79932892445782
69,75,198,124.0885544052557
69,76,197,123.31966748915492
69,77,196,123.23466890696494
69,78,195,123.59092295081604
69,79,194,123.57679401640524
69,80,193,124.43429317879219
69,81,192,125.0
69,82,191,124.2553667659002
69,83,190,124.22305601167426
69,84,189,123.80589594010125
69,85,188,123.19974521149658
69,86,187,121.8303373538736
69,87,186,119.9560767750813
69,88,185,119.54148681139745
69,89,184,120.46690069225392
69,90,183,120.11876015983901
69,91,182,119.56014853858639
69,92,181,119.54203210324154
69,93,180,119.757826906064
69,94,179,119.8390391218196
69,95,178,121.46564646115398
69,96,177,120.13533169131841
69,97,176,119.8615200682616
69,98,175,119.14568951783389
69,99,174,120.46596017461891
69,100,173,119.86694930248852
69,101,172,118.61874569566832
69,102,171,115.99175912700201
69,103,170,113.73263500192164
69,104,169,116.7202015928384
69,105,168,114.88289769511752
69,106,167,113.13857615576627
69,107,166,112.6738482569252
69,108,165,113.80195734053723
69,109,164,112.93703656973406
69,110,163,115.34390327787372
69,111,162,119.13987580342945
69,112,161,121.77014440656355
69,113,160,120.0070548400503
69,114,159,119.54850908365361
69,115,158,120.44188299862572
69,116,157,121.02626320723736
69,117,156,120.89882055892936
69,118,155,121.3024262213032
69,119,154,120.29810984057252
69,120,153,120.35067312458598
69,121,152,120.92634378399993
69,122,151,121.91206212015904
69,123,150,122.91337601650073
69,124,149,118.64433843675982
69,125,148,116.68316812757993
69,126,147,112.74477225071655
69,127,146,112.07407116153202
69,128,145,113.41279575065127
69,129,144,114.83789447865581
69,130,143,114.5224106146003
69,131,142,116.68634531306759
69,132,141,116.04669289296777
69,133,140,115.49593521969467
69,134,139,112.70783458857262
69,135,138,112.94719231124976
69,136,137,113.39982278359221
69,137,136,113.95301257676648
69,138,135,111.92096807871138
69,139,134,115.3863321050115
69,140,133,116.13388624802768
69,141,132,114.03281260841982
69,142,131,114.61415566044587
69,143,130,111.42639814983303
69,144,129,115.54652273451151
69,145,128,117.97075904481204
69,146,127,118.79879985385858
69,147,126,116.98373078368991
69,148,125,117.16039270461907
69,149,124,116.21769839625917
69,150,123,117.10039711199218
69,151,122,118.88126807099206
69,152,121,120.20538537490853
69,153,120,121.78828653309327
69,154,119,121.88515714069655
69,155,118,121.44311909527465
69,156,117,119.1745409732181
69,157,116,118.59384795491735
69,158,115,120.10697573501677
70,40,241,116.6989577591306
70,41,240,119.16811001624731
70,42,239,122.30918784220725
70,43,238,121.24306459479828
70,44,237,118.83502557118868
70,45,236,120.4891872923244
70,46,235,120.5274123017407
70,47,234,121.53940991348767
70,48,233,120.27474653266015
70,49,232,118.97406129589906
70,50,231,120.14297983124135
70,51,230,120.52660298099981
70,52,229,122.2636069041508
70,53,228,123.0785221327028
70,54,227,120.76186285340657
70,55,226,123.36259042544168
70,56,225,122.6496470661649
70,57,224,121.8435262719199
70,58,223,123.05377455399028
70,59,222,122.56155993453817
70,60,221,122.8714792497995
70,61,220,123.50018313066896
70,62,219,124.37997340671569
70,63,218,125.0
70,64,217,125.0
70,65,216,125.0
70,66,215,122.70820477091866
70,67,214,121.24997920585909
70,68,213,120.58599376765511
70,69,212,119.86470223700796
70,70,211,116.87366706782674
70,71,210,119.2538002962072
70,72,209,118.50748620265011
70,73,208,118.4199406855095
70,74,207,116.0751283543969
70,75,206,117.406599814233
70,76,205,118.78798964926719
70,77,204,117.12285987316758
70,78,203,116.950379877422
70,79,202,120.05353271150054
70,80,201,120.29280919609627
70,81,200,121.59664577709373
70,82,199,120.24398282161346
70,83,198,122.10278949884517
70,84,197,121.21084308588038
70,85,196,119.03871975951034
70,86,195,118.32273674229532
70,87,194,115.74722556825208
70,88,193,116.49587649325599
70,89,192,116.31697097486807
70,90,191,118.45950167256336
70,91,190,116.29469100454386
70,92,189,115.99027293713073
70,93,188,115.6676323311969
70,94,187,118.61198250949454
70,95,186,118.46207388811291
70,96,185,116.41734297638482
70,97,184,115.48376659654555
70,98,183,114.66398637719439
70,99,182,115.58181262180702
70,100,181,114.35132219349515
70,101,180,117.53168375774857
70,102,179,117.04600061346397
70,103,178,118.10509569468718
70,104,177,119.37439178914809
70,105,176,119.78058929407055
70,106,175,120.97340109873814
70,107,174,118.27668811393936
70,108,173,115.12626914422344
70,109,172,115.12477084998258
70,110,171,111.28990884230345
70,111,170,108.96442354878945
70,112,169,112.22095252800978
70,113,168,111.50012807571392
70,114,167,112.32258442099729
70,115,166,113.77474901073776
70,116,165,115.15701224715764
70,117,164,114.85368272335714
70,118,163,117.94970123316313
70,119,162,117.90627652260613
70,120,161,119.43618464923345
70,121,160,121.15445197232903
70,122,159,122.65074785290923
70,123,158,123.52499754628388
70,124,157,122.16856496895167
70,125,156,120.10269973984738
70,126,155,118.87380691839516
70,127,154,117.78555310464779
70,128,153,117.16046848804865
70,129,152,118.26707944914764
70,130,151,121.57571455056481
70,131,150,121.01848452722766
70,132,149,122.22328640784605
70,133,148,121.8872168154154
70,134,147,119.37215860076563
70,135,146,119.53542051532396
70,136,145,119.71941251724272
70,137,144,118.24460818126946
70,138,143,116.08484930470303
70,139,142,116.87342449706154
70,140,141,118.77181838168295
70,141,140,119.63563382496139
70,142,139,118.84267432179345
70,143,138,120.51540386495269
70,144,137,121.52623922975428
70,145,136,117.92975406699861
70,146,135,116.52890964779138
70,147,134,109.62776488806104
70,148,133,96.63870563982789
70,149,132,96.687245525467
70,150,131,92.56678962127441
70,151,130,79.15210387874806
70,152,129,83.59980730854319
70,153,128,85.46447634571518
70,154,127,86.95921622023525
70,155,126,86.83523069747945
70,156,125,89.26029969281626
70,157,124,91.79485033802897
70,158,123,89.52853442095798
70,159,122,87.04954799775489
70,160,121,86.07225403347886
70,161,120,89.92738667500822
70,162,119,82.52961663893896
70,163,118,86.27245846328654
70,164,117,81.17874197605553
70,165,116,74.66849865636294
70,166,115,73.47041191433667
70,167,114,73.09320603512475
70,168,113,69.74785307288236
70,169,112,76.33174824575875
70,170,111,79.05848431469282
70,171,110,85.46745167817338
70,172,109,96.35223038245815
70,173,108,93.63102837557106
70,174,107,95.36867234704897
70,175,106,92.65217100881634
70,176,105,90.43477224481391
70,177,104,92.8140255858843
70,178,103,96.86367141404833
70,179,102,103.40622439208732
70,180,101,104.60451120258213
70,181,100,100.63060461560795
70,182,99,100.13900413762303
70,183,98,112.64163509951572
70,184,97,113.30040188043773
70,185,96,111.30160960799282
70,186,95,114.36525052279438
70,187,94,115.7062535246535
70,188,93,116.12812468827705
70,189,92,109.71498090155396
70,190,91,101.34922137640196
70,191,90,102.79065624531381
70,192,89,101.40096831067294
70,193,88,101.90348274093586
70,194,87,103.58056108264346
70,195,86,104.82208090951193
70,196,85,102.20497250553238
70,197,84,103.12751056742731
70,198,83,98.28503164862556
70,199,82,97.64842490642545
70,200,81,93.03038440657086
70,201,80,83.92872837610523
70,202,79,82.66382883238276
70,203,78,82.97520208117263
70,204,77,77.07725083171931
70,205,76,77.976941394209
70,206,75,72.94552170623408
70,207,74,77.31499294130495
70,208,73,75.21665911832608
70,209,72,73.9263198182606
70,210,71,68.95965016553265
70,211,70,66.04528897779132
70,212,69,67.53984833783957
70,213,68,59.91160796899109
70,214,67,56.287656684620266
70,215,66,50.52752618470056
70,216,65,45.7280449350293
70,217,64,45.656362222827724
70,218,63,48.17645681771515
70,219,62,49.82589020922664
70,220,61,58.59870835312012
70,221,60,56.8397981680015
70,222,59,62.078494268335135
70,223,58,63.43123009144985
70,224,57,61.781641966063006
70,225,56,54.64017267972639
70,226,55,52.36174076906742
70,227,54,50.89148223796332
70,228,53,47.15039476602003
70,229,52,42.293480882071705
70,230,51,37.90785253230062
70,231,50,40.71118383024729
70,232,49,40.42241309825131
70,233,48,42.65562900994874
70,234,47,43.94980348432614
70,235,46,44.70693743753206
70,236,45,43.190527433680515
70,237,44,47.27675646374861
70,238,43,47.87261815371919
70,239,42,46.51054929671778
70,240,41,46.6166578828385
70,241,40,47.13157673905208
70,242,39,44.18635519634217
70,243,38,45.212462809198215
70,244,37,41.947451532086234
70,245,36,42.585075648983945
70,246,35,44.41548718504696
70,247,34,47.90194181001435
70,248,33,44.643217600836294
70,249,32,44.193751732678734
70,250,31,39.010010930022574
70,251,30,35.57057700439087
70,252,29,35.76318973545462
70,253,28,33.292992796047294
70,254,27,33.777924005766835
70,255,26,31.85753690656188
70,256,25,29.131511182301594
70,257,24,27.693612270364014
70,258,23,29.81375462725807
70,259,22,26.97425876919565
70,260,21,27.97460624125614
70,261,20,26.000969680916544
70,262,19,23.98332577016503
70,263,18,23.70260041664514
70,264,17,20.023056163403282
71,40,173,120.3135525878377
71,41,172,117.62153078966227
71,42,171,116.0243929014953
71,43,170,116.2347792889065
71,44,169,119.964190814092
71,45,168,120.80177672792787
71,46,167,119.70523579700847
71,47,166,119.75340461180218
71,48,165,120.04103833871204
71,49,164,121.2316489916914
71,50,163,120.93725955202723
71,51,162,118.9838575347164
71,52,161,119.15518426075427
71,53,160,119.87478541383315
71,54,159,122.89189462714666
71,55,158,122.68972044979785
71,56,157,119.73943594090656
71,57,156,117.72614825301025
71,58,155,119.56494060745965
71,59,154,122.11198790045466
71,60,153,123.82542750185755
71,61,152,125.0
71,62,151,125.0
71,63,150,122.32185395604262
71,64,149,121.3160429694019
71,65,148,122.01553080114677
72,40,207,121.86230891349237
72,41,206,120.73428642698008
72,42,205,121.5915172281729
72,43,204,120.47760605301048
72,44,203,122.71064710949926
72,45,202,121.0119772925579
72,46,201,122.28768542309109
72,47,200,118.84652054878654
72,48,199,116.46705588598138
72,49,198,117.62278048273623
72,50,197,114.3275779465362
72,51,196,112.16952848007034
72,52,195,113.99886357416064
72,53,194,115.52055907812127
72,54,193,116.80349575503156
72,55,192,119.08060668216007
72,56,191,120.96915816906963
72,57,190,121.20917153037877
72,58,189,121.47589000905674
72,59,188,120.6513062977467
72,60,187,120.95896949170545
72,61,186,118.18819904977366
72,62,185,117.29954439357131
72,63,184,115.39002651145637
72,64,183,113.09933503664422
72,65,182,112.37361908434264
72,66,181,109.23329993960957
72,67,180,101.56138806479532
72,68,179,104.312407389816
72,69,178,102.87617490688999
72,70,177,106.3268936554721
72,71,176,104.1216525622799
72,72,175,101.14815647330127
72,73,174,103.8848241950645
72,74,173,100.50290842663367
72,75,172,98.85554108599466
72,76,171,91.22413292388467
72,77,170,97.60029984852635
72,78,169,99.86226180295658
72,79,168,102.77697313864199
72,80,167,100.05257623587983
72,81,166,100.28269970700276
72,82,165,101.12924340349093
72,83,164,98.44707187042451
72,84,163,101.36545691577899
72,85,162,97.17520996374854
72,86,161,88.55546175051117
72,87,160,87.75289698512569
72,88,159,86.52897004400015
72,89,158,88.74376054836213
72,90,157,90.65418532400723
72,91,156,90.4664360848204
72,92,155,90.735015935458
72,93,154,94.66397996763808
72,94,153,97.82661188699723
72,95,152,97.79696899380288
72,96,151,105.29786424651289
72,97,150,107.2116009298118
72,98,149,106.63519458422569
72,99,148,106.96087312097183
72,100,147,107.05886407300355
72,101,146,105.65850277987715
72,102,145,105.88633492563667
72,103,144,100.53116859681981
72,104,143,100.57089600592587
72,105,142,99.328502777652
72,106,141,102.54148229363031
72,107,140,97.46935426694438
72,108,139,98.71113788363866
72,109,138,102.59060189164393
72,110,137,101.90062679668506
72,111,136,99.42134659817131
72,112,135,102.55423494634086
72,113,134,97.82798828104626
72,114,133,102.60511424467049
72,115,132,99.07565644654181
72,116,131,99.94051180910122
72,117,130,105.48034499235104
72,118,129,104.54890363814744
72,119,128,105.37348981743503
72,120,127,106.42947075787472
72,121,126,107.99505512673619
72,122,125,103.67477885104694
72,123,124,102.21779785430343
72,124,123,103.155528141702
72,125,122,97.59084272168656
72,126,121,92.43303045889391
72,127,120,92.62529182334532
72,128,119,90.96185462092906
72,129,118,88.84404541121634
72,130,117,94.33511911137622
72,131,116,92.73093573718376
72,132,115,90.64396749051778
72,133,114,92.38539066527025
72,134,113,93.8029973176671
72,135,112,90.99951452055478
72,136,111,93.02941585737915
72,137,110,94.62138814873242
72,138,109,91.7182684895746
72,139,108,91.69205563790268
72,140,107,89.27080896042014
72,141,106,82.59169893729373
72,142,105,84.29800715000734
72,143,104,83.62361370289554
73,40,189,112.29174240806003
73,41,188,113.89227379495019
73,42,187,112.25758405155558
73,43,186,114.21292943928293
73,44,185,116.21973924791222
73,45,184,117.91343724210401
73,46,183,118.92042291661446
73,47,182,119.78593194345763
73,48,181,120.33499306833316
73,49,180,118.46198211895074
73,50,179,118.64266144315837
73,51,178,118.75584833577662
73,52,177,119.13975167967646
73,53,176,118.55983783068541
73,54,175,117.36687780176402
73,55,174,117.29669342462796
73,56,173,115.56428475461658
73,57,172,111.96146046467635
73,58,171,111.3162400729792
73,59,170,112.8777882224638
73,60,169,115.9760596863444
73,61,168,115.8726128530981
73,62,167,116.17661554715896
73,63,166,117.07275053931627
73,64,165,118.44672624192083
73,65,164,117.04731383476991
73,66,163,118.5498216347811
73,67,162,118.42400715949897
73,68,161,118.77617293490377
73,69,160,113.87382512954768
73,70,159,109.14154124400369
73,71,158,110.70306322708288
73,72,157,109.83860166876286
73,73,156,106.13733100525536
73,74,155,110.11372905043916
73,75,154,110.66778677893475
73,76,153,111.27137833932028
73,77,152,112.52515447083437
73,78,151,112.62254266778905
73,79,150,110.31888533906826
73,80,149,104.83893412049432
73,81,148,105.17907532343062
73,82,147,97.1129627244058
73,83,146,100.36110918988307
73,84,145,95.86210834584898
73,85,144,93.78332395934751
73,86,143,95.22413210690983
73,87,142,91.54509938703842
73,88,141,99.20064306559846
73,89,140,95.08369348481011
73,90,139,98.88081828365371
73,91,138,96.29198751246294
73,92,137,96.80201632779057
73,93,136,95.99554992523568
73,94,135,91.98505134840485
73,95,134,97.06639760599938
73,96,133,101.67229569331337
73,97,132,100.6148590252221
73,98,131,105.71601834461487
73,99,130,110.10561027103105
73,100,129,113.78645771747722
73,101,128,108.40057002646188
73,102,127,109.19693689697456
73,103,126,105.77883129665
73,104,125,106.286161435798
73,105,124,100.97196274985342
73,106,123,103.30086795640335
73,107,122,106.42001465330317
73,108,121,109.64323944809468
73,109,120,111.37617584292579
73,110,119,112.96162907100188
73,111,118,116.71944818912253
73,112,117,118.26963347329797
73,113,116,114.96240786912317
73,114,115,114.83347440219532
73,115,114,113.73161651567673
73,116,113,114.54293545290892
73,117,112,113.9701548998917
73,118,111,114.52035807086847
73,119,110,114.21654980755879
73,120,109,112.67015691076892
73,121,108,112.74282396470741
73,122,107,110.85920925762176
73,123,106,107.7520803551609
73,124,105,104.71830169322044
73,125,104,98.32394078256723
73,126,103,98.03033127972697
73,127,102,97.62133942374862
73,128,101,103.08700877015902
73,129,100,100.68650995852892
73,130,99,101.85814298061375
73,131,98,100.84214203509836
73,132,97,98.17684236685065
73,133,96,104.44696130036546
73,134,95,92.94068667692932
73,135,94,91.70953258531833
73,136,93,87.45165273538007
73,137,92,77.50912079787668
73,138,91,79.70950623661392
73,139,90,90.6292865237819
73,140,89,78.171362690373
73,141,88,71.42074000974944
73,142,87,67.11648412231858
73,143,86,59.8938957794455
73,144,85,56.507952599695344
73,145,84,59.101608294234126
73,146,83,57.23215240382953
73,147,82,58.89809316602418
73,148,81,61.36393334755965
73,149,80,63.36487984922033
73,150,79,65.18266329816834
73,151,78,66.06414611301915
74,40,149,123.05931188110499
74,41,148,117.20256422170556
74,42,147,117.3104199697392
74,43,146,119.863981866788
74,44,145,118.74997369170012
74,45,144,119.49270290160062
74,46,143,119.83872518484938
74,47,142,122.12704496253559
74,48,141,120.10860202811106
74,49,140,119.21035869064323
74,50,139,122.52572206013241
74,51,138,122.8388852182895
74,52,137,123.44217197891135
74,53,136,123.20611739027325
74,54,135,121.5274321936539
74,55,134,121.1915340982133
74,56,133,122.87952404690235
74,57,132,121.91584787883856
74,58,131,122.22947029037672
74,59,130,121.5126112795399
74,60,129,120.19742430989044
74,61,128,119.00508308136457
74,62,127,117.71859888532663
74,63,126,118.85151404327578
74,64,125,117.7830771229149
74,65,124,121.02764288228147
74,66,123,119.44967589535737
74,67,122,118.26096160816451
74,68,121,115.97272633783385
74,69,120,117.64742687328163
74,70,119,118.42307089990382
74,71,118,118.53214959077599
74,72,117,121.0582375340345
74,73,116,120.35933260380386
74,74,115,121.58709229733674
74,75,114,119.80036224493564
74,76,113,116.04680026378762
74,77,112,117.62280548552926
74,78,111,111.89875897812227
74,79,110,115.48787299672651
74,80,109,117.84240050395474
74,81,108,118.21580751115647
74,82,107,114.39357433150866
74,83,106,114.9226428974593
74,84,105,108.38870683292774
74,85,104,105.16262477922479
74,86,103,108.16644899938188
74,87,102,107.52910614421401
74,88,101,110.2929276115621
74,89,100,111.93493144466993
74,90,99,115.30850487918048
74,91,98,114.33695455361052
74,92,97,115.66494893126315
74,93,96,114.0105698166638
74,94,95,116.58901471537263
74,95,94,118.78427830171694
74,96,93,121.11707062032664
74,97,92,117.55512163441648
74,98,91,116.820472740187
74,99,90,115.18850992588972
74,100,89,113.10552101422067
74,101,88,114.64561123995918
74,102,87,107.39412970784494
74,103,86,103.77058591016363
75,40,250,124.98513511765887
75,41,249,123.3937424587906
75,42,248,123.75503081772239
75,43,247,123.00970283516662
75,44,246,123.07364252935093
75,45,245,120.17920969947555
75,46,244,122.87246677510069
75,47,243,123.49218083695669
75,48,242,122.97319434371104
75,49,241,123.65216226979187
75,50,240,121.53984753539781
75,51,239,120.7063543757618
75,52,238,121.03348130312665
75,53,237,121.37170143838318
75,54,236,120.722510597102
75,55,235,122.0835441136376
75,56,234,120.40969800902214
75,57,233,121.1306803557667
75,58,232,120.38138653160983
75,59,231,120.75955779797468
75,60,230,121.6416276093044
75,61,229,121.63222180864707
75,62,228,121.2562402711198
75,63,227,120.99553708779013
75,64,226,121.7965953427753
75,65,225,122.73882099490918
75,66,224,118.94670420076258
75,67,223,118.28062712084146
75,68,222,119.09336308320698
75,69,221,119.50547088307084
75,70,220,119.27040297374018
75,71,219,121.10728057673755
75,72,218,122.482644252265
75,73,217,119.73972027826676
75,74,216,119.54325933463407
75,75,215,119.84147125764615
75,76,214,119.730625053448
75,77,213,120.1450832279996
75,78,212,118.82146176134573
75,79,211,121.81300234654975
75,80,210,122.41151862404469
75,81,209,121.36163731798747
75,82,208,122.30565259618446
75,83,207,118.71595193926417
75,84,206,120.73212398699025
75,85,205,119.36386094690025
75,86,204,120.60013044045408
75,87,203,120.57836996207654
75,88,202,120.21278098126008
75,89,201,121.23102804294811
75,90,200,119.52005696263362
75,91,199,118.74627865657428
75,92,198,118.84881187193783
75,93,197,123.01742081100534
75,94,196,118.42381741904026
75,95,195,120.00988514344141
75,96,194,121.30663938881517
75,97,193,118.57382696065076
75,98,192,118.40436492082046
75,99,191,120.20364420375523
75,100,190,118.37757382910635
75,101,189,120.5956342121006
75,102,188,124.45043188625735
75,103,187,123.93426485555857
75,104,186,121.44823005263791
75,105,185,118.2245968933903
75,106,184,118.83478543582953
75,107,183,120.63046471348008
75,108,182,122.77424793514591
75,109,181,124.00968028978669
75,110,180,124.69180561511122
75,111,179,122.49224465243564
75,112,178,121.01400702461439
75,113,177,117.7289526600621
75,114,176,120.8358012342689
75,115,175,120.72624710460681
75,116,174,123.19003189625316
75,117,173,124.10616400994772
75,118,172,123.98863503888374
75,119,171,123.8917481957985
75,120,170,122.77782881083169
75,121,169,125.0
75,122,168,125.0
75,123,167,122.92299436313094
75,124,166,122.6242797074469
75,125,165,121.50216751740325
75,126,164,121.91366365383999
75,127,163,123.00199752830368
75,128,162,118.98132289958791
75,129,161,122.94103196108725
75,130,160,122.29395456472622
75,131,159,121.6621218655158
75,132,158,119.50931472486226
75,133,157,118.91698193939573
75,134,156,117.9639097247904
75,135,155,118.04587981660767
75,136,154,118.24721173438803
75,137,153,118.45273405122884
75,138,152,117.71551141585999
75,139,151,116.13209508016286
75,140,150,114.29795368380547
75,141,149,112.70606249146832
75,142,148,110.7735318191228
75,143,147,110.38633074496884
75,144,146,114.02912264276546
75,145,145,112.58586333351994
75,146,144,113.60595686624303
75,147,143,113.45666498542067
75,148,142,112.84749704769645
75,149,141,116.17980769627012
75,150,140,118.10783864078769
75,151,139,113.91838526723922
75,152,138,114.53428988657234
75,153,137,111.73196365297872
75,154,136,111.9320066761826
75,155,135,111.76277158857792
75,156,134,109.71826029033534
75,157,133,112.55624835038078
75,158,132,113.05855077266766
75,159,131,109.50280874259872
75,160,130,112.90875513104655
75,161,129,110.20776165000902
75,162,128,113.35776047910298
75,163,127,114.07196973923867
75,164,126,112.26239052756128
75,165,125,110.10410091380245
75,166,124,111.32925664547788
75,167,123,109.88676886924935
75,168,122,107.68927616661918
75,169,121,108.46990384821483
75,170,120,109.78447768942985
75,171,119,106.22439227220862
75,172,118,106.5045982003495
75,173,117,106.09534405477288
75,174,116,105.44485194725043
75,175,115,108.70680324743111
75,176,114,105.56753415582185
75,177,113,108.76393385111365
75,178,112,109.09400106238309
75,179,111,111.2151136269919
75,180,110,113.2423659933301
75,181,109,111.6886262916901
75,182,108,108.42074991153589
75,183,107,105.11228538346697
75,184,106,109.11029996384012
75,185,105,107.22680284122416
75,186,104,100.45013348927131
75,187,103,93.55761135429803
75,188,102,92.96419308967062
75,189,101,89.74835802042693
75,190,100,85.99331332569055
75,191,99,84.552856338916
75,192,98,87.22668113754494
76,40,218,124.52187176858537
76,41,217,123.50701511447839
76,42,216,124.86532689182394
76,43,215,125.0
76,44,214,125.0
76,45,213,123.23196744097558
76,46,212,124.06091692705695
76,47,211,122.86261502123605
76,48,210,122.79569160705978
76,49,209,122.22719659724086
76,50,208,121.28614857353129
76,51,207,121.92275015380437
76,52,206,121.55208258472686
76,53,205,120.86166936815678
76,54,204,120.753932113383
76,55,203,121.46806001987994
76,56,202,123.3693511294291
76,57,201,122.05481662685668
76,58,200,122.20014786535194
76,59,199,121.80709997482032
76,60,198,122.50673802489942
76,61,197,121.00142761176608
76,62,196,121.15913905264938
76,63,195,118.68249352771772
76,64,194,118.82524504495359
76,65,193,117.50180145882027
76,66,192,117.33313412960365
76,67,191,117.07870604653286
76,68,190,118.58342516158964
76,69,189,116.38053508013257
76,70,188,116.77876074921534
76,71,187,116.215938874373
76,72,186,115.89713717743597
76,73,185,117.97502186932397
76,74,184,115.25979440406363
76,75,183,117.12850467462695
76,76,182,116.09121259703556
76,77,181,116.0177207839243
76,78,180,114.5477093109754
76,79,179,114.94254050699907
76,80,178,118.54888011267178
76,81,177,117.71940509596986
76,82,176,118.68342190556686
76,83,175,120.6432004275006
76,84,174,117.8581131011631
76,85,173,117.68414110952216
76,86,172,117.9510024847497
76,87,171,117.54241353467738
76,88,170,118.7897724447744
76,89,169,118.56337772947083
76,90,168,117.7064086428704
76,91,167,116.11381749848496
76,92,166,114.15166934496287
76,93,165,114.61816234183826
76,94,164,109.75609652763984
76,95,163,111.3668369306619
76,96,162,116.05923928362321
76,97,161,114.31321289611034
76,98,160,113.82076933350864
76,99,159,116.80402678523095
76,100,158,117.5355293632618
76,101,157,118.08849261022681
76,102,156,116.92678181463359
76,103,155,115.67538851276254
76,104,154,115.51647805519717
76,105,153,114.37415965039699
76,106,152,116.95556608070962
76,107,151,114.74537686048184
76,108,150,118.78049833515212
76,109,149,116.05240435873463
76,110,148,114.94519247243569
76,111,147,116.20653643574414
76,112,146,118.03943618026653
76,113,145,120.09371331134582
76,114,144,119.17845764654975
76,115,143,120.6726743483231
76,116,142,120.60223048464022
76,117,141,120.68820353746483
76,118,140,121.60282079956232
76,119,139,123.41248962347775
76,120,138,123.8920704200399
76,121,137,123.1821668922789
76,122,136,122.16195229142332
76,123,135,120.60253194133966
76,124,134,119.3029877780255
76,125,133,120.35592201562922
76,126,132,117.4379607654489
76,127,131,119.6639839573327
76,128,130,119.1022202170895
76,129,129,118.89849450953912
76,130,128,116.22714959747697
76,131,127,115.26556354553281
76,132,126,115.13288524063219
76,133,125,113.92556900126903
76,134,124,112.48671237189814
76,135,123,108.99950260339484
76,136,122,108.9580519111434
76,137,121,106.56636663985667
76,138,120,106.50045515887788
76,139,119,110.62315492153606
76,140,118,113.69156005191259
76,141,117,115.12030061713762
76,142,116,111.43161496786338
76,143,115,112.31067937318021
76,144,114,111.38731985246764
76,145,113,112.62295352297522
76,146,112,114.27524832243867
76,147,111,110.72063525442694
76,148,110,108.9206802976254
76,149,109,101.20314882881951
76,150,108,104.30559668421617
76,151,107,106.09235811750688
76,152,106,105.25665274053637
76,153,105,103.3703705714554
76,154,104,104.07517007520471
76,155,103,102.58121943695977
76,156,102,103.47321456061047
76,157,101,103.82873203370433
76,158,100,100.03643304528008
76,159,99,99.12008906996992
76,160,98,99.2684997360522
76,161,97,97.8713366776068
76,162,96,92.18100787955683
76,163,95,89.43812710031858
76,164,94,88.60367882305978
76,165,93,87.16356650761918
76,166,92,82.69984522003378
76,167,91,77.65719461808739
76,168,90,78.97023878174534
76,169,89,76.95220816983202
76,170,88,76.69185689639619
76,171,87,78.30272213665972
76,172,86,80.40661042095445
76,173,85,79.00329865433226
76,174,84,78.52319027686181
76,175,83,70.9920351468142
76,176,82,69.33174256456326
76,177,81,65.94154753222857
76,178,80,70.00674309856777
76,179,79,71.63865259228955
76,180,78,72.99805366032317
76,181,77,76.7887620463797
76,182,76,72.2809687809628
76,183,75,77.91949141324042
76,184,74,69.13889693429763
76,185,73,70.77619384131869
76,186,72,69.96571663321136
76,187,71,71.25128857646122
76,188,70,72.88865994683161
76,189,69,72.49216847309818
76,190,68,67.52155694634018
76,191,67,67.09052100768662
76,192,66,64.22212120519276
76,193,65,63.34614262799347
76,194,64,62.11730776709926
76,195,63,65.239964187532
76,196,62,65.47914883431504
76,197,61,63.33951754116685
76,198,60,61.599563864868884
76,199,59,64.75108855587811
76,200,58,60.583274003070095
76,201,57,60.91557507133393
76,202,56,56.582721382007435
76,203,55,58.072569335413874
76,204,54,57.54234494130873
76,205,53,51.05896956038153
76,206,52,50.48990506570382
76,207,51,50.43026303773695
76,208,50,47.57061364600024
76,209,49,46.993877405897436
76,210,48,47.75416148184552
76,211,47,48.57018344929866
76,212,46,45.83327232975329
76,213,45,49.11808526322258
76,214,44,45.29017291512864
76,215,43,43.303906724234764
76,216,42,40.85166623274337
76,217,41,40.05595931113719
76,218,40,36.46521698429591
76,219,39,42.95882897101973
76,220,38,43.384369867484196
76,221,37,42.184247429950574
76,222,36,37.66271451933733
77,40,121,124.12053803515202
77,41,120,122.8728801527822
77,42,119,124.80075321893113
77,43,118,121.87189247689768
77,44,117,122.90289402620988
77,45,116,122.7062345205012
77,46,115,122.46685600146645
77,47,114,120.43464539281604
77,48,113,120.93858650781237
77,49,112,118.17439145524685
77,50,111,118.62064991647556
77,51,110,118.2723081870574
77,52,109,118.94984362376175
77,53,108,117.64902304703378
77,54,107,120.53094539080057
77,55,106,115.65717035435368
77,56,105,115.53050247766635
77,57,104,117.31544516531008
77,58,103,116.15207449313621
77,59,102,114.2208112679618
77,60,101,113.75829949048949
77,61,100,111.7112171088218
77,62,99,106.25037770490403
77,63,98,104.07316415293323
77,64,97,102.17038717846773
77,65,96,103.9283503026729
77,66,95,99.05389573361515
77,67,94,94.30589264845042
78,40,140,125.0
78,41,139,124.8174745352272
78,42,138,125.0
78,43,137,125.0
78,44,136,125.0
78,45,135,124.80400996908556
78,46,134,123.60937118314789
78,47,133,122.75846887247522
78,48,132,122.62432216277146
78,49,131,122.69751513703321
78,50,130,121.09453354828702
78,51,129,120.45255144719006
78,52,128,120.94919021401986
78,53,127,120.93379744538518
78,54,126,121.80917374075314
78,55,125,122.74030898596976
78,56,124,124.24721756059719
78,57,123,121.82610180457505
78,58,122,120.99531936577533
78,59,121,121.56071114822467
78,60,120,120.60221491419716
78,61,119,120.36074370468137
78,62,118,121.15087201492575
78,63,117,119.04179754490204
78,64,116,121.2073479103129
78,65,115,120.32167078548642
78,66,114,119.42861973752443
78,67,113,120.64898312701999
78,68,112,120.34660610355454
78,69,111,119.5496274248919
78,70,110,115.91204306761412
78,71,109,115.63628542027925
78,72,108,117.39175150440815
78,73,107,119.83069275220592
78,74,106,118.23529112035786
78,75,105,118.45603812199136
78,76,104,118.24799501600529
78,77,103,119.33613844458239
78,78,102,115.41372160660492
78,79,101,112.92535362310767
78,80,100,115.46191754817355
78,81,99,115.07360193728994
78,82,98,111.86274983806439
78,83,97,115.05036237293059
78,84,96,116.38618253953878
78,85,95,117.26753510786682
78,86,94,114.83179833637126
78,87,93,112.02362626962315
78,88,92,107.81485291574248
78,89,91,106.08139020052289
78,90,90,104.08444866105955
78,91,89,101.54130270115459
78,92,88,100.39032722816404
78,93,87,98.16040783504587
78,94,86,103.77214056276532
78,95,85,97.62229273866241
78,96,84,95.61549004802399
78,97,83,93.99439475667872
78,98,82,97.06736356444948
78,99,81,90.95844847362736
78,100,80,88.86460823870607
78,101,79,83.46969228565402
78,102,78,82.75524297790128
78,103,77,74.1740017213341
78,104,76,73.91153196627543
78,105,75,70.69908955760206
78,106,74,71.92118795824433
78,107,73,70.07926462190588
78,108,72,68.44118111361993
78,109,71,69.43543677237582
78,110,70,69.78495447763385
78,111,69,62.39714387116711
78,112,68,60.04733295976991
78,113,67,60.210220777561844
78,114,66,55.37019857878768
78,115,65,52.4827501528695
78,116,64,52.644330560217114
78,117,63,51.186212795525606
78,118,62,53.92755277689381
78,119,61,53.287523555056
78,120,60,54.09106869842976
78,121,59,56.401451981842676
78,122,58,53.47265331396807
78,123,57,58.07890250907817
78,124,56,62.1421502036994
78,125,55,62.79091553602184
78,126,54,60.728087086083995
78,127,53,58.770899507492096
78,128,52,56.41553404799505
79,40,164,116.26902243135652
79,41,163,116.44513600036035
79,42,162,115.22623813514883
79,43,161,115.08261345596449
79,44,160,117.07277063631841
79,45,159,116.63720527888324
79,46,158,116.3047045144252
79,47,157,118.75770652081098
79,48,156,116.5879883718696
79,49,155,116.32705423135289
79,50,154,115.55370504584361
79,51,153,116.95658888705928
79,52,152,117.01757707816053
79,53,151,118.64441318436823
79,54,150,119.4889093597458
79,55,149,119.04342790956488
79,56,148,122.46739620746207
79,57,147,122.33330433088173
79,58,146,123.09290814253401
79,59,145,123.36982710284016
79,60,144,123.62964926268823
79,61,143,122.45171670438182
79,62,142,121.37613829187244
79,63,141,119.88932779572613
79,64,140,119.60373687371175
79,65,139,119.18844124870239
79,66,138,118.98230524753899
79,67,137,119.72108497852298
79,68,136,118.040840950335
79,69,135,117.32353140015402
79,70,134,117.37213092709482
79,71,133,118.25763633537323
79,72,132,117.15055857772845
79,73,131,114.80454250840212
79,74,130,114.87139296856776
79,75,129,113.31984028849848
79,76,128,112.7397040230885
79,77,127,110.66843979656446
79,78,126,110.6633484185559
79,79,125,109.41928532370639
79,80,124,108.49626885528924
79,81,123,103.51218454052052
79,82,122,102.93328346050453
79,83,121,103.97566195561886
79,84,120,103.16673427744607
79,85,119,108.56648939406625
79,86,118,108.78992356748402
79,87,117,112.4746738580034
79,88,116,114.89515179490257
79,89,115,114.39637008073714
79,90,114,114.98853521952329
79,91,113,115.00623215545625
79,92,112,116.26783079095804
79,93,111,113.91224200739236
79,94,110,111.53651935456307
79,95,109,116.19709569792049
79,96,108,115.05786222853523
79,97,107,113.97865343408601
79,98,106,112.78549167271666
79,99,105,109.6784711615054
79,100,104,112.695840717002
79,101,103,115.93061829630668
79,102,102,111.60387967611379
79,103,101,103.74980442480285
79,104,100,102.84522156401906
79,105,99,96.99988526202387
79,106,98,95.32681720544727
79,107,97,91.42534137220892
79,108,96,93.92544337247062
79,109,95,89.73214261025123
79,110,94,91.96227315575874
79,111,93,97.94828232972549
79,112,92,100.25649804777973
79,113,91,93.53893229573461
80,40,253,121.98706223066864
80,41,252,120.7698012511687
80,42,251,122.47358238374764
80,43,250,123.226665904637
80,44,249,122.23687960480281
80,45,248,119.37627222674669
80,46,247,121.02107766356555
80,47,246,123.09674460371039
80,48,245,121.45697105631226
80,49,244,120.94920890222241
80,50,243,120.02040948003975
80,51,242,117.40120855642628
80,52,241,115.15573054162743
80,53,240,115.88434052181121
80,54,239,116.68714421165447
80,55,238,116.73966763074797
80,56,237,115.30384178925794
80,57,236,117.03115497936969
80,58,235,118.2395486519439
80,59,234,114.05371334722483
80,60,233,114.01846986391314
80,61,232,115.48770553175231
80,62,231,114.67017548041261
80,63,230,115.49629787329957
80,64,229,114.07568019588999
80,65,228,115.08620289602837
80,66,227,113.51709839029579
80,67,226,115.37767716401268
80,68,225,115.36337065365771
80,69,224,118.08299322264816
80,70,223,118.69122030359136
80,71,222,118.30990433821937
80,72,221,117.66533400390745
80,73,220,117.60251051285172
80,74,219,117.91457523569049
80,75,218,117.67100066778573
80,76,217,118.57391680456769
80,77,216,120.37776432147558
80,78,215,120.85304693530215
80,79,214,122.81858127936515
80,80,213,122.1440799963229
80,81,212,122.00767775647137
80,82,211,118.5276831431913
80,83,210,119.13222500790565
80,84,209,117.61050700935343
80,85,208,115.60911156668658
80,86,207,118.19675252971467
80,87,206,117.03121760088914
80,88,205,114.25128243970866
80,89,204,110.70118187858142
80,90,203,107.37426979828086
80,91,202,108.76454545757468
80,92,201,100.02151966488513
80,93,200,99.51001326766799
80,94,199,103.62531645792988
80,95,198,101.7772035989386
80,96,197,102.14960497480278
80,97,196,106.08129377515417
80,98,195,107.51649613983642
80,99,194,106.42131008229882
80,100,193,108.52465053990295
80,101,192,103.95301127957183
80,102,191,97.30292440475115
80,103,190,96.56290938865794
80,104,189,97.07498085630696
80,105,188,100.88314291542744
80,106,187,103.25214808977071
80,107,186,111.24241942815922
80,108,185,116.05751628424562
80,109,184,117.9680446261037
80,110,183,117.72826445096453
80,111,182,117.91930269425168
80,112,181,113.22814360333706
80,113,180,110.48537533392334
80,114,179,110.32567424125011
80,115,178,112.48607216642111
80,116,177,112.94336098260878
80,117,176,114.63487907672985
80,118,175,113.53484834898418
80,119,174,114.12490818658337
80,120,173,115.60154906586666
80,121,172,113.36785169496991
80,122,171,110.69013144231425
80,123,170,115.38793919876598
80,124,169,113.10896076545447
80,125,168,112.14626086525993
80,126,167,114.13596228956001
80,127,166,108.5540471440589
80,128,165,106.36565981011961
80,129,164,104.8544611260584
80,130,163,104.32770989466178
80,131,162,103.08655423788258
80,132,161,105.95890944577077
80,133,160,106.7094627843247
80,134,159,98.52512936006892
80,135,158,93.61369728267728
80,136,157,96.58972200834614
80,137,156,98.24594100955335
80,138,155,95.96105265528637
80,139,154,91.74431647866106
80,140,153,90.96945678007211
80,141,152,87.02854045928625
80,142,151,82.90279609698527
80,143,150,84.26269737713483
80,144,149,82.39995437995978
80,145,148,76.54852031914797
80,146,147,86.55071646398434
80,147,146,84.82191420942091
80,148,145,93.14297809980145
80,149,144,92.3852492245123
80,150,143,91.15138847411583
80,151,142,96.71399944477903
80,152,141,78.86521458900603
80,153,140,89.05468389602385
80,154,139,96.86191454606947
80,155,138,99.47302943215094
80,156,137,105.15086338046004
80,157,136,101.55293258385578
80,158,135,107.25115729454879
80,159,134,108.96908677067
80,160,133,114.70555433179388
80,161,132,114.24273974135235
80,162,131,115.46365346279208
80,163,130,117.191031197217
80,164,129,114.5111638135013
80,165,128,111.72152176638424
80,166,127,116.13812405780783
80,167,126,113.73119863528729
80,168,125,116.38051069924187
80,169,124,116.35256608655429
80,170,123,111.50841753433022
80,171,122,114.00737749792545
80,172,121,112.3069783393726
80,173,120,108.95441317259827
80,174,119,105.60151412477225
80,175,118,105.75266767404642
80,176,117,109.98181037380189
80,177,116,106.81879174103841
80,178,115,110.36366794130343
80,179,114,110.18568511444943
80,180,113,108.71552839720522
80,181,112,107.3103177675669
80,182,111,108.74656694322447
80,183,110,106.83332728846982
80,184,109,104.4598362452219
80,185,108,103.84871839766981
80,186,107,100.88359089343257
80,187,106,94.30345559969271
80,188,105,93.79048393755357
80,189,104,89.5490425787984
80,190,103,85.20849948951218
80,191,102,89.12957154390202
80,192,101,85.86592160442274
80,193,100,89.5930766389051
80,194,99,89.60787709498697
80,195,98,89.52932625379074
80,196,97,81.81574617571019
80,197,96,85.02479959143614
80,198,95,86.9280045863267
80,199,94,87.35253357857117
80,200,93,88.5586909698366
80,201,92,92.88127941747669
80,202,91,99.02560465371951
80,203,90,96.80671961569642
80,204,89,92.81454804368315
80,205,88,88.8444582829314
80,206,87,82.55082923979174
80,207,86,80.36367268130869
80,208,85,79.00415265240932
80,209,84,76.45815447279601
80,210,83,70.90487168689103
80,211,82,74.66000044470866
80,212,81,71.05489569822606
80,213,80,72.07123709869958
80,214,79,71.78792121427429
80,215,78,70.5112840697233
80,216,77,75.2634966382752
80,217,76,72.65614443888552
80,218,75,71.48522911287598
80,219,74,69.85913695615008
80,220,73,66.23003943404423
80,221,72,63.01328865317892
80,222,71,71.76213112655579
80,223,70,73.16574554996842
80,224,69,64.99812921308265
80,225,68,62.01958525855464
80,226,67,59.25670526910676
80,227,66,53.71135473132705
80,228,65,54.08886981011313
80,229,64,49.909861883452706
80,230,63,49.873163666310845
80,231,62,49.13857582740762
80,232,61,43.97454126234499
80,233,60,47.15057837310904
80,234,59,47.341019770632315
80,235,58,45.53690769139334
80,236,57,48.06985402931841
80,237,56,49.71187710501309
80,238,55,47.545120148609584
80,239,54,44.741523681442615
80,240,53,41.71266714211915
80,241,52,42.32369320956818
80,242,51,38.25705991164219
80,243,50,39.34624085840681
80,244,49,39.229622741865285
80,245,48,37.22820406930505
80,246,47,37.13676797348494
80,247,46,33.74562116028444
80,248,45,32.02870840923825
80,249,44,30.733828864007116
80,250,43,28.94401219153267
80,251,42,30.325991035711922
80,252,41,32.128151163801476
80,253,40,36.38038526760174
80,254,39,38.813205010056066
80,255,38,41.19226802044648
80,256,37,39.846185644382544
80,257,36,38.767681051233986
80,258,35,38.135455146072005
80,259,34,38.11032153503055
80,260,33,37.06536803143638
80,261,32,32.31088734080427
80,262,31,30.490377681994282
80,263,30,31.22573469667703
80,264,29,28.16577597767578
80,265,28,26.598932066369862
80,266,27,23.038072923908388
80,267,26,23.74132832213508
80,268,25,21.146052099514385
80,269,24,16.456625094922707
80,270,23,16.854244554579772
80,271,22,16.60938280300732
80,272,21,13.605886311878312
80,273,20,12.799903187344341
80,274,19,13.43455943220744
80,275,18,12.87776500903753
80,276,17,14.918201163118853
80,277,16,14.287004743488207
80,278,15,14.614179347067658
81,40,177,122.51422052563774
81,41,176,122.7358672769075
81,42,175,122.10499655967851
81,43,174,123.06037709178406
81,44,173,122.90229289664305
81,45,172,122.67360305340972
81,46,171,122.74219918642125
81,47,170,123.70173956886481
81,48,169,123.92358538473005
81,49,168,123.2757747673755
81,50,167,122.00237033936472
81,51,166,122.01369759777008
81,52,165,121.68128041527473
81,53,164,122.38646250728613
81,54,163,120.46675713143416
81,55,162,120.30475427594098
81,56,161,118.11091826485023
81,57,160,119.52369118429377
81,58,159,119.9580659548935
81,59,158,122.43561959957019
81,60,157,121.11503105370922
81,61,156,120.85550451233817
81,62,155,119.27265715888444
81,63,154,116.97650380395376
81,64,153,113.43838837133359
81,65,152,112.28880418121688
81,66,151,114.20877719067718
81,67,150,116.98529919084942
81,68,149,112.9471855063366
81,69,148,112.57525720847066
81,70,147,113.5002154576048
81,71,146,115.55575128045692
81,72,145,117.78815874307713
81,73,144,117.08049690778984
81,74,143,117.26788966289217
81,75,142,115.25398694983946
81,76,141,114.47026415912703
82,40,130,120.18272821194401
82,41,129,120.54896345451851
82,42,128,119.29509176923156
82,43,127,119.3090812606697
82,44,126,118.30774279016632
82,45,125,118.27919149168201
82,46,124,116.01705891714602
82,47,123,117.42648563517895
82,48,122,116.7926930147078
82,49,121,117.74127695365218
82,50,120,119.6728441605227
82,51,119,118.9924281753388
82,52,118,120.58989055315226
82,53,117,120.30268330468417
82,54,116,120.38697108362412
82,55,115,121.2440677843025
82,56,114,122.08772523525096
82,57,113,123.01537380316961
82,58,112,121.59914183992888
82,59,111,120.19751434650476
82,60,110,119.81672695206686
82,61,109,114.33672761234851
82,62,108,114.06814425614901
82,63,107,108.61569343779968
82,64,106,106.70376860876871
82,65,105,107.43080163970367
82,66,104,97.4620106389257
82,67,103,94.9675208808987
82,68,102,92.79383862473523
82,69,101,97.13377163627554
82,70,100,100.04774961672203
82,71,99,101.14896328238166
82,72,98,102.2432388697394
82,73,97,103.05107579834723
82,74,96,99.29071474421539
82,75,95,100.84997463769628
82,76,94,97.86587963620639
82,77,93,97.3696447569329
82,78,92,93.91296458473167
82,79,91,98.37705149940953
82,80,90,101.05041651160167
82,81,89,103.79189225467744
82,82,88,101.10538420325094
82,83,87,102.96584647756876
82,84,86,97.86391063125373
82,85,85,93.94432380126601
82,86,84,91.13551351995407
82,87,83,92.91191118443072
82,88,82,92.35338916297368
82,89,81,94.02014203402774
82,90,80,81.54908667253659
82,91,79,80.11031651270716
82,92,78,80.87730569024511
82,93,77,79.92057325569324
82,94,76,87.5426143087465
82,95,75,96.36650268341901
82,96,74,95.8236732324242
83,21,146,97.5214812372992
84,40,181,113.51304247168065
84,41,180,113.42757877367846
84,42,179,112.79151636850503
84,43,178,115.43483450860637
84,44,177,117.33239860276724
84,45,176,116.35225550272642
84,46,175,118.52278548900276
84,47,174,120.08771525663829
84,48,173,121.53902527769655
84,49,172,121.26495404091061
84,50,171,121.42771151061352
84,51,170,122.84051090534577
84,52,169,122.71493855895179
84,53,168,122.67871193512457
84,54,167,120.26026359350018
84,55,166,120.28776592463589
84,56,165,121.62747355326418
84,57,164,121.96834894283813
84,58,163,123.0332516497898
84,59,162,123.6335940388469
84,60,161,124.29229195088422
84,61,160,123.22055077052312
84,62,159,123.12746746099788
84,63,158,120.89706469924107
84,64,157,119.7355347502089
84,65,156,121.02584451522733
84,66,155,119.594697038367
84,67,154,118.03337927795761
84,68,153,118.28538082467355
84,69,152,117.81931060728309
84,70,151,114.44728353980383
84,71,150,110.31953758833531
84,72,149,112.07003268391033
84,73,148,114.49674432923099
84,74,147,114.00147837888078
84,75,146,111.55451770826687
84,76,145,110.84715420481102
84,77,144,106.63122748870535
84,78,143,101.93087030277417
84,79,142,106.13677043132853
84,80,141,100.4202152175906
84,81,140,92.53532549807281
84,82,139,101.4676319350175
84,83,138,102.93187592267361
84,84,137,107.94691292927382
84,85,136,105.22365724618581
84,86,135,108.32418522045629
84,87,134,111.38872165617401
84,88,133,116.69411683425042
84,89,132,120.95963960043137
84,90,131,120.00465871546436
84,91,130,122.02808957704701
84,92,129,122.40298853062828
84,93,128,121.76263298265796
84,94,127,118.60437454096768
84,95,126,119.58389936901624
84,96,125,120.32342982974029
84,97,124,120.13191548953142
84,98,123,117.65563371462994
84,99,122,119.21688215343744
84,100,121,117.05676178637155
84,101,120,115.48662419663665
84,102,119,115.80576719467021
84,103,118,111.77141174077005
84,104,117,113.1434878079441
84,105,116,115.9498351440306
84,106,115,111.5130480580426
84,107,114,105.55287429203591
84,108,113,104.66374427302446
84,109,112,112.91076270869671
84,110,111,114.3562118586733
84,111,110,117.22422854554432
84,112,109,118.22117459696848
84,113,108,117.34051175736586
84,114,107,116.55193720507113
84,115,106,112.59744887943089
84,116,105,112.88765868172774
84,117,104,111.66146076832467
84,118,103,110.4132496448797
84,119,102,108.67872054385688
84,120,101,109.28957706315555
84,121,100,109.503387877768
84,122,99,108.229130505189
84,123,98,107.16046082491205
84,124,97,104.77043294902222
84,125,96,103.85991232119153
84,126,95,94.63160405708778
84,127,94,90.26078648661141
84,128,93,89.28717620232442
84,129,92,95.62744509867404
84,130,91,85.68106754698408
84,131,90,88.12536126650413
84,132,89,94.9300994979429
84,133,88,83.42946236764914
84,134,87,81.9053206054025
84,135,86,86.97087024436706
84,136,85,85.79327446295031
84,137,84,80.39590606830592
84,138,83,72.16258497568592
84,139,82,73.04226859778903
84,140,81,66.41125260257449
84,141,80,71.34383444919473
84,142,79,62.24550406403324
84,143,78,59.92950269656482
84,144,77,57.17185156113412
84,145,76,53.176121563684696
84,146,75,47.42158950088323
84,147,74,45.19547993565554
84,148,73,45.59015329949487
84,149,72,59.38286394076233
84,150,71,66.27588718356246
84,151,70,68.47760062755502
84,152,69,63.0766879576957
84,153,68,59.57088716358295
84,154,67,58.30667499542142
84,155,66,62.98573722240369
84,156,65,60.58322787723641
84,157,64,57.718653862222276
84,158,63,60.83794577511594
84,159,62,61.68461998615702
84,160,61,62.824026226316036
84,161,60,66.0214142859702
84,162,59,67.95520730220984
84,163,58,66.60101184354059
84,164,57,66.335607353179
84,165,56,67.39760284685424
84,166,55,63.66635495627405
84,167,54,57.87767669553011
84,168,53,56.55401822948019
84,169,52,57.342078815468795
84,170,51,57.99772305311981
84,171,50,67.97743093095809
84,172,49,69.45436994405523
84,173,48,69.6038376223336
84,174,47,75.47630894327364
84,175,46,86.48907606354999
84,176,45,76.3519589893034
84,177,44,68.22289992399857
84,178,43,64.24346357779245
84,179,42,61.0998052311471
84,180,41,54.79451885485159
84,181,40,56.57760940867743
84,182,39,43.15408883022239
84,183,38,46.67350942228787
84,184,37,46.80534689297673
84,185,36,40.711112427619916
84,186,35,40.93832791094712
84,187,34,35.20868960168813
84,188,33,32.60075470108346
84,189,32,35.20980841447258
84,190,31,34.539308807601266
84,191,30,31.80501092457137
84,192,29,32.39067862546432
84,193,28,30.5786608395616
84,194,27,30.87813699009854
84,195,26,30.807699818446267
84,196,25,31.798327917116794
84,197,24,28.575159290687616
84,198,23,26.62969525830314
84,199,22,26.638146945729964
84,200,21,24.379699442875605
84,201,20,23.026746859829707
84,202,19,22.175973748806264
84,203,18,19.948419922165503
84,204,17,20.99799489316085
85,40,190,121.20103262229077
85,41,189,121.0941691493689
85,42,188,119.77817832099086
85,43,187,117.81675523736001
85,44,186,116.05959622847601
85,45,185,114.64187932360232
85,46,184,116.23084807108182
85,47,183,118.09497116643256
85,48,182,119.06176301660041
85,49,181,121.90375959677496
85,50,180,115.90120716273702
85,51,179,118.89009557412562
85,52,178,120.6623176544128
85,53,177,120.5214574129501
85,54,176,121.7187126043851
85,55,175,122.72041800569872
85,56,174,122.99736541845186
85,57,173,123.22184763325768
85,58,172,122.05595736178677
85,59,171,121.56688579548421
85,60,170,118.86674897797602
85,61,169,119.41381483663147
85,62,168,114.88766407503874
85,63,167,110.14763594482847
85,64,166,111.05506933039419
85,65,165,111.85108421937315
85,66,164,111.92926367354107
85,67,163,113.6200397631871
85,68,162,113.29892179898208
85,69,161,113.62089496727673
85,70,160,111.3940182559801
85,71,159,112.08676818062997
85,72,158,106.43258141080753
85,73,157,105.5041573486615
85,74,156,104.10139775168511
85,75,155,105.68789161289817
85,76,154,111.10790094146952
85,77,153,108.62123115549247
85,78,152,108.90440466561306
85,79,151,111.55470894195064
85,80,150,108.19377499506928
85,81,149,109.90620094766268
85,82,148,103.78618861429777
85,83,147,97.54971067243713
85,84,146,98.29219132617175
85,85,145,93.17559092035802
85,86,144,93.9302378314179
85,87,143,95.57438388724893
85,88,142,94.38209115685218
85,89,141,97.39151521683948
85,90,140,89.625981063833
85,91,139,103.50224749394829
85,92,138,108.71105488709786
85,93,137,110.56315334796017
85,94,136,111.24399972040001
85,95,135,113.52861049607046
85,96,134,114.35820268150965
85,97,133,111.73682795175326
85,98,132,111.05641376679279
85,99,131,109.20131931678762
85,100,130,108.97382209559689
85,101,129,110.2922656433152
85,102,128,110.06608939760733
85,103,127,109.91919704724731
85,104,126,109.56954973132301
85,105,125,112.64079656553096
85,106,124,112.65168180141765
85,107,123,112.6917959863807
85,108,122,111.76890186336053
85,109,121,108.7034703403246
85,110,120,107.47132958913156
85,111,119,110.2408593341
85,112,118,111.98834241730204
85,113,117,109.9364701078787
85,114,116,109.20149037320505
85,115,115,108.21091637885233
85,116,114,112.21949918602596
85,117,113,108.69558907808002
85,118,112,103.88512568025428
85,119,111,104.1315981022752
85,120,110,97.91076489072468
85,121,109,96.43414234867961
85,122,108,100.26876839820228
85,123,107,99.8101156350136
85,124,106,98.14112719920115
85,125,105,93.77791753366446
85,126,104,98.9897370951816
85,127,103,90.10847857901373
85,128,102,84.40592391647077
85,129,101,81.50698495538873
85,130,100,82.49752565061465
85,131,99,84.76875826816675
85,132,98,80.05873292745704
85,133,97,81.0550401686667
85,134,96,78.84119239531677
85,135,95,71.51236119941254
85,136,94,78.13958813490916
85,137,93,74.57610283385478
85,138,92,67.01598721139058
85,139,91,72.82168044114002
85,140,90,76.33368872421485
85,141,89,83.38637625250388
85,142,88,80.85030946487896
85,143,87,83.36659710041634
85,144,86,84.5698936137228
85,145,85,84.03531131159937
85,146,84,87.51911268376463
85,147,83,80.48338093294103
85,148,82,75.40532739983024
85,149,81,77.61425273434581
85,150,80,73.76331183084153
85,151,79,77.26803863232853
85,152,78,85.11169729666892
85,153,77,81.14457969709781
85,154,76,78.77311153142429
85,155,75,78.07420527547296
85,156,74,79.92009003965684
85,157,73,70.5039424388714
85,158,72,70.45907878611303
85,159,71,66.15991845890855
85,160,70,67.95334556210727
85,161,69,67.00789386340742
85,162,68,64.98799696777164
85,163,67,62.583233383638444
85,164,66,60.50634424576316
85,165,65,60.53517854452227
85,166,64,60.01325571114807
85,167,63,60.86855145214274
85,168,62,54.29896446632701
85,169,61,57.56017757923995
85,170,60,58.89528417216922
85,171,59,56.80430181705934
85,172,58,51.01954254647111
85,173,57,50.44807024513316
85,174,56,51.38324176835861
85,175,55,52.65336196341376
85,176,54,51.43244185438736
85,177,53,49.74435014827007
85,178,52,49.00988274184146
85,179,51,52.37198785242988
85,180,50,51.72171521873912
85,181,49,51.364057956302176
85,182,48,48.7392349645996
85,183,47,49.42930745528098
86,40,237,121.20872220576501
86,41,236,121.11048260125007
86,42,235,121.56838151120989
86,43,234,122.12667489615632
86,44,233,124.2153529514536
86,45,232,122.0665703233883
86,46,231,120.74134602069255
86,47,230,121.63348933188696
86,48,229,122.12683534011855
86,49,228,122.54367249309999
86,50,227,123.74591527784949
86,51,226,122.8391125294601
86,52,225,122.71711001075332
86,53,224,120.86781971793384
86,54,223,117.83930548083191
86,55,222,115.9564511695462
86,56,221,118.8753666807912
86,57,220,120.50467251801834
86,58,219,118.32520614694815
86,59,218,117.51359485428819
86,60,217,118.07504604359332
86,61,216,120.63215113478353
86,62,215,121.17480871774092
86,63,214,119.93908961929264
86,64,213,120.89839675611653
86,65,212,119.37134348705655
86,66,211,118.22538404181009
86,67,210,116.89604996489922
86,68,209,115.30512705227532
86,69,208,114.81384905206092
86,70,207,111.83981891620314
86,71,206,110.86635921546534
86,72,205,109.91031313508789
86,73,204,112.31717173376921
86,74,203,110.59169091367653
86,75,202,110.28034510293574
86,76,201,111.7267908215507
86,77,200,106.18891750774608
86,78,199,108.8213555540884
86,79,198,108.52316058501532
86,80,197,106.06140424672799
86,81,196,108.99964920541177
86,82,195,111.17687494057134
86,83,194,109.09689586372795
87,40,112,118.74745122531323
87,41,111,119.09839734230977
87,42,110,118.53088562932444
87,43,109,116.99274292276615
87,44,108,119.01507957764996
87,45,107,118.38653768439505
87,46,106,118.58661707159519
87,47,105,116.9054551024453
87,48,104,116.05287150391055
87,49,103,117.03927646350093
87,50,102,117.86538280580538
87,51,101,117.25494912021088
87,52,100,116.96509024211332
87,53,99,113.5362490058055
87,54,98,113.81032856637725
87,55,97,116.07155328202114
87,56,96,110.66842938340926
87,57,95,110.99005644325018
87,58,94,111.43563373678126
87,59,93,105.833796004117
87,60,92,103.65277215369608
87,61,91,104.01529639494515
87,62,90,108.5569112809664
87,63,89,110.84333560124139
87,64,88,111.1282288628222
87,65,87,108.97191658849559
87,66,86,108.43553926458196
87,67,85,106.32803381547191
87,68,84,107.86516015619992
87,69,83,107.59170651691582
87,70,82,110.79430612340377
87,71,81,111.88699737637425
87,72,80,113.44244794056547
87,73,79,111.03971255415885
87,74,78,110.33199579088605
87,75,77,107.78966410992143
87,76,76,106.51472212544658
87,77,75,105.61049289887941
87,78,74,108.60794620757258
87,79,73,108.04869222419109
87,80,72,100.2990109078793
87,81,71,100.18035103543403
87,82,70,95.60077880827298
87,83,69,95.74484212277386
87,84,68,99.72740742782574
87,85,67,97.51308229508031
87,86,66,94.10432297445499
87,87,65,91.93865539340794
87,88,64,96.18668712756758
87,89,63,94.02953900001208
87,90,62,96.6230477656286
87,91,61,86.68169636723358
87,92,60,79.5531813538062
87,93,59,71.20338336157499
87,94,58,62.52196674037894
87,95,57,71.09178444320665
87,96,56,70.86615101262015
87,97,55,75.7864434601039
87,98,54,81.68164680694713
87,99,53,78.36065078161008
87,100,52,73.24740946114638
87,101,51,83.31183027302524
87,102,50,87.40139695832528
87,103,49,86.9722894391579
87,104,48,96.39433998873443
87,105,47,91.18130619865964
87,106,46,87.10511205938221
87,107,45,82.38374419033127
87,108,44,77.19386965408978
87,109,43,78.48525018274901
87,110,42,72.71044707750403
87,111,41,66.38872130665092
87,112,40,66.96730059160649
87,113,39,63.17330590846693
87,114,38,59.70563136065951
87,115,37,54.86939811349353
87,116,36,59.34593195211359
87,117,35,59.49499504024142
87,118,34,64.89564264819566
87,119,33,58.68358278132672
87,120,32,54.026533947961866
87,121,31,46.68156265490397
87,122,30,41.02356189458341
87,123,29,40.97467257090934
87,124,28,42.15167380590489
87,125,27,33.45946987029707
87,126,26,27.646560129812755
87,127,25,27.018111505146862
87,128,24,24.614568198235112
87,129,23,21.26631812358848
87,130,22,20.52419702362363
87,131,21,18.55930727420271
88,40,205,119.75966833872224
88,41,204,118.89109652299575
88,42,203,120.43668869777574
88,43,202,119.85737687685739
88,44,201,119.89079611071126
88,45,200,117.92760007568631
88,46,199,119.4835101273487
88,47,198,119.45270813529271
88,48,197,118.91647239507975
88,49,196,119.8432940680387
88,50,195,120.19718248547258
88,51,194,120.93720972333142
88,52,193,121.35223703698944
88,53,192,119.05840610835276
88,54,191,119.80922049074178
88,55,190,121.07403666992167
88,56,189,121.98864612430722
88,57,188,119.99994876370799
88,58,187,120.80265431660209
88,59,186,118.96611704326918
88,60,185,118.38565808949505
88,61,184,120.33013588743293
88,62,183,120.44465535441418
88,63,182,121.8778713661892
88,64,181,122.79887828547726
88,65,180,121.63468352504682
88,66,179,120.15703000767928
88,67,178,119.22183339001641
88,68,177,117.94021848163081
88,69,176,116.48227970609989
88,70,175,117.74338913739331
88,71,174,116.8965345758717
88,72,173,119.54093024684019
88,73,172,117.73381825722186
88,74,171,115.8089669369266
88,75,170,115.67418609002104
88,76,169,115.6893222888706
88,77,168,112.84797812252341
88,78,167,112.79649705610603
88,79,166,113.75270315845145
88,80,165,115.13957321567909
88,81,164,116.38460392539966
88,82,163,115.63993693313625
88,83,162,116.7032062362256
88,84,161,115.12136747269099
88,85,160,115.51789887882393
88,86,159,114.03738392152209
88,87,158,112.22145020627016
88,88,157,110.42153484670928
88,89,156,108.67708185533155
88,90,155,104.78004839411884
88,91,154,98.90556332996383
88,92,153,97.4346246674256
88,93,152,90.98938874771773
88,94,151,91.68576569261188
88,95,150,84.69751463458371
88,96,149,88.63809988860011
88,97,148,85.6911858112959
88,98,147,89.55238576437708
88,99,146,92.56465549452784
88,100,145,89.36083927873415
88,101,144,89.63128413788792
88,102,143,83.0403520413463
88,103,142,83.26110232340226
88,104,141,82.20430881762988
88,105,140,72.78284743316625
88,106,139,71.31974697757711
88,107,138,70.24772751191449
88,108,137,71.02872092713321
88,109,136,66.06698644989709
88,110,135,66.5860134245064
88,111,134,71.4942034869712
88,112,133,77.58348010137303
88,113,132,81.27192018638473
88,114,131,86.59113627159472
88,115,130,83.34175242611119
88,116,129,86.89627498323898
88,117,128,86.5988381188034
88,118,127,97.02146318726928
88,119,126,98.96934865023302
88,120,125,99.33506798069601
88,121,124,102.76166536985855
88,122,123,102.79449969868608
88,123,122,106.7482175401226
88,124,121,105.39897633007811
88,125,120,106.6548260453477
88,126,119,111.01230537951594
88,127,118,115.1637317169751
88,128,117,111.89936027214102
88,129,116,111.12766168484578
88,130,115,108.22409310755444
88,131,114,99.51937973282777
88,132,113,99.62610493711276
88,133,112,101.91548294782064
88,134,111,102.39931510876357
88,135,110,102.98106414687155
88,136,109,105.69169080450634
88,137,108,103.23865394187612
88,138,107,104.88653505077687
88,139,106,106.56407139755291
88,140,105,103.36235633256203
88,141,104,106.74425131949704
88,142,103,102.97487791030133
88,143,102,98.84165139356816
88,144,101,100.2715601049953
88,145,100,98.66586239242332
88,146,99,93.38009633167871
88,147,98,85.88364328502246
88,148,97,78.4048478988922
88,149,96,71.19816951775587
88,150,95,65.96505344269355
88,151,94,71.47854052624666
88,152,93,71.8542224376923
88,153,92,73.58213086458741
88,154,91,70.29254214381564
88,155,90,73.24438506255105
88,156,89,75.69711524316641
88,157,88,77.7985730544567
88,158,87,77.63434665587764
88,159,86,74.78267370953233
88,160,85,81.77417641099393
88,161,84,80.41671020307035
88,162,83,85.15940260370664
88,163,82,83.1807787182079
88,164,81,86.37973449910969
88,165,80,82.04524307555508
88,166,79,88.87556117525445
89,40,116,119.525566769565
89,41,115,120.41840074918376
89,42,114,118.12886949238856
89,43,113,118.08554890203564
89,44,112,119.0294358297821
89,45,111,118.10718943379158
89,46,110,116.37237266790433
89,47,109,117.04150224377892
89,48,108,115.41216418386213
89,49,107,114.18748268799999
89,50,106,115.04241936332322
89,51,105,115.27535710592505
89,52,104,113.04595694300367
89,53,103,109.82365891506377
89,54,102,112.73040267004393
89,55,101,109.4297617276601
89,56,100,113.02592037449341
89,57,99,106.53752684238833
89,58,98,104.2858031754173
89,59,97,110.80268642828142
90,40,131,120.93841521279924
90,41,130,121.06215752398639
90,42,129,121.54217830933169
90,43,128,120.02072058216211
90,44,127,118.29309108937068
90,45,126,118.41589027742012
90,46,125,118.88031399025196
90,47,124,121.96973222648933
90,48,123,121.82100372731004
90,49,122,122.48093116830199
90,50,121,121.14166161312741
90,51,120,118.13217878233502
90,52,119,120.7277772461042
90,53,118,115.46442198365148
90,54,117,119.84689685769106
90,55,116,117.19084368392069
90,56,115,114.00923627706175
90,57,114,113.21932541253177
90,58,113,112.45705945911473
90,59,112,111.11991278830851
90,60,111,110.21554264411989
90,61,110,113.39403787335446
90,62,109,112.75495082492304
90,63,108,111.96952112320517
90,64,107,111.87170042767491
90,65,106,112.22159639050832
90,66,105,110.00628951477056
90,67,104,112.89923993098222
90,68,103,111.97057711826022
90,69,102,107.0224677759652
90,70,101,106.22200365285808
90,71,100,103.27214784324815
90,72,99,103.79050308137712
90,73,98,104.72401121388788
90,74,97,99.62242568327866
90,75,96,98.52338508880025
90,76,95,92.6858556503779
90,77,94,91.68632938648997
90,78,93,85.61641021391281
90,79,92,91.6888495828386
90,80,91,89.48902268187535
90,81,90,89.84545454421186
90,82,89,94.56703933062714
90,83,88,96.3830718781035
90,84,87,99.64395219773364
90,85,86,100.98102205898338
90,86,85,99.08324904728568
90,87,84,99.81155749740492
90,88,83,97.72730248284131
90,89,82,100.1183210137111
90,90,81,101.68274515750139
90,91,80,98.10457904274975
90,92,79,99.5543252288301
90,93,78,96.74481490348813
90,94,77,98.62609620598019
90,95,76,97.5843230791029
90,96,75,87.68763883509573
90,97,74,84.13196500394817
90,98,73,78.59944537461735
90,99,72,71.67233941028952
90,100,71,76.01067175411953
90,101,70,78.8842449147523
90,102,69,80.42297843831156
90,103,68,78.85169766867634
90,104,67,78.00073058246028
90,105,66,80.11973777864412
90,106,65,77.69647810085866
90,107,64,79.43617288213181
90,108,63,71.0661850809799
90,109,62,71.87068041301188
90,110,61,74.43378343142913
90,111,60,71.24398224907443
90,112,59,69.26943104857756
90,113,58,69.82228447270973
90,114,57,67.64381940783282
90,115,56,67.51801988484993
90,116,55,66.13541069911835
90,117,54,60.91546033908716
90,118,53,63.10061370812656
90,119,52,63.607609235450646
90,120,51,58.46750045867569
90,121,50,58.71675621828293
90,122,49,56.738188354193824
90,123,48,54.04535179422581
90,124,47,54.47334290036931
90,125,46,55.976217757509886
90,126,45,53.822041098865625
90,127,44,44.32173318689923
90,128,43,43.47781734769276
90,129,42,41.745335354657115
90,130,41,37.62836821458241
90,131,40,35.091897602484835
90,132,39,37.466768197582965
90,133,38,37.743439914572114
90,134,37,34.17882214534752
90,135,36,33.62143505442663
90,136,35,33.6390271047515
90,137,34,34.876860678579185
90,138,33,30.485996399970347
90,139,32,29.604848310730276
90,140,31,29.467937446739818
90,141,30,29.726428453625438
90,142,29,26.63798499269916
90,143,28,26.6313479716428
90,144,27,26.011968291734522
90,145,26,26.292585994645506
90,146,25,25.932112845683477
90,147,24,25.37080970548117
90,148,23,25.18967616913375
90,149,22,24.602803903262426
90,150,21,25.718207936572874
90,151,20,24.91969514544872
90,152,19,24.77602150727166
90,153,18,22.226277345650214
90,154,17,18.9083582117336
90,155,16,17.676661199070587
90,156,15,15.787117255800377
90,157,14,17.177658725481294
90,158,13,13.14928866689854
90,159,12,14.511445396745364
90,160,11,11.800521737861281
90,161,10,9.255263045599053
90,162,9,8.308949153881912
90,163,8,7.151789119173855
91,40,247,117.73542629130598
91,41,246,116.30259598109465
91,42,245,116.26529039999795
91,43,244,118.0093870292595
91,44,243,117.86005351999083
91,45,242,117.72751390588525
91,46,241,117.12928115133927
91,47,240,114.74025317277534
91,48,239,114.12731079504029
91,49,238,115.00149247282286
91,50,237,114.29976822450803
91,51,236,114.25661734640111
91,52,235,114.23174187128505
91,53,234,113.47989159873592
91,54,233,115.1862896212265
91,55,232,115.95872710751232
91,56,231,116.52194885091319
91,57,230,115.00537258350369
91,58,229,115.23787231865975
91,59,228,115.82101685612285
91,60,227,115.17238491321044
91,61,226,115.15610497801961
91,62,225,116.6317701434362
91,63,224,117.24752748151398
91,64,223,115.17992986092008
91,65,222,116.17217631176541
91,66,221,110.17917056046292
91,67,220,110.35177527018803
91,68,219,106.85151425966754
91,69,218,105.0851199732189
91,70,217,106.74264475772334
91,71,216,106.04135798910605
91,72,215,105.97855075283425
91,73,214,111.89594903095727
91,74,213,113.56587001852125
91,75,212,108.60504318571492
91,76,211,107.39158548532875
91,77,210,107.3501546972738
91,78,209,105.86528007510566
91,79,208,104.44523814481501
91,80,207,106.3603660836553
91,81,206,105.43035921319202
91,82,205,109.60581960433656
91,83,204,111.50931373665523
91,84,203,108.21526356980524
91,85,202,109.85881626667081
91,86,201,110.57698923163146
91,87,200,108.9436383229398
91,88,199,104.04042328636316
91,89,198,101.58732805231574
91,90,197,100.15542051754288
91,91,196,102.28070667107733
91,92,195,104.17573132723105
91,93,194,102.75976098854167
91,94,193,98.73326286756694
91,95,192,98.2858202527091
91,96,191,98.42883751362277
91,97,190,96.36611096191066
91,98,189,96.30229926211504
91,99,188,90.28189269685822
91,100,187,97.51062434461906
91,101,186,90.47080889544176
91,102,185,92.37940733881362
91,103,184,94.43617821564249
91,104,183,93.54948731299896
91,105,182,98.99679253471558
91,106,181,99.0046915442168
91,107,180,96.86275308421239
91,108,179,87.52683183846
91,109,178,86.56360331961318
91,110,177,86.24199698034693
91,111,176,85.92248505432087
91,112,175,90.83556925817135
91,113,174,95.13078388165735
91,114,173,92.98628125313643
91,115,172,98.4463110737775
91,116,171,102.28452257833766
91,117,170,103.63706802612359
91,118,169,103.24961492632733
91,119,168,95.71040706848468
91,120,167,100.14010227793861
91,121,166,96.91676855757657
91,122,165,89.67560723771668
91,123,164,85.98038748787778
91,124,163,83.36632417987998
91,125,162,84.51633226460461
91,126,161,84.51666966552892
91,127,160,93.17876265062452
91,128,159,88.44043766982996
91,129,158,86.83533482046252
91,130,157,89.73687255087076
91,131,156,93.337339298892
91,132,155,96.99320216792934
91,133,154,91.80613847932071
91,134,153,87.9386192934637
91,135,152,90.19636307367902
91,136,151,89.12360872491853
91,137,150,85.95239351635833
91,138,149,85.18264676228085
91,139,148,86.3664262141801
91,140,147,87.12922318995626
91,141,146,85.99072894581016
91,142,145,87.14355252378877
91,143,144,89.85856575636694
91,144,143,85.69051017090229
91,145,142,85.23021576670945
91,146,141,88.55644565298522
91,147,140,84.98190554329418
91,148,139,80.57337667186343
91,149,138,85.44607795616415
91,150,137,83.6625607642899
91,151,136,82.45238991622148
91,152,135,83.9463076835655
91,153,134,94.8932189323287
91,154,133,90.63636461276391
91,155,132,94.75132831725846
91,156,131,91.0785261445421
91,157,130,94.87292003475795
91,158,129,95.01170440999165
91,159,128,94.93632194583438
91,160,127,91.71288486299747
91,161,126,87.79063361332994
91,162,125,87.50199411127036
91,163,124,86.8265739968154
91,164,123,83.70686096683824
91,165,122,81.90298570192462
91,166,121,80.76676773886415
91,167,120,84.17005940923082
91,168,119,82.50561959849534
91,169,118,83.4608706522113
91,170,117,81.31868738097033
91,171,116,78.39449139401901
91,172,115,81.23221418245024
91,173,114,77.58734912019816
91,174,113,76.25732515914936
91,175,112,76.74974235794039
91,176,111,73.25541524390738
91,177,110,70.02747814112428
91,178,109,67.57788322571469
91,179,108,73.6669608601315
91,180,107,74.14840379539868
91,181,106,69.43528116404445
91,182,105,66.08119802662338
91,183,104,60.69719902876184
91,184,103,58.78959146607741
91,185,102,56.02814542636886
91,186,101,58.59366068673877
91,187,100,54.88434722018357
91,188,99,55.814632672143844
91,189,98,61.19330483704381
91,190,97,65.42805877957747
91,191,96,61.19444301918688
91,192,95,62.90371123050064
91,193,94,63.39721690837207
91,194,93,65.1286793666383
91,195,92,62.615031609294874
91,196,91,69.06726104822873
91,197,90,61.26818846199086
91,198,89,58.253777355318235
91,199,88,64.63989702723273
91,200,87,60.580923814468576
91,201,86,62.246551011022966
91,202,85,64.14650439239236
91,203,84,64.30340763163194
91,204,83,56.11143473382211
91,205,82,58.219026437087294
91,206,81,63.79293296996833
91,207,80,72.0220866699486
91,208,79,68.5279920249621
91,209,78,63.42464156706228
91,210,77,67.23585252988764
91,211,76,66.09565025554235
91,212,75,66.65244685622721
91,213,74,59.71102920013622
91,214,73,64.72337987701508
91,215,72,63.006993154946784
91,216,71,58.7946248071982
91,217,70,61.02488900650505
91,218,69,66.89866104801061
91,219,68,65.21663740621709
91,220,67,58.838921669146906
91,221,66,61.54589644211644
91,222,65,61.872833812450956
91,223,64,62.27086310867478
91,224,63,60.75052120861998
91,225,62,59.93481015482304
91,226,61,58.39882335826173
91,227,60,58.81211493741249
91,228,59,61.36847640933461
91,229,58,62.18679232736659
91,230,57,60.72416049012259
91,231,56,61.74658423232288
91,232,55,63.75848969932357
91,233,54,61.87147933596783
91,234,53,63.518626112315296
91,235,52,61.85500379452813
91,236,51,62.13942802928203
91,237,50,59.21965816753914
91,238,49,57.55974330766954
91,239,48,56.15601230794364
91,240,47,47.163838988101816
91,241,46,49.024405856237735
91,242,45,41.62777251836261
91,243,44,39.22892702714352
91,244,43,37.71405406839944
91,245,42,36.22714237615955
91,246,41,35.130011482224006
91,247,40,31.937309468261986
91,248,39,31.914254386722085
91,249,38,29.52315049948095
91,250,37,27.96813928686215
91,251,36,25.953586785171648
91,252,35,26.99343157646078
91,253,34,27.051945930195735
91,254,33,25.963277447945654
91,255,32,28.898544816545726
91,256,31,27.900714944316913
91,257,30,26.83892099679526
91,258,29,25.306586934271017
91,259,28,27.18155860416301
91,260,27,25.521651068907673
91,261,26,26.816031984379855
91,262,25,23.67607793559
91,263,24,23.227629065773918
91,264,23,17.89999993148277
91,265,22,18.401339031530178
91,266,21,19.185540875119287
91,267,20,16.45248800112622
91,268,19,12.844061440846701
91,269,18,16.60630319289158
91,270,17,14.561670233419605
91,271,16,13.687361613715785
91,272,15,13.49429756546674
91,273,14,14.017925319542217
91,274,13,16.080743698391636
91,275,12,16.756655151611294
91,276,11,17.470411534127976
91,277,10,13.530153158222923
91,278,9,13.358030412074477
92,40,156,118.25438463662962
92,41,155,117.02355670782633
92,42,154,118.25159156184989
92,43,153,115.52820230761004
92,44,152,117.6668104020764
92,45,151,114.76360317888933
92,46,150,114.19286851983932
92,47,149,112.59312394806992
92,48,148,114.17715790972119
92,49,147,116.69343499078926
92,50,146,115.83279674741436
92,51,145,115.72386698201885
92,52,144,117.26861982894519
92,53,143,118.25554961477707
92,54,142,115.67204094001507
92,55,141,114.08986919877822
92,56,140,117.10237959523195
92,57,139,115.59874645649404
92,58,138,114.66805638225983
92,59,137,116.89308487313127
92,60,136,116.64332727909763
92,61,135,114.81790743086586
92,62,134,115.71989666702817
92,63,133,114.65270168609496
92,64,132,110.10190888233963
92,65,131,106.86898834775863
92,66,130,101.27251159151119
92,67,129,103.95684935984502
92,68,128,109.30265834981816
92,69,127,111.64483826232944
92,70,126,110.31108106970294
92,71,125,104.48536915462583
92,72,124,103.84845874565065
92,73,123,104.27256590884794
92,74,122,112.50958137217981
92,75,121,113.42514717790857
92,76,120,117.71941464616802
92,77,119,117.7629257657109
92,78,118,117.85266787229872
92,79,117,118.83230039345841
92,80,116,117.13108208351204
92,81,115,117.5908269439816
92,82,114,117.12418239436373
92,83,113,117.76791030763354
92,84,112,117.95071426501875
92,85,111,117.73373992462838
92,86,110,114.67523088193246
92,87,109,115.18675098176575
92,88,108,118.5168486004289
92,89,107,117.68913444679178
92,90,106,117.00677794669534
92,91,105,114.54328980870838
92,92,104,115.11460590492106
92,93,103,115.84469709304693
92,94,102,114.71653219746213
92,95,101,112.83248295786345
92,96,100,113.01349907990203
92,97,99,112.45516719021359
92,98,98,113.91411063205675
92,99,97,114.54572774518643
92,100,96,110.52403810633855
92,101,95,102.05295720591768
92,102,94,102.11838303627496
92,103,93,103.65682464039241
92,104,92,96.62214924686798
92,105,91,102.62303635140586
92,106,90,94.09083035833585
92,107,89,89.69832851680198
92,108,88,94.42896835642784
92,109,87,99.52715345036904
92,110,86,100.15054448937137
92,111,85,87.27505579389705
92,112,84,89.38790501472386
92,113,83,88.55263404724309
92,114,82,103.7071392096589
92,115,81,93.74451110134237
92,116,80,91.27208579748952
92,117,79,92.11779515186133
92,118,78,94.01966927078169
92,119,77,96.5624336760985
92,120,76,98.29553469011483
92,121,75,96.85482873595086
92,122,74,99.43894602054087
92,123,73,88.74851094851978
93,40,219,122.63067140390673
93,41,218,124.67873452001301
93,42,217,123.96490596373474
93,43,216,123.85861249654194
93,44,215,123.59671981276026
93,45,214,124.0636628369311
93,46,213,124.54520932328741
93,47,212,123.78002052986042
93,48,211,123.3267847692317
93,49,210,124.20250477201634
93,50,209,123.4730049187536
93,51,208,124.70334673442706
93,52,207,123.842213328002
93,53,206,121.62374646828013
93,54,205,122.18460583839988
93,55,204,123.37472310977014
93,56,203,124.44181258628585
93,57,202,121.92584822981414
93,58,201,119.28750293495546
93,59,200,117.08252828532544
93,60,199,115.37983308580442
93,61,198,108.71704844428521
93,62,197,109.9681134115462
93,63,196,110.84663572163747
93,64,195,106.71865037554718
93,65,194,102.36203293879072
93,66,193,103.57467757360205
93,67,192,103.70237180447056
93,68,191,105.74900561000445
93,69,190,101.91211265569697
93,70,189,105.49904758302651
93,71,188,102.09404699050826
93,72,187,101.35247567444449
93,73,186,101.23724617756932
93,74,185,106.08509223603188
93,75,184,109.12692501756618
93,76,183,110.94246643055192
94,40,174,117.9013990704768
94,41,173,116.65766097748158
94,42,172,117.44382209035264
94,43,171,116.49809599799208
94,44,170,119.29178866012472
94,45,169,119.39172477605669
94,46,168,120.54361616526155
94,47,167,119.13696754698266
94,48,166,118.62425167375682
94,49,165,117.28904773337737
94,50,164,117.80523253045311
94,51,163,117.54533339821383
94,52,162,117.90727732978974
94,53,161,117.15342502774745
94,54,160,115.54226482888595
94,55,159,114.89921437313251
94,56,158,114.47315156874367
94,57,157,113.13570761176413
94,58,156,113.3790206219345
94,59,155,111.28089801201557
94,60,154,111.1727211652788
94,61,153,113.11202814723023
94,62,152,114.58872621700795
94,63,151,115.58505258386182
94,64,150,115.09294372841589
94,65,149,113.76933037651469
94,66,148,112.62030704221641
94,67,147,108.96501808809151
94,68,146,110.36758446252932
94,69,145,108.8289851967121
94,70,144,107.93476127176115
94,71,143,107.07432728777113
94,72,142,99.15331187515994
94,73,141,106.35132398153046
94,74,140,106.17438089932654
94,75,139,107.16645635794345
94,76,138,111.03974848853403
94,77,137,112.75097195386886
94,78,136,111.34311944990063
94,79,135,116.68927467257092
94,80,134,117.18072003415206
94,81,133,114.10343585550541
94,82,132,113.52592722727303
94,83,131,113.17372707383888
94,84,130,115.71483626474779
94,85,129,113.2018623306725
94,86,128,113.82713847194997
94,87,127,110.53254581552078
94,88,126,112.06791944735448
94,89,125,106.88521733467934
94,90,124,105.86165257815814
94,91,123,109.2175070966359
94,92,122,107.59572168736031
94,93,121,106.26907080663207
94,94,120,107.42918963956961
94,95,119,106.1324824035322
94,96,118,105.96541319670709
94,97,117,103.66902775264774
94,98,116,103.13402520494762
94,99,115,100.8493252192469
94,100,114,97.47164837418578
94,101,113,101.4853096951291
94,102,112,105.60501670994923
94,103,111,104.88132780495232
94,104,110,107.44044742218284
94,105,109,109.66010184806818
94,106,108,108.4816348601467
94,107,107,106.37230314204751
94,108,106,103.69114543957112
94,109,105,101.52255691593743
94,110,104,98.93215091474408
94,111,103,101.58259502970111
94,112,102,96.65294779476945
94,113,101,92.99432908593027
94,114,100,90.80448243353513
94,115,99,90.25051789695704
94,116,98,97.91224889850903
94,117,97,95.33735440038788
95,40,111,120.49317985753217
95,41,110,122.21410833274331
95,42,109,122.8651710360474
95,43,108,123.18341964380721
95,44,107,123.67156257857637
95,45,106,120.59233042844099
95,46,105,121.96287374239424
95,47,104,121.66344048402189
95,48,103,121.44749606384615
95,49,102,116.36977208483627
95,50,101,123.04216410615729
95,51,100,122.30711081185078
95,52,99,121.77547254182909
95,53,98,122.3178950516901
95,54,97,122.29582209060712
95,55,96,119.61159350942233
95,56,95,118.55813190246198
95,57,94,114.71025257323795
95,58,93,110.4422400571508
95,59,92,116.15408131921154
95,60,91,116.44752949906261
95,61,90,113.89019381394476
95,62,89,110.35629871276208
95,63,88,113.71443988166524
95,64,87,109.90349918309772
95,65,86,109.75889728635366
95,66,85,109.65299330847955
95,67,84,107.47164901901824
95,68,83,108.38618686988282
95,69,82,105.15889104649959
95,70,81,103.58757895556784
95,71,80,102.55602624819642
95,72,79,101.37545160465608
95,73,78,97.51922813277599
95,74,77,93.62455376348015
95,75,76,92.4769567172475
95,76,75,87.75012381909971
95,77,74,84.77717668719993
95,78,73,81.55948935594012
96,40,149,112.54812078097679
96,41,148,111.64311348597815
96,42,147,112.75110633784806
96,43,146,111.1806297738524
96,44,145,112.5596147534674
96,45,144,114.78861568785314
96,46,143,109.59109311632417
96,47,142,112.09139755641054
96,48,141,106.15701925039157
96,49,140,104.49774726310315
96,50,139,100.24735439005576
96,51,138,90.39356873695698
96,52,137,95.71644257628857
96,53,136,92.69478162407775
96,54,135,83.50472215238634
96,55,134,86.81008839386735
96,56,133,83.29553328618795
96,57,132,86.6033172693732
96,58,131,95.29314483752893
96,59,130,94.06815910249105
96,60,129,98.79955311468152
96,61,128,101.95950923067986
96,62,127,106.15247834429292
96,63,126,106.979233435756
96,64,125,109.9283764746546
96,65,124,111.1525932599607
96,66,123,112.47590629957924
96,67,122,110.02479428131693
96,68,121,112.1479642502074
96,69,120,107.47034945157749
96,70,119,106.20290310157132
96,71,118,110.16510145619061
96,72,117,105.259112863782
96,73,116,100.75794531700515
96,74,115,98.48071932188262
96,75,114,101.06652138723261
96,76,113,97.11420801547489
96,77,112,99.16453245051967
96,78,111,101.01966568948
96,79,110,94.17389903384074
96,80,109,90.78090852256561
96,81,108,86.01767303273505
96,82,107,85.73604991005512
96,83,106,86.38524468473761
96,84,105,87.70390092256213
96,85,104,89.91599917419795
96,86,103,82.30907946421411
96,87,102,88.20852819698197
96,88,101,85.15796035541489
96,89,100,77.7282360721681
96,90,99,59.958785990105696
96,91,98,56.42296444566229
96,92,97,58.31225251262922
96,93,96,64.67701353827324
96,94,95,63.59786115880608
96,95,94,65.62400861993143
96,96,93,63.201133981216145
96,97,92,58.26121362972372
96,98,91,55.23328977656644
96,99,90,53.983487856508376
96,100,89,54.377166947596706
96,101,88,54.10597451142659
96,102,87,51.441997442630395
96,103,86,54.26988251090704
96,104,85,55.42730817799452
96,105,84,57.84802339611679
96,106,83,56.21596439590505
96,107,82,56.65900633174677
96,108,81,57.42261761787381
96,109,80,61.43645406742624
96,110,79,63.419865557328215
96,111,78,64.12780561841174
96,112,77,66.81826016590139
96,113,76,62.09266953888974
96,114,75,64.56771937519537
96,115,74,70.37518833924186
96,116,73,72.41153472225375
96,117,72,68.85001304164412
96,118,71,64.78066617412132
96,119,70,64.9938504921193
96,120,69,60.61207436052868
96,121,68,57.2744585389042
96,122,67,57.34614989385783
96,123,66,61.05029327689958
96,124,65,61.169799126504564
96,125,64,65.12522833075764
96,126,63,59.54059487869152
96,127,62,56.301682296376946
96,128,61,58.201604962407
96,129,60,62.5337748284481
96,130,59,52.34295668920174
96,131,58,49.85665360457553
96,132,57,53.88570121046456
96,133,56,52.61813186165255
96,134,55,63.184086515317944
96,135,54,64.69540965505612
96,136,53,60.65685572995093
96,137,52,56.20755343920954
96,138,51,49.836424047722375
96,139,50,44.228751633537
96,140,49,46.366215155133645
97,40,204,119.35287444358832
97,41,203,121.198117287044
97,42,202,120.80973475544164
97,43,201,119.476274406583
97,44,200,122.02736594829429
97,45,199,122.34365749650081
97,46,198,122.0385037321964
97,47,197,119.25746413771589
97,48,196,119.12690989661006
97,49,195,120.12218979173971
97,50,194,120.8607397491723
97,51,193,120.24555429367314
97,52,192,121.30469013132607
97,53,191,120.2793926481417
97,54,190,120.89806358238533
97,55,189,120.07531905044041
97,56,188,120.72190193552674
97,57,187,120.34978966601678
97,58,186,119.49439469024166
97,59,185,115.55509455280175
97,60,184,120.03894278238349
97,61,183,117.49952319109383
97,62,182,119.05246334570899
97,63,181,118.72117683285717
97,64,180,118.49188955914677
97,65,179,119.77646072295616
97,66,178,117.68702544141738
97,67,177,120.44467439641431
97,68,176,116.11790294246185
97,69,175,115.71757053208033
97,70,174,114.36311984013714
97,71,173,114.13632439350889
97,72,172,112.23940597425673
97,73,171,112.45444657042304
97,74,170,115.6451000584004
97,75,169,115.59084958624172
97,76,168,113.41935261377392
97,77,167,112.84245240712266
97,78,166,112.98740950776013
97,79,165,108.84004977079003
97,80,164,109.62600845879003
97,81,163,110.24757924932864
97,82,162,111.9352150737235
97,83,161,107.20714948975527
97,84,160,106.2756534882867
97,85,159,104.7488232503928
97,86,158,100.69005171128174
97,87,157,103.12565481525559
97,88,156,100.43789774060716
97,89,155,105.37903585802533
97,90,154,96.9058952112486
97,91,153,93.52051164587442
97,92,152,98.67414005552027
97,93,151,99.78660050354688
97,94,150,102.62326010840567
97,95,149,102.4157649429914
97,96,148,99.82281302267174
97,97,147,94.67321772987214
97,98,146,91.74032033434986
97,99,145,89.15211332161847
97,100,144,83.24450812738587
97,101,143,78.0165401840467
97,102,142,80.97440738727732
97,103,141,83.43321221021739
97,104,140,81.24341930567151
97,105,139,84.53766461145355
97,106,138,82.41856428316959
97,107,137,85.46716935433051
97,108,136,82.49557575770928
97,109,135,81.10815646599971
97,110,134,87.01488061702725
97,111,133,92.07062466649472
97,112,132,96.89288104376223
97,113,131,98.16434415883981
97,114,130,97.61918841623648
97,115,129,92.23579517021116
97,116,128,89.21277466506962
97,117,127,86.42918775048666
97,118,126,84.82141545965455
97,119,125,90.77893265371443
97,120,124,91.19720161191253
97,121,123,93.62795797203444
97,122,122,98.75326150238982
97,123,121,102.55058547868296
97,124,120,102.05612080209531
97,125,119,105.90930359059737
97,126,118,107.94731082047554
97,127,117,110.53036166921635
97,128,116,110.38435438358022
97,129,115,111.14439070606824
97,130,114,96.10603709649246
97,131,113,96.9755957979539
97,132,112,93.92785582595678
97,133,111,96.72118703042199
97,134,110,104.38391258027443
97,135,109,105.14259443856346
97,136,108,104.44494783932109
97,137,107,95.80945120409598
97,138,106,91.9383476237742
97,139,105,100.48039480814131
97,140,104,99.11752700137231
97,141,103,96.43900021901797
97,142,102,91.75931431491247
97,143,101,88.18853177631941
97,144,100,87.9472806195005
97,145,99,75.70883795286122
97,146,98,81.66298122445355
97,147,97,79.96147194766087
97,148,96,79.90739117740696
97,149,95,75.11516233512549
97,150,94,73.17395985179871
97,151,93,78.8556472703228
97,152,92,73.30687245841686
97,153,91,76.7611945446782
97,154,90,63.67682547939577
97,155,89,62.45636930442271
97,156,88,58.46061075578094
97,157,87,54.70801151387738
97,158,86,55.85936052658566
97,159,85,59.07008568461336
97,160,84,65.96107343508424
97,161,83,63.549790312292764
97,162,82,58.65591039155645
97,163,81,50.92591584174407
97,164,80,56.40637258757137
97,165,79,60.47056472448088
97,166,78,65.1329312480922
97,167,77,61.231626416688286
97,168,76,62.98177176480477
97,169,75,63.9790801886634
97,170,74,59.87955116210083
97,171,73,56.04215482298498
97,172,72,55.49969625520883
97,173,71,54.96838697566006
97,174,70,52.878516609487136
97,175,69,53.301456389879036
97,176,68,53.65576846357796
97,177,67,52.8766863836218
97,178,66,52.925559588626605
97,179,65,47.86658000124008
97,180,64,43.30133678609671
97,181,63,42.238649743192966
97,182,62,42.60843992924171
97,183,61,42.396092480715424
97,184,60,43.97635406390808
97,185,59,46.19814108900263
97,186,58,49.644133203629394
97,187,57,54.653133549117484
97,188,56,54.76387349617015
97,189,55,49.80165176504893
97,190,54,46.71357475448578
97,191,53,39.896839017573726
97,192,52,35.6733037171361
97,193,51,36.17315546135005
97,194,50,35.31862441744397
97,195,49,36.92799837399434
97,196,48,41.630302408408596
97,197,47,38.75333504005437
97,198,46,39.17447595065916
97,199,45,36.08403068917903
97,200,44,35.83616352825297
97,201,43,33.54058926475716
97,202,42,32.34515680830401
97,203,41,30.764029559866422
97,204,40,25.686224307350074
97,205,39,27.45436399054954
97,206,38,26.830619798972883
97,207,37,26.887727214629578
97,208,36,26.04420679961099
97,209,35,25.570004456941334
97,210,34,22.674656902898327
97,211,33,22.558314992834497
97,212,32,21.979318156085057
97,213,31,24.34370792248821
98,40,170,116.38996686752385
98,41,169,112.68527266440154
98,42,168,109.33698956294091
98,43,167,111.47016144987055
98,44,166,110.77706266729125
98,45,165,109.37117548223397
98,46,164,112.61505301242713
98,47,163,113.25026275646175
98,48,162,114.01080540347486
98,49,161,116.00025502875539
98,50,160,115.80632618360579
98,51,159,121.24783086481918
98,52,158,119.56166911997425
98,53,157,117.81081690120128
98,54,156,118.51458769588237
98,55,155,119.64898433300806
98,56,154,119.68422922759837
98,57,153,118.20611304413566
98,58,152,116.68648413896415
98,59,151,120.20163055403654
98,60,150,121.58247932489996
98,61,149,115.74177904815593
98,62,148,118.80391671009241
98,63,147,114.76507849660496
98,64,146,118.47169943165697
98,65,145,115.43932564023774
98,66,144,111.68851006164456
98,67,143,113.4476112764547
98,68,142,112.99942829755454
98,69,141,111.25865125983907
98,70,140,110.1204386535286
98,71,139,111.1816581939941
98,72,138,111.24548651134842
98,73,137,113.52524130817909
98,74,136,116.18513650218284
98,75,135,113.73808008608994
98,76,134,112.35713284927931
98,77,133,114.20443080137656
98,78,132,112.43381656688578
98,79,131,112.16470776284109
98,80,130,108.94323271598384
98,81,129,109.70956934870694
98,82,128,104.96265475518513
98,83,127,101.11889426391139
98,84,126,95.8823201100335
98,85,125,87.00331370599584
98,86,124,86.84062157158954
98,87,123,83.83824439226018
98,88,122,87.83774934678507
98,89,121,90.95281461164662
98,90,120,97.15458940041086
98,91,119,94.4557467601613
98,92,118,99.73177798259034
98,93,117,98.50847929010962
98,94,116,93.4568395947521
98,95,115,96.1560655291863
98,96,114,89.86902016349504
98,97,113,100.47096004049044
98,98,112,99.67162933906887
98,99,111,95.18365192664825
98,100,110,98.23588099465769
98,101,109,99.33022573869798
98,102,108,97.80890618168158
98,103,107,96.98028094009945
98,104,106,90.95291136658449
98,105,105,87.98002700132594
98,106,104,87.43398047516438
98,107,103,91.14368646558019
98,108,102,85.52119263075053
98,109,101,92.64039490222456
98,110,100,91.38269685204695
98,111,99,92.10146500599487
98,112,98,93.14669895253304
98,113,97,92.52339315884804
99,40,132,122.24080509789641
99,41,131,121.5341056520171
99,42,130,117.92934069295379
99,43,129,118.51286693432033
99,44,128,119.89113545091483
99,45,127,116.48419624215342
99,46,126,117.6213027222006
99,47,125,116.73622603501391
99,48,124,116.36458028722139
99,49,123,119.37218658384154
99,50,122,119.50087206494766
99,51,121,120.14968109985489
99,52,120,119.1227348277354
99,53,119,113.22353340795758
99,54,118,116.03693795868853
99,55,117,117.15105402409424
99,56,116,115.31149381660872
99,57,115,118.98980629694115
99,58,114,120.90576682325619
99,59,113,118.34711369796585
99,60,112,119.96836059252166
99,61,111,117.6630836928605
99,62,110,117.15098668323475
99,63,109,117.09315729584242
99,64,108,118.2511223471073
99,65,107,118.4891537005386
99,66,106,117.89941311030219
99,67,105,116.59770866041126
99,68,104,115.48931698367653
99,69,103,119.70798393804841
99,70,102,121.31353252443155
99,71,101,121.87692053051506
99,72,100,122.03596686250353
99,73,99,119.35193502447129
99,74,98,121.05078042101425
99,75,97,119.56414602751087
99,76,96,118.04744984495375
99,77,95,116.44971919842132
99,78,94,114.68114984441608
99,79,93,116.85858983183948
99,80,92,115.44333109547034
99,81,91,113.94024383780513
99,82,90,115.96577692753054
99,83,89,116.54932566990507
99,84,88,114.41105555919829
99,85,87,110.99952355899921
99,86,86,108.02502475537617
99,87,85,111.01408785679618
99,88,84,109.35424731052674
99,89,83,112.68770512097717
99,90,82,109.28833034699
99,91,81,105.85698401956128
99,92,80,105.03237045318905
99,93,79,100.14943880748429
99,94,78,98.48539436905885
99,95,77,95.45532316287782
99,96,76,93.6539631291472
99,97,75,93.47718250379248
99,98,74,97.76437601526501
99,99,73,98.94575935075196
99,100,72,101.958898442591
99,101,71,99.44386422120459
99,102,70,96.42218587302946
99,103,69,98.04453401497028
99,104,68,95.30721116935798
99,105,67,92.71714707682796
99,106,66,93.12465739822824
99,107,65,79.79167258214105
99,108,64,77.11339049821414
99,109,63,83.63205749349677
99,110,62,90.32997432157902
99,111,61,88.62831460088191
99,112,60,88.46642807052596
99,113,59,89.0048805282805
99,114,58,85.49378277745197
99,115,57,79.89123017189151
99,116,56,77.82064803952673
99,117,55,76.07272466835225
99,118,54,58.2327179017477
99,119,53,61.30652158895173
99,120,52,58.44197863687524
99,121,51,54.17745042446139
99,122,50,57.35922637901938
99,123,49,50.63424329469187
99,124,48,48.264186034669365
99,125,47,47.184192525100656
99,126,46,48.13372240033286
99,127,45,50.226180330535
99,128,44,49.00205014769483
99,129,43,53.897830063883006
99,130,42,49.480264166602325
99,131,41,46.10305914676954
99,132,40,43.8488075914062
99,133,39,37.37237171606964
99,134,38,38.140403018825566
99,135,37,36.64753694413423
99,136,36,35.435714645841
99,137,35,33.93624546098317
99,138,34,34.19290272388362
99,139,33,38.79622187407534
99,140,32,37.489863902223455
99,141,31,36.374056522282025
99,142,30,32.5526925137078
99,143,29,29.205941359993172
99,144,28,28.127748884646067
99,145,27,29.890695302361472
99,146,26,29.612448810916362
99,147,25,24.54785087357115
99,148,24,23.360305882280183
99,149,23,19.874990871291978
99,150,22,21.969250147308035
99,151,21,18.461270245501503
99,152,20,16.942040026785968
99,153,19,16.51941004868624
99,154,18,14.686276514931459
99,155,17,13.803858784845318
99,156,16,13.230889142758716
99,157,15,12.237010291565316
99,158,14,12.722130868926811
99,159,13,10.933551264058114
99,160,12,9.848119119716944
99,161,11,8.193619824676297
99,162,10,8.259796103542094
99,163,9,7.535707232231777
100,40,123,122.60857408654815
100,41,122,121.07607087220312
100,42,121,119.10463224146457
100,43,120,118.82433301278684
100,44,119,120.66981667066
100,45,118,120.37712178808806
100,46,117,120.37939441052123
100,47,116,116.36318003623876
100,48,115,120.95505012922241
100,49,114,121.82638343609094
100,50,113,122.40962874717974
100,51,112,122.892646152055
100,52,111,122.52279181551725
100,53,110,121.42432091175533
100,54,109,121.2217468395551
100,55,108,122.74643102915192
100,56,107,124.04508040108867
100,57,106,123.81413775671496
100,58,105,123.68383498741585
100,59,104,124.01995902647826
100,60,103,123.14812254501523
100,61,102,123.2223759098384
100,62,101,121.77948259258653
100,63,100,118.76330492766739
100,64,99,119.17915705345595
100,65,98,118.63879794367858
100,66,97,116.58339182782291
100,67,96,118.3408249432355
100,68,95,116.89976144467641
100,69,94,115.46371717118453
100,70,93,115.09988575251509
100,71,92,113.84106129446394
100,72,91,115.9340638292405
100,73,90,112.94517413259028
100,74,89,114.64835051224375
100,75,88,116.5395380085763
100,76,87,111.61377239184864
100,77,86,111.06090592434313
100,78,85,113.92658798064261
100,79,84,111.46803766766158
100,80,83,104.87494831879323
100,81,82,107.13888628445264
100,82,81,103.16125572604572
100,83,80,102.65756349310718
100,84,79,94.0627864984836
100,85,78,86.77370458025032
100,86,77,86.83118393651844
100,87,76,84.22797125647381
100,88,75,77.41984757631093
100,89,74,85.9888369884053
100,90,73,82.72061648231536
100,91,72,79.45407267654657
100,92,71,79.28084105606561
100,93,70,82.36396666589252
100,94,69,82.56604933306207
100,95,68,89.41493322918191
100,96,67,91.11594612084366
100,97,66,90.76428460620875
100,98,65,89.69138073195666
100,99,64,86.5920463665471
100,100,63,87.93198171338986
100,101,62,87.4512381156766
100,102,61,85.41269691977422
100,103,60,78.97096206400164
100,104,59,77.50258484065789
100,105,58,80.6426102416746
100,106,57,80.40473197308434
100,107,56,78.66985620241591
100,108,55,76.83739278842535
100,109,54,75.39823428590944
100,110,53,74.75146443431245
100,111,52,69.13254086876728
100,112,51,65.67161706393532
100,113,50,60.0601614451316
100,114,49,52.25225071265149
100,115,48,54.61332697590731
100,116,47,54.48367388757136
100,117,46,52.12646966343829
100,118,45,52.14086898628149
100,119,44,50.063372013416014
100,120,43,49.29592048621399
100,121,42,46.71806828223828
100,122,41,41.9933295820539
100,123,40,44.20465351930261
100,124,39,43.23613224511943
100,125,38,40.81148918072667
100,126,37,37.24489399169537
100,127,36,34.74084973452899
100,128,35,32.63725906451946
100,129,34,28.747236163114845
100,130,33,28.126098978525334
100,131,32,30.848762826103346
100,132,31,27.833509139137732
100,133,30,25.159084146872182
100,134,29,27.884070973960966
100,135,28,27.260387077908295
100,136,27,26.34746348241589
100,137,26,26.707548505533502
100,138,25,26.220302089878857
100,139,24,24.839923113928158
100,140,23,24.397374386262356
100,141,22,22.572535193896204
100,142,21,21.758580699384503
100,143,20,22.55342631026017
100,144,19,21.03050869586609
100,145,18,19.958586248337035
100,146,17,18.274128866045682
100,147,16,15.906613013906252
100,148,15,14.218973683044094
100,149,14,13.516961900776431
101,38,106,113.18177263305992
102,40,90,116.14961462040945
102,41,89,118.35948473650815
102,42,88,119.32422433985109
102,43,87,119.55532874114124
102,44,86,119.37748371110368
102,45,85,118.29030961784463
102,46,84,118.57377687914197
102,47,83,107.59312100622199
102,48,82,109.79374965993244
102,49,81,117.31568326644776
102,50,80,115.43109399904836
102,51,79,114.89829699633303
102,52,78,113.93196459360405
102,53,77,113.19978990117343
102,54,76,110.70138236652244
102,55,75,107.22182426687627
102,56,74,104.12895685846281
102,57,73,102.40283847741392
102,58,72,104.52191990701925
102,59,71,111.9266454598026
102,60,70,107.54579863086872
102,61,69,107.16301488786833
102,62,68,108.44122825897395
102,63,67,104.70840537759112
102,64,66,100.87608033499419
102,65,65,101.3020491720996
102,66,64,101.36481107307688
102,67,63,101.04450830971922
102,68,62,94.80975768469489
102,69,61,93.50552749981958
102,70,60,90.45580371655504
102,71,59,88.49264742710555
102,72,58,85.86687632084323
102,73,57,81.536814219167
102,74,56,77.16123166057126
102,75,55,72.01683416333145
102,76,54,73.77776142846002
102,77,53,77.55620841908612
102,78,52,74.0886626576013
102,79,51,67.14371198549719
102,80,50,69.06571626481669
102,81,49,71.93215003283848
102,82,48,66.93334629144809
102,83,47,62.4776522636394
102,84,46,67.95072731031036
102,85,45,69.2101277797417
102,86,44,61.999026797958116
102,87,43,52.43461154705299
102,88,42,63.834245020058994
102,89,41,54.802849989210955
102,90,40,51.01141199502318
102,91,39,49.89721384262933
102,92,38,41.05053005257119
102,93,37,37.79407779732047
102,94,36,37.09175208321636
102,95,35,36.26351761507359
102,96,34,35.34401345344398
102,97,33,33.05210122374659
102,98,32,32.98652172460948
102,99,31,34.795788795736065
102,100,30,31.691819069025616
102,101,29,34.619693309174025
102,102,28,32.76553194564336
102,103,27,29.429976510096182
102,104,26,28.03074449135191
102,105,25,23.54934309992735
102,106,24,23.992505140117352
102,107,23,21.73245034455575
102,108,22,21.50961594250862
102,109,21,21.41473663022662
102,110,20,21.03777054599285
102,111,19,16.48854641642353
102,112,18,16.481929369191818
102,113,17,15.18040928267391
102,114,16,13.377208030524812
102,115,15,11.464958769574835
102,116,14,13.12702281755216
102,117,13,15.70179876951972
102,118,12,14.140380117085991
102,119,11,11.331879807511207
102,120,10,8.68910103825288
102,121,9,6.265436843100019
102,122,8,4.860192281616886
103,40,154,120.12951783320513
103,41,153,119.89643217970278
103,42,152,119.95265242787447
103,43,151,122.97732978683764
103,44,150,121.40982164456713
103,45,149,121.03838365794671
103,46,148,120.0672259696951
103,47,147,118.82080152095833
103,48,146,117.81165926625366
103,49,145,119.32394952512222
103,50,144,118.06031751126959
103,51,143,118.00081098874281
103,52,142,117.69008453663002
103,53,141,119.58606428735985
103,54,140,118.83018727418505
103,55,139,119.28510420535272
103,56,138,119.8375109342385
103,57,137,116.76971785175624
103,58,136,114.5676577541461
103,59,135,114.25079362538393
103,60,134,112.6695122957139
103,61,133,111.50567818039406
103,62,132,111.88558776779126
103,63,131,112.26956718737304
103,64,130,109.4986323348877
103,65,129,111.37993314852224
103,66,128,113.29195865241951
103,67,127,115.1753929044101
103,68,126,112.78963285110963
103,69,125,111.27721873781994
103,70,124,105.52980219798829
103,71,123,105.54771944263983
103,72,122,103.09371055238367
103,73,121,104.6467370274901
103,74,120,108.777447940209
103,75,119,106.34864825413881
103,76,118,103.43080423693189
103,77,117,106.3833954188108
103,78,116,106.00230789186597
103,79,115,103.98214985220017
103,80,114,104.85258748253578
103,81,113,103.74996645847307
103,82,112,108.14841524744963
103,83,111,107.62414700053088
103,84,110,107.08928850957926
103,85,109,105.7967896807456
103,86,108,103.57629038909123
103,87,107,106.65713037905392
103,88,106,107.69219171822684
103,89,105,107.10803359446047
103,90,104,104.74650445430743
103,91,103,107.75491179928136
103,92,102,107.31777720760212
103,93,101,107.7413807548498
103,94,100,106.28640375476272
103,95,99,102.86593203253247
103,96,98,100.3409860036443
103,97,97,98.79498529008018
103,98,96,88.5429776088545
103,99,95,92.4105126430122
103,100,94,96.7666822092952
103,101,93,90.94253205353266
103,102,92,96.9820685741843
103,103,91,88.14600426832062
103,104,90,80.09394516466254
103,105,89,76.19122052019378
103,106,88,76.82780513911618
103,107,87,78.03722187447103
103,108,86,80.26624538988149
103,109,85,78.11246617515113
103,110,84,73.64945342018459
103,111,83,70.52740287185406
103,112,82,67.92959545513277
103,113,81,65.49327839293396
103,114,80,64.29307573689032
103,115,79,64.2070274412573
103,116,78,65.4872191608335
103,117,77,66.95810466800893
103,118,76,69.46535453158629
103,119,75,69.45352353992878
103,120,74,68.15269003244512
103,121,73,69.44400382489327
103,122,72,71.7546062592557
103,123,71,66.5169747222523
103,124,70,64.25016789197426
103,125,69,61.052223309667745
103,126,68,65.7509741767621
103,127,67,64.18822753516115
103,128,66,69.2805443076549
103,129,65,65.9375346952034
103,130,64,68.36813225104362
103,131,63,65.67074736524751
103,132,62,63.43976825899788
103,133,61,63.678986267572746
103,134,60,61.75517130873973
103,135,59,59.899570250853984
103,136,58,53.4498929630343
103,137,57,58.37481182228161
103,138,56,49.65774006536098
103,139,55,56.465356190708505
103,140,54,64.80607437629058
103,141,53,68.00095363990542
103,142,52,70.47192395838464
103,143,51,62.43511819605269
103,144,50,59.24407435249574
103,145,49,53.65035154466809
103,146,48,53.83513504753944
103,147,47,55.37422588305266
103,148,46,49.98938263932186
103,149,45,49.2651072675243
103,150,44,47.50940135658128
103,151,43,46.84308495600033
103,152,42,51.218605909325625
103,153,41,47.09705217685655
103,154,40,46.47910002706031
103,155,39,44.82561069994996
103,156,38,46.43343644389773
103,157,37,40.845982740533245
103,158,36,42.18116074565916
103,159,35,36.76632237712833
103,160,34,35.23599181676106
103,161,33,37.86433470158937
103,162,32,38.41451119156202
103,163,31,36.608209607293006
103,164,30,32.80030927630003
103,165,29,28.218549052927003
103,166,28,28.631571602753382
103,167,27,30.534635590144056
103,168,26,32.2745107662888
103,169,25,28.24749716239797
103,170,24,30.876359982240082
103,171,23,29.83962186759207
103,172,22,24.97338299948741
103,173,21,22.830622055163335
103,174,20,23.834569940902504
103,175,19,21.023270436327977
103,176,18,19.653012208933344
103,177,17,18.9718667030452
103,178,16,17.96856350907877
103,179,15,15.186219020164877
103,180,14,14.307993720364003
103,181,13,12.524563017822238
103,182,12,10.725765989105266
103,183,11,9.240667025629786
103,184,10,9.382422100608853
103,185,9,7.757860389770143
103,186,8,6.338658090399209
104,40,207,109.62827343195852
104,41,206,104.80775700043912
104,42,205,99.11978562937729
104,43,204,106.04691335975295
104,44,203,112.05653116993177
104,45,202,109.12265143442659
104,46,201,106.44765293534113
104,47,200,107.78774894023874
104,48,199,111.29779101361471
104,49,198,115.29415011411578
104,50,197,116.9354808945587
104,51,196,115.10853850691053
104,52,195,118.86195929368387
104,53,194,119.49784106552717
104,54,193,122.00968692949299
104,55,192,123.10529043075863
104,56,191,120.67455710291034
104,57,190,120.18681514885233
104,58,189,120.00870477630816
104,59,188,118.49036139885126
104,60,187,117.48046750996645
104,61,186,117.05142662376832
104,62,185,115.35834694768886
104,63,184,116.3162151135301
104,64,183,114.60133277754525
104,65,182,115.50524648751335
104,66,181,113.25171659845338
104,67,180,114.25810292888025
104,68,179,112.15741751940222
104,69,178,112.4249448070533
104,70,177,113.36829274109837
104,71,176,114.70937009998045
104,72,175,111.71247583332061
104,73,174,113.76029641915133
104,74,173,114.36318865854906
104,75,172,114.54980149184675
104,76,171,114.32781070041494
104,77,170,112.07566758841654
104,78,169,115.10676322999873
104,79,168,110.4777793999695
104,80,167,108.65822047090242
104,81,166,107.78364443090683
104,82,165,105.59133246700765
104,83,164,104.53000197198064
104,84,163,102.24402086279123
104,85,162,98.22636749485909
104,86,161,99.47521101940112
104,87,160,100.74121148041526
104,88,159,93.0495536392788
104,89,158,94.74917269158769
104,90,157,95.41135403951208
104,91,156,93.76198117147243
104,92,155,95.9626203655649
104,93,154,91.09375859815447
104,94,153,90.44037079216257
104,95,152,89.07824014273683
104,96,151,90.26987682372717
104,97,150,94.68000096795666
104,98,149,95.04889028570592
104,99,148,95.61759750328174
104,100,147,99.36253528480543
104,101,146,101.02122257416923
104,102,145,99.36472647372011
104,103,144,95.67386061328668
104,104,143,92.88330143394444
104,105,142,93.59376631511847
104,106,141,89.79625738845957
104,107,140,89.76751086094238
104,108,139,92.73779169315145
104,109,138,96.96471202922477
104,110,137,99.68234360312925
104,111,136,103.42696354358597
104,112,135,101.95416196765942
104,113,134,99.82414092566239
104,114,133,98.84312920113055
104,115,132,99.36523014124715
104,116,131,96.76778445922861
104,117,130,96.52993496089924
104,118,129,100.26930020728794
104,119,128,98.21910707889151
104,120,127,99.60164445508481
104,121,126,93.53049133007082
104,122,125,94.69124581141523
104,123,124,96.68708060702639
104,124,123,91.44735302946287
104,125,122,92.87821878435116
104,126,121,97.59971894260528
104,127,120,91.27887387285321
104,128,119,97.6073193760549
104,129,118,95.58885491988718
104,130,117,97.05837354131668
104,131,116,97.70996187942542
104,132,115,99.71564123660932
104,133,114,95.92442575541813
104,134,113,91.86355804527193
104,135,112,94.54911510264112
104,136,111,99.65231553909224
104,137,110,103.28742620497621
104,138,109,98.38255615338954
104,139,108,95.0284843997737
104,140,107,94.36699818213143
104,141,106,94.80217545354327
105,40,137,125.0
105,41,136,123.75571889770885
105,42,135,122.54427342735494
105,43,134,120.28537785698981
105,44,133,123.98000379950247
105,45,132,121.22446137368652
105,46,131,120.64313551233337
105,47,130,123.11761575774253
105,48,129,121.80785793702609
105,49,128,123.98763489962835
105,50,127,125.0
105,51,126,125.0
105,52,125,125.0
105,53,124,123.90125407487398
105,54,123,124.29758669003361
105,55,122,122.72554317108418
105,56,121,123.170118115149
105,57,120,120.4613197264884
105,58,119,118.80104213763946
105,59,118,116.38861087322822
105,60,117,115.60194758470598
105,61,116,118.84257608154533
106,40,152,121.71329141981855
106,41,151,120.34743842903168
106,42,150,119.98057697544368
106,43,149,121.80636441731134
106,44,148,122.26849451207589
106,45,147,121.18202534387547
106,46,146,118.06710654982126
106,47,145,119.10065011713617
106,48,144,119.50939865569714
106,49,143,120.43688375463921
106,50,142,120.13987119417101
106,51,141,118.80521551382705
106,52,140,117.34330596435919
106,53,139,121.09917718847552
106,54,138,120.39424013107589
106,55,137,121.68025116165991
106,56,136,121.23073492717526
106,57,135,120.05109383913141
106,58,134,119.56651248546666
106,59,133,117.20749832516208
106,60,132,117.63170534282808
106,61,131,108.68981251144388
106,62,130,112.15240784522572
106,63,129,104.28843165478796
106,64,128,102.58282916115637
106,65,127,111.24618944825511
106,66,126,104.46546142942631
106,67,125,99.50814748615102
106,68,124,96.37892763281718
106,69,123,96.32131908285191
106,70,122,94.26888988374539
106,71,121,93.04637163252636
106,72,120,93.39355519535519
107,40,153,118.1072845127365
107,41,152,117.11242124187031
107,42,151,114.9129389558127
107,43,150,117.44125323233618
107,44,149,117.83381166175423
107,45,148,120.11135999331415
107,46,147,119.7690288996345
107,47,146,120.52243389214411
107,48,145,122.43586750675327
107,49,144,121.49540261032124
107,50,143,123.18228120842659
107,51,142,120.48710075719491
107,52,141,120.56914612250844
107,53,140,122.29236229031335
107,54,139,123.2416971545775
107,55,138,121.36942206733039
107,56,137,116.6814016894825
107,57,136,115.32134642856082
107,58,135,113.32139369175641
107,59,134,114.10673786219513
107,60,133,115.6966033369965
107,61,132,112.4506232188252
107,62,131,111.19121898831528
107,63,130,107.88538427601523
107,64,129,109.79338862361757
107,65,128,110.59582028235019
107,66,127,105.70102154068806
107,67,126,109.0967864124843
107,68,125,111.82890464523435
107,69,124,110.63194021968243
107,70,123,110.31141172054814
107,71,122,110.6494928039246
107,72,121,111.82934989868698
107,73,120,109.53708479253584
107,74,119,108.62986964468121
107,75,118,105.89928149175103
107,76,117,106.56517639992782
107,77,116,107.75644236629283
107,78,115,108.5315729845028
107,79,114,102.55825146604106
107,80,113,96.6804558213619
107,81,112,90.67918530985688
107,82,111,83.60878191700542
107,83,110,86.50549088585822
107,84,109,87.76148138898287
107,85,108,87.68753219297332
107,86,107,94.23127808295271
107,87,106,91.83305441167576
107,88,105,87.90922227590013
107,89,104,86.27482163937555
107,90,103,88.1554486695245
107,91,102,90.3981087535729
107,92,101,92.59448212243547
107,93,100,91.95145320672987
107,94,99,95.25993240682389
107,95,98,95.64184751252841
107,96,97,96.35904584964427
107,97,96,97.39611120178668
107,98,95,94.7564980183342
107,99,94,93.75364843512395
107,100,93,93.65105016206373
107,101,92,96.96891907083563
107,102,91,99.6087930162931
107,103,90,99.71613496720195
107,104,89,99.01353908209792
107,105,88,95.73955023163916
107,106,87,96.47217462745664
107,107,86,97.31040826703497
107,108,85,92.29941487753116
107,109,84,89.82479072320275
107,110,83,93.22731339862088
107,111,82,90.13557658900109
107,112,81,84.62926925435806
107,113,80,82.93272928341142
107,114,79,86.20371261444029
107,115,78,82.4294817398434
107,116,77,80.49729390388855
107,117,76,72.90218110232999
107,118,75,75.64406885679762
107,119,74,66.91489796351513
107,120,73,60.5878438636421
107,121,72,59.55338048011116
107,122,71,56.313385196107376
107,123,70,59.737838380285375
107,124,69,57.03167608003143
107,125,68,50.69436475237758
107,126,67,51.43124787488364
107,127,66,49.52585379432543
107,128,65,43.24116528222486
107,129,64,41.0815490312364
107,130,63,45.33598058833941
107,131,62,50.51265783595832
107,132,61,53.56617191391139
108,40,302,123.21087529356839
108,41,301,121.92860365023357
108,42,300,122.13134305220714
108,43,299,122.65517487709609
108,44,298,121.59991923092466
108,45,297,122.14412368655884
108,46,296,118.07169034545757
108,47,295,120.85494803015486
108,48,294,123.11141939818782
108,49,293,121.03033052857411
108,50,292,120.85847187222194
108,51,291,120.07918953408529
108,52,290,119.54374455766467
108,53,289,119.72732030821837
108,54,288,122.32263294047696
108,55,287,123.34699847593376
108,56,286,120.57154750521696
108,57,285,121.0178808016052
108,58,284,122.28793130504593
108,59,283,121.81046424944257
108,60,282,121.09671601604146
108,61,281,121.5246968488435
108,62,280,121.74493741029487
108,63,279,120.95325193418634
108,64,278,120.72500004321964
108,65,277,121.01619943547661
108,66,276,121.64053196062733
108,67,275,121.39047758296415
108,68,274,121.17428828526567
108,69,273,122.09685333258554
108,70,272,121.57088677938768
108,71,271,122.19747610876662
108,72,270,124.19724150403886
108,73,269,124.60748449251767
108,74,268,125.0
108,75,267,123.87529916606198
108,76,266,123.86520351627107
108,77,265,123.59083461457331
108,78,264,123.22657932030805
108,79,263,123.38640414150566
108,80,262,123.70910551135218
108,81,261,123.1946472836303
108,82,260,123.9501934294525
108,83,259,124.26231348049072
108,84,258,124.90314095487273
108,85,257,124.69214029315425
108,86,256,124.54991068535918
108,87,255,123.79601015796965
108,88,254,124.52230921235585
108,89,253,124.37315546342522
108,90,252,124.80079553390743
108,91,251,124.46179270078548
108,92,250,125.0
108,93,249,124.8401977291081
108,94,248,123.63913017589934
108,95,247,123.57579553180688
108,96,246,124.24594158956646
108,97,245,124.3731339614888
108,98,244,123.3870227306014
108,99,243,121.6426464172128
108,100,242,119.49677350480496
108,101,241,121.2747087870545
108,102,240,120.89956553202883
108,103,239,122.14752262472011
108,104,238,123.12749493082997
108,105,237,122.39146628273886
108,106,236,122.66907052018632
108,107,235,122.34084553082795
108,108,234,123.44588539979867
108,109,233,123.87923573422451
108,110,232,122.85570290877587
108,111,231,123.76382940529538
108,112,230,122.10005575205766
108,113,229,121.25929716292251
108,114,228,119.2350394754376
108,115,227,120.13293726559476
108,116,226,118.09633315953411
108,117,225,117.8643570059478
108,118,224,115.85063787599958
108,119,223,112.82050728636773
108,120,222,112.25282074581571
108,121,221,111.25744649189113
108,122,220,115.39683464981181
108,123,219,117.03029339342542
108,124,218,116.30401833100116
108,125,217,119.90820380778143
108,126,216,119.7294409029158
108,127,215,120.92399027700185
108,128,214,120.16904427402218
108,129,213,120.21456168358037
108,130,212,120.65504019953565
108,131,211,120.11746072206734
108,132,210,120.34882138241176
108,133,209,119.15075351268214
108,134,208,120.04393740107048
108,135,207,119.76342902517216
108,136,206,121.86573361028839
108,137,205,120.55975134430813
108,138,204,119.30075455414672
108,139,203,117.17270614470709
108,140,202,111.76035831273342
108,141,201,116.90728690144016
108,142,200,118.09350942770644
108,143,199,122.11344366671003
108,144,198,122.48030357097906
108,145,197,122.44183320765383
108,146,196,122.69466080621768
108,147,195,122.62459684733389
108,148,194,121.69117221625065
108,149,193,122.07046124339828
108,150,192,121.85985177598252
108,151,191,121.95031625179331
108,152,190,122.53459874696811
108,153,189,121.22895142110752
108,154,188,121.34016967162245
108,155,187,122.02104646729802
108,156,186,123.59831775984722
108,157,185,123.08291866005466
108,158,184,123.5913996608612
108,159,183,122.78830337739333
108,160,182,123.64661687932713
108,161,181,122.27117432725007
108,162,180,121.08319390316848
108,163,179,120.46409199622565
108,164,178,120.72507034824088
108,165,177,119.37294028910642
108,166,176,118.59618331472322
108,167,175,116.77300021693902
108,168,174,113.92540304444941
108,169,173,114.3879472969595
108,170,172,114.32650732164313
108,171,171,118.15201469035372
108,172,170,120.74270509756025
108,173,169,122.36084137614782
108,174,168,121.71448517514966
109,40,139,109.10094563991458
109,41,138,105.17236140366651
109,42,137,106.83141212625566
109,43,136,100.44402636145291
109,44,135,103.56954786910978
109,45,134,106.45641682380102
109,46,133,107.43919739257191
109,47,132,108.21979779870985
109,48,131,110.62640536888645
109,49,130,112.29780733169707
109,50,129,116.47731570536362
109,51,128,118.13995655347196
109,52,127,114.38451675100345
109,53,126,113.91033406759186
109,54,125,114.8061742948673
109,55,124,116.61179931864814
109,56,123,116.73451570360655
109,57,122,118.89017277031462
109,58,121,117.56864407654916
109,59,120,117.99617927611295
109,60,119,118.68074299607807
109,61,118,120.48240804519119
109,62,117,119.51132473368443
109,63,116,118.29327275284606
109,64,115,116.48470866691167
109,65,114,115.17327842179006
109,66,113,115.06375705351113
109,67,112,117.40862600872364
109,68,111,117.28589860858654
109,69,110,118.72075170110446
109,70,109,119.26180555630883
109,71,108,116.99930218063156
109,72,107,116.61799404462037
109,73,106,114.9217700891563
109,74,105,115.08081004147314
109,75,104,114.9606260711441
109,76,103,110.4912211084555
109,77,102,113.90697740381219
109,78,101,111.83062979871896
109,79,100,112.88484401070758
109,80,99,113.73548518845482
109,81,98,113.92251168507724
109,82,97,114.3826962040153
109,83,96,114.24712682272717
109,84,95,115.52269590127295
109,85,94,115.21929383015544
109,86,93,111.76680969735709
109,87,92,110.16410393444426
109,88,91,106.50205683918702
109,89,90,112.80283842161694
109,90,89,110.97050165592967
109,91,88,108.12313012644671
109,92,87,104.15234696966672
109,93,86,103.55020704942613
109,94,85,101.66827911182251
109,95,84,101.36724916927598
109,96,83,103.20148278321824
109,97,82,95.42143875578296
109,98,81,96.0396612179939
109,99,80,96.30797138704064
109,100,79,92.90852885602841
109,101,78,87.14268701210247
109,102,77,83.32605596104386
109,103,76,89.40291302416207
109,104,75,83.49452975104742
109,105,74,79.78654198782259
109,106,73,85.34992116362126
109,107,72,85.30543168631243
109,108,71,82.18153539703538
109,109,70,79.69808803871109
109,110,69,74.11477945821808
109,111,68,76.39802421802739
109,112,67,75.00162612955735
109,113,66,71.74651361137987
109,114,65,68.56281008952573
109,115,64,55.98313572202973
109,116,63,55.479925680050144
109,117,62,60.53624211722245
109,118,61,62.66439587365478
109,119,60,56.85303657578176
109,120,59,55.400647555625
109,121,58,59.67375233636458
109,122,57,63.144939256169046
109,123,56,74.92417196220482
109,124,55,72.29751949931253
109,125,54,67.33892323485375
109,126,53,61.968021137267826
109,127,52,58.40614067133586
109,128,51,60.478055732816784
109,129,50,65.67107277919229
109,130,49,66.307374830199
109,131,48,66.32847714975883
109,132,47,60.1929333720293
109,133,46,64.28127696558394
109,134,45,51.878926864798444
109,135,44,49.693355983390205
109,136,43,49.6101095629869
109,137,42,47.0741820183156
109,138,41,48.39718974168096
109,139,40,37.07673307482611
109,140,39,36.71420985845374
109,141,38,33.93828611546466
109,142,37,34.995205320376726
109,143,36,38.66026082070003
109,144,35,36.76374544510046
110,40,259,112.04322505697381
110,41,258,112.94311467204436
110,42,257,114.309760346888
110,43,256,115.48894969283677
110,44,255,115.87924806556737
110,45,254,117.08909282689217
110,46,253,117.08185404003751
110,47,252,119.29298696218379
110,48,251,118.92751728028486
110,49,250,119.16876109670997
110,50,249,118.09184287723602
110,51,248,120.38661370293931
110,52,247,116.91606708702064
110,53,246,118.06420956510168
110,54,245,119.32833426732978
110,55,244,121.2034367964346
110,56,243,121.54782536219952
110,57,242,121.99124079254696
110,58,241,121.54173527371611
110,59,240,122.40998294044907
110,60,239,122.46189884412244
110,61,238,122.87051127962991
110,62,237,123.47271032473498
110,63,236,122.43529715932442
110,64,235,124.23587906906425
110,65,234,124.97089222119554
110,66,233,124.75869576795594
110,67,232,120.82668840985971
110,68,231,118.68934039985496
110,69,230,117.5032846718806
110,70,229,118.70308661799095
110,71,228,118.38718008495272
110,72,227,121.2998223811199
110,73,226,119.17392918381518
110,74,225,120.74178832420247
110,75,224,117.16012435341091
110,76,223,117.48871140173495
110,77,222,116.89984114733056
110,78,221,117.77660432763909
110,79,220,119.632523203092
110,80,219,119.11681405323387
110,81,218,121.3907411230521
110,82,217,118.05524804304834
110,83,216,121.40576923711298
110,84,215,120.97976737697277
110,85,214,121.89515248797498
110,86,213,119.06033287738236
110,87,212,118.41692430328881
110,88,211,119.1695152993111
110,89,210,118.99116741393956
110,90,209,118.79715537676454
110,91,208,122.02806979440405
110,92,207,121.65582157113047
110,93,206,121.10830967842662
110,94,205,121.11292450395976
110,95,204,120.08949079190818
110,96,203,119.27067622319373
110,97,202,120.3820719043001
110,98,201,119.46441862597669
110,99,200,115.82212685617499
110,100,199,117.25965279256428
110,101,198,115.28600627121727
110,102,197,115.95283419514774
110,103,196,116.08109839400119
110,104,195,118.57673085693864
110,105,194,117.244296508725
110,106,193,116.65689142795259
110,107,192,115.51926572503754
110,108,191,109.5313411832795
110,109,190,115.91237509312376
110,110,189,116.9590008752355
110,111,188,114.33690117376602
110,112,187,116.45809063558187
110,113,186,119.83348311250664
110,114,185,120.15411488113517
110,115,184,117.49763723942962
110,116,183,115.3921457327296
110,117,182,117.14958504787751
110,118,181,117.92792809228234
110,119,180,115.61906999338058
110,120,179,116.47046498106178
110,121,178,116.85590144652949
110,122,177,118.03639418967431
110,123,176,122.41718976780064
110,124,175,121.61513447724114
110,125,174,122.33202429365662
110,126,173,122.15536974892365
110,127,172,122.31092647190596
110,128,171,123.93494467005615
110,129,170,124.8204531222936
110,130,169,122.66838245444862
110,131,168,123.11558159099245
110,132,167,124.05759756208553
110,133,166,122.3051106973896
110,134,165,122.93470519151103
110,135,164,120.46511774320123
110,136,163,117.17708918392421
110,137,162,117.89646965431729
110,138,161,114.03528240692035
110,139,160,117.54312804657317
110,140,159,119.2990830304185
110,141,158,114.96042631557161
110,142,157,119.18582310894882
110,143,156,119.31654432007588
110,144,155,119.0737650164051
110,145,154,115.41077048395101
110,146,153,116.45876476168658
110,147,152,115.63251631010233
110,148,151,114.99307076353566
110,149,150,116.25256122037865
110,150,149,117.32777973300095
110,151,148,116.74818750628347
110,152,147,120.267598394282
110,153,146,119.3523571130827
110,154,145,120.31005741082899
110,155,144,115.9411682043875
110,156,143,115.46620381864443
110,157,142,112.72126557295492
110,158,141,108.01831665028709
110,159,140,108.90766402879545
110,160,139,106.62551731039144
110,161,138,101.07676964920749
110,162,137,102.25008161447812
110,163,136,98.81125109858633
110,164,135,96.87248777472033
110,165,134,99.31166255349817
110,166,133,107.02347029032423
110,167,132,112.16315286100762
110,168,131,114.07797851867122
110,169,130,116.1773677291342
110,170,129,117.59633846694089
110,171,128,117.1711248909001
110,172,127,120.42282420059925
110,173,126,119.71274356204829
110,174,125,116.8702333600313
110,175,124,113.51673310882293
110,176,123,116.78340455458405
110,177,122,116.37061316752076
110,178,121,115.7764357483897
110,179,120,117.02562311593144
110,180,119,112.40575502781542
110,181,118,111.1171918007959
110,182,117,110.73018066352735
110,183,116,108.82166586731378
110,184,115,110.14129164423244
110,185,114,109.31898451520092
110,186,113,110.61836017789327
110,187,112,111.1000170489545
110,188,111,110.10206701733574
110,189,110,111.96677641155455
110,190,109,110.72552513905772
110,191,108,113.90972087420904
110,192,107,110.90306310202706
110,193,106,110.88310542027205
110,194,105,113.28417495962324
110,195,104,112.06428117525809
110,196,103,111.2794254156567
110,197,102,106.32203638253205
110,198,101,102.94670887364714
110,199,100,103.86244314495133
110,200,99,97.85532159455619
110,201,98,99.01111557626365
110,202,97,100.06794100448013
110,203,96,98.51259375861764
110,204,95,93.80420814624256
110,205,94,91.04467294724508
110,206,93,96.89129377177474
110,207,92,91.48389672799736
110,208,91,84.15409043849755
110,209,90,86.38763107564196
110,210,89,90.28212671949882
110,211,88,97.6408470315589
110,212,87,102.53000929576564
110,213,86,97.20673871912072
110,214,85,97.49635500127627
110,215,84,92.91565385980107
110,216,83,95.38406790489483
110,217,82,90.35871243790717
110,218,81,88.12218741651432
110,219,80,82.72116883513668
111,40,100,124.30668771275236
111,41,99,123.29460716366575
111,42,98,122.15582553011373
111,43,97,121.44946974539386
111,44,96,122.59666964329583
111,45,95,119.12494166501378
111,46,94,121.31089887161582
111,47,93,122.96775286442039
111,48,92,121.72385450369643
111,49,91,119.72606463244753
111,50,90,118.15772530645444
111,51,89,118.5794519297099
111,52,88,116.1882861109883
111,53,87,116.670721483998
111,54,86,118.63696395902289
111,55,85,120.0103425510668
111,56,84,121.09167155261346
111,57,83,120.31441396091233
111,58,82,119.23332164863132
111,59,81,119.54195075289769
111,60,80,118.05179815797307
111,61,79,118.27411102494165
111,62,78,117.12999989639128
111,63,77,119.13247987388053
111,64,76,113.56073038326407
111,65,75,112.66259886815939
111,66,74,111.35722131325379
111,67,73,113.55953549767442
111,68,72,109.84666005148236
111,69,71,103.37087850188229
111,70,70,102.8688836093921
111,71,69,101.82243985548372
111,72,68,102.27879922664488
111,73,67,109.12110787414007
111,74,66,109.76186119572478
111,75,65,102.62319943372523
111,76,64,103.79614439196669
111,77,63,102.96498548994671
111,78,62,100.55220517816986
111,79,61,97.54627434847418
111,80,60,96.5687703690167
111,81,59,94.2900174915459
111,82,58,95.48098212858248
111,83,57,90.15669921281847
111,84,56,90.29407578338896
111,85,55,89.08324819106531
111,86,54,81.68122150009087
111,87,53,74.51481064631223
111,88,52,76.58040272556795
111,89,51,74.59648251049478
111,90,50,74.62566793598661
111,91,49,78.85984058781344
111,92,48,75.86046158579543
111,93,47,76.70277209634735
111,94,46,82.72208032580892
111,95,45,79.08425522439111
111,96,44,74.10683021295463
111,97,43,78.47507348282997
111,98,42,70.7563197415939
111,99,41,63.478326445885614
111,100,40,59.78369129763919
111,101,39,53.40029752203991
111,102,38,50.78672271512652
111,103,37,47.236912876794754
111,104,36,45.34897930884557
111,105,35,43.715222875767
111,106,34,44.87261073398609
111,107,33,41.37781798674874
111,108,32,30.77690557094853
111,109,31,29.138816325959773
111,110,30,30.13125161781233
111,111,29,32.19285595426082
111,112,28,32.066323576210955
111,113,27,31.17652319074229
111,114,26,28.182756459369628
111,115,25,25.481539044082346
111,116,24,26.168353891248188
111,117,23,25.667930765506032
111,118,22,21.09042861297623
111,119,21,21.020675517084463
111,120,20,21.248085858478817
111,121,19,20.57451056185004
111,122,18,22.60274835176644
111,123,17,25.84635437301173
111,124,16,26.60598748643593
111,125,15,23.185134284852353
111,126,14,21.8549612009585
111,127,13,20.01288575562691
111,128,12,17.06561400009183
111,129,11,15.680105920942626
111,130,10,15.795283362385097
111,131,9,14.259842683709207
112,40,119,117.26110880936156
112,41,118,113.06544525830253
112,42,117,117.87650718082098
112,43,116,118.1508788325081
112,44,115,119.31784081525788
112,45,114,118.12315998915575
112,46,113,116.73635332995414
112,47,112,117.40642032604426
112,48,111,114.49141786541607
112,49,110,115.54306856668806
112,50,109,118.31364820437223
112,51,108,118.77228048066198
112,52,107,116.55003187996275
112,53,106,113.46895086743196
112,54,105,115.53757504114645
112,55,104,115.15174191730928
112,56,103,112.90905215089833
112,57,102,111.93118004099291
112,58,101,112.4051653550818
112,59,100,112.97230802076022
112,60,99,108.8544718646155
112,61,98,108.22844501529869
112,62,97,103.4918034200653
112,63,96,103.25622431882461
112,64,95,96.72543574488624
112,65,94,98.64658207031415
112,66,93,99.58577902958262
112,67,92,100.49015701080125
112,68,91,104.55181418652205
112,69,90,96.95060209214006
112,70,89,100.26821599937074
112,71,88,102.25309566968374
112,72,87,95.53718315763824
112,73,86,86.6122430551945
112,74,85,93.2175910213418
112,75,84,85.61556409448869
112,76,83,87.2293346563228
112,77,82,73.83691742249059
112,78,81,73.96933472837212
112,79,80,75.94251312472488
112,80,79,79.00417700474986
112,81,78,75.31227529903799
112,82,77,82.66469748013834
112,83,76,89.37572651525016
112,84,75,92.91001199977629
112,85,74,93.08798702402059
112,86,73,98.31364170377054
112,87,72,94.71054276102092
112,88,71,83.85447004820011
112,89,70,90.95342172123227
112,90,69,93.675142680491
112,91,68,105.19896832284368
112,92,67,101.74926103192502
112,93,66,102.7350870651161
112,94,65,102.35838920914048
112,95,64,106.69231744677973
112,96,63,110.35380542207287
112,97,62,103.20997708874441
112,98,61,103.73251195927938
112,99,60,101.99148864142737
112,100,59,99.24177303435971
112,101,58,95.19275062147017
112,102,57,87.1477646794531
112,103,56,81.83148395169765
112,104,55,68.23355664637027
112,105,54,66.47900608122465
112,106,53,66.31420148999892
112,107,52,58.93924296295172
112,108,51,65.83959945206095
112,109,50,61.502843451183054
113,40,156,121.95151907568436
113,41,155,121.13411385089384
113,42,154,119.32353045181868
113,43,153,119.80228044597828
113,44,152,120.04003569075331
113,45,151,120.70718405570406
114,40,191,115.15283760035248
114,41,190,116.2647752284868
114,42,189,118.35235142062459
114,43,188,116.0112684763069
114,44,187,116.15208991021652
114,45,186,115.74072357256482
114,46,185,111.03614062315432
114,47,184,112.29149802106201
114,48,183,111.0199077879424
114,49,182,114.68921602784735
114,50,181,115.9783139819575
114,51,180,116.356962083865
114,52,179,114.80856818592295
114,53,178,114.03622445544876
114,54,177,112.06984832165247
114,55,176,110.40927989841636
114,56,175,112.0759737524713
114,57,174,112.6057778575344
114,58,173,114.1187884554651
114,59,172,114.16883065415368
114,60,171,112.12658762491603
114,61,170,112.31344316430986
114,62,169,116.07421257358858
114,63,168,114.76766296645727
114,64,167,114.538235747912
114,65,166,117.32547952597994
114,66,165,119.62694256862004
114,67,164,119.68821591816585
114,68,163,117.7625529336074
114,69,162,120.31160267352985
114,70,161,116.58027094992406
114,71,160,108.58568045975164
114,72,159,110.64715040363225
114,73,158,112.17151457820985
114,74,157,114.2712938499198
114,75,156,118.07473239627106
114,76,155,116.27753175340351
114,77,154,115.900860433481
114,78,153,112.46015033027336
114,79,152,114.14234297821574
114,80,151,114.25734252724772
114,81,150,114.5407035308951
114,82,149,112.22359481903462
114,83,148,113.25855303191886
114,84,147,116.76337311799703
114,85,146,114.7286349852022
114,86,145,108.70769860780973
114,87,144,111.47071198899765
114,88,143,112.96065041387162
114,89,142,112.63507731705212
114,90,141,112.8421072586071
114,91,140,111.20266741559507
114,92,139,111.64295408454056
114,93,138,112.97994173860373
114,94,137,114.31070863029771
114,95,136,115.65692779079225
114,96,135,113.99021344729178
114,97,134,117.18102158987915
114,98,133,116.40612037890361
114,99,132,116.36066571962151
114,100,131,112.24663480980368
114,101,130,113.98087172676082
114,102,129,112.94949265103878
114,103,128,112.06959010545631
114,104,127,111.3482885714213
114,105,126,112.15531264809695
114,106,125,108.59221991975245
114,107,124,105.80329055785074
114,108,123,104.61664942515498
114,109,122,98.93209429051768
114,110,121,91.64176188030689
114,111,120,76.91154606004883
114,112,119,80.61103364393475
114,113,118,74.23564652710394
114,114,117,77.10221742987983
114,115,116,83.57008577807204
114,116,115,72.11310483223484
114,117,114,68.86725380580037
114,118,113,68.87421204425277
114,119,112,69.52651061464775
114,120,111,77.7378744335829
114,121,110,74.09821151170107
114,122,109,69.53262302077539
114,123,108,71.17334265707899
114,124,107,73.95703023527831
114,125,106,81.77654378584857
114,126,105,90.76648712874643
114,127,104,89.35077908949035
114,128,103,89.41721352405611
114,129,102,87.3754942265135
114,130,101,88.34242906618243
114,131,100,84.20416144774147
114,132,99,83.27387897672655
114,133,98,85.87414477710192
114,134,97,80.88504797809696
114,135,96,84.63377378631154
114,136,95,76.99575843442302
114,137,94,85.57873322978006
114,138,93,93.53442697449464
114,139,92,96.06177601396081
114,140,91,97.58031033574007
114,141,90,98.93145536464425
114,142,89,101.46097743651347
114,143,88,103.6741505064814
114,144,87,105.00209153391714
114,145,86,105.52994327090695
114,146,85,103.48439655085855
114,147,84,101.13376536904019
114,148,83,100.7321517371156
114,149,82,101.29920789970889
114,150,81,99.19515367652437
114,151,80,99.75888744248866
114,152,79,95.13546630696756
114,153,78,87.67808555099249
115,40,261,121.95942376607947
115,41,260,120.49324850798975
115,42,259,122.2705551217451
115,43,258,120.23135686380925
115,44,257,121.56296322451834
115,45,256,122.08300974547859
115,46,255,122.43019303724773
115,47,254,120.49772405857286
115,48,253,120.32413773713837
115,49,252,120.11579982064939
115,50,251,117.57301170325093
115,51,250,115.93877501881667
115,52,249,116.10418608408477
115,53,248,116.10715530771505
115,54,247,113.80876646772234
115,55,246,111.5525522778655
115,56,245,114.63918540226467
115,57,244,116.22250762424721
115,58,243,119.5372903569166
115,59,242,116.5626390881126
115,60,241,117.58083144955818
115,61,240,118.62395056642548
115,62,239,120.55673531574539
115,63,238,120.28060293996955
115,64,237,117.80132157770956
115,65,236,118.96071699717837
115,66,235,116.19891812676674
115,67,234,110.47763429180408
115,68,233,107.78423897613875
115,69,232,108.3380343351612
115,70,231,102.24652051342508
115,71,230,107.77113857976178
115,72,229,111.4287490029775
115,73,228,112.85482066381078
115,74,227,114.4283715246521
115,75,226,115.7188614908699
115,76,225,117.2981968057343
115,77,224,114.08868986465426
115,78,223,110.03600497002137
115,79,222,104.53582398127593
115,80,221,108.48974887945937
115,81,220,108.70563144022825
115,82,219,108.75313061344659
115,83,218,105.26418200807109
115,84,217,104.88450718427882
115,85,216,106.88676458067899
115,86,215,106.08218016522922
115,87,214,104.75188347834458
115,88,213,105.8161004395956
115,89,212,105.47651042848695
115,90,211,105.45482327677874
115,91,210,106.79537308232659
115,92,209,106.76037505046007
115,93,208,109.2185337232047
115,94,207,110.03292932434157
115,95,206,102.84233065350602
115,96,205,98.99899822401284
115,97,204,101.18114591458016
115,98,203,102.74894069207356
115,99,202,98.14562703917956
115,100,201,103.08571040343017
115,101,200,103.83037634035239
115,102,199,105.12395484285284
115,103,198,105.97235085350547
115,104,197,104.21869279488894
115,105,196,103.11997347673645
115,106,195,107.19969136759013
115,107,194,108.8400207927425
115,108,193,105.8592758314739
115,109,192,107.87598426294957
115,110,191,106.91094081976387
115,111,190,107.34474858240864
115,112,189,107.3533621796369
115,113,188,110.38006614072722
115,114,187,108.16057720009587
115,115,186,109.23421284878135
115,116,185,106.48884823091588
115,117,184,108.06575664440261
115,118,183,100.76770411625691
115,119,182,102.09564854467537
115,120,181,102.59297914948458
115,121,180,100.6289399509116
115,122,179,103.0929063718318
115,123,178,101.7520994979491
115,124,177,101.85307962545521
115,125,176,101.00818187845809
115,126,175,100.08949094980777
115,127,174,101.2985677965475
115,128,173,104.19424884780852
115,129,172,96.00426751660837
115,130,171,97.62363428284525
115,131,170,101.28525146112186
115,132,169,104.9121953315329
115,133,168,107.00032613519122
115,134,167,107.0625623880826
115,135,166,110.01740477488329
115,136,165,112.93880206400016
115,137,164,116.05976872810567
115,138,163,117.1112824860814
115,139,162,112.89744524131049
115,140,161,109.37154591950505
115,141,160,109.7656808038264
115,142,159,111.85454265791964
115,143,158,109.08933232206465
115,144,157,107.77384957991282
115,145,156,110.4349844644058
115,146,155,111.86061419867445
115,147,154,111.86780082616114
115,148,153,111.51568614430877
115,149,152,110.8365396541029
115,150,151,108.40680360703226
115,151,150,107.138711920519
115,152,149,104.63727971936021
115,153,148,106.71136288141079
115,154,147,103.31870544872547
115,155,146,101.56837521211713
115,156,145,98.63939932922167
115,157,144,96.26080203256248
115,158,143,92.18448087842548
115,159,142,99.63928993238784
115,160,141,100.66329931769089
115,161,140,99.37551150359761
115,162,139,103.65608071167355
115,163,138,101.63750717182066
115,164,137,95.74445080214954
115,165,136,89.66484567658986
115,166,135,88.63529839340701
115,167,134,87.75989045210943
115,168,133,92.96036858176035
115,169,132,85.10407333677065
115,170,131,82.83637849143156
115,171,130,88.37855147306527
115,172,129,87.89396250756388
115,173,128,87.55892744825547
115,174,127,84.64346615242329
115,175,126,89.54474155752249
115,176,125,101.05694764015294
115,177,124,102.84185264034835
115,178,123,104.64662023652242
115,179,122,104.96885210864899
115,180,121,99.97415811455967
115,181,120,105.30128893470165
115,182,119,105.61212450586373
115,183,118,108.99280162661896
115,184,117,107.88504777214011
115,185,116,101.0913048522907
115,186,115,102.85649489381662
115,187,114,98.98624167713783
115,188,113,94.54844950119139
115,189,112,97.57426924270491
115,190,111,93.91944935617938
115,191,110,94.67544147830854
115,192,109,91.54406684055377
115,193,108,90.07140408799633
115,194,107,88.39170097714714
115,195,106,90.24826872526283
115,196,105,99.29963840805598
115,197,104,93.02402845982539
115,198,103,88.81159765783762
115,199,102,88.59540126075808
115,200,101,91.61534687469027
115,201,100,91.8236606498167
115,202,99,93.96510754391943
115,203,98,94.38795717560694
115,204,97,89.78644367559002
115,205,96,87.26411614139664
115,206,95,81.4930625536438
115,207,94,75.14648626051904
115,208,93,77.25970336601631
115,209,92,68.48705616701864
115,210,91,62.25850943868441
116,40,138,124.24809825707015
116,41,137,121.84185582965765
116,42,136,121.2614993958661
116,43,135,119.64771949185769
116,44,134,119.37176329272333
116,45,133,116.74630235237433
116,46,132,116.27987007833376
116,47,131,112.66016498826386
116,48,130,105.65264441885722
116,49,129,102.59423879971436
116,50,128,103.57553477611597
116,51,127,102.60083575458722
116,52,126,97.52517102929113
116,53,125,95.74076805668717
116,54,124,95.49641059629907
116,55,123,98.87784017665496
116,56,122,100.28010722764255
116,57,121,101.78763915682346
116,58,120,105.33608622193765
116,59,119,104.86503296515463
116,60,118,107.5510444048157
116,61,117,110.71961128928183
116,62,116,110.14791363403683
116,63,115,113.39780748014624
116,64,114,115.8012763020084
116,65,113,117.06232626675289
116,66,112,119.80796843141647
116,67,111,118.28863896170773
116,68,110,119.70381868176212
116,69,109,119.88977470968301
116,70,108,120.91295201173452
116,71,107,118.78149121986462
116,72,106,119.7573215413498
116,73,105,115.93857209594792
116,74,104,111.25112841756777
116,75,103,107.14731361687473
116,76,102,105.1075327021288
116,77,101,100.33593339611633
116,78,100,101.97257971254469
116,79,99,112.642459178985
116,80,98,110.38094101966908
116,81,97,111.83392946079881
116,82,96,113.50806633280845
116,83,95,113.1936320210562
116,84,94,111.22638861557289
116,85,93,111.6997419905324
116,86,92,113.93423222840829
116,87,91,113.15052237742186
116,88,90,104.26755546717546
116,89,89,103.42677213661946
116,90,88,103.02605759329222
116,91,87,104.56085788611142
116,92,86,104.72370626228037
116,93,85,103.04983699241788
116,94,84,101.37052367279854
116,95,83,96.98149141385954
116,96,82,96.67961540155628
116,97,81,95.62067111664595
116,98,80,91.4484348974925
116,99,79,86.74354505497877
116,100,78,86.48507601978419
116,101,77,90.51338590389284
116,102,76,90.19762983219593
116,103,75,86.71233184568936
116,104,74,82.13825520075221
116,105,73,70.82215971377258
116,106,72,76.46214246612459
116,107,71,70.098873256109
116,108,70,72.58057285968367
116,109,69,63.03333114959092
116,110,68,60.04761514672428
116,111,67,58.21424151331802
116,112,66,59.11716282379385
116,113,65,56.454114932635306
116,114,64,54.720911609373076
116,115,63,50.209544472632956
116,116,62,50.521654209023986
116,117,61,47.35751142165036
116,118,60,49.31363488775004
116,119,59,50.74515427450363
116,120,58,48.95213370343845
116,121,57,53.01889781302641
116,122,56,56.68700346289037
116,123,55,54.48873998337043
116,124,54,50.42941678136918
116,125,53,50.784342455824586
116,126,52,50.86558204435106
116,127,51,48.367920519926855
116,128,50,46.08460175773095
116,129,49,48.271362347630586
116,130,48,47.295976298743476
116,131,47,44.09022360918317
116,132,46,40.686357715319126
116,133,45,39.18534169493556
116,134,44,37.68492364202935
116,135,43,38.522815328124494
116,136,42,38.89090800824344
116,137,41,38.791037661080736
116,138,40,33.54512029889709
116,139,39,32.45815657714333
116,140,38,32.3362718676874
116,141,37,30.56054837159673
116,142,36,31.1829648311287
116,143,35,29.692177348789723
116,144,34,28.407028805090448
116,145,33,26.60536159852032
116,146,32,25.022144579848202
116,147,31,25.50630487555653
116,148,30,25.53906535188068
116,149,29,26.123419463383648
116,150,28,24.21294593043517
116,151,27,22.608142135384192
116,152,26,21.113256252339802
116,153,25,17.791554518177247
116,154,24,19.917892047917515
116,155,23,18.26885857770656
116,156,22,17.97400511800963
116,157,21,16.280310135875915
116,158,20,15.36049962081141
116,159,19,12.866432296287648
116,160,18,12.943424258962658
116,161,17,12.860863462119017
116,162,16,11.651325786752292
116,163,15,9.946123851166892
116,164,14,7.931957933145356
116,165,13,6.078238817514986
116,166,12,5.20159421950719
116,167,11,4.197361880200912
116,168,10,2.963565309709454
116,169,9,2.2565464069746897
116,170,8,2.0368476100627104
116,171,7,2.622228556156178
117,40,196,114.88518350957085
117,41,195,113.48743816514977
117,42,194,115.06091056823213
117,43,193,115.24920263014468
117,44,192,118.53971426474565
117,45,191,115.95037699938385
117,46,190,115.12932149384788
117,47,189,115.77543534840495
117,48,188,110.68141024429528
117,49,187,109.76468961152722
117,50,186,114.90249636914797
117,51,185,117.03508124849434
117,52,184,118.07055240914048
117,53,183,115.9298126758982
117,54,182,116.68582674109189
117,55,181,117.70705203449288
118,40,207,115.87617249499297
118,41,206,119.22794958813552
118,42,205,120.40036044260745
118,43,204,120.7348620029497
118,44,203,119.36202551008029
118,45,202,116.70422774527503
118,46,201,116.87764547695139
118,47,200,118.74741675210869
118,48,199,120.14031188751653
118,49,198,118.67782445228185
118,50,197,117.81300348726175
118,51,196,119.14303532390241
118,52,195,118.0524969731216
118,53,194,119.24401303262842
118,54,193,118.73410910191848
118,55,192,117.0683371309286
118,56,191,119.18995419967439
118,57,190,119.12614085563406
118,58,189,118.56681986267668
118,59,188,119.75355585324786
118,60,187,119.03681850320285
118,61,186,119.01927505824915
118,62,185,119.87897623425928
118,63,184,120.60527213903231
118,64,183,122.32824638910196
118,65,182,122.28750268139032
118,66,181,121.376693482002
118,67,180,120.37212272663803
118,68,179,120.82337029850126
118,69,178,120.10797563893293
118,70,177,117.84052014663406
118,71,176,117.89134241530243
118,72,175,119.08667787526294
118,73,174,118.85972641867168
118,74,173,116.91475731656207
118,75,172,116.12125961403422
118,76,171,115.67382658751232
118,77,170,113.46007608859631
118,78,169,109.80149402521668
118,79,168,110.25420656834473
118,80,167,111.80685353740915
118,81,166,115.66762802637456
118,82,165,115.86023822199144
118,83,164,116.54244545320171
118,84,163,113.99678120425531
118,85,162,114.20053492984526
118,86,161,114.54986844983588
118,87,160,112.9334902267544
118,88,159,110.8877081875562
118,89,158,114.01856022441567
118,90,157,114.86574874745702
118,91,156,114.90428214207728
118,92,155,116.64437858738955
118,93,154,112.69477668528799
118,94,153,109.8036240515377
118,95,152,106.57928220925425
118,96,151,105.72118314084443
118,97,150,106.7417714468711
119,40,268,123.62961882978686
119,41,267,121.17888064598554
119,42,266,120.96765841048148
119,43,265,122.08436728474142
119,44,264,122.00644126962146
119,45,263,121.98766368872344
119,46,262,122.06045106622275
119,47,261,122.66075518028174
119,48,260,122.84526681035437
119,49,259,123.19360949026412
119,50,258,121.38482293937679
119,51,257,122.83233749813951
119,52,256,123.89231194915743
119,53,255,124.88066139871695
119,54,254,124.8154567425471
119,55,253,123.96950521727688
119,56,252,124.30786007416583
119,57,251,125.0
119,58,250,125.0
119,59,249,125.0
119,60,248,123.87386543275473
119,61,247,123.82847843683865
119,62,246,125.0
119,63,245,125.0
119,64,244,124.86071185881971
119,65,243,125.0
119,66,242,123.99401524519135
119,67,241,121.10832790753167
119,68,240,120.61243369843501
119,69,239,120.00885253280491
119,70,238,119.70440997280373
119,71,237,119.01456171589513
119,72,236,119.04146474684349
119,73,235,117.56108375184988
119,74,234,118.61920275330863
119,75,233,116.13246173145416
119,76,232,118.61223729316875
119,77,231,119.17282710438215
119,78,230,122.25649639364548
119,79,229,123.55316609285283
119,80,228,121.04768953039701
119,81,227,117.43211665574309
119,82,226,111.67483386492555
119,83,225,117.55557559273362
119,84,224,115.89324248657802
119,85,223,114.90276072027393
119,86,222,115.885922702601
119,87,221,118.4454484987215
119,88,220,118.2009674971685
119,89,219,119.07308890113242
119,90,218,119.34893981320434
119,91,217,119.73505464518257
119,92,216,118.9828945611021
119,93,215,119.07743163676113
119,94,214,119.33540674565621
119,95,213,115.50850067165297
119,96,212,115.72338098467567
119,97,211,117.54002550565596
119,98,210,116.98916424064744
119,99,209,117.6024523612358
119,100,208,116.48781650022026
119,101,207,117.52431052810194
119,102,206,117.22595098709627
119,103,205,116.55557296764775
119,104,204,117.64220548885532
119,105,203,115.99459350387929
119,106,202,115.1900687819429
119,107,201,114.41663614789022
119,108,200,116.44116348703197
119,109,199,116.91634047238361
119,110,198,119.1671057635256
119,111,197,117.41962465220624
119,112,196,117.4667373271886
119,113,195,114.94925996477679
119,114,194,116.73207613789586
119,115,193,117.24070458362488
119,116,192,120.97275882356192
119,117,191,122.68087656032738
119,118,190,122.23871013981166
119,119,189,121.50910674398065
119,120,188,121.57305573271421
119,121,187,117.36831378488259
119,122,186,110.40015719645321
119,123,185,117.66248688413457
119,124,184,117.09256240219071
119,125,183,119.98792636495486
119,126,182,122.61763871501418
119,127,181,122.72376890646186
119,128,180,122.8427255742259
119,129,179,122.90950534967956
119,130,178,123.05452198515012
119,131,177,124.29715582361287
119,132,176,122.35103047852256
119,133,175,119.13889602118803
119,134,174,121.15924256071412
119,135,173,119.60029336051781
119,136,172,117.00423487798875
119,137,171,120.35320283452208
119,138,170,122.37292438432209
119,139,169,122.04942849052132
119,140,168,122.6945196707124
119,141,167,120.97299514220333
119,142,166,122.32758073328299
119,143,165,121.74838257025974
119,144,164,119.79582033004223
119,145,163,117.99894126150059
119,146,162,119.14266677482624
119,147,161,119.86054120490878
119,148,160,119.41966287613775
119,149,159,119.64487367395469
119,150,158,121.41414477212714
119,151,157,121.09541667556047
119,152,156,121.76988310117278
119,153,155,118.86745860672201
119,154,154,121.20212169587501
119,155,153,120.12685779404904
119,156,152,122.57311680415611
119,157,151,122.52599337214292
119,158,150,121.60944222856102
119,159,149,123.01702589164202
119,160,148,124.30388176978752
119,161,147,124.71803872561962
119,162,146,123.59900450593098
119,163,145,124.66978033926202
119,164,144,124.70143851929141
119,165,143,123.83800661291137
119,166,142,123.15825915069189
119,167,141,123.04914916023596
119,168,140,118.51527956570797
119,169,139,116.14059652219777
119,170,138,114.8381516554092
119,171,137,111.35515696460158
119,172,136,103.86810931383422
119,173,135,97.32159420260402
119,174,134,103.21028031201021
119,175,133,96.99350048291959
119,176,132,89.50904902364763
119,177,131,97.85602481548739
119,178,130,94.39831063277829
119,179,129,94.21646923912948
119,180,128,99.8825196090284
119,181,127,94.98488633841512
119,182,126,101.10922353546289
119,183,125,93.33866297194541
119,184,124,90.98274360796924
119,185,123,90.08021771357494
119,186,122,88.67362613262762
119,187,121,89.64906681756779
119,188,120,86.66963207907398
119,189,119,88.20402893955568
119,190,118,87.50102264318386
119,191,117,92.42032045142034
119,192,116,103.04234635764398
119,193,115,96.83776813293261
119,194,114,103.5455594130416
119,195,113,105.82297721862248
119,196,112,108.62610637253631
119,197,111,108.50795580380404
119,198,110,107.20826374085809
119,199,109,111.06843509218731
119,200,108,115.86486117938851
119,201,107,111.3668011588096
119,202,106,113.05159509209128
120,40,135,125.0
120,41,134,125.0
120,42,133,125.0
120,43,132,125.0
120,44,131,125.0
120,45,130,125.0
120,46,129,125.0
120,47,128,125.0
120,48,127,125.0
120,49,126,125.0
120,50,125,125.0
120,51,124,124.962913243955
120,52,123,124.06361201438942
120,53,122,123.97671171858448
120,54,121,121.62905729707406
120,55,120,120.98137407376171
120,56,119,123.5217252695999
120,57,118,123.02968778482686
120,58,117,121.71274643800085
120,59,116,118.08956197804872
120,60,115,118.65509564222363
120,61,114,115.81551613825853
120,62,113,118.46196013957336
120,63,112,117.28957723457995
120,64,111,119.11221007982664
120,65,110,118.15563733568253
120,66,109,110.61501055441212
120,67,108,108.6407549473106
120,68,107,112.1650172524457
120,69,106,111.95349351899394
120,70,105,112.10727232112913
120,71,104,112.97829262786342
120,72,103,110.64432374195408
120,73,102,111.20393781814863
120,74,101,109.2333823033479
120,75,100,106.27047658851257
120,76,99,100.33794958711408
120,77,98,95.6341590711053
120,78,97,99.1672310843751
120,79,96,103.87144685167105
120,80,95,95.95483434653973
120,81,94,96.9058215475027
120,82,93,95.35664299367036
120,83,92,99.79264956010067
120,84,91,102.43123665169934
120,85,90,101.6513165870222
120,86,89,107.78574071035091
120,87,88,109.57626327878167
120,88,87,112.1599189344316
120,89,86,112.86412763558384
120,90,85,114.04322243456517
120,91,84,115.67155157835212
120,92,83,117.91054959203797
120,93,82,118.13216600000607
120,94,81,115.29538944664299
120,95,80,115.53912032581462
120,96,79,115.48185192040768
120,97,78,117.5376409836367
120,98,77,118.86129502938158
120,99,76,115.18233496165192
120,100,75,115.91685484949136
120,101,74,117.22706552523037
120,102,73,115.63837245177768
120,103,72,111.14140603999871
120,104,71,111.0219325547366
120,105,70,114.74974059323262
120,106,69,111.11844432611389
120,107,68,109.50923272610027
120,108,67,106.88517735647785
120,109,66,103.47817247405861
120,110,65,103.56784029350086
120,111,64,103.62462680881364
120,112,63,92.47279470888192
120,113,62,96.55290405851875
120,114,61,90.57361372346955
120,115,60,88.5069915039162
120,116,59,75.46625293249046
120,117,58,71.27941490379217
120,118,57,70.98899436419484
120,119,56,62.951865240426386
120,120,55,68.85583784444898
120,121,54,71.52588844873253
120,122,53,64.54027162967837
120,123,52,61.53560075584196
120,124,51,59.7514591583991
120,125,50,57.75872878277889
120,126,49,59.202932920853236
120,127,48,52.811823575211285
120,128,47,48.478452273644564
120,129,46,42.7360625210484
120,130,45,44.1969368311194
120,131,44,38.922684449775716
120,132,43,44.416771838648806
120,133,42,49.19663892810132
120,134,41,47.99456413064394
120,135,40,42.157578682981686
120,136,39,39.98585651392142
120,137,38,40.0941318625572
120,138,37,37.353633032707094
120,139,36,33.15643234781588
120,140,35,30.763506213656534
120,141,34,32.529614460806144
120,142,33,32.52115816131021
120,143,32,30.092992383788705
120,144,31,30.520451555320733
120,145,30,35.52338617708741
120,146,29,42.635692187101746
120,147,28,41.33382416530196
120,148,27,39.81212266020752
120,149,26,43.27781527943325
120,150,25,43.974529512266656
120,151,24,42.96548621349605
120,152,23,37.06855186699683
120,153,22,37.45370075886677
120,154,21,34.65749714359984
120,155,20,30.772884175566126
120,156,19,28.52612068545579
120,157,18,25.702365717291265
120,158,17,22.844679138691085
120,159,16,21.054218005882625
120,160,15,19.152457803989954
121,40,86,117.89404326645578
121,41,85,117.30952062154907
121,42,84,119.23578202512917
121,43,83,119.31859109215631
121,44,82,119.15699056701646
121,45,81,117.4300917135171
121,46,80,120.24361622284806
121,47,79,120.99018118648156
121,48,78,119.51757643067664
121,49,77,119.88481010172701
121,50,76,122.07167142573533
121,51,75,120.02057134141893
121,52,74,118.12076549423452
121,53,73,117.43199554604344
121,54,72,118.89527677083197
121,55,71,118.52192219865285
121,56,70,114.84289674218083
121,57,69,111.65526291100778
121,58,68,114.59415671485962
121,59,67,114.44973535369365
122,29,145,116.50826120322299
123,40,201,122.74966040800263
123,41,200,123.35203988030472
123,42,199,123.7094763593534
123,43,198,122.69375573610441
123,44,197,121.59364097819912
123,45,196,120.80528671709048
123,46,195,120.80898477586207
123,47,194,121.25798268753378
123,48,193,120.95336499841923
123,49,192,117.89507787720842
123,50,191,116.51052311136667
123,51,190,112.60611781977519
123,52,189,112.07611376290332
123,53,188,109.06150599373134
123,54,187,107.11668768498487
123,55,186,107.13791348769357
123,56,185,110.89210401286857
123,57,184,111.58727319575544
123,58,183,113.66904147880734
123,59,182,116.34202857551512
123,60,181,116.88179077365898
123,61,180,116.76390911014875
124,40,116,113.63557040478507
124,41,115,115.87617292739817
124,42,114,115.21478256089043
124,43,113,115.46139271637124
124,44,112,115.40977588150719
124,45,111,117.46605626268436
124,46,110,118.69754148407216
124,47,109,119.17178690269942
124,48,108,119.49082761925942
124,49,107,118.8524795347617
124,50,106,120.56551755075125
124,51,105,122.07348351518802
124,52,104,122.0640490825345
124,53,103,122.40943494349283
124,54,102,119.16434686160034
124,55,101,120.08913094549519
124,56,100,120.17821160926545
124,57,99,117.583510261656
124,58,98,117.75780891947693
124,59,97,119.10055115485285
124,60,96,116.36430650469364
124,61,95,118.19787358579468
124,62,94,117.58015766475769
124,63,93,116.6482807523648
124,64,92,114.73160205479955
124,65,91,110.70460552467009
124,66,90,108.95508185752838
124,67,89,109.61349537503412
124,68,88,106.22191278297689
124,69,87,107.07308696697126
124,70,86,104.18423793537761
124,71,85,100.3860547900781
124,72,84,100.1521167708789
124,73,83,94.44952029667348
124,74,82,90.09770530843124
124,75,81,86.79861951099008
124,76,80,83.72396632018965
124,77,79,82.25072159622236
124,78,78,78.7489676726301
124,79,77,70.59743946080893
124,80,76,78.32478812501934
124,81,75,81.44946823979988
124,82,74,80.58070343359815
124,83,73,81.43074374716427
124,84,72,78.95943869431731
124,85,71,82.18200001108868
124,86,70,83.86160947625268
124,87,69,82.48772526593312
124,88,68,79.70546817749903
124,89,67,81.87724698770248
124,90,66,80.73245931344974
124,91,65,82.40683496038338
124,92,64,80.70970132407548
124,93,63,80.50928963340456
124,94,62,81.635969051681
124,95,61,75.74650277306652
124,96,60,76.28213828289076
124,97,59,75.22960572016153
124,98,58,73.1632734886427
124,99,57,73.11755144031878
124,100,56,69.37183462216976
124,101,55,73.03379962826466
124,102,54,75.00967789886577
124,103,53,71.07862237356647
124,104,52,72.25292982971547
124,105,51,61.685378969047704
124,106,50,62.36060803253816
124,107,49,64.0680488540838
124,108,48,60.56318808117986
124,109,47,57.63301354497111
124,110,46,52.1863204103578
124,111,45,47.60039298744327
124,112,44,46.95695161047054
124,113,43,45.69836632935221
124,114,42,47.13546907308593
124,115,41,41.09824906204929
124,116,40,41.224995220431495
124,117,39,45.131518247628776
124,118,38,46.35405533067696
124,119,37,48.15132736231418
124,120,36,49.286712673058936
124,121,35,51.2254369516441
124,122,34,46.70224009024649
124,123,33,48.11059606761335
124,124,32,48.46853723551992
124,125,31,42.74854427492184
124,126,30,39.793843403576844
124,127,29,38.059224189328695
124,128,28,35.32785516499429
124,129,27,36.20007582654966
124,130,26,33.046100439569344
124,131,25,35.32079986070265
124,132,24,31.885763883804433
124,133,23,28.703829504634548
124,134,22,27.447736442608317
124,135,21,25.850692226749008
124,136,20,26.27051266650177
124,137,19,22.760331831530735
124,138,18,19.507897028751472
124,139,17,19.949048896148827
124,140,16,17.105163101523125
124,141,15,17.391411540747594
124,142,14,15.867737459070216
124,143,13,19.67407557416335
124,144,12,15.486284793550528
124,145,11,12.536913147303576
124,146,10,11.97680311911429
124,147,9,10.070550998435
124,148,8,7.344628237651097
124,149,7,5.9716379201181375
125,40,218,121.77719036155301
125,41,217,122.0124164384909
125,42,216,121.84094869284658
125,43,215,120.92032528089729
125,44,214,118.66053086530668
125,45,213,114.2935153787897
125,46,212,112.51355673706576
125,47,211,118.49463693992277
125,48,210,119.32191330809356
125,49,209,117.51134122620385
125,50,208,120.26381283238877
125,51,207,119.07301160466983
125,52,206,116.2939352899087
125,53,205,119.51417873110648
125,54,204,119.05805205027534
125,55,203,119.63538367394612
125,56,202,120.35403107462429
125,57,201,117.34499685622376
125,58,200,115.43076598845764
125,59,199,119.24971649443577
125,60,198,116.1228735789943
125,61,197,114.03349107762355
125,62,196,112.5674239616829
125,63,195,112.3469822432577
125,64,194,105.04266225092378
125,65,193,105.82913220493566
125,66,192,109.19956895625887
125,67,191,109.99765573735823
125,68,190,113.57947195010061
125,69,189,112.2503173727082
125,70,188,109.30926138605076
125,71,187,110.53562486994366
125,72,186,112.38833842985112
125,73,185,113.63462559789221
125,74,184,109.14357137645953
125,75,183,109.14011881550059
125,76,182,108.77185118155475
125,77,181,107.64734992924059
125,78,180,111.80758430180778
125,79,179,112.45340033086603
126,40,183,120.54483265707825
126,41,182,121.54257982397456
126,42,181,119.07629712445436
126,43,180,119.11345433144025
126,44,179,117.70131395623065
126,45,178,119.60999060950755
126,46,177,118.90110274830064
126,47,176,118.38815879538538
126,48,175,116.7586930305283
126,49,174,117.17626119576036
126,50,173,117.14133217149526
126,51,172,117.48109513897593
126,52,171,118.4295403345387
126,53,170,120.24649736169962
126,54,169,122.98904683964457
126,55,168,123.8732056355328
126,56,167,124.0698267512613
126,57,166,122.6884776468365
126,58,165,121.07990832877675
126,59,164,119.76995585182144
126,60,163,120.41772585751926
126,61,162,117.73577303839366
126,62,161,115.75335945783038
126,63,160,116.43269955501825
126,64,159,117.61833638240712
126,65,158,119.78563149113631
126,66,157,117.15601010750457
126,67,156,119.03225885282842
126,68,155,117.9529777262614
126,69,154,117.95473353562937
126,70,153,116.65961842399616
126,71,152,117.79823449929407
126,72,151,117.06562153553006
126,73,150,119.12245243300364
126,74,149,119.48632317013613
126,75,148,118.7869186618245
126,76,147,118.00879150925716
126,77,146,117.15948828062636
126,78,145,115.42304403915487
126,79,144,116.13111874087052
126,80,143,113.85940848238245
126,81,142,112.01102392919013
126,82,141,114.7009227333718
126,83,140,112.66788961996781
126,84,139,112.77024857561678
126,85,138,113.07564328529259
126,86,137,111.85409138235072
126,87,136,110.40100954580336
126,88,135,106.14578877521558
126,89,134,105.71601920725726
126,90,133,104.67611172125454
126,91,132,102.76343417770997
126,92,131,102.51557992464265
126,93,130,103.38355109742139
126,94,129,107.05342135551689
126,95,128,101.71869487727248
126,96,127,100.74132767180373
126,97,126,102.58140684945913
126,98,125,103.51760178255208
126,99,124,104.03848988625957
127,40,168,123.5143448473583
127,41,167,124.0213724971229
127,42,166,123.89472185909686
127,43,165,124.4080039260846
127,44,164,124.10679156798248
127,45,163,122.2663338775601
127,46,162,121.79654173445425
127,47,161,120.96919301695226
127,48,160,121.36633698408949
127,49,159,117.44959942654313
127,50,158,116.99777167173028
127,51,157,115.56496256571772
127,52,156,113.97321878722383
127,53,155,113.03467421667219
127,54,154,110.52527895354572
127,55,153,114.78559100517046
127,56,152,118.01164360624418
127,57,151,117.50106400220781
127,58,150,119.16544229392947
127,59,149,118.16504578686241
127,60,148,117.8165524095885
127,61,147,118.29829140461277
127,62,146,116.77804579804439
127,63,145,115.44934799073776
127,64,144,116.52123077258331
127,65,143,116.2766520603951
127,66,142,118.10237619668399
127,67,141,119.05067033321467
127,68,140,112.63404022342344
127,69,139,113.82023251456351
127,70,138,107.49887371740975
127,71,137,106.62104920026718
127,72,136,106.62599210681356
127,73,135,107.86207388700251
127,74,134,109.15103876185177
127,75,133,107.8453721667778
127,76,132,109.07112060901949
127,77,131,108.20198879286863
127,78,130,103.86871253895805
127,79,129,108.2892262942331
127,80,128,110.4886205368476
127,81,127,109.3615783625982
127,82,126,114.39962990191839
127,83,125,116.63832153992678
127,84,124,116.26952608019283
127,85,123,112.8712245193586
127,86,122,114.10696798488286
127,87,121,114.86658008270354
127,88,120,112.93867820704732
127,89,119,110.61162064897745
127,90,118,107.94849504108711
127,91,117,108.01637017855322
127,92,116,105.40775316559177
127,93,115,104.00090594711025
127,94,114,98.2794601029349
127,95,113,96.92111167951776
127,96,112,101.35075814995525
127,97,111,106.52982979391919
127,98,110,105.3496762009182
127,99,109,102.4524797294927
127,100,108,103.45427057563441
127,101,107,105.37451339304289
127,102,106,101.25374917295856
127,103,105,99.03323348148865
127,104,104,93.90405479562506
127,105,103,94.32258730183716
127,106,102,97.48851920888261
127,107,101,98.3729173548171
127,108,100,95.20456896162801
127,109,99,100.28576668595238
127,110,98,101.95932103884249
127,111,97,101.5254564784452
127,112,96,105.29356487691987
127,113,95,100.55279920566767
127,114,94,99.92744678086925
127,115,93,94.80570975728753
127,116,92,90.67269242752423
127,117,91,89.1295107386083
127,118,90,90.33845139981882
127,119,89,96.57405877386311
127,120,88,98.96125384818957
127,121,87,94.65094794026761
127,122,86,92.63288758362245
127,123,85,93.27400502987514
127,124,84,83.91516890971971
127,125,83,74.64443010481597
127,126,82,68.87897255559066
128,40,178,119.72388772519828
128,41,177,119.87372288257455
128,42,176,120.64796470048105
128,43,175,120.78672879421444
128,44,174,119.98061278857433
128,45,173,120.13618837717975
128,46,172,120.21047116893834
128,47,171,117.9318484641926
128,48,170,116.87652256138244
128,49,169,118.00415971276689
128,50,168,118.96693619181721
128,51,167,120.43506488322234
128,52,166,121.58409932321916
128,53,165,123.39564966024943
128,54,164,123.68131895398881
128,55,163,125.0
128,56,162,124.81201938393747
128,57,161,124.39485519626172
128,58,160,125.0
128,59,159,125.0
128,60,158,125.0
128,61,157,124.59858640588882
128,62,156,123.79005993993204
128,63,155,121.43046998800514
128,64,154,120.64025578292228
128,65,153,121.46606100902845
128,66,152,124.03686325052529
128,67,151,121.43473298171915
128,68,150,120.85049882166078
128,69,149,118.4884737197843
128,70,148,117.45136875988626
128,71,147,116.49184502527878
128,72,146,115.79585034683078
128,73,145,113.0288039416731
128,74,144,111.40912299432094
128,75,143,111.65381526905668
128,76,142,109.0247579874509
128,77,141,107.49467597849889
128,78,140,107.70870413541192
128,79,139,101.74237881591357
128,80,138,102.52405510899484
128,81,137,104.37981995501556
128,82,136,102.0504436038014
128,83,135,101.66540760681787
128,84,134,96.9889439823913
128,85,133,93.39661240364023
128,86,132,92.42861286360062
128,87,131,89.20627653189922
128,88,130,86.2939072875188
128,89,129,87.60090339966638
128,90,128,83.33552069221082
128,91,127,66.42688574555774
128,92,126,72.57018739984903
128,93,125,64.73341407461419
128,94,124,84.48939561650155
128,95,123,76.2819067394338
128,96,122,82.78025449613506
128,97,121,87.84773072542188
128,98,120,80.42547176721231
128,99,119,83.50065299478393
128,100,118,88.61066697679516
128,101,117,92.65933337545681
128,102,116,95.73310816989368
128,103,115,85.03637243630241
128,104,114,87.41066749988988
128,105,113,101.7996550499773
128,106,112,105.82930847852325
128,107,111,106.12060374056992
128,108,110,101.60412498088382
128,109,109,100.23322375052507
128,110,108,99.64657183434079
129,40,257,122.49081990883434
129,41,256,124.21222189784204
129,42,255,121.46053274234806
129,43,254,120.55807058770279
129,44,253,119.46961835814162
129,45,252,120.21188140339926
129,46,251,119.97429932535383
129,47,250,118.94998330654622
129,48,249,120.35562337563434
129,49,248,122.50351415588148
129,50,247,122.57565208004539
129,51,246,121.1231463933384
129,52,245,124.10993321723032
129,53,244,123.72319701308851
129,54,243,124.01237451437174
129,55,242,124.38156161168169
129,56,241,124.14443658588314
129,57,240,124.37642786652673
129,58,239,124.87128131863301
129,59,238,125.0
129,60,237,124.29917756873715
129,61,236,125.0
129,62,235,125.0
129,63,234,125.0
129,64,233,125.0
129,65,232,125.0
129,66,231,124.50978716697608
129,67,230,123.91958183794421
129,68,229,122.49625114153218
129,69,228,122.10002960434107
129,70,227,123.16397862739984
129,71,226,122.33568383828094
129,72,225,123.83666591348572
129,73,224,123.83551591772249
129,74,223,123.5082885093552
129,75,222,122.78342167512653
129,76,221,121.04435542656765
129,77,220,121.86365293483553
129,78,219,121.59816470959765
129,79,218,121.16727285796736
129,80,217,122.20365662513672
129,81,216,122.61641342752407
129,82,215,119.93491696946899
129,83,214,119.69896892198179
129,84,213,121.17818090022536
129,85,212,120.41712198504351
129,86,211,120.76315525501661
129,87,210,120.15430183460364
129,88,209,120.8301695421954
129,89,208,121.1359220543853
129,90,207,119.72913062015519
129,91,206,119.7346050870391
129,92,205,121.00120564346096
129,93,204,119.3488795347447
129,94,203,118.79060319475602
129,95,202,118.77874442119304
129,96,201,122.54674430724137
129,97,200,123.23639213522245
129,98,199,122.49566069845491
129,99,198,123.78631334907686
129,100,197,124.10828821960264
129,101,196,122.95277626092013
129,102,195,122.31846482316139
129,103,194,121.46182721951556
129,104,193,120.9501554226072
129,105,192,119.8231750169218
129,106,191,117.76259227763515
129,107,190,118.09384575063035
129,108,189,113.04100609585586
129,109,188,119.44711285761663
129,110,187,122.18361500644365
129,111,186,122.67411144195236
129,112,185,120.99958025304852
129,113,184,122.15835140216753
129,114,183,121.76541314298352
129,115,182,121.55106916475376
129,116,181,122.08593786203383
129,117,180,122.91673704522401
129,118,179,123.60441184488766
129,119,178,124.18448248618233
129,120,177,125.0
129,121,176,124.91689942257949
129,122,175,122.8861403375679
129,123,174,122.34715888350817
129,124,173,123.43144296636547
129,125,172,123.30048847677133
129,126,171,121.46047285755975
129,127,170,118.39422520592404
129,128,169,120.50163700608219
129,129,168,119.6681860410884
129,130,167,119.2972943585876
129,131,166,120.75647211130402
129,132,165,121.21068901453825
129,133,164,121.68546371915247
129,134,163,122.76973755489601
129,135,162,122.53001529881507
129,136,161,122.97652874273214
129,137,160,123.3389404449104
129,138,159,121.848896359207
129,139,158,122.67790977956248
129,140,157,123.99247185619453
129,141,156,123.96251554625161
129,142,155,123.69776056199049
129,143,154,122.43684755480353
129,144,153,119.53166916519905
129,145,152,118.01089179884183
129,146,151,118.32331596152513
129,147,150,121.32004214275963
129,148,149,118.75840475904975
129,149,148,120.03239433445249
129,150,147,120.8557765810285
129,151,146,123.25137915433977
129,152,145,122.28080317731066
129,153,144,123.17299053105842
129,154,143,121.776581704097
129,155,142,118.9053539555124
129,156,141,120.5757045105442
129,157,140,117.33799607165815
129,158,139,119.95351558652618
129,159,138,120.9203030227026
129,160,137,122.26915723515336
129,161,136,121.00038932098784
129,162,135,119.73293165553628
129,163,134,118.63863300869974
129,164,133,118.78556140094892
129,165,132,119.85977000664491
129,166,131,120.36935503031526
129,167,130,121.13398973037941
129,168,129,122.26091304191475
129,169,128,122.66943396870309
129,170,127,120.45914300039078
129,171,126,118.86163155532041
129,172,125,119.77165473276919
129,173,124,120.5483823487319
129,174,123,121.07873154899164
129,175,122,121.47846059467041
129,176,121,123.45980661711721
129,177,120,121.32900094467126
129,178,119,122.04616455079592
129,179,118,123.06429433830792
129,180,117,123.63213931524311
129,181,116,122.60082326636177
129,182,115,121.62898280389017
129,183,114,119.61665167550964
129,184,113,118.7141336634698
129,185,112,118.4255442955656
129,186,111,116.77335904417558
129,187,110,113.9596228858965
129,188,109,112.74306303283541
129,189,108,110.94210577468772
129,190,107,111.11334309844136
129,191,106,112.01120966702429
129,192,105,108.21061484687905
129,193,104,109.44682777189905
129,194,103,106.11815933957028
129,195,102,105.28561085563668
129,196,101,101.8124092970226
129,197,100,94.47055001644921
129,198,99,96.27819831651178
129,199,98,96.15094837545323
129,200,97,93.85439128388671
129,201,96,95.92013741045838
129,202,95,92.11675922794016
129,203,94,91.5911722892323
129,204,93,91.20384058778154
129,205,92,93.78218024019448
129,206,91,93.59423664779092
129,207,90,94.65062517277656
129,208,89,94.42435363954226
129,209,88,92.47476957939278
129,210,87,92.94773054357395
129,211,86,89.86643651389025
129,212,85,88.99485698434201
129,213,84,90.36501602304656
129,214,83,86.13064337373815
129,215,82,82.68280394666505
129,216,81,83.45663276970056
129,217,80,83.28432974889486
129,218,79,85.60877783210208
130,40,222,125.0
130,41,221,124.73065398401539
130,42,220,123.27670579313978
130,43,219,123.57785370145626
130,44,218,119.9112059718513
130,45,217,117.41995788832587
130,46,216,118.10617141682518
130,47,215,117.02058468583462
130,48,214,117.58432094672966
130,49,213,120.21170115195642
130,50,212,121.27803921545593
130,51,211,122.1334702527653
130,52,210,120.41574916056399
130,53,209,119.54273363963209
130,54,208,120.3638458012889
130,55,207,121.20446733649888
130,56,206,121.8354232351661
130,57,205,119.91778217703506
130,58,204,119.26201429984536
130,59,203,123.09584845650744
130,60,202,123.14211375660287
130,61,201,123.74804979896363
130,62,200,123.68323551793011
130,63,199,122.12407212469736
130,64,198,123.49380161524643
130,65,197,125.0
130,66,196,124.10717990510113
130,67,195,123.21575496957159
130,68,194,120.25660293410206
130,69,193,120.60353168126574
130,70,192,118.01774898167702
130,71,191,116.79006376152181
130,72,190,118.75917851233908
130,73,189,117.55373896305765
130,74,188,117.03032744940795
130,75,187,116.02872140000986
130,76,186,116.92216138894364
130,77,185,117.934416511459
130,78,184,118.98450754177104
130,79,183,117.22509414761178
130,80,182,119.13095500613153
130,81,181,118.40939778003863
130,82,180,116.6179135968224
130,83,179,115.08882873942102
130,84,178,114.11032707256797
130,85,177,115.53056997793237
130,86,176,113.10883525796763
130,87,175,111.42127545023075
130,88,174,106.52210159723879
130,89,173,105.88378720496135
130,90,172,106.98256305287543
130,91,171,101.7854120583581
130,92,170,95.51448961603589
130,93,169,96.95482989634569
130,94,168,99.10451064132843
130,95,167,96.17621634032794
130,96,166,98.10891591629112
130,97,165,97.2970038372662
130,98,164,102.12710917231055
130,99,163,107.92321255795716
130,100,162,110.62809961066401
130,101,161,105.97428735227278
130,102,160,103.34510101955809
130,103,159,107.8218900551492
130,104,158,109.28176599865711
130,105,157,111.51187304124649
130,106,156,106.04144688618436
130,107,155,105.22935997133415
130,108,154,100.84243359125115
130,109,153,107.05885738325617
130,110,152,108.02191049648528
130,111,151,100.28286176511932
130,112,150,100.58143221474418
130,113,149,103.7833727409036
130,114,148,99.89174770736406
130,115,147,104.93876117022069
130,116,146,108.05359640718886
130,117,145,111.08306706462173
130,118,144,112.06233817500404
130,119,143,110.9921107857205
130,120,142,112.91409407884387
130,121,141,112.45472984652514
130,122,140,110.55760932599821
130,123,139,106.73879165623613
130,124,138,106.56964124016244
130,125,137,110.68519685195561
130,126,136,108.12943480117558
130,127,135,110.13348301896559
130,128,134,112.00364032255833
130,129,133,114.18531132349187
130,130,132,115.03347966022903
130,131,131,112.53931463941647
130,132,130,110.18046492535997
130,133,129,105.85102823485906
130,134,128,104.98229362514373
130,135,127,105.94486128144607
130,136,126,105.97916580821973
130,137,125,108.81430178252303
130,138,124,113.35949219634776
130,139,123,117.81675085357358
130,140,122,115.4487509826989
130,141,121,114.09931733240234
131,40,153,118.12794278164469
131,41,152,116.62887378240785
131,42,151,118.13355916081221
131,43,150,117.64203965156639
131,44,149,116.82580417091773
131,45,148,119.22723735219375
131,46,147,119.05717423337641
131,47,146,119.40338691625675
131,48,145,120.64214004740876
131,49,144,118.72236415454441
131,50,143,117.01880624586452
131,51,142,110.009469660869
131,52,141,116.25411227769595
131,53,140,116.50066530422728
131,54,139,114.76991626944238
131,55,138,117.30974355255559
131,56,137,116.89257706627947
131,57,136,115.15960091294119
131,58,135,115.41243653028897
131,59,134,117.88620384548736
131,60,133,120.01392504829761
131,61,132,120.7129386863449
131,62,131,121.37900847375136
131,63,130,120.3105921073686
131,64,129,120.01907551696777
131,65,128,120.55032520500562
131,66,127,118.64705289899163
131,67,126,120.8387675779736
131,68,125,118.14540326813757
131,69,124,118.26389834806876
131,70,123,116.81309936950743
131,71,122,120.06508066820152
131,72,121,117.20117820499135
131,73,120,119.94296728091145
132,40,121,121.55571570338917
132,41,120,121.76023625335245
132,42,119,121.11663256979081
132,43,118,122.93007027982277
132,44,117,123.47968232714098
132,45,116,123.46120480915232
132,46,115,121.77407513352205
132,47,114,115.11175258363666
132,48,113,112.26921054405899
132,49,112,119.34802098671287
132,50,111,113.9522478074669
132,51,110,119.4043426762343
132,52,109,114.77070999525785
132,53,108,113.60012075688093
132,54,107,118.91106380289804
132,55,106,117.24889134312517
132,56,105,116.33805017738595
132,57,104,119.75537580860713
132,58,103,120.73600633534346
132,59,102,116.43530632783286
132,60,101,115.6067786833687
132,61,100,116.26220373798293
132,62,99,116.25060730287913
132,63,98,115.62806740738142
132,64,97,115.71830138738055
132,65,96,115.01970960140562
132,66,95,115.94642680450096
132,67,94,112.4636591508681
132,68,93,109.45387549327359
132,69,92,105.00404226939352
132,70,91,104.7168762332877
132,71,90,101.97095096989113
132,72,89,102.89240383384424
132,73,88,105.64012433441907
132,74,87,102.00148087109554
132,75,86,103.03319673365442
132,76,85,100.56878714110735
132,77,84,100.91634441047447
132,78,83,101.55043821036048
132,79,82,96.41585541012066
132,80,81,98.0536479995167
132,81,80,100.15875721804952
132,82,79,95.216843709564
132,83,78,98.32873836686525
132,84,77,104.27404618796244
132,85,76,101.39891541660717
132,86,75,85.66804742574533
132,87,74,73.19409555588626
132,88,73,69.67903478632485
132,89,72,80.35142381143206
132,90,71,76.88634484498286
132,91,70,71.01725107127464
132,92,69,64.73505438604997
132,93,68,65.78311898022618
132,94,67,66.8683986544113
132,95,66,72.52329140093791
132,96,65,66.353631868137
132,97,64,68.04356446648347
132,98,63,66.48101343488702
132,99,62,59.76840911653116
132,100,61,59.2607402901518
132,101,60,55.78008355722642
132,102,59,56.910721332781456
132,103,58,61.803201985165984
132,104,57,66.9959982630343
132,105,56,64.8871970128472
132,106,55,66.79008128389724
132,107,54,65.79239423939639
132,108,53,64.24824053397577
132,109,52,62.79992628879603
132,110,51,68.3090819354946
132,111,50,65.50562079927231
132,112,49,62.151612020082766
132,113,48,66.68576621099626
132,114,47,73.27296196295006
132,115,46,72.6925598189992
132,116,45,65.26293675137386
132,117,44,58.08712928890865
132,118,43,60.45062166990152
132,119,42,54.000969371309786
132,120,41,48.442810740977556
132,121,40,49.250739221987146
132,122,39,47.34923482120535
133,40,184,122.37962452794989
133,41,183,122.49125640428622
133,42,182,122.54069419200484
133,43,181,123.66987475618176
133,44,180,123.47964491009984
133,45,179,124.19005723612638
133,46,178,124.18994900899281
133,47,177,122.54156272447617
133,48,176,123.87062907069404
133,49,175,121.94113021096302
133,50,174,121.810597532338
133,51,173,121.44743112984698
133,52,172,119.63133631296478
133,53,171,120.20626075177466
133,54,170,119.60974389850796
133,55,169,119.00751872888794
133,56,168,120.17186996138412
133,57,167,121.8573579402763
133,58,166,123.48477661469906
133,59,165,123.32663962897615
133,60,164,123.7838204263872
133,61,163,123.72784278004566
133,62,162,121.94724854581857
133,63,161,121.00233433594136
133,64,160,121.20346447835954
133,65,159,122.42931381694763
133,66,158,120.09988773576356
133,67,157,116.67852493755493
133,68,156,115.65886506697922
133,69,155,113.6213981046273
133,70,154,112.89583238579004
133,71,153,115.89682356138883
133,72,152,112.93537017861624
133,73,151,112.33092327496662
133,74,150,114.54238587358256
133,75,149,114.35345283121544
133,76,148,112.41170118960753
133,77,147,114.29101872989844
133,78,146,115.2109304998682
133,79,145,114.89387727484412
133,80,144,116.52663028859843
133,81,143,118.79774846281481
133,82,142,118.13582934276651
133,83,141,119.82439231847437
133,84,140,119.69824764180294
133,85,139,118.83094892129452
133,86,138,116.64755168218528
133,87,137,115.3297210425985
133,88,136,115.44243691378546
133,89,135,112.5219104071295
133,90,134,114.11682738202168
133,91,133,114.57200203104762
133,92,132,115.86499582137918
133,93,131,113.41489294503
133,94,130,115.48355085564953
133,95,129,111.76871785761304
133,96,128,111.27690576668184
133,97,127,114.21000992938787
133,98,126,115.31352129984003
133,99,125,112.87437816039707
133,100,124,114.92343617576425
133,101,123,113.09003882535211
133,102,122,111.42701809573592
133,103,121,108.52442102660012
133,104,120,108.06342851634328
133,105,119,104.28651773731161
133,106,118,103.19384993730995
133,107,117,101.97591738592628
133,108,116,100.22116322887854
133,109,115,100.0232687701747
133,110,114,97.15851796003793
133,111,113,92.06035791114348
133,112,112,86.71684419051735
133,113,111,92.16647578363533
133,114,110,89.1315351758264
133,115,109,85.70023499481847
133,116,108,88.1917806790614
133,117,107,82.44258173459374
133,118,106,82.2917013265463
133,119,105,80.58017639014213
133,120,104,81.20515666000792
133,121,103,82.3832940314512
133,122,102,90.46220741981438
133,123,101,94.31431162297608
133,124,100,90.99859645038266
133,125,99,92.3416223815537
133,126,98,89.88125871743435
133,127,97,85.90355821294543
133,128,96,86.6330428002099
133,129,95,83.88903117749376
133,130,94,75.9060565138106
133,131,93,79.02776908152894
133,132,92,84.91588122068322
133,133,91,86.47750866512072
133,134,90,90.00761671219402
133,135,89,89.69891629365736
133,136,88,84.01034179476918
133,137,87,92.36121346297577
133,138,86,92.01844546604129
133,139,85,92.67446835653183
133,140,84,93.47952296460525
133,141,83,92.33601077815428
133,142,82,93.89092556590036
133,143,81,89.56133373602913
133,144,80,90.81040824288294
133,145,79,96.3866097677346
133,146,78,96.36005501899771
133,147,77,99.78497866461365
133,148,76,99.90207251348039
133,149,75,90.39801314081521
133,150,74,92.8107600369807
133,151,73,97.77945329701177
133,152,72,96.15621043692997
133,153,71,92.99725023460499
133,154,70,91.40815081022734
133,155,69,84.22220301526622
133,156,68,81.0290881480689
133,157,67,80.82320559194284
133,158,66,77.56948571618629
133,159,65,72.42427649085003
133,160,64,71.18514326552656
133,161,63,65.42102604694152
133,162,62,64.01027336406747
133,163,61,63.99617897243938
133,164,60,61.740874404755964
133,165,59,57.206025135998864
133,166,58,51.12828965643007
133,167,57,53.41884682627947
133,168,56,52.743845470736034
133,169,55,52.47493583714033
133,170,54,47.56092061977235
133,171,53,46.983475370089224
133,172,52,43.44055933684371
133,173,51,46.83467431762796
133,174,50,49.658605989431585
133,175,49,49.004652561203315
133,176,48,49.679029898922735
133,177,47,52.572694533346834
133,178,46,47.5689048507351
133,179,45,48.168098601968524
133,180,44,45.8794244705164
133,181,43,45.27610858110408
133,182,42,47.17499498236673
133,183,41,47.60538682544092
133,184,40,51.507462499379386
133,185,39,51.10662760917542
133,186,38,50.75930138997833
134,40,155,118.3920794911117
134,41,154,119.24068482956962
134,42,153,118.56234377913745
134,43,152,119.6179722592166
134,44,151,120.30285416188897
134,45,150,122.47305012730327
134,46,149,124.99506731777296
134,47,148,124.60113604984204
134,48,147,124.78546864910805
134,49,146,124.36949323796128
134,50,145,123.4052874506919
134,51,144,122.20491330959406
134,52,143,122.54621954675348
134,53,142,122.92666138384443
134,54,141,122.93960064384586
134,55,140,122.83997274241621
134,56,139,122.71672768706574
134,57,138,122.18029258572429
134,58,137,123.22922308769623
134,59,136,121.66266978801663
134,60,135,122.4902113046951
134,61,134,122.73401401772281
134,62,133,122.79329234028714
134,63,132,123.04277658252938
134,64,131,122.18208335733398
134,65,130,121.13899220714713
134,66,129,121.40504277049699
134,67,128,120.6680567442208
134,68,127,119.1901283608861
134,69,126,117.36357980944294
134,70,125,115.15245566178217
134,71,124,115.00784449930173
134,72,123,111.63901313268616
134,73,122,112.72819328231567
134,74,121,109.80060800729908
134,75,120,109.66792721850766
134,76,119,110.71282558691071
134,77,118,109.05743356609304
134,78,117,108.93409096553091
134,79,116,106.87162490883381
134,80,115,103.40542192549603
134,81,114,105.44283735577022
134,82,113,105.80319374206675
134,83,112,104.11854740504586
134,84,111,108.03131036213497
134,85,110,108.43248819600475
134,86,109,109.96798507021757
134,87,108,110.38857493189343
134,88,107,111.10244106257298
134,89,106,111.87347564858405
134,90,105,109.2389994221354
134,91,104,109.6341275402497
134,92,103,107.45028504860004
134,93,102,107.76753995210667
134,94,101,106.4666446176563
134,95,100,107.43867419974836
134,96,99,107.46605648594128
134,97,98,104.44344668187883
134,98,97,107.41261909710397
134,99,96,110.4615415017749
134,100,95,108.6661560277076
134,101,94,106.45014303227978
134,102,93,109.92746300795753
134,103,92,110.34469690167822
134,104,91,111.22171710874912
134,105,90,101.73847044768752
134,106,89,109.34575693886367
134,107,88,104.98757513967438
134,108,87,102.79307440262372
134,109,86,106.22800936612437
134,110,85,107.94101672204707
134,111,84,105.46102507386186
134,112,83,101.04061756491762
134,113,82,98.89181811937809
134,114,81,96.9329080756917
134,115,80,94.67296600079966
134,116,79,95.00697302677969
134,117,78,90.48510734596789
134,118,77,85.74767924825477
134,119,76,82.57522927922447
134,120,75,82.50402442214283
134,121,74,83.42339746490666
134,122,73,84.86667424732883
134,123,72,83.98206347508872
134,124,71,85.10569763592117
134,125,70,83.28178230356659
134,126,69,82.95025116593372
134,127,68,84.01180400205797
134,128,67,85.75125633806236
134,129,66,83.48177577532174
134,130,65,77.5446815723535
134,131,64,77.56627796867787
134,132,63,71.12527950602129
134,133,62,68.47087931751884
134,134,61,67.99042202506885
134,135,60,64.4685749587615
134,136,59,62.68991033512118
134,137,58,62.2651902781032
134,138,57,60.94618002179459
134,139,56,61.03368254506313
134,140,55,58.83212828905862
134,141,54,58.558670990368185
134,142,53,54.23685374408193
134,143,52,53.50808928707929
134,144,51,51.60202672798492
134,145,50,52.9316382835412
134,146,49,53.71087610621756
134,147,48,55.4238911177074
134,148,47,54.54054397822146
134,149,46,52.92992447581565
134,150,45,51.93694018635948
134,151,44,54.35942809723138
134,152,43,48.878196294361004
134,153,42,47.63866873583302
134,154,41,42.638391012276756
134,155,40,43.06684185608972
134,156,39,46.79697407175688
134,157,38,42.50012346138447
134,158,37,38.5935423676284
134,159,36,39.79706486811381
134,160,35,38.01791300761711
134,161,34,39.90880670048668
134,162,33,38.338880072053456
134,163,32,36.84171164794007
134,164,31,39.606214790725815
134,165,30,42.19176053459108
134,166,29,37.24423611365522
134,167,28,35.69240229439259
134,168,27,34.70527511411338
134,169,26,32.66810696387475
134,170,25,31.7110667739068
134,171,24,30.681174498429
134,172,23,24.213912142676158
134,173,22,23.20762265232449
134,174,21,21.147230790718027
134,175,20,21.84760891416213
134,176,19,21.252654940616672
134,177,18,18.61861651285296
134,178,17,17.056785196091212
134,179,16,15.553413478270853
134,180,15,15.06140782297093
134,181,14,13.517703134082588
134,182,13,10.92370164346671
134,183,12,10.014345305417457
134,184,11,9.110160279649904
134,185,10,8.662217240609676
134,186,9,6.71682130763126
135,40,247,124.289140588958
135,41,246,124.21225124898139
135,42,245,122.24206335633104
135,43,244,122.61067092039313
135,44,243,123.11737116426572
135,45,242,123.29390749551143
135,46,241,119.90876805697005
135,47,240,120.65483804496662
135,48,239,121.58754241065103
135,49,238,121.55296429831157
135,50,237,121.71432583430206
135,51,236,122.82715196074474
135,52,235,123.03266393136656
135,53,234,123.22982672041451
135,54,233,122.26516922715163
135,55,232,123.24293571934086
135,56,231,122.83672613733572
135,57,230,124.35173661129531
135,58,229,122.50748908677016
135,59,228,122.68109797593115
135,60,227,122.17084338886394
135,61,226,120.90989674957942
135,62,225,121.8047809841305
135,63,224,122.26973645810259
135,64,223,122.8655727642568
135,65,222,122.49167716706489
135,66,221,121.70768021423828
135,67,220,122.84591733867907
135,68,219,120.09040122741393
135,69,218,119.12360943186991
135,70,217,116.38909183051555
135,71,216,116.14456514357477
135,72,215,118.16195986045005
135,73,214,119.76271824118103
135,74,213,121.52184706962207
135,75,212,121.45790170243062
135,76,211,120.85225747260347
135,77,210,115.70399243927031
135,78,209,117.67124230355381
135,79,208,117.88523838188655
135,80,207,114.68151903005901
135,81,206,114.4100738963358
135,82,205,115.27609102621344
135,83,204,119.18275421429635
135,84,203,120.92990588320629
135,85,202,121.28158239168445
135,86,201,121.72923838912236
135,87,200,119.39195044039539
135,88,199,120.9826092457231
135,89,198,120.86723900108277
135,90,197,119.28370583423664
135,91,196,115.08245564146196
135,92,195,114.97729334532494
135,93,194,118.08759630298798
135,94,193,117.63335767878229
135,95,192,117.27869759867446
135,96,191,117.11320523782719
135,97,190,118.7846206237802
135,98,189,119.56070469573895
135,99,188,119.73850638859396
135,100,187,120.24902724246343
135,101,186,120.8438074951416
135,102,185,121.3747345042616
135,103,184,121.86808867806198
135,104,183,122.60350588606272
135,105,182,122.06473070469025
135,106,181,121.71763928495702
135,107,180,120.47690783179232
135,108,179,119.49967730528888
135,109,178,118.98470340763147
135,110,177,114.7526771391548
135,111,176,116.03207801356946
135,112,175,117.08193539447475
135,113,174,118.2603503776746
135,114,173,120.53560781702467
135,115,172,120.89494080071015
135,116,171,120.4210888802831
135,117,170,117.82981578778032
135,118,169,119.50487971409459
135,119,168,118.98138330587742
135,120,167,118.74512886262295
136,40,124,124.00011948879265
136,41,123,122.44513829566586
136,42,122,121.48014913769471
136,43,121,120.93519191973324
136,44,120,122.72548343644407
136,45,119,122.27000071637889
136,46,118,120.30756880030833
136,47,117,121.32761635539762
136,48,116,119.48394456294119
136,49,115,116.81132886350017
136,50,114,118.47443658472612
136,51,113,118.41960509885027
136,52,112,116.65719214613057
136,53,111,118.11707363993267
136,54,110,117.20416692919585
136,55,109,117.76110203271276
136,56,108,115.12137097000944
136,57,107,115.27195446053547
136,58,106,115.2122781557389
136,59,105,116.39819600095228
136,60,104,114.14204044338524
136,61,103,114.58148650708328
136,62,102,111.733593876877
136,63,101,107.37387271649291
136,64,100,107.18885855621633
136,65,99,105.74552275297404
136,66,98,103.69424039987699
136,67,97,109.48939971902985
136,68,96,105.7846390990965
136,69,95,103.37230320387364
136,70,94,108.25413509955874
136,71,93,107.19615606738157
136,72,92,110.08839648444032
136,73,91,107.49339802186985
136,74,90,106.26838844939803
136,75,89,107.29297057061206
136,76,88,109.98616612093466
136,77,87,106.75183969997232
137,40,274,121.81106467433082
137,41,273,120.76021677659969
137,42,272,120.53708011367621
137,43,271,121.73613043256154
137,44,270,120.06908369106853
137,45,269,120.11894479619434
137,46,268,121.51428643795838
137,47,267,121.1510605800759
137,48,266,120.61600756967603
137,49,265,120.67354597895309
137,50,264,120.29087780854039
137,51,263,122.459826899565
137,52,262,122.19196796614288
137,53,261,122.74019923511298
137,54,260,124.41382829370642
137,55,259,123.7063522149832
137,56,258,121.8100748476214
137,57,257,119.3836085216623
137,58,256,118.85624546344968
137,59,255,122.08980925334231
137,60,254,122.64962259978404
137,61,253,121.38556254486633
137,62,252,122.4013488743334
137,63,251,123.99215522448506
137,64,250,125.0
137,65,249,125.0
137,66,248,124.26460891155989
137,67,247,124.30439043519789
137,68,246,124.83237234540866
137,69,245,123.72711715737296
137,70,244,123.38252541682493
137,71,243,122.79852837148363
137,72,242,122.1976700469221
137,73,241,121.78382457338355
137,74,240,121.69683354442265
137,75,239,117.54051735602027
137,76,238,114.36204333641237
137,77,237,116.35324674126889
137,78,236,114.57095518943335
137,79,235,116.33784828958083
137,80,234,120.5169929850864
137,81,233,120.54372136018429
137,82,232,122.28345692121043
137,83,231,121.81160315816464
137,84,230,122.30494226922633
137,85,229,122.54291028963513
137,86,228,121.17151031885112
137,87,227,121.13143856803575
137,88,226,122.26146659350113
137,89,225,124.02892119746797
137,90,224,122.3004878905308
137,91,223,123.43417655398702
137,92,222,123.2278688159922
137,93,221,121.20433611399572
137,94,220,122.56227466344544
137,95,219,122.00898661372855
137,96,218,119.94428894236856
137,97,217,120.99678691679594
137,98,216,119.96706642729653
137,99,215,120.56247999420793
137,100,214,121.0249922233658
137,101,213,119.90003947561885
137,102,212,121.41577176422167
137,103,211,122.02962443254924
137,104,210,122.20983803477577
137,105,209,123.24306154751645
137,106,208,123.12511858249631
137,107,207,123.21316353904118
137,108,206,123.55494528669456
137,109,205,123.07658158824668
137,110,204,122.34969175176914
137,111,203,122.35009298735412
137,112,202,120.71591697385628
137,113,201,118.0736696164779
137,114,200,117.63309731166224
137,115,199,116.13146978928081
137,116,198,112.35794639857005
137,117,197,110.3512542359033
137,118,196,114.01006915858072
137,119,195,115.64396548165608
137,120,194,115.88011897919841
137,121,193,113.20143311999638
137,122,192,116.39613360441075
137,123,191,119.69812147827918
137,124,190,117.66291549229359
137,125,189,116.11862779317082
137,126,188,113.17515984549735
137,127,187,116.71534630753274
137,128,186,116.40423414725059
137,129,185,118.8544726411676
137,130,184,117.25551673692786
137,131,183,119.24635199606209
137,132,182,119.02407787416296
137,133,181,118.51604037804718
137,134,180,120.548999593307
137,135,179,117.59781893856453
137,136,178,112.12343170360644
137,137,177,116.72227648333028
137,138,176,115.31549331225625
137,139,175,112.93196911370379
137,140,174,106.38604843943105
137,141,173,108.73650843950449
137,142,172,111.51890645019216
137,143,171,111.92078899991836
137,144,170,112.45612830467445
137,145,169,116.63521166357498
137,146,168,117.62258268863687
137,147,167,118.7584247535278
137,148,166,120.26614298058459
137,149,165,119.23505550802126
137,150,164,118.63955989113765
137,151,163,120.40414073476975
137,152,162,120.13806680619925
137,153,161,116.86422353298786
137,154,160,115.96301452105399
137,155,159,115.01312475154876
137,156,158,113.4247633874827
137,157,157,112.57373229175522
137,158,156,113.46751919341312
137,159,155,113.66311545566435
137,160,154,112.65557350020556
137,161,153,108.70576260884113
137,162,152,105.12318455936625
137,163,151,110.33000503562121
137,164,150,106.83785476324806
137,165,149,108.79014835903924
137,166,148,109.56760420268816
137,167,147,109.58791039030132
137,168,146,107.00305623092414
137,169,145,106.34095120668589
137,170,144,108.99942376557266
137,171,143,107.1931260480344
137,172,142,115.56146869496709
137,173,141,112.38565693383991
137,174,140,113.03618453601055
137,175,139,111.85795333829054
137,176,138,111.18231547700917
137,177,137,109.89160475378972
137,178,136,112.76748675031222
137,179,135,114.09634067454934
137,180,134,114.52287785300727
137,181,133,118.24950856746563
137,182,132,120.84292986949927
137,183,131,117.93155916297032
137,184,130,120.36870811499521
137,185,129,118.23036665689547
137,186,128,116.94207276623649
137,187,127,117.92454308697208
137,188,126,116.31548974667892
137,189,125,119.88027440226642
137,190,124,119.94492297073177
137,191,123,117.84836841927596
137,192,122,117.61406890683656
137,193,121,115.3889490139529
137,194,120,114.53749795094447
137,195,119,115.98272807630434
137,196,118,116.73557593053495
137,197,117,116.34247522532876
137,198,116,118.15122390350771
137,199,115,118.26932655475827
137,200,114,117.46793127306938
137,201,113,117.3657381596324
137,202,112,111.67545303791195
137,203,111,110.2726429102317
137,204,110,105.87685944660082
137,205,109,108.99293002337163
137,206,108,107.22072187368637
137,207,107,107.11936255168844
137,208,106,103.73244218033672
137,209,105,101.3505587183042
137,210,104,97.75241656922256
137,211,103,99.08328429385631
137,212,102,89.34666119245999
137,213,101,86.22659939514605
137,214,100,81.19433002106109
137,215,99,77.7971218809567
137,216,98,76.18640190289776
137,217,97,71.30868972491152
137,218,96,74.07064126320122
137,219,95,75.27749249219384
137,220,94,74.00039023779433
137,221,93,84.27857840982568
137,222,92,91.89374964059311
137,223,91,94.57543040860413
137,224,90,94.8334739398081
137,225,89,95.53806896917959
137,226,88,90.63976780424451
138,40,167,122.86525543195009
138,41,166,124.18518234006737
138,42,165,124.04263604326133
138,43,164,122.73214749514975
138,44,163,120.33039400989378
138,45,162,123.31832676462759
138,46,161,125.0
138,47,160,124.35088176589208
138,48,159,122.76993139810989
138,49,158,121.79599239557652
138,50,157,117.13705373565604
138,51,156,117.94645346606191
138,52,155,117.17781938977537
138,53,154,118.20366740834943
138,54,153,119.13107982757069
138,55,152,116.87705840272635
138,56,151,118.5090163936555
138,57,150,119.57498884868897
138,58,149,115.04840772520294
138,59,148,115.39771664259426
138,60,147,116.37419362499688
138,61,146,110.2967471880365
138,62,145,108.33885122872519
138,63,144,105.4371850679079
138,64,143,105.68299410584223
138,65,142,110.56113817187813
138,66,141,109.17431189123032
138,67,140,110.54484744503745
138,68,139,110.84930859533165
138,69,138,109.52992272452386
138,70,137,110.42589559564905
138,71,136,108.055559183804
138,72,135,109.3273247716462
138,73,134,114.73101047396764
138,74,133,112.31359951174238
138,75,132,112.80369118856422
138,76,131,110.86513137031844
138,77,130,108.01882354704108
138,78,129,111.16561454045558
138,79,128,112.27300964816577
138,80,127,114.41831409556218
138,81,126,116.34194169147992
138,82,125,117.88889048252182
138,83,124,116.19051236078315
138,84,123,112.93290895934962
138,85,122,114.73787061793784
138,86,121,113.91136810078356
138,87,120,114.5515065707362
138,88,119,107.12800087400392
138,89,118,110.58068157962106
138,90,117,110.23231783893911
138,91,116,112.98742332343767
138,92,115,113.38601981401075
138,93,114,116.18865034217862
138,94,113,112.62545932356348
138,95,112,111.98359713502546
138,96,111,110.61755750773679
138,97,110,111.50147116644041
138,98,109,111.21821777798762
138,99,108,107.88024327526978
138,100,107,105.35559435999747
138,101,106,100.42422361337262
138,102,105,91.83626057620717
138,103,104,93.48284652552216
138,104,103,89.47929353447677
138,105,102,92.27928448573721
138,106,101,86.20531780321593
138,107,100,89.52277881079797
138,108,99,81.70414958615649
138,109,98,79.78658503464369
138,110,97,78.88768354733557
138,111,96,70.5624892487024
138,112,95,74.37400917801511
138,113,94,78.66612597639087
138,114,93,68.7803127934005
138,115,92,68.42617792363797
138,116,91,61.62968291253595
138,117,90,59.84974900215681
138,118,89,64.86999838246805
138,119,88,66.90970907406535
138,120,87,68.07959717713997
138,121,86,72.88193156167594
138,122,85,69.90054920876392
138,123,84,73.03724524950842
138,124,83,76.09531566368956
138,125,82,78.23215780731232
138,126,81,75.44298198783054
138,127,80,72.97097455502433
138,128,79,74.80701580054142
138,129,78,72.86057128897932
138,130,77,78.21212999128085
138,131,76,77.91483821651784
138,132,75,89.26859928440004
138,133,74,89.72700656341377
138,134,73,93.8757337351922
138,135,72,89.89665073991043
138,136,71,87.07703532843706
138,137,70,85.3590374837257
138,138,69,84.06497888307484
138,139,68,79.67064537669475
138,140,67,73.74256258810806
138,141,66,71.92451351239005
138,142,65,65.24747957242676
138,143,64,72.44555615727778
138,144,63,67.9557402533703
138,145,62,71.53464123200439
138,146,61,69.57605076196324
138,147,60,63.2764848847586
138,148,59,64.01481095760758
138,149,58,66.09467036068537
138,150,57,55.17316556790932
138,151,56,48.96307072010571
138,152,55,46.976784300425045
138,153,54,48.575637169381764
138,154,53,43.36311312590005
138,155,52,39.66146791245659
138,156,51,37.5523024129882
138,157,50,36.607185888704464
138,158,49,42.86541132790934
138,159,48,45.0316567679014
138,160,47,45.85276292331796
138,161,46,43.146972060537365
138,162,45,38.290722703318494
138,163,44,38.71896140553005
138,164,43,46.580181085674226
138,165,42,41.99878898084832
138,166,41,41.0878701169469
138,167,40,37.13316100037533
138,168,39,36.96543461890553
138,169,38,32.50402097127319
138,170,37,32.42784451604015
138,171,36,31.707574216680214
138,172,35,32.3557521416478
138,173,34,29.046604460983765
138,174,33,28.649216153448943
138,175,32,28.128614570021252
138,176,31,28.793681911391552
138,177,30,29.660875200425075
138,178,29,28.2682860476591
138,179,28,28.24205002152728
138,180,27,28.06004722799529
138,181,26,27.194078785511714
138,182,25,21.834665545136257
138,183,24,21.015412153706066
138,184,23,20.214525472237696
138,185,22,20.29031213316409
138,186,21,17.538890140134065
138,187,20,16.21003215497175
138,188,19,15.416898221615321
138,189,18,14.27490991300068
138,190,17,12.590143624249631
138,191,16,15.317129190302886
138,192,15,11.24638781246367
138,193,14,12.069988442451942
138,194,13,21.447204566104585
138,195,12,18.931300743915397
138,196,11,21.08685150555895
138,197,10,16.06232290000684
138,198,9,17.90836471287831
138,199,8,10.285056523246611
138,200,7,6.361478167317208
139,40,127,121.72889001475866
139,41,126,122.15806159988453
139,42,125,119.55440950632978
139,43,124,120.12247236982213
139,44,123,121.11878345124305
139,45,122,121.81090391534022
139,46,121,120.71585218541509
139,47,120,120.6267269329571
139,48,119,120.0830165072634
139,49,118,121.75323914456281
139,50,117,120.31052716312567
139,51,116,119.24547525743046
139,52,115,119.89092398750513
139,53,114,119.75235288440807
139,54,113,118.33975794851585
139,55,112,120.05172420325877
139,56,111,119.90154218442687
139,57,110,118.12331552152534
139,58,109,116.84286785075246
139,59,108,119.62369165986624
139,60,107,121.41514698581764
139,61,106,120.59452971018456
139,62,105,119.81600477378751
139,63,104,119.85062015933009
139,64,103,117.5454222085593
139,65,102,114.5866899051896
139,66,101,117.3923413473052
139,67,100,116.93427027571688
139,68,99,115.8789184219008
139,69,98,110.83703920895559
139,70,97,108.68947874604677
139,71,96,108.15820817929031
139,72,95,108.12624382731973
139,73,94,114.0750589658596
139,74,93,113.42328882266101
139,75,92,110.52269120054191
139,76,91,112.41644300081573
139,77,90,115.4962021114622
139,78,89,112.53037494038801
139,79,88,110.95217161373671
139,80,87,110.89061519379243
139,81,86,110.26206167821846
139,82,85,106.60449091539344
139,83,84,97.31843750054418
139,84,83,97.54278126122766
139,85,82,96.92777503086852
139,86,81,94.89105036614399
139,87,80,91.65214048803094
139,88,79,92.70786169931301
139,89,78,90.68609694824946
139,90,77,92.02902251254015
139,91,76,85.445042108507
139,92,75,76.66986606713849
139,93,74,80.3249309916721
139,94,73,76.37214691595585
139,95,72,78.19705925452394
139,96,71,74.85660176133328
139,97,70,69.60478754892075
139,98,69,72.68460811237466
139,99,68,75.56584161263407
139,100,67,75.27097508452482
139,101,66,75.51041931982674
139,102,65,75.02499551584424
139,103,64,72.77748243449989
139,104,63,64.32483737129323
139,105,62,57.95832510640088
139,106,61,60.343802015684886
139,107,60,61.43188684733478
139,108,59,54.186157262946054
139,109,58,57.5111197285494
139,110,57,57.49423198361239
139,111,56,53.39292650907727
139,112,55,52.43897476183204
139,113,54,53.397764137553736
139,114,53,48.264883103110165
139,115,52,50.505854693087024
139,116,51,48.764801974321045
140,40,321,105.30955288750326
140,41,320,105.05499948875183
140,42,319,104.86246704881214
140,43,318,103.52084193858752
140,44,317,105.2013221525101
140,45,316,111.78907805848866
140,46,315,109.12914279649121
140,47,314,114.24574610438097
140,48,313,117.19088414888796
140,49,312,118.69314956673904
140,50,311,119.41666919068268
140,51,310,117.22348242376688
140,52,309,117.86817173340437
140,53,308,118.98180797156508
140,54,307,118.7131540072323
140,55,306,121.12006755996589
140,56,305,121.70840674781313
140,57,304,120.69872867556356
140,58,303,121.55048970356364
140,59,302,121.99591127013868
140,60,301,122.48994966843456
140,61,300,121.61156366328444
140,62,299,122.45478397561857
140,63,298,123.85948582640141
140,64,297,124.13696579404414
140,65,296,124.09399134488167
140,66,295,123.16914976072812
140,67,294,123.3864360919554
140,68,293,122.63127077644444
140,69,292,122.30077414982603
140,70,291,122.782117629944
140,71,290,123.11332289551868
140,72,289,122.95476572622437
140,73,288,122.54576291884396
140,74,287,123.66377784272602
140,75,286,123.10339809177714
140,76,285,122.43773678254679
140,77,284,121.51522757675482
140,78,283,121.91846937198247
140,79,282,121.66734698106704
140,80,281,121.64392563560122
140,81,280,121.91836556454828
140,82,279,122.25379002941445
140,83,278,122.50185836509641
140,84,277,122.03359519494595
140,85,276,121.84747723318739
140,86,275,122.39753298288326
140,87,274,123.57660091787017
140,88,273,123.77009754097892
140,89,272,123.80778054428231
140,90,271,122.5547588887296
140,91,270,122.02912961415274
140,92,269,123.15530060720641
140,93,268,122.64695735743386
140,94,267,121.31370334019252
140,95,266,121.7240357715919
140,96,265,121.23782300602358
140,97,264,120.83837549366014
140,98,263,119.47390074014542
140,99,262,117.786801785972
140,100,261,113.29741979100862
140,101,260,114.49433652929169
140,102,259,109.91417344894538
140,103,258,113.43246370559199
140,104,257,115.17760787792861
140,105,256,117.00656538399008
140,106,255,113.9602419689183
140,107,254,114.04372142714018
140,108,253,110.64970257362316
140,109,252,110.46390551252595
140,110,251,112.12608419622535
140,111,250,111.20076537943274
140,112,249,112.76417550768667
140,113,248,112.39408873749221
140,114,247,113.17444805053066
140,115,246,112.42770686032537
140,116,245,109.27462834356751
140,117,244,112.68911320242611
140,118,243,115.90861842584741
140,119,242,116.03255581193142
140,120,241,112.49325484154393
140,121,240,115.41560393820892
140,122,239,110.32102002650254
140,123,238,113.94260589362405
140,124,237,117.13785553073578
140,125,236,116.48043076971065
140,126,235,114.02103863929187
140,127,234,116.80679597259834
140,128,233,120.01783923468551
140,129,232,118.15295202693979
140,130,231,120.58246733991064
140,131,230,123.73819768512149
140,132,229,124.21249611362863
140,133,228,124.67217456050885
140,134,227,123.40004376249018
140,135,226,123.28666746287666
140,136,225,123.04487480939625
140,137,224,121.98484380032815
140,138,223,124.15089170229899
140,139,222,121.89254997546699
140,140,221,123.87810010025422
140,141,220,125.0
140,142,219,124.98265189885822
140,143,218,125.0
140,144,217,125.0
140,145,216,125.0
140,146,215,125.0
140,147,214,125.0
140,148,213,125.0
140,149,212,125.0
140,150,211,125.0
140,151,210,125.0
140,152,209,125.0
140,153,208,124.69151237565977
140,154,207,124.98177559798926
140,155,206,122.76566111321051
140,156,205,123.23349501631618
140,157,204,123.52823382427479
140,158,203,125.0
140,159,202,124.41180725002697
140,160,201,123.03343037921694
140,161,200,122.07257403002518
140,162,199,119.71346207805612
140,163,198,114.78424058299612
140,164,197,111.26815205640601
140,165,196,110.58607466513146
140,166,195,109.41774823148542
140,167,194,111.06311583124287
140,168,193,111.44847047954948
140,169,192,109.88680609315557
140,170,191,114.43125138891841
140,171,190,111.09400676834133
140,172,189,111.02700963308895
140,173,188,112.83316990867999
140,174,187,115.74622840925804
140,175,186,117.69223670484726
140,176,185,117.27384700236925
140,177,184,113.52997298051
140,178,183,110.65177078987227
140,179,182,112.49882775845428
140,180,181,113.23683822078101
140,181,180,115.18595491504124
140,182,179,114.8121050666063
140,183,178,115.83197723383074
140,184,177,115.5571185644645
140,185,176,115.94249188859342
140,186,175,116.48609891332882
140,187,174,118.17288003598253
140,188,173,117.11207393438019
140,189,172,113.93357078692044
140,190,171,116.9769226261258
140,191,170,115.81962930395426
140,192,169,119.88300545776652
140,193,168,117.54515326923153
140,194,167,116.22391641905557
140,195,166,118.32420561119619
140,196,165,118.84214115251237
140,197,164,120.04198371763424
140,198,163,118.50380900547151
140,199,162,121.31957629644882
140,200,161,119.75179715190615
140,201,160,120.58430195704253
140,202,159,122.45137648579072
140,203,158,117.87784379087586
140,204,157,121.77794722721393
140,205,156,120.64138848515219
140,206,155,121.11334993859884
140,207,154,121.90947879625745
140,208,153,123.93593662185096
140,209,152,124.38103495823644
140,210,151,125.0
140,211,150,125.0
140,212,149,125.0
140,213,148,125.0
140,214,147,124.43646032494824
140,215,146,122.14397124659146
140,216,145,124.50270629233533
140,217,144,125.0
140,218,143,124.6360009074905
140,219,142,125.0
140,220,141,125.0
140,221,140,124.46219881631785
140,222,139,123.72138422881517
140,223,138,121.64664063589382
140,224,137,120.2043210343802
140,225,136,119.18100859162655
140,226,135,113.67471658562357
140,227,134,108.88083340467671
140,228,133,106.23267950942696
140,229,132,105.31055422249548
140,230,131,101.362153709886
140,231,130,101.8025983267654
140,232,129,98.11313810698084
140,233,128,98.761752598259
140,234,127,95.17891507788434
140,235,126,93.15230928933576
140,236,125,92.36377782409934
140,237,124,94.39795188624969
140,238,123,84.80105940698736
140,239,122,90.89132135113383
140,240,121,92.32227031625771
140,241,120,93.25827427951606
140,242,119,97.42920644638367
140,243,118,95.10306835077373
140,244,117,94.08296303432971
140,245,116,93.34881134401664
140,246,115,95.45374068334107
140,247,114,103.7534794773511
140,248,113,102.39748495722247
140,249,112,101.9745404349207
140,250,111,100.80112475180246
140,251,110,97.52032339663378
140,252,109,107.56133728777323
140,253,108,113.80163669427475
140,254,107,114.02934383040005
140,255,106,111.39197082813594
140,256,105,109.77910579328947
140,257,104,107.69182230682352
140,258,103,108.15010115711922
140,259,102,106.25340850839646
140,260,101,109.95143101302062
140,261,100,110.25739190753043
140,262,99,107.41691790419313
140,263,98,106.23292171220395
140,264,97,110.12189490250674
140,265,96,110.61975364561516
140,266,95,111.0469057557823
140,267,94,106.40684756016432
140,268,93,100.95384227853529
140,269,92,99.60576885204426
140,270,91,97.50472790803163
140,271,90,93.12632210781481
140,272,89,86.5249210123101
140,273,88,88.75452503556977
140,274,87,86.98805868221714
140,275,86,87.01827109977636
140,276,85,87.09640867718346
140,277,84,93.71575721313671
140,278,83,86.62924042782691
140,279,82,82.9171435878117
140,280,81,84.26205143902894
140,281,80,81.94551058959433
140,282,79,84.21510536317163
140,283,78,71.44565708942491
140,284,77,67.63110096127183
140,285,76,65.00636150124322
140,286,75,64.74291909613098
140,287,74,66.44668587492568
140,288,73,64.82282661464535
140,289,72,61.85167192663975
140,290,71,60.60929747451996
140,291,70,60.739638537512235
140,292,69,61.874430545513164
140,293,68,59.433746160852635
140,294,67,61.821926056781514
140,295,66,65.83646055640509
140,296,65,65.28937606271072
140,297,64,69.28547669226407
140,298,63,69.12462584528899
140,299,62,66.53142846818572
140,300,61,65.69478344451063
140,301,60,64.87078422166861
140,302,59,62.375587551799796
140,303,58,63.0857347897285
140,304,57,64.3691963307522
140,305,56,63.41296978727724
140,306,55,65.72028847266371
141,40,184,120.5059151267811
141,41,183,119.69297099400764
141,42,182,117.55156270528315
141,43,181,119.26264057567928
141,44,180,119.32859920244942
141,45,179,121.25972166568863
141,46,178,121.47458106587868
141,47,177,122.13132260513875
141,48,176,121.34898026450192
141,49,175,121.73066330669168
141,50,174,122.2348342306733
141,51,173,120.14457259623137
141,52,172,119.58891491752505
141,53,171,119.96785515533351
141,54,170,119.33715595037208
141,55,169,117.2504446660493
141,56,168,118.70780735562124
141,57,167,117.09428991910484
141,58,166,112.59408993215558
141,59,165,110.2795316371339
141,60,164,111.11116303466966
141,61,163,113.85036438198037
141,62,162,112.46133293718583
141,63,161,110.19268364511527
141,64,160,113.24062590018417
141,65,159,109.43893794674305
141,66,158,110.57542975088842
141,67,157,111.71382160568213
141,68,156,109.18470584074416
141,69,155,110.8584942435121
142,40,170,121.08899661040815
142,41,169,120.15381070174692
142,42,168,123.19034594815119
142,43,167,125.0
142,44,166,122.82793596867319
142,45,165,123.63312809213836
142,46,164,123.97042688341841
142,47,163,122.06810565788518
142,48,162,119.88067574921739
142,49,161,119.59534212155043
142,50,160,118.76795176570558
142,51,159,116.71851277807451
142,52,158,119.2272519334665
142,53,157,121.24905523366132
142,54,156,120.86835223879103
142,55,155,117.94359141199259
142,56,154,119.45838275044858
142,57,153,120.05419815036589
142,58,152,120.09009297951947
142,59,151,115.76269671754233
142,60,150,114.0850466345853
142,61,149,110.12002499318609
142,62,148,111.64330077760594
142,63,147,115.54245037146394
142,64,146,117.07846933135536
142,65,145,118.55462440246697
142,66,144,116.24439210872252
142,67,143,116.60473852544555
142,68,142,118.68401049303284
142,69,141,119.26105753910284
142,70,140,118.20961248878572
142,71,139,117.37082904938433
142,72,138,116.3928605519321
142,73,137,115.35699823466464
142,74,136,112.9406462072379
142,75,135,109.47832239503758
142,76,134,110.7323693452703
142,77,133,110.49801387366631
142,78,132,110.03797399611443
142,79,131,108.82618993257309
142,80,130,109.20939343036298
142,81,129,110.94413314183566
142,82,128,110.73259459075243
142,83,127,112.0157478287169
142,84,126,112.43097972693167
142,85,125,108.14140502536458
142,86,124,108.91259692872438
142,87,123,108.27171485288733
142,88,122,103.63420093374798
142,89,121,106.31373177476497
142,90,120,108.95996172435619
142,91,119,104.05882592418203
142,92,118,103.45649386878931
142,93,117,101.65144703802218
142,94,116,101.12511319653592
142,95,115,97.81300074753875
142,96,114,98.37999656278821
142,97,113,98.32085698029087
142,98,112,95.9556631803045
142,99,111,90.04629362660827
142,100,110,88.98930527455313
142,101,109,86.58969495531156
142,102,108,80.47097476966786
142,103,107,87.96810646531978
142,104,106,89.86075442792976
142,105,105,85.06905183572997
142,106,104,78.4916326946042
142,107,103,78.71136799199009
142,108,102,80.68543468650859
142,109,101,82.12294242595557
142,110,100,76.48142909847762
142,111,99,75.57207067081808
142,112,98,74.56665188739561
142,113,97,74.40543614730836
142,114,96,74.21369563199377
142,115,95,74.9031534288329
142,116,94,71.11563274951493
142,117,93,74.965071202807
142,118,92,71.84500099947218
142,119,91,77.07144934645838
142,120,90,78.94890380307291
142,121,89,82.26542191610338
142,122,88,84.40780100117169
142,123,87,86.24239493255004
142,124,86,83.99730498453096
142,125,85,83.6675272280217
142,126,84,81.78105655725422
142,127,83,78.93464616485474
142,128,82,78.56130773860707
142,129,81,76.47707422575297
142,130,80,73.03205182111667
142,131,79,71.44710403120419
142,132,78,70.0698014322351
142,133,77,65.90526708120493
142,134,76,67.59867386052859
142,135,75,68.85778259527092
142,136,74,70.54891276116243
142,137,73,67.058102702985
142,138,72,63.68997145684048
142,139,71,58.15490459962503
142,140,70,58.847058533757966
142,141,69,52.4597858229005
142,142,68,51.33554652764455
142,143,67,51.691059854947504
142,144,66,57.38129533800441
142,145,65,50.974073092525245
142,146,64,50.68112299382742
142,147,63,51.468098926819664
142,148,62,50.81037622975775
142,149,61,52.94965694106325
142,150,60,48.84786797426113
142,151,59,47.55413925865738
142,152,58,49.50406542560546
142,153,57,50.16211124499195
142,154,56,47.89619554153137
142,155,55,45.63680704273251
142,156,54,45.02008527262726
142,157,53,43.69313341978294
142,158,52,43.01894086161438
142,159,51,46.02192553861336
142,160,50,46.98798503093192
142,161,49,44.94894834715443
142,162,48,37.92057900906801
142,163,47,39.15604390349194
143,40,267,122.97959029187655
143,41,266,122.12068189197251
143,42,265,122.594622776744
143,43,264,121.7615595481115
143,44,263,121.54658705054246
143,45,262,122.01932395820609
143,46,261,122.35309217491242
143,47,260,123.26734415706159
143,48,259,123.125879403703
143,49,258,121.72926796861702
143,50,257,121.49525039808272
143,51,256,122.40421004637187
143,52,255,123.33969885816744
143,53,254,124.63128792510909
143,54,253,123.75406509045433
143,55,252,124.02002292319779
143,56,251,122.69882835385235
143,57,250,122.37789043309323
143,58,249,121.66813723672317
143,59,248,121.97616957275733
143,60,247,120.7344327153304
143,61,246,119.75750689583086
143,62,245,121.56118009187156
143,63,244,118.95870745032704
143,64,243,119.2068454723661
143,65,242,121.24180231547416
143,66,241,121.28456439089942
143,67,240,121.28372030909414
143,68,239,121.42829736173658
143,69,238,120.51854429121435
143,70,237,120.46430384366307
143,71,236,119.92765306274943
143,72,235,119.66357178815949
143,73,234,119.50810124048958
143,74,233,116.63647742375633
143,75,232,117.1633260302643
143,76,231,117.4623124699244
143,77,230,119.99997305975842
143,78,229,120.36198876741022
143,79,228,120.25944559127284
143,80,227,115.28060755062808
143,81,226,111.86702189516713
143,82,225,113.44879816623853
143,83,224,114.05370868985068
143,84,223,113.9495457996585
143,85,222,117.4273041218896
143,86,221,116.63939646656499
143,87,220,117.47615104920652
143,88,219,119.18846790159319
143,89,218,120.0341024604149
143,90,217,121.2270859753092
143,91,216,121.72195630946264
143,92,215,123.83505893862633
143,93,214,123.29491246731084
143,94,213,122.96535362937671
143,95,212,122.2508438089616
143,96,211,121.13421712496151
143,97,210,120.60441428876285
143,98,209,121.50736297133031
143,99,208,121.65831703008769
143,100,207,118.10931801822713
143,101,206,117.32217633050007
143,102,205,116.99174390796287
143,103,204,115.91616810645475
143,104,203,118.9358379616774
143,105,202,122.86737226351647
143,106,201,121.45594123992065
143,107,200,122.46538832711218
143,108,199,123.96270604764211
143,109,198,124.75604817556459
143,110,197,123.75835415371212
143,111,196,124.17738345887551
143,112,195,123.02292881803803
143,113,194,123.78050874286387
143,114,193,122.56878454170635
143,115,192,124.10171170184798
143,116,191,124.63970870989723
143,117,190,122.32922195395793
143,118,189,121.2471314471046
143,119,188,121.13827784738524
143,120,187,119.98692696761051
143,121,186,122.33150450164948
143,122,185,121.51926228940667
143,123,184,121.14671044060447
143,124,183,118.76259757416852
143,125,182,115.97131050564997
143,126,181,115.92108851310817
143,127,180,114.52811613656536
143,128,179,114.3120830400566
143,129,178,114.91169654798065
143,130,177,117.27398712813445
143,131,176,110.03687817030573
143,132,175,114.66281100516213
143,133,174,114.37973182095695
143,134,173,114.40661195348088
143,135,172,112.31471442358009
143,136,171,109.80063279860893
143,137,170,109.12001669125505
143,138,169,107.65885211269357
143,139,168,107.97960253827591
143,140,167,105.68107082788333
143,141,166,106.30242990199014
143,142,165,105.8169214782303
143,143,164,104.12842541107375
143,144,163,99.867004802418
143,145,162,108.81768021691056
143,146,161,109.4323026074886
143,147,160,110.72489733571543
143,148,159,114.18867454705222
143,149,158,117.44751268210226
143,150,157,118.02306531701825
143,151,156,118.41104844344392
143,152,155,119.1823567816194
143,153,154,118.12412806269776
143,154,153,119.28677955606149
143,155,152,118.42163788738074
143,156,151,118.49895975203681
143,157,150,116.10322629816295
143,158,149,117.66662136902225
143,159,148,117.37855489955538
143,160,147,117.06321472238261
143,161,146,118.53929256253554
143,162,145,118.13647375987487
143,163,144,119.82949107583447
143,164,143,119.60832029616243
143,165,142,116.90355028369785
143,166,141,113.86527078924405
143,167,140,115.641677060548
143,168,139,117.46754941278094
143,169,138,116.03880462126017
143,170,137,119.2793004838584
143,171,136,111.88256638694787
143,172,135,114.45935348680347
143,173,134,112.9157361662455
143,174,133,112.95703509398265
143,175,132,114.90817346514766
143,176,131,114.05919367686636
143,177,130,106.45633074415059
143,178,129,104.88651905042676
143,179,128,105.11157243219466
143,180,127,105.77802840503027
143,181,126,107.21771848584578
143,182,125,106.35436427932117
143,183,124,101.81174424712532
143,184,123,100.05518229295281
143,185,122,98.58311120809574
143,186,121,95.97604429784627
143,187,120,92.26787087164662
143,188,119,89.22016192824198
143,189,118,96.90465239762678
143,190,117,91.92159163901789
143,191,116,91.07297205994612
143,192,115,89.09957869277295
143,193,114,84.80568587164048
143,194,113,85.76837848441684
143,195,112,97.14040975877676
143,196,111,96.44818991504968
143,197,110,98.64456124518239
143,198,109,93.04895202904098
143,199,108,91.20026098723972
143,200,107,92.2758666293883
143,201,106,104.47293055327512
143,202,105,103.36354904284912
143,203,104,100.86865259403234
143,204,103,99.36021251490354
143,205,102,100.65479304209188
143,206,101,95.11725985403143
143,207,100,92.14471098002355
143,208,99,89.90737693405845
143,209,98,88.99863356238762
143,210,97,87.6880162263287
143,211,96,87.9328974677947
143,212,95,89.6448291104231
143,213,94,88.6440140169324
143,214,93,89.38350248114114
143,215,92,89.4414710990942
143,216,91,87.28410273696218
143,217,90,81.88841094777439
143,218,89,83.07208629855933
143,219,88,85.22688463339426
143,220,87,86.56246941566458
143,221,86,88.1541487343102
143,222,85,89.02432623460552
143,223,84,89.3582558903454
143,224,83,87.76637497648363
143,225,82,86.48445378839037
143,226,81,85.77753947459527
144,40,146,118.93131703713397
144,41,145,119.81371572155135
144,42,144,119.98237192777297
144,43,143,119.48777896698778
144,44,142,117.66688521826595
144,45,141,117.01653890493444
144,46,140,119.94514969436725
144,47,139,121.0752753606276
144,48,138,121.2463224656874
144,49,137,120.14300701916031
144,50,136,121.40488467022502
144,51,135,120.963527187089
144,52,134,122.34042446848285
144,53,133,122.86510956796555
144,54,132,122.25066059934105
144,55,131,121.4890337036991
144,56,130,121.50319383123963
144,57,129,121.38612197740201
144,58,128,122.60397341183123
144,59,127,121.16535970124679
144,60,126,121.58335229794616
144,61,125,121.9498699148844
144,62,124,120.92769692875191
144,63,123,122.53056500112473
144,64,122,121.78766789167271
144,65,121,122.34339173040905
144,66,120,121.9200696875821
144,67,119,121.41903628488403
144,68,118,117.2423459058331
144,69,117,116.74788297974514
144,70,116,112.86182820184555
144,71,115,114.78250513406682
144,72,114,112.50155994133459
144,73,113,110.916332725947
144,74,112,109.0768172677993
144,75,111,109.62691899034031
144,76,110,106.31673958474195
144,77,109,104.40834919860131
144,78,108,104.47193697399592
144,79,107,105.31715118601099
144,80,106,103.03974770409167
144,81,105,105.39452391429857
144,82,104,107.25310873779252
144,83,103,102.43146486465325
144,84,102,98.8004068843805
144,85,101,92.80921459102655
144,86,100,97.66563387921914
144,87,99,99.4159453081096
144,88,98,102.41932169743994
144,89,97,102.57145375222777
144,90,96,106.64608158366242
144,91,95,107.59023622916762
144,92,94,104.11496451841197
144,93,93,99.14689702133239
144,94,92,99.41153040242531
144,95,91,101.57937401872795
144,96,90,101.04976751836205
144,97,89,101.40461610149544
144,98,88,101.25186447879727
144,99,87,101.12630242923423
144,100,86,101.24972264248154
144,101,85,102.3287208935997
144,102,84,102.39627679822834
144,103,83,101.19300359591642
144,104,82,105.64378632122558
144,105,81,103.292148245394
144,106,80,101.14458690669925
144,107,79,101.38287408142322
144,108,78,97.08015605643573
144,109,77,81.42843435309503
144,110,76,75.04069194751146
144,111,75,77.75504292558932
144,112,74,69.87300345732962
144,113,73,82.31692655439782
144,114,72,82.07619833991612
144,115,71,80.7425880878829
144,116,70,77.11154766229573
144,117,69,76.22045206767885
144,118,68,73.49802185118376
144,119,67,70.84030003670537
144,120,66,73.47788407069659
144,121,65,71.27509872558488
144,122,64,68.45606183497256
144,123,63,74.1940156696886
144,124,62,72.65801377640814
144,125,61,77.32816372716465
144,126,60,81.84418189746378
144,127,59,77.02038230941187
144,128,58,76.25318760067162
144,129,57,80.05665284959233
144,130,56,75.84689062379898
144,131,55,84.43879187851789
144,132,54,80.28364718260701
144,133,53,77.61362594322601
144,134,52,77.98730528581952
144,135,51,76.74706804994776
144,136,50,73.21852114759797
144,137,49,75.06473617059575
144,138,48,72.20341920788383
144,139,47,71.64660864182811
144,140,46,59.31883590519621
144,141,45,57.36719908708211
144,142,44,50.22904473091905
144,143,43,43.871923827862716
145,40,200,125.0
145,41,199,125.0
145,42,198,124.84825337496045
145,43,197,123.70002394225148
145,44,196,124.15921415985034
145,45,195,124.07470353633329
145,46,194,123.18888757287716
145,47,193,121.62385328785103
145,48,192,120.87378513503926
145,49,191,117.95039132602483
145,50,190,120.1820814706058
145,51,189,119.04693826332007
145,52,188,118.6523682366969
145,53,187,117.70129712673801
145,54,186,112.50943912016913
145,55,185,115.54060100006575
145,56,184,114.55951888838915
145,57,183,115.6971553699475
145,58,182,115.65347752983422
145,59,181,116.84090735436835
145,60,180,116.88064206781806
145,61,179,116.91673522833415
145,62,178,114.59059517277393
145,63,177,116.10749304504668
145,64,176,116.71624661755536
145,65,175,118.59271640735798
145,66,174,118.26221284845195
145,67,173,118.02906281485203
145,68,172,114.31099089730807
145,69,171,115.00674567045724
145,70,170,113.77028536773511
145,71,169,111.49297136065955
145,72,168,114.21952327187265
145,73,167,114.38041120865162
145,74,166,116.46203664461379
145,75,165,117.8403657971526
145,76,164,118.44220713042077
145,77,163,120.5253848320846
145,78,162,119.8994747012027
145,79,161,119.3428870958699
145,80,160,119.54697728241922
145,81,159,120.1779216250975
145,82,158,120.82998857058666
145,83,157,119.5346339252422
145,84,156,117.80591918958156
145,85,155,117.5491846417415
145,86,154,118.61704031843507
145,87,153,115.67039423026165
145,88,152,115.41524336370126
145,89,151,109.33543127207817
145,90,150,110.79951427032867
145,91,149,111.2467421955894
145,92,148,107.5564128116501
145,93,147,99.01830675517206
145,94,146,102.19542033385889
145,95,145,100.29658712903115
145,96,144,96.3819540209713
145,97,143,101.80994802159057
145,98,142,106.13405022774305
145,99,141,110.72304407279016
145,100,140,107.00305556849199
145,101,139,110.7349825919454
145,102,138,115.02883079266707
145,103,137,117.92353497664786
145,104,136,119.55533847952714
145,105,135,120.0114623387958
145,106,134,121.95116588035063
145,107,133,121.3012053839738
145,108,132,117.81469799188937
145,109,131,117.77318376676934
145,110,130,117.81545293726471
145,111,129,116.71865314561316
145,112,128,113.89442431809829
145,113,127,110.78596991689761
145,114,126,108.42051901616796
145,115,125,110.8168575578828
145,116,124,112.72348418552814
145,117,123,110.56505105078134
145,118,122,111.29761082886401
145,119,121,110.82175001231677
145,120,120,111.83166278305694
145,121,119,115.7565560283326
145,122,118,118.30436078129625
145,123,117,116.14914269366896
145,124,116,113.40329909047668
145,125,115,117.31369928820294
145,126,114,112.33976578506008
145,127,113,110.00155858249701
145,128,112,110.17824497854002
145,129,111,106.78273820318276
145,130,110,101.04375247755831
145,131,109,98.96938464925344
145,132,108,93.84170820228104
145,133,107,97.22818149004205
145,134,106,95.62483118096438
145,135,105,92.43321671842693
145,136,104,98.25579249739397
145,137,103,90.99730628028944
145,138,102,87.71600494464124
145,139,101,86.35458598732887
145,140,100,87.84380798921006
145,141,99,92.43107663489144
145,142,98,95.95936129644772
146,40,114,121.86704007660539
146,41,113,121.74430729969126
146,42,112,120.62283565879366
146,43,111,120.76514644577975
146,44,110,121.62955137054362
146,45,109,120.75855793741707
146,46,108,120.58363099705075
146,47,107,119.59893591439786
146,48,106,119.0087109206543
146,49,105,119.54556433679986
146,50,104,117.84419131605856
146,51,103,117.58188653322802
146,52,102,118.23340480150387
146,53,101,117.56533399942623
146,54,100,116.20980298852143
146,55,99,116.79663957296262
146,56,98,115.12102441567913
146,57,97,117.37985012872863
146,58,96,116.59673393713621
146,59,95,118.72001718071222
146,60,94,118.66930858010434
146,61,93,119.39789156633697
146,62,92,116.57071317935882
146,63,91,115.88950322636143
146,64,90,115.8815399288938
146,65,89,114.39479181364467
146,66,88,113.39004196487934
146,67,87,111.74150083787438
146,68,86,111.60524620467564
146,69,85,107.71168309745347
146,70,84,105.50338323365688
146,71,83,100.9752277111993
146,72,82,99.86269139883919
146,73,81,101.08752101314712
146,74,80,100.001491262864
146,75,79,96.81666435548114
146,76,78,92.19519597131764
146,77,77,89.84408212915295
146,78,76,90.72196723991354
146,79,75,94.17801911921086
146,80,74,97.30270098593468
146,81,73,94.98402139149991
146,82,72,99.27284393503373
146,83,71,97.10789298534502
146,84,70,98.56905263994759
146,85,69,93.89931829341505
146,86,68,81.73290716950831
146,87,67,77.36042046315987
146,88,66,78.58078942744964
146,89,65,77.13864859856874
146,90,64,74.56945080334813
146,91,63,71.36718860467198
146,92,62,68.80816175968593
146,93,61,68.4789181035269
146,94,60,77.9218918842254
146,95,59,82.13391990661353
146,96,58,86.04079143194737
146,97,57,85.28178341758783
146,98,56,82.92484440029872
146,99,55,74.93308961565621
146,100,54,72.85503368770344
146,101,53,76.73208156955187
146,102,52,75.61882935610856
146,103,51,73.58441468968782
146,104,50,70.30640066180572
146,105,49,68.76829928027186
146,106,48,72.14043519236901
146,107,47,71.0418427370148
146,108,46,80.79823959296526
146,109,45,75.15297365177085
146,110,44,72.42804668738141
146,111,43,65.11427416248532
146,112,42,71.71874062757482
146,113,41,68.31720968759878
146,114,40,57.67903319356213
146,115,39,58.03271961177791
146,116,38,51.06842906085288
146,117,37,38.80270811968526
146,118,36,37.95001581298383
146,119,35,42.47116951587623
146,120,34,41.07690074370759
146,121,33,39.619843840044794
146,122,32,38.1092298211072
146,123,31,34.202237782783584
146,124,30,34.406475626399896
146,125,29,35.52115905888645
146,126,28,31.121818227795632
146,127,27,28.076277307590125
146,128,26,26.919893278070123
146,129,25,27.060119613084748
146,130,24,26.85053790893045
146,131,23,25.617770188093374
146,132,22,25.427136887544464
146,133,21,22.4616239526381
146,134,20,20.65235088054662
146,135,19,19.519791445175862
146,136,18,18.553215772709642
146,137,17,16.61050689713569
146,138,16,17.015995349840786
146,139,15,13.792816400928444
146,140,14,10.992731259198425
146,141,13,10.900224098003891
146,142,12,9.97178394659512
146,143,11,9.409533355309232
146,144,10,9.389638727038973
147,40,130,119.2205280665597
147,41,129,117.8673492493891
147,42,128,115.7838141539337
147,43,127,106.44144997219371
147,44,126,113.06266638581704
147,45,125,110.24885637555812
147,46,124,112.93523941994376
147,47,123,117.18970875712351
147,48,122,117.43518611785656
147,49,121,119.78914655378031
147,50,120,119.58798354200403
147,51,119,119.20095351057793
147,52,118,118.9153647394808
147,53,117,115.2470190964188
147,54,116,114.40483878879633
147,55,115,118.67177000454465
147,56,114,119.67391257534322
147,57,113,118.87389703187661
147,58,112,121.20913050945882
147,59,111,122.30172806483174
147,60,110,121.37374715849204
147,61,109,121.47317992799444
147,62,108,120.14363476559225
147,63,107,119.69005881200252
147,64,106,119.10071641355245
147,65,105,121.65537863908713
147,66,104,122.21982478820388
147,67,103,122.55508282726473
147,68,102,122.9140530460431
147,69,101,121.86130338191947
147,70,100,117.22129494254088
147,71,99,119.14876290428927
147,72,98,119.26227373398166
147,73,97,117.65389273348319
147,74,96,116.23468833237064
147,75,95,112.89858016650504
147,76,94,116.60565921207976
147,77,93,112.13154805826751
147,78,92,112.59500654430272
148,40,128,123.41536822035548
148,41,127,123.63082136285506
148,42,126,122.77164598904662
148,43,125,122.61870060402707
148,44,124,123.09268348593713
148,45,123,123.81345968676737
148,46,122,123.4989671762802
148,47,121,122.6614258428795
148,48,120,122.43423800250034
148,49,119,121.979484575632
148,50,118,123.27236567578598
148,51,117,123.96582738614241
148,52,116,123.6890576407421
148,53,115,123.81508995529882
148,54,114,122.88615373240208
148,55,113,123.44751324209662
148,56,112,122.67633041360337
148,57,111,122.03682581415157
148,58,110,122.74542082905835
148,59,109,121.63815905837168
148,60,108,120.40262072024237
148,61,107,120.01219863360176
148,62,106,120.56319605050192
148,63,105,120.45260234012116
148,64,104,119.31015099504152
148,65,103,121.34356112876483
148,66,102,121.260283256194
148,67,101,120.5875742841026
148,68,100,118.64055153071862
148,69,99,119.46539541357038
148,70,98,118.6717340511925
148,71,97,117.43506720510972
148,72,96,116.82431716867269
148,73,95,114.75472994632055
148,74,94,112.44317475544423
148,75,93,114.78250748905685
148,76,92,108.16154932330232
148,77,91,103.21463442673587
148,78,90,93.9222792364759
148,79,89,87.5009503497367
148,80,88,90.18330613006339
148,81,87,91.55490837780337
148,82,86,95.42964349395598
148,83,85,97.25773848213338
148,84,84,94.6868248703799
148,85,83,95.07599568652515
148,86,82,91.04198854787117
148,87,81,95.53130448716783
148,88,80,98.39234625926757
148,89,79,95.63067859025634
148,90,78,88.59843851935292
148,91,77,91.0866396258364
148,92,76,87.59945427699026
148,93,75,89.72228540734775
148,94,74,87.83001491222205
148,95,73,81.73299607124207
148,96,72,81.2769234584799
148,97,71,83.55260962921389
148,98,70,83.93726647417452
148,99,69,82.69968950467563
148,100,68,80.81526019660916
148,101,67,82.65855566874896
148,102,66,83.84892752248763
148,103,65,82.61252300329105
148,104,64,82.87073811301437
148,105,63,84.93778164536926
148,106,62,84.86406108389072
148,107,61,78.89457680892293
148,108,60,77.95846158340122
148,109,59,84.18401346686693
148,110,58,80.99863404865425
148,111,57,75.67352100714547
148,112,56,71.18754453379512
148,113,55,71.10249433529253
148,114,54,70.16003872644262
148,115,53,72.85784078161404
148,116,52,68.31682366940359
148,117,51,56.113920005434004
148,118,50,51.021012922094755
148,119,49,45.66245947050871
148,120,48,46.65568585125639
148,121,47,43.42663599693017
148,122,46,42.85873583571144
148,123,45,41.68248147512512
148,124,44,41.994860531417686
148,125,43,47.99306655091901
148,126,42,47.75609839019059
148,127,41,47.70766283180387
148,128,40,50.45164221979992
148,129,39,44.80170663579837
148,130,38,46.73327121382004
148,131,37,46.47965099830206
148,132,36,41.378772193932434
148,133,35,40.68064940337449
148,134,34,38.62065143326566
148,135,33,39.2182776149166
148,136,32,37.01805924656964
148,137,31,37.90876179611101
148,138,30,37.24074429896248
148,139,29,35.8333873455441
148,140,28,32.94958500975359
148,141,27,32.23049392409495
148,142,26,28.110971335538736
148,143,25,28.49766841685638
148,144,24,26.062446441579112
148,145,23,26.511428511965725
148,146,22,24.228293457201143
148,147,21,20.348820694065274
148,148,20,19.068013807356074
148,149,19,21.230961823205682
148,150,18,20.032793711435776
148,151,17,20.005649785388748
148,152,16,19.12411906794231
148,153,15,17.218661903964183
148,154,14,14.378171628441834
148,155,13,14.314632517667075
148,156,12,12.316122478421343
148,157,11,10.876510574190801
149,40,195,122.22144832539209
149,41,194,121.56198615755555
149,42,193,121.33069073809622
149,43,192,119.89884639444321
149,44,191,120.87543464433125
149,45,190,119.62572319742213
149,46,189,119.07336327366377
149,47,188,119.51571163284873
149,48,187,120.16618261839139
149,49,186,119.922859692533
149,50,185,119.95573652726179
149,51,184,119.4502680654001
149,52,183,119.30636149904115
149,53,182,121.52973652931448
149,54,181,121.70840137940883
149,55,180,120.72507521311677
149,56,179,122.4729256975208
149,57,178,121.86958563844718
149,58,177,122.03320686611309
149,59,176,121.87226444098312
149,60,175,121.70802245144918
149,61,174,116.11497118189557
149,62,173,117.80374412692464
149,63,172,114.31725461834256
149,64,171,119.16464438128702
149,65,170,117.23549901871715
149,66,169,118.54139261310806
149,67,168,120.28843316979327
149,68,167,120.79068960618847
149,69,166,118.50519090994386
149,70,165,118.10327517220486
150,40,190,123.67011470561317
150,41,189,123.81496362374736
150,42,188,123.18993877144604
150,43,187,121.76150421753653
150,44,186,121.93810655391886
150,45,185,120.10147120539813
150,46,184,118.98097152745109
150,47,183,118.35003319335766
150,48,182,118.17076628177446
150,49,181,119.53237651357385
150,50,180,116.86035457234789
150,51,179,120.5358619584532
150,52,178,119.20220930248425
150,53,177,118.70475051736926
150,54,176,119.84474839101813
150,55,175,118.02666171873136
150,56,174,117.5129390605592
150,57,173,117.22406992411257
150,58,172,116.35160853813045
150,59,171,114.17892362562253
150,60,170,116.58039374723418
150,61,169,118.21373207010615
150,62,168,119.91950390555206
150,63,167,119.24439519053516
150,64,166,117.80041817799335
150,65,165,116.7265256397484
150,66,164,115.85621973256653
150,67,163,116.04830608175911
150,68,162,115.29222235306923
150,69,161,116.29526695081364
150,70,160,117.08253681748229
150,71,159,116.14927721234648
150,72,158,115.05404774019303
150,73,157,118.02029468416139
150,74,156,118.58455271941085
150,75,155,117.11821380788706
150,76,154,120.18282864952195
150,77,153,122.63731719262202
150,78,152,120.78426263797687
150,79,151,119.44457555501982
150,80,150,118.96248521678375
150,81,149,117.94379434468445
150,82,148,115.00586867008866
150,83,147,109.56272477004953
150,84,146,103.65845549269973
150,85,145,100.34884679117854
150,86,144,95.8973986661271
150,87,143,92.64294394819116
150,88,142,100.23809316289163
150,89,141,105.02198468329999
150,90,140,102.31342654842373
150,91,139,102.39811162215264
150,92,138,100.02877465684523
150,93,137,102.04705585830555
150,94,136,101.97498382871785
150,95,135,102.1356415239301
150,96,134,99.70172041682585
150,97,133,100.11156102372269
150,98,132,108.50019521122982
150,99,131,104.4791011371228
150,100,130,109.24237094085882
150,101,129,116.67763375519952
150,102,128,117.36339327500433
150,103,127,114.60916969956861
150,104,126,116.09264632107576
150,105,125,110.78942331724798
150,106,124,107.00206700893023
150,107,123,108.22754030319147
150,108,122,107.0839755369702
150,109,121,104.9384478412702
150,110,120,101.3100116507492
150,111,119,102.36542130383941
150,112,118,99.52459646034998
150,113,117,98.28498305674808
150,114,116,105.52155078308971
150,115,115,109.17582757495556
150,116,114,113.66854750731859
150,117,113,116.83398647065651
150,118,112,117.56598903680035
150,119,111,113.34033770611754
150,120,110,115.95292693535406
150,121,109,114.4152131322366
150,122,108,111.18224535015837
150,123,107,104.67155050151158
150,124,106,102.34692757666018
150,125,105,101.55124245739212
150,126,104,104.80935853560442
150,127,103,101.42979449786475
150,128,102,97.46494645860504
150,129,101,99.37109832901268
150,130,100,94.42585526680325
150,131,99,93.68395470967897
150,132,98,94.00620926706705
150,133,97,100.75123496442818
150,134,96,97.63764892272138
150,135,95,97.21677237986921
150,136,94,93.54844146458072
150,137,93,92.4427202670968
150,138,92,96.45084078871213
150,139,91,94.85309607946819
150,140,90,96.76854198634985
150,141,89,93.232488085422
150,142,88,93.06382682976579
150,143,87,95.76389811008158
150,144,86,95.38575672645356
150,145,85,85.88478189242522
150,146,84,84.34347030840627
150,147,83,90.89737150221744
150,148,82,87.71010237099233
150,149,81,84.54850441404881
150,150,80,84.39849124994004
150,151,79,83.92620706772783
150,152,78,76.37372812611551
150,153,77,73.6100229881548
150,154,76,71.69354768962708
150,155,75,76.39812530103742
150,156,74,66.57137567739795
150,157,73,67.8192584589361
150,158,72,72.96969420710542
150,159,71,67.28188062683358
150,160,70,71.52270262667301
150,161,69,72.98211358223763
150,162,68,80.80853425071555
150,163,67,78.32560488041995
150,164,66,80.59777105535343
150,165,65,77.8012889441757
150,166,64,81.17168539965186
150,167,63,80.33198533374242
150,168,62,67.91333543098297
150,169,61,64.96660160028875
150,170,60,63.58516541667306
150,171,59,63.374169300156154
150,172,58,61.69548796649751
150,173,57,59.00619147202665
150,174,56,54.70571235124527
150,175,55,55.27963359538196
150,176,54,47.99460284581305
150,177,53,45.788490132806785
150,178,52,50.52887123993767
150,179,51,55.582421767266844
150,180,50,57.32369614572583
150,181,49,57.81934554497194
150,182,48,55.05898065960805
150,183,47,57.72426703159573
150,184,46,56.2322571089755
150,185,45,55.39085723931784
150,186,44,50.98523583482732
150,187,43,52.780471541296045
150,188,42,45.36067321595468
150,189,41,43.89415001024637
150,190,40,44.29977204275429
150,191,39,36.61791050066547
150,192,38,33.436085762655395
150,193,37,31.35910849163318
150,194,36,31.675786559962127
150,195,35,30.047466942853717
150,196,34,30.162333389910874
151,40,216,122.43197737752203
151,41,215,122.70243294332786
151,42,214,123.45814202691903
151,43,213,122.97259100704709
151,44,212,123.63565814283824
151,45,211,122.28291752587
151,46,210,121.11934288158187
151,47,209,118.40674313329575
151,48,208,116.81038921030586
151,49,207,118.00204889775223
151,50,206,116.70281269170658
151,51,205,115.29371638477268
151,52,204,116.50895023202696
151,53,203,113.9328682879723
151,54,202,110.48822168358225
151,55,201,116.16763318701409
151,56,200,113.14169859329255
151,57,199,113.55033480762668
151,58,198,117.63634968574064
151,59,197,117.25791165143781
151,60,196,117.64292783854148
151,61,195,118.84030352854013
151,62,194,118.41095862597578
151,63,193,117.65145209060026
151,64,192,119.59490959768158
151,65,191,117.92154752936509
151,66,190,117.44156549276617
151,67,189,117.67349781756725
151,68,188,117.22719589733614
151,69,187,115.95230532604265
151,70,186,115.85200448818338
151,71,185,113.58982249523402
151,72,184,111.49493648810258
151,73,183,106.1590194330504
151,74,182,108.79347429480066
151,75,181,109.3285055082241
151,76,180,108.92813898060265
151,77,179,113.51095762116529
151,78,178,111.56701861972522
151,79,177,113.9486610569934
151,80,176,114.05183831887933
151,81,175,116.42384531359252
151,82,174,116.0052032523835
151,83,173,116.19501153161482
151,84,172,118.10025687586017
151,85,171,116.7812965069676
151,86,170,116.70760487946526
151,87,169,112.95848210689427
151,88,168,109.0404223583524
151,89,167,111.28927893256287
151,90,166,103.5416680114041
151,91,165,105.8024925545393
151,92,164,107.60359066738022
151,93,163,102.28446575498008
151,94,162,95.039288255684
151,95,161,102.96311047766076
151,96,160,106.35579323553135
151,97,159,106.53672797593458
151,98,158,113.1707091667689
151,99,157,109.35191361885654
151,100,156,107.85195990679821
151,101,155,105.97769178183825
151,102,154,108.88332978459394
151,103,153,102.18042963629573
151,104,152,107.22313023959106
151,105,151,104.50280882786416
151,106,150,101.10420350632812
151,107,149,102.40190961218981
151,108,148,107.9919540776703
151,109,147,107.06099621446577
151,110,146,107.76376822402068
151,111,145,105.95939300154382
151,112,144,104.29162624913258
151,113,143,98.82661706214964
151,114,142,91.34570077709064
151,115,141,96.67357978706434
151,116,140,97.15414746346787
151,117,139,106.83560702917634
151,118,138,101.85752759993102
151,119,137,109.55494535717794
151,120,136,103.40115515171132
151,121,135,106.49830343041532
151,122,134,102.31419586766555
151,123,133,100.39098714728004
151,124,132,103.26370261313781
151,125,131,102.91916144665745
151,126,130,99.49770233616434
151,127,129,96.84770854111811
151,128,128,93.58368392658696
151,129,127,91.96426238201838
151,130,126,88.7135484400317
151,131,125,86.55728081103554
151,132,124,85.8213101517731
151,133,123,88.80742446168003
151,134,122,83.61154871096414
151,135,121,82.24002002369224
151,136,120,80.20276952013299
151,137,119,89.55163790863108
151,138,118,82.72318409034537
151,139,117,81.51404411896289
151,140,116,83.52784961609467
151,141,115,82.05521492548073
152,40,109,120.9335988759886
152,41,108,119.7642756234211
152,42,107,120.22692223950446
152,43,106,118.00487507166237
152,44,105,117.69331085570624
152,45,104,116.01544233729362
152,46,103,117.29653030601978
152,47,102,118.40977724016058
152,48,101,117.44265455032132
152,49,100,119.2784718641165
152,50,99,120.46784132819343
152,51,98,118.68539650779874
152,52,97,119.50308686332707
152,53,96,117.71056561318878
152,54,95,116.9500317453053
152,55,94,120.6574905457098
152,56,93,120.36288174907237
152,57,92,119.27449126836046
152,58,91,116.44728505298946
152,59,90,117.24000006168936
152,60,89,116.13998131716644
152,61,88,114.70817372303202
152,62,87,112.07804126430759
152,63,86,109.95823357541536
152,64,85,108.90461679643255
152,65,84,109.63537354094376
152,66,83,109.59900199163857
152,67,82,112.2663702066267
152,68,81,111.25770799136502
152,69,80,112.03044602612437
152,70,79,108.50119145305199
152,71,78,111.87987979094541
152,72,77,108.29487827826361
152,73,76,105.74869561608888
152,74,75,111.15210600106542
152,75,74,107.98618971218534
152,76,73,105.69685224374712
152,77,72,99.08732987899869
152,78,71,92.68988388311973
152,79,70,90.83542806984087
152,80,69,85.67472205859028
152,81,68,82.43582736012908
152,82,67,79.0784797105747
152,83,66,74.86129087794353
152,84,65,72.22365707008674
152,85,64,68.4328362117667
152,86,63,66.6808746208465
152,87,62,64.71522201192792
152,88,61,62.338006728376556
152,89,60,60.62150260728312
152,90,59,59.29333828349291
153,40,205,117.88562313889253
153,41,204,117.54482575109834
153,42,203,118.7755987142533
153,43,202,119.98941188370983
153,44,201,121.10460996375797
153,45,200,120.17473813314618
153,46,199,120.91300460093615
153,47,198,119.93710109173418
153,48,197,121.03273177933673
153,49,196,122.72219856862745
153,50,195,121.71869908688743
153,51,194,122.00400754023573
153,52,193,120.33078388155394
153,53,192,120.37989516287152
153,54,191,121.73572342455358
153,55,190,120.74686573350036
153,56,189,120.9893897183641
153,57,188,118.95959490885649
153,58,187,120.31453550559189
153,59,186,120.93898024829016
153,60,185,121.02520037933994
153,61,184,120.39680773530415
153,62,183,118.58790102922245
153,63,182,118.34443269342802
153,64,181,120.36875363077439
153,65,180,119.86144530430198
153,66,179,119.00921602105713
153,67,178,118.67458111068835
153,68,177,116.59953702638134
153,69,176,117.97419901071837
153,70,175,115.85624040182765
153,71,174,117.38142542885606
153,72,173,115.58715265786535
153,73,172,116.96120468502711
153,74,171,118.44188871942029
153,75,170,119.04376083562062
153,76,169,118.23439823512197
153,77,168,119.00461592835916
153,78,167,115.77115694775534
153,79,166,112.46788728552201
153,80,165,111.37973339038393
153,81,164,112.19841203065172
153,82,163,112.43249268801239
153,83,162,110.35529161395834
153,84,161,108.3134608172714
153,85,160,105.58456235432894
153,86,159,102.2295080501258
153,87,158,93.27578383827947
153,88,157,92.41472410688345
153,89,156,96.16657683627108
153,90,155,95.32152028969173
153,91,154,96.58007181811067
153,92,153,90.57377577361171
153,93,152,89.91427535678585
153,94,151,92.16187068604785
153,95,150,88.7371492539805
153,96,149,89.89281566394209
153,97,148,86.61339689678587
153,98,147,93.02786590454066
153,99,146,92.25415896326012
153,100,145,96.34016271637392
153,101,144,92.02249185105336
153,102,143,95.21138626465871
153,103,142,95.542260640181
153,104,141,102.87846493323416
153,105,140,109.25792771569093
153,106,139,110.30341069541075
153,107,138,107.09060140964678
153,108,137,111.01131772837198
153,109,136,113.99006036664466
153,110,135,116.03052847728927
153,111,134,117.51995338873289
153,112,133,115.66530859845847
153,113,132,118.67680178105434
153,114,131,120.35545577105529
153,115,130,119.45325718547427
153,116,129,120.1702240445143
153,117,128,121.66400026224692
153,118,127,121.49055086998399
153,119,126,119.2615794420993
153,120,125,120.46602830968769
153,121,124,117.36315162515481
153,122,123,115.36079787201135
153,123,122,112.12151439722052
153,124,121,109.17683541313505
153,125,120,109.45366782586036
153,126,119,108.74495071682446
153,127,118,111.45522118100644
153,128,117,110.59150362559674
153,129,116,110.59517196944103
153,130,115,113.32768413926138
153,131,114,112.80455773038004
153,132,113,106.41433069464557
153,133,112,99.17426043212163
153,134,111,98.37704465241936
153,135,110,97.09882870039627
153,136,109,96.39907445348679
153,137,108,99.8999899442865
153,138,107,88.42099944042066
153,139,106,91.11341163640412
153,140,105,97.74580998891528
153,141,104,91.5622578433862
153,142,103,90.08539302004999
153,143,102,87.52457048841966
153,144,101,85.81599307759319
153,145,100,83.09655817542205
153,146,99,80.71687526372742
154,40,121,121.80646404622595
154,41,120,122.65846681443546
154,42,119,124.07854671085545
154,43,118,125.0
154,44,117,125.0
154,45,116,124.81926171104034
154,46,115,123.65683817202162
154,47,114,123.02858295711147
154,48,113,121.21795877642575
154,49,112,121.05403673472351
154,50,111,119.31461242856027
154,51,110,119.11752637539225
154,52,109,114.67435149814662
154,53,108,111.31062024746062
154,54,107,114.3384621630627
154,55,106,113.18097582530672
154,56,105,113.9004037093743
154,57,104,112.83946657746444
154,58,103,113.19080933600236
155,40,140,114.764725510294
155,41,139,113.07020120717492
155,42,138,113.74653524141729
155,43,137,115.10344119745204
155,44,136,111.92023642931275
155,45,135,113.74963290265919
155,46,134,117.857367513963
155,47,133,116.87485612371233
155,48,132,117.7817463619495
155,49,131,116.66934748849187
155,50,130,121.32309286017649
155,51,129,122.34048254879335
155,52,128,122.0789048475651
155,53,127,123.06671348978233
155,54,126,122.26386187485917
155,55,125,124.49497506422587
155,56,124,123.9887267472682
155,57,123,124.40392073318219
155,58,122,124.54314732263416
155,59,121,124.47749179138248
155,60,120,124.20537015052071
155,61,119,124.07393470721236
155,62,118,123.09884329246535
155,63,117,123.06277990598932
155,64,116,120.57408500619536
155,65,115,118.48256464770552
155,66,114,117.15394783522262
155,67,113,113.00251497441579
155,68,112,110.37893009006773
155,69,111,108.57275850241396
155,70,110,108.67773693020905
155,71,109,110.57648614174542
155,72,108,111.57443348776678
156,40,118,115.94251597743428
156,41,117,112.19792626355978
156,42,116,112.93188883588329
156,43,115,113.16804343262177
156,44,114,112.04879880088544
156,45,113,111.57954276252372
156,46,112,107.3437564422011
156,47,111,109.42662442909682
156,48,110,112.21212593914495
156,49,109,111.88461047821272
156,50,108,113.26181205274227
156,51,107,111.9351714524864
156,52,106,116.44844672040746
156,53,105,114.148296946552
156,54,104,116.83622676192901
156,55,103,117.72206953408366
156,56,102,118.26344295900662
156,57,101,117.1524431421642
156,58,100,113.49230368711947
156,59,99,111.99426165350371
156,60,98,114.66753720323852
156,61,97,116.27723733449824
156,62,96,117.64621864770581
156,63,95,119.53038766873678
156,64,94,117.03226683522944
156,65,93,115.81557555313545
156,66,92,116.9173439872537
156,67,91,116.54882953938619
156,68,90,118.00017310622871
156,69,89,117.70680907923058
156,70,88,115.48745028267183
156,71,87,111.05089432290161
156,72,86,111.54024847238477
156,73,85,109.48533945380517
156,74,84,109.51230918261274
156,75,83,109.04550235248234
157,40,292,123.07856642994659
157,41,291,123.65957726637205
157,42,290,122.93434851344315
157,43,289,123.83279338587835
157,44,288,123.31443169709101
157,45,287,123.89944443277253
157,46,286,124.23774000139161
157,47,285,123.62934869846542
157,48,284,123.85625781742428
157,49,283,123.02516983387767
157,50,282,123.60330737114427
157,51,281,122.89230142927255
157,52,280,123.62830651970653
157,53,279,124.23025180604014
157,54,278,124.3480485621323
157,55,277,124.37071551050676
157,56,276,123.79105610395185
157,57,275,124.17062760501625
157,58,274,125.0
157,59,273,124.467832559361
157,60,272,123.91945123299129
157,61,271,123.85994743445696
157,62,270,124.06753531727543
157,63,269,123.6281096580997
157,64,268,123.55125117148563
157,65,267,123.65123707559697
157,66,266,123.17384279385118
157,67,265,123.05372309899201
157,68,264,121.5451741888279
157,69,263,122.0029044509073
157,70,262,120.80798284236721
157,71,261,121.12594634767942
157,72,260,120.35445819056378
157,73,259,118.89420320590504
157,74,258,121.36339739354759
157,75,257,119.58595543619111
157,76,256,120.40884745736035
157,77,255,119.6734529214198
157,78,254,119.32798328535168
157,79,253,118.84894475323492
157,80,252,115.6311837207605
157,81,251,116.88504619218898
157,82,250,114.63922866930193
157,83,249,117.99495742139857
157,84,248,118.43666432329172
157,85,247,118.69799700605418
157,86,246,112.63068240862698
157,87,245,114.64217468677151
157,88,244,114.60175375024309
157,89,243,118.54911606579346
157,90,242,120.45840816041806
157,91,241,120.08231610470406
157,92,240,121.40187299411582
157,93,239,123.61438476802294
157,94,238,121.23497399121291
157,95,237,122.62161360618569
157,96,236,124.58627034006162
157,97,235,123.97862902957087
157,98,234,124.43587029746494
157,99,233,122.47712510281926
157,100,232,122.43665122432132
157,101,231,122.16471414533414
157,102,230,122.23065562508211
157,103,229,121.19496425911211
157,104,228,120.07875264111345
157,105,227,120.2000926230883
157,106,226,122.23769185142174
157,107,225,122.03000673872629
157,108,224,121.14884406973735
157,109,223,121.70454653956962
157,110,222,122.26811876347624
157,111,221,120.70182899378285
157,112,220,120.27043756141171
157,113,219,121.00890837014177
157,114,218,121.44075668774812
157,115,217,122.14024456398218
157,116,216,123.61492147974819
157,117,215,123.81772662629456
157,118,214,123.37131981542385
157,119,213,122.38622845262692
157,120,212,122.55443958076489
157,121,211,121.57565185785461
157,122,210,121.26078925038125
157,123,209,121.2449567425098
157,124,208,120.71286050013427
157,125,207,120.99682211858837
157,126,206,120.11357075551308
157,127,205,119.67109374418547
157,128,204,114.63141726344142
157,129,203,114.77628245632806
157,130,202,113.51360329538483
157,131,201,116.84350689330111
157,132,200,116.00722510682436
157,133,199,117.54825848836376
157,134,198,111.5507598274249
157,135,197,113.39900696716893
157,136,196,113.58696270445574
157,137,195,117.86721864493452
157,138,194,120.1007809483854
157,139,193,121.14285047859612
157,140,192,121.50958745831969
157,141,191,117.87497641436465
157,142,190,121.75419714049116
157,143,189,120.12618256923804
157,144,188,121.9364506982541
157,145,187,125.0
157,146,186,125.0
157,147,185,124.32240197442462
157,148,184,124.30780566370385
157,149,183,124.83376733401903
157,150,182,124.10354885123735
157,151,181,122.91245272652417
157,152,180,122.41677873957096
157,153,179,121.30225791614541
157,154,178,121.9155726065211
157,155,177,117.90736707011524
157,156,176,115.68982780800796
157,157,175,114.17294078699624
157,158,174,117.20470696829358
157,159,173,116.0596829738569
157,160,172,121.26424492733065
157,161,171,120.19990006248072
158,40,146,124.21050818131525
158,41,145,123.30300540368162
158,42,144,125.0
158,43,143,124.25138189526666
158,44,142,122.754929412449
158,45,141,121.58598445930781
158,46,140,119.39870296431883
158,47,139,119.25219620050795
158,48,138,118.8501796695866
158,49,137,118.59189101231341
158,50,136,119.66828334748242
158,51,135,120.52041914582315
158,52,134,121.69319285317457
158,53,133,122.221755492596
158,54,132,119.91502815161225
158,55,131,118.19710011707106
158,56,130,117.93610468712609
158,57,129,113.02110628462975
158,58,128,111.57159732827074
158,59,127,109.58310896082861
158,60,126,112.55579153060648
158,61,125,115.69172747920541
158,62,124,118.3044001683574
158,63,123,119.11968609125303
158,64,122,120.1442404251068
158,65,121,121.22415566721065
158,66,120,120.0796330671364
158,67,119,122.16239753250446
158,68,118,118.95559010549849
158,69,117,118.21546892999396
158,70,116,120.343869621296
158,71,115,117.95881598595264
158,72,114,114.64828626693028
158,73,113,114.54908916598826
158,74,112,111.3854044327885
158,75,111,108.73430809817324
158,76,110,108.584340630772
158,77,109,108.23618952550791
158,78,108,110.23402741424039
158,79,107,104.60875832973576
158,80,106,105.22545782227658
158,81,105,104.63973252417466
158,82,104,110.53977482559483
158,83,103,111.01766877596896
158,84,102,115.35577287010372
158,85,101,109.8496585002395
158,86,100,107.71073367218534
158,87,99,105.51585287956297
158,88,98,101.51088990081533
158,89,97,106.19603158239369
158,90,96,106.39782398120016
158,91,95,106.09775347001124
158,92,94,105.57029592970491
158,93,93,103.5293630960179
158,94,92,104.3976346156199
158,95,91,102.10037349095333
158,96,90,100.72212246689017
158,97,89,88.5821839638993
158,98,88,91.89657478177537
158,99,87,88.33360146842537
158,100,86,97.58743508659842
158,101,85,98.46080661901783
158,102,84,99.95108754146182
158,103,83,98.41931532627007
158,104,82,100.38790998073127
158,105,81,100.71424366712378
158,106,80,98.84673563885488
158,107,79,100.28079441292456
158,108,78,91.02889548766078
158,109,77,94.61063969251663
158,110,76,99.24696575678237
158,111,75,94.95952052757735
158,112,74,87.16366410234502
158,113,73,90.8648738084085
158,114,72,85.80412215243587
158,115,71,89.55864849772058
158,116,70,92.61068907036272
158,117,69,87.7958346625775
158,118,68,87.63214989637785
158,119,67,83.95404719852577
158,120,66,85.42950048972654
158,121,65,84.36345655261732
158,122,64,85.98883129325364
158,123,63,87.84796540705392
158,124,62,89.2288386563282
158,125,61,80.0365887701041
158,126,60,77.56185200734541
158,127,59,72.45494198111322
158,128,58,72.9916233006042
158,129,57,72.26696181766432
158,130,56,65.93160524035233
158,131,55,63.53710544787078
158,132,54,58.70160271710232
158,133,53,57.117813138735855
158,134,52,51.765222592869115
158,135,51,54.92988509828227
158,136,50,53.57404025434963
158,137,49,49.432934870495814
158,138,48,44.65070885495393
158,139,47,44.33516711657303
158,140,46,42.795821320371815
158,141,45,42.6320306429221
158,142,44,41.92953927948232
158,143,43,42.58446324099465
158,144,42,41.47564332930771
158,145,41,39.39788553954902
158,146,40,41.45300296719172
158,147,39,39.26445402998471
158,148,38,37.035349369696064
158,149,37,32.566343751975936
158,150,36,35.16702364906578
158,151,35,34.30493768027632
158,152,34,34.65839445564636
158,153,33,35.39349965926472
158,154,32,33.312892014654295
158,155,31,35.25301549386023
158,156,30,35.795737710794576
158,157,29,33.85791863696011
158,158,28,31.54270939335928
158,159,27,32.26149758864724
158,160,26,30.915301834984557
158,161,25,27.7830399355204
158,162,24,24.887320205009416
158,163,23,22.242184402624837
158,164,22,22.366227421485934
158,165,21,22.440637425656274
158,166,20,22.10339545669926
158,167,19,20.6604499037
158,168,18,20.456916424562607
158,169,17,19.946200329635964
158,170,16,18.804459380179125
158,171,15,18.62595568157119
159,40,156,112.70127770123555
159,41,155,111.5428601762066
159,42,154,111.60998260760297
159,43,153,109.47825070863294
159,44,152,107.88391476196364
159,45,151,105.85017956899586
159,46,150,108.95953160263971
159,47,149,111.80786776271498
159,48,148,113.79391756792737
159,49,147,114.94884598785757
159,50,146,114.32769814814841
159,51,145,115.03905919165334
159,52,144,114.3191457817047
159,53,143,114.4897831088988
159,54,142,114.72645358575053
159,55,141,113.98602797873356
159,56,140,115.15840831577553
159,57,139,115.58208104478103
159,58,138,114.41985963356045
159,59,137,112.99235794939665
159,60,136,111.04000303014766
159,61,135,108.66854900350788
159,62,134,108.71549055191328
159,63,133,106.81406006910163
159,64,132,107.63627495571541
159,65,131,110.33782976620756
159,66,130,108.74596845137295
159,67,129,113.37587917233748
159,68,128,109.15246189619191
159,69,127,108.82623697042654
159,70,126,106.36798955354743
159,71,125,104.64342373759214
159,72,124,104.47391461149999
159,73,123,107.49167709378287
159,74,122,110.16386990224592
159,75,121,108.47772410547002
159,76,120,105.65513460053884
159,77,119,106.60910869416008
159,78,118,104.73317462685316
159,79,117,106.55667690502548
159,80,116,104.66490564817562
159,81,115,102.1680382625238
159,82,114,96.19906124904495
159,83,113,89.2196852894181
159,84,112,84.57619516585623
159,85,111,87.22994611834487
159,86,110,89.08036909320995
159,87,109,95.91685696114678
159,88,108,101.96781179850069
159,89,107,97.96099867267398
159,90,106,103.435464676126
159,91,105,100.8845001712719
159,92,104,98.88770885014287
159,93,103,97.90115683199511
159,94,102,96.4573031306389
159,95,101,95.24392829961687
159,96,100,97.34901126076151
159,97,99,94.40204141257115
159,98,98,92.04474168153732
159,99,97,91.48781939349647
159,100,96,84.62767293380254
159,101,95,69.32660993623745
159,102,94,70.10205343960689
159,103,93,64.31191242159838
159,104,92,68.36907132624069
159,105,91,73.67269793086092
159,106,90,73.57617852888387
159,107,89,77.29651015420274
159,108,88,72.87104032121188
159,109,87,76.94489123339167
159,110,86,75.15729609745446
159,111,85,76.5676451064877
159,112,84,73.84971535171574
159,113,83,75.98486342783704
159,114,82,76.49937193392438
159,115,81,71.25487193540103
159,116,80,69.11420051025809
159,117,79,69.8268852498212
159,118,78,70.79350900181792
159,119,77,63.40551958777162
159,120,76,65.0824850357387
159,121,75,59.85823009938669
159,122,74,52.54278404418156
159,123,73,51.36312844302519
159,124,72,46.23054223517269
159,125,71,46.49165477860361
159,126,70,47.908444515502914
159,127,69,50.95426519425574
159,128,68,53.474344857321576
159,129,67,54.407837437188036
159,130,66,56.526126477150946
159,131,65,53.44228975412562
159,132,64,55.69289497572554
159,133,63,52.907543109106214
159,134,62,55.427471974462705
159,135,61,60.74548340970659
159,136,60,57.80833386093289
159,137,59,59.24225254969874
159,138,58,52.80928838995814
159,139,57,49.907960324148625
159,140,56,50.65139761245322
159,141,55,45.61059864509767
159,142,54,46.15966978194976
159,143,53,46.49327191559034
159,144,52,48.12517308209991
159,145,51,50.36420734602595
159,146,50,58.171321154831745
159,147,49,47.94539565568897
159,148,48,44.327135834458396
159,149,47,53.37082068437602
159,150,46,52.35511919724776
159,151,45,47.66553800789656
159,152,44,55.435127194212306
159,153,43,54.88974535639162
159,154,42,54.66290468960142
159,155,41,51.085338485018895
159,156,40,46.24454737435508
159,157,39,46.41928776006765
159,158,38,45.244384495356925
159,159,37,41.86018003716297
159,160,36,41.83083825729042
159,161,35,37.90461495637484
159,162,34,34.63221001372676
159,163,33,35.38026817907068
159,164,32,35.15151060954186
159,165,31,32.86067918966096
159,166,30,30.766520538518286
159,167,29,29.357855690535104
159,168,28,28.41590061973008
159,169,27,28.229656241610037
159,170,26,28.412569764185683
159,171,25,26.123604602537753
159,172,24,21.64079803488383
159,173,23,19.896012682177776
159,174,22,18.90811309606803
159,175,21,17.60307095186499
159,176,20,15.469259810204203
159,177,19,11.925360915359315
159,178,18,12.017524522111772
159,179,17,9.432975667854627
159,180,16,11.840594845481796
159,181,15,9.928184033986007
159,182,14,10.860630934333109
159,183,13,9.282345925471256
159,184,12,9.415267093443365
159,185,11,9.447820902998082
159,186,10,8.851718950788928
159,187,9,6.278930196048643
160,40,126,120.55150831024449
160,41,125,121.83524703536142
160,42,124,121.41209282868037
160,43,123,120.09666894574119
160,44,122,122.1314677804408
160,45,121,120.47685853121882
160,46,120,121.25176886796095
160,47,119,121.39991902867506
160,48,118,120.5257871723316
160,49,117,120.81312155692494
160,50,116,119.24617851787809
160,51,115,118.39064331819314
160,52,114,119.12343520377559
160,53,113,119.32750982507156
160,54,112,118.12399702648847
160,55,111,117.53056103369319
160,56,110,117.75952280046764
160,57,109,116.20673827950073
160,58,108,117.65262397386823
160,59,107,116.72626919831148
160,60,106,117.34176443201265
160,61,105,118.59390496652384
160,62,104,118.24005991957264
160,63,103,119.28736525588731
160,64,102,119.82466543498701
160,65,101,121.02262553742855
160,66,100,116.66302158078625
160,67,99,115.19386019087848
160,68,98,113.2026650920536
160,69,97,111.9424863008669
160,70,96,111.45707343656275
160,71,95,112.93832898272771
160,72,94,115.37578901105564
160,73,93,112.07609266497496
160,74,92,112.53150024532567
160,75,91,113.04027087471962
160,76,90,111.52930099421908
160,77,89,109.14092912495313
160,78,88,106.31227044582943
160,79,87,103.03445280164507
160,80,86,97.95403046706475
160,81,85,97.06493977118548
160,82,84,98.25683535177762
160,83,83,93.99867732093426
160,84,82,97.45551203500477
160,85,81,93.58432701260546
160,86,80,94.92758378533615
160,87,79,97.49618482445544
160,88,78,94.2103958021788
160,89,77,94.62642724212836
160,90,76,98.81350305652316
160,91,75,95.20784403697465
160,92,74,93.71942603337297
160,93,73,89.81000450582297
160,94,72,86.09758700466094
160,95,71,83.85203099217867
160,96,70,84.48959057496403
160,97,69,75.75181041750756
160,98,68,70.86145175391383
160,99,67,70.39679758119823
160,100,66,76.2560576593755
160,101,65,75.35245169103382
160,102,64,77.00071888702182
160,103,63,68.78733958023855
160,104,62,71.99386865867785
160,105,61,70.07404951114015
160,106,60,59.25379719420323
160,107,59,55.15983055764884
160,108,58,53.50502025203893
160,109,57,45.45625840744511
160,110,56,47.49800088350196
160,111,55,46.88350578609673
160,112,54,49.74509852697315
160,113,53,44.082032957385636
160,114,52,46.19095342945175
160,115,51,45.82364441215337
160,116,50,40.60376915117776
160,117,49,39.462781541287015
160,118,48,38.25079428934835
160,119,47,38.74587263675801
160,120,46,42.68101081852906
160,121,45,39.12962681572468
160,122,44,39.940108289893814
160,123,43,37.60774148674269
160,124,42,39.685657865497205
161,40,147,121.00862465798673
161,41,146,119.76439822293398
161,42,145,119.19064792784442
161,43,144,119.3011026199411
161,44,143,118.5877559059646
161,45,142,121.67393328392077
161,46,141,121.57070080754009
161,47,140,121.78421471582507
161,48,139,121.16942711990086
161,49,138,120.56588222817825
161,50,137,121.4101549889132
161,51,136,120.3397066248521
161,52,135,117.78997722940132
161,53,134,118.21187394016442
161,54,133,119.1027110815397
161,55,132,119.8906707279016
161,56,131,120.99524399174838
161,57,130,122.05284757872795
161,58,129,121.6939561082128
161,59,128,121.4340931330912
161,60,127,120.12147725367761
161,61,126,119.93372003764965
161,62,125,120.41002253542962
161,63,124,120.87002288054114
161,64,123,121.50008002815471
161,65,122,121.70048246564468
161,66,121,120.7405545187885
161,67,120,120.1049035030847
161,68,119,120.90105146672968
161,69,118,120.0690456939389
161,70,117,119.16026363237147
161,71,116,117.36983560273569
161,72,115,118.77169362978609
161,73,114,116.91661993267381
161,74,113,117.90547432583223
161,75,112,115.96691816014871
161,76,111,112.98669489804368
161,77,110,116.88884788692482
161,78,109,111.45106698327919
161,79,108,113.17124164744573
161,80,107,113.58389649138869
161,81,106,109.55643042949518
161,82,105,110.779357554047
161,83,104,112.72985895373658
161,84,103,108.90485511694885
161,85,102,111.82307616968998
161,86,101,104.9093167272786
161,87,100,105.96834124312669
161,88,99,104.76136928251375
161,89,98,105.68787399421723
161,90,97,108.19002173323707
161,91,96,109.08187307215857
161,92,95,111.57012861374949
161,93,94,108.27899869307295
161,94,93,106.56038218988826
161,95,92,106.4868000704814
161,96,91,103.97295342970668
161,97,90,102.53021068334269
161,98,89,102.41635837647911
161,99,88,101.12279162177353
161,100,87,100.42497885541198
161,101,86,103.97460931381147
161,102,85,103.97846325691415
161,103,84,100.41348153388
161,104,83,104.88684584211866
161,105,82,104.66675774845694
161,106,81,95.93478334936059
161,107,80,92.6860497027459
161,108,79,93.85089877359944
161,109,78,92.80538451368201
161,110,77,93.56117016526083
161,111,76,87.35362028603254
161,112,75,91.01746827133944
161,113,74,82.2046133137547
161,114,73,87.93747123325356
161,115,72,85.16178556872119
161,116,71,70.77440366690729
161,117,70,74.12530987360637
161,118,69,68.4140584216335
161,119,68,71.73690813240867
161,120,67,74.84424740875212
161,121,66,74.77173265137822
161,122,65,79.09971780248398
161,123,64,75.95387137740104
161,124,63,73.84902235955772
161,125,62,69.73963472468216
161,126,61,63.78415386837333
161,127,60,57.609120280679434
161,128,59,60.896839118061486
161,129,58,60.42600756440493
161,130,57,60.98474117907709
161,131,56,56.94843723062307
161,132,55,54.95787204807531
161,133,54,52.43907191886644
161,134,53,52.61957975993522
161,135,52,56.602336897284076
161,136,51,51.898757347667086
161,137,50,52.75380905764796
161,138,49,50.49278810238383
161,139,48,42.569388641663764
161,140,47,44.39906591841191
161,141,46,47.762978996258695
161,142,45,48.45861119692675
161,143,44,48.534928476750395
161,144,43,50.59240763642104
161,145,42,46.5478376056122
161,146,41,44.09326497493706
161,147,40,44.96733318017086
161,148,39,43.55890568269267
161,149,38,42.69327621615051
161,150,37,43.364066498875445
161,151,36,38.30859789628139
161,152,35,38.62329942169356
161,153,34,38.75388887410398
161,154,33,35.64280514370632
161,155,32,32.814715979197615
161,156,31,31.5140283246305
161,157,30,31.44012951332936
161,158,29,30.983998063524325
161,159,28,30.16007449777115
161,160,27,28.65565370417667
161,161,26,28.745464190351633
161,162,25,28.586114734873824
161,163,24,29.26672716423434
161,164,23,30.165719444051973
161,165,22,26.514438853663705
161,166,21,27.35415961836935
161,167,20,24.767887612672112
161,168,19,23.150990732001226
161,169,18,19.561089134613127
161,170,17,20.84142107339143
161,171,16,19.948445121198112
161,172,15,18.167163796695988
161,173,14,16.655147117857997
161,174,13,17.761841209432276
162,40,186,120.59468024906174
162,41,185,121.04008820505004
162,42,184,120.25562854785979
162,43,183,119.78907419951318
162,44,182,118.86688431439237
162,45,181,121.04238194923705
162,46,180,121.41729612818128
162,47,179,122.23834936383298
162,48,178,122.04899376130331
162,49,177,121.35594349155701
162,50,176,121.5879658314076
162,51,175,121.75743495593241
162,52,174,121.59526427532845
162,53,173,122.33705605276569
162,54,172,123.55848188243162
162,55,171,122.80310079222339
162,56,170,121.44343051067544
162,57,169,122.17522086123438
162,58,168,121.63826490499947
162,59,167,120.32112171293655
162,60,166,120.80376978713488
162,61,165,120.78083395295738
162,62,164,119.00328847451189
162,63,163,119.1776615583716
162,64,162,118.88006866490025
162,65,161,118.2581226056966
162,66,160,118.94438470775792
162,67,159,117.30784952060827
162,68,158,114.72455864039252
162,69,157,115.07167810351575
162,70,156,115.85767934631204
162,71,155,116.97839488262296
162,72,154,118.8098239861317
162,73,153,118.45330234925439
162,74,152,117.10211255438749
162,75,151,115.37524588205068
162,76,150,116.53421209506462
162,77,149,116.26402204769362
162,78,148,119.54491810538593
162,79,147,122.62591435034653
162,80,146,122.33981443353893
162,81,145,121.84206317780456
162,82,144,119.47165494329909
162,83,143,119.32675032063435
162,84,142,118.59901174981576
162,85,141,115.6462348593132
162,86,140,115.6132535485707
162,87,139,115.41632777440942
162,88,138,115.5130050540499
162,89,137,111.3617103345729
162,90,136,114.32891542444537
162,91,135,113.72745469805307
162,92,134,114.98804969462554
162,93,133,111.07956734511737
162,94,132,111.32182292001245
162,95,131,109.37431103740946
162,96,130,106.01836897763278
162,97,129,105.76745583313516
162,98,128,105.78323741887675
162,99,127,104.12930525728991
162,100,126,108.11817002553818
162,101,125,105.69873101533327
162,102,124,101.30857956010686
162,103,123,105.92613080288906
162,104,122,107.4478086981298
162,105,121,107.5694879898782
162,106,120,105.5432545720871
162,107,119,102.27296234075197
162,108,118,101.35951913901494
162,109,117,100.31919881243579
162,110,116,98.40058973731806
162,111,115,98.79791174077548
162,112,114,98.78255548703245
162,113,113,98.7311495461621
162,114,112,102.74828961072633
162,115,111,103.60493998621689
162,116,110,103.8930044249537
162,117,109,107.62605980321595
162,118,108,111.55799028914652
162,119,107,110.96074067721358
162,120,106,110.05504071291672
162,121,105,108.90483042730196
162,122,104,107.05760402072576
162,123,103,106.23600520194844
162,124,102,106.2494522862314
162,125,101,103.8944495163135
162,126,100,103.90944577085668
162,127,99,107.51755795003126
162,128,98,100.59794649346233
162,129,97,97.40902222010929
162,130,96,94.9331388118027
162,131,95,92.39106774533464
162,132,94,92.66898911812464
162,133,93,93.63195477049328
162,134,92,90.34638268350874
162,135,91,87.87786698278614
162,136,90,93.34097584091212
162,137,89,89.33924403399803
162,138,88,93.28065002484453
162,139,87,94.58967706491097
162,140,86,108.97599249241101
162,141,85,96.25490875148009
162,142,84,98.88901766864245
162,143,83,102.96016810584138
162,144,82,97.73918580324687
162,145,81,93.25718493976555
162,146,80,96.96866365373545
162,147,79,98.31870833055183
162,148,78,94.54534741247146
162,149,77,90.28771946992916
162,150,76,92.71182218234243
162,151,75,77.45376410010881
162,152,74,75.51473183747257
162,153,73,75.10733956364979
162,154,72,80.12461794476245
162,155,71,81.1120370913658
162,156,70,79.88026844802462
162,157,69,75.37881143395578
162,158,68,75.78530792430523
162,159,67,73.9033673317572
162,160,66,82.30665577317231
162,161,65,76.61159649884067
162,162,64,71.65696995256945
162,163,63,69.09239970840886
162,164,62,64.2725082828432
162,165,61,60.58925803735974
162,166,60,61.895008717780655
162,167,59,64.69551876857587
162,168,58,54.94224251934643
162,169,57,51.52228604445044
162,170,56,48.84900972166472
162,171,55,50.71754798361957
162,172,54,52.39605877602688
162,173,53,49.67351718153404
162,174,52,48.862488172386094
162,175,51,48.8049177808179
162,176,50,46.31438568382663
162,177,49,47.45123017566864
162,178,48,49.16005817753221
162,179,47,53.17185391797111
162,180,46,62.69622840974991
162,181,45,58.35678437222769
162,182,44,63.15024674142765
162,183,43,68.60902332035154
162,184,42,59.095130774483394
162,185,41,54.82553458982494
163,40,192,123.64253563947831
163,41,191,123.5991014489802
163,42,190,122.68773236806229
163,43,189,121.93375393681711
163,44,188,122.53812475741185
163,45,187,121.95291528900181
163,46,186,124.2220032383021
163,47,185,123.41708262532853
163,48,184,122.50055262258354
163,49,183,122.48311237621971
163,50,182,120.14298043678338
163,51,181,118.74330777158599
163,52,180,117.59464686965737
163,53,179,118.41938879522718
163,54,178,117.75836930914116
163,55,177,119.77396221112056
163,56,176,120.73084331969548
163,57,175,116.54739064715554
163,58,174,114.87640006938545
163,59,173,116.06294484466862
163,60,172,113.59419738196127
163,61,171,112.66285523147474
163,62,170,112.23328246898701
163,63,169,111.77202328729686
163,64,168,114.13146109421322
163,65,167,114.83777842359922
163,66,166,111.69458467573936
163,67,165,108.17219803245305
163,68,164,108.45993403436765
163,69,163,108.18471003816275
163,70,162,108.03433394107014
163,71,161,112.56203743159926
163,72,160,110.8723470206091
163,73,159,116.37606895693173
163,74,158,113.45523953756097
163,75,157,115.25214192421028
163,76,156,117.81855355020289
163,77,155,116.34029150200031
163,78,154,116.0454351711166
163,79,153,117.97358378328836
163,80,152,115.23194497274203
163,81,151,115.8244909617867
163,82,150,113.4203451069269
163,83,149,114.76085341279443
163,84,148,115.8355661802268
163,85,147,115.9722820476614
163,86,146,114.59288025251574
163,87,145,114.78548356839127
163,88,144,115.21029769752538
163,89,143,113.66756761349401
163,90,142,117.09734782771572
163,91,141,115.7284868312657
163,92,140,116.69485812075425
163,93,139,117.89571731742623
163,94,138,116.96215999687689
163,95,137,116.89414517616382
163,96,136,116.24327011423604
163,97,135,113.178493896187
163,98,134,108.74598637248178
163,99,133,111.70117859524163
163,100,132,102.40791929139328
163,101,131,100.49953805738026
163,102,130,101.23904414087508
163,103,129,89.47837746200024
163,104,128,86.56180385415365
163,105,127,79.0258961965884
163,106,126,78.58045357942457
163,107,125,78.89746229928579
163,108,124,80.27991774511501
163,109,123,76.60475790863481
163,110,122,74.58849188266225
163,111,121,79.40737243312185
163,112,120,73.03317503768639
163,113,119,78.866207004536
163,114,118,81.15713756137838
163,115,117,82.75944348310665
163,116,116,85.87332545333348
163,117,115,83.91154625120757
163,118,114,87.5337773396725
163,119,113,87.65750173408219
163,120,112,84.24593551172276
163,121,111,84.81616912545664
163,122,110,85.53594883107107
163,123,109,83.48082733815696
163,124,108,88.52775027711674
163,125,107,87.20619713473825
163,126,106,91.24710094970561
163,127,105,91.54946952287565
163,128,104,95.36373968290357
163,129,103,97.96651627289832
163,130,102,104.57078984647924
163,131,101,105.29241372285779
163,132,100,106.48712486647226
163,133,99,106.18086561676708
163,134,98,101.72737664233918
163,135,97,105.13981815900169
163,136,96,104.4964433578028
163,137,95,103.89880759541919
163,138,94,103.1339613505611
163,139,93,103.91400879378041
163,140,92,103.64674018007346
163,141,91,101.01023708787915
163,142,90,95.84980615842707
163,143,89,85.18108785607043
163,144,88,85.52911584154995
164,40,173,122.88737345323071
164,41,172,122.83966258143023
164,42,171,122.38995264439352
164,43,170,119.04449471719963
164,44,169,120.68665776886354
164,45,168,118.76959666466018
164,46,167,121.44063152809152
164,47,166,123.05489092773303
164,48,165,123.1678683582414
164,49,164,123.27832207258466
164,50,163,124.7392744247341
164,51,162,122.93789119560633
164,52,161,122.11652313239688
164,53,160,118.88825158433389
164,54,159,120.61397640660897
164,55,158,121.0467693279261
164,56,157,121.56614064553389
164,57,156,122.61542130038089
164,58,155,122.43728183426464
164,59,154,122.23374552892588
164,60,153,122.992273420755
164,61,152,124.18275542203064
164,62,151,123.47500804355059
164,63,150,123.23700124009036
164,64,149,123.23285208197994
164,65,148,123.5690940677068
164,66,147,122.66217726803757
164,67,146,121.61954338874554
164,68,145,122.46592618285467
164,69,144,123.80861527179431
164,70,143,124.06159043165209
164,71,142,123.39715471770353
164,72,141,122.09643418531849
164,73,140,119.01073153197129
164,74,139,119.2980837763823
164,75,138,119.73448065751141
164,76,137,120.59485227289645
164,77,136,119.36693011044511
164,78,135,116.66392095667655
164,79,134,119.3898698154415
164,80,133,119.12309367653222
164,81,132,119.35838681613032
164,82,131,118.17611190039804
164,83,130,118.42486840590902
164,84,129,120.28224797626363
164,85,128,120.2166417847383
164,86,127,121.09788835686894
164,87,126,120.98457806765211
164,88,125,117.46425748831548
164,89,124,116.281370580507
164,90,123,119.5322230529438
164,91,122,116.04817800774087
164,92,121,114.47125587509254
164,93,120,113.59970330847719
164,94,119,112.5369278736795
164,95,118,114.24281894594006
164,96,117,116.44801019081851
164,97,116,115.66267225893813
164,98,115,117.34570101296936
164,99,114,117.98351199054328
164,100,113,115.74495161398715
164,101,112,118.19299650785908
164,102,111,119.13619788567887
164,103,110,119.14709618348857
164,104,109,118.3205075489727
164,105,108,119.1909153706154
164,106,107,118.1818376210689
164,107,106,118.20025290950409
164,108,105,117.47245043090936
164,109,104,116.64965258541939
164,110,103,113.96264082104956
164,111,102,113.92027208959755
164,112,101,106.54855674717487
164,113,100,103.33998511256277
164,114,99,98.72127201421478
164,115,98,98.25201466607521
164,116,97,100.16307569703562
164,117,96,101.4077521104295
164,118,95,104.13416980188327
164,119,94,101.27032067131272
164,120,93,94.57125487517212
164,121,92,87.90854427337501
164,122,91,87.4300213477978
164,123,90,82.60826909993716
164,124,89,83.76379080099763
164,125,88,82.74306161511987
164,126,87,75.21519692002568
164,127,86,74.14617872061774
164,128,85,74.64307636759207
164,129,84,67.5486214305773
164,130,83,67.42193401136275
164,131,82,64.25992694264919
164,132,81,68.63562807672483
164,133,80,70.20045743481872
164,134,79,67.20445799887722
164,135,78,78.94969902331964
164,136,77,82.37573417553607
164,137,76,90.1975594359034
164,138,75,89.06573293234578
164,139,74,87.82640153628296
164,140,73,85.23000147133868
164,141,72,84.99641061925671
164,142,71,91.79807477855255
164,143,70,95.70342422023069
164,144,69,94.7412689116799
164,145,68,95.78545313205098
164,146,67,105.12751229103176
164,147,66,106.5863481388405
164,148,65,105.97462210806958
164,149,64,97.20775371279831
164,150,63,92.07232572396438
164,151,62,89.15299241340543
164,152,61,85.43195913976568
164,153,60,88.70527351511019
164,154,59,94.26691481175638
164,155,58,88.11940044418455
164,156,57,88.18509936627692
164,157,56,90.15693325915696
164,158,55,90.46312403401487
164,159,54,92.97325551785534
164,160,53,83.45211172798614
164,161,52,79.14953571588768
164,162,51,75.33423505017086
164,163,50,70.570788017404
164,164,49,65.98181056325524
164,165,48,64.17341001715587
164,166,47,56.101213663659124
164,167,46,50.01412791978423
164,168,45,48.57332414366108
164,169,44,48.11426478076283
164,170,43,42.42556173694213
164,171,42,37.726851064372426
164,172,41,42.64678173658963
164,173,40,40.663606622395804
164,174,39,37.5746152322032
164,175,38,39.12637544361415
164,176,37,37.74833213802181
164,177,36,34.497319137835596
164,178,35,31.236196057225303
164,179,34,30.088328353511223
164,180,33,27.206233047585016
164,181,32,25.457468736342932
164,182,31,26.2721292634484
164,183,30,27.233770411907088
164,184,29,24.053610674954356
164,185,28,21.8924580252855
164,186,27,22.37833460935321
164,187,26,21.617476769186567
164,188,25,17.84419125088761
164,189,24,18.027262914283078
164,190,23,16.37228911868986
164,191,22,15.569114561882566
164,192,21,14.199538392840726
164,193,20,13.278849433344295
164,194,19,13.557690580468222
164,195,18,14.319951760075595
164,196,17,13.33051335927189
164,197,16,11.150537210711299
164,198,15,10.486745657999075
164,199,14,9.086221304230104
165,35,155,118.69529701496262
166,40,245,114.21552372890103
166,41,244,115.47585510720792
166,42,243,115.16955923164022
166,43,242,114.94004628675162
166,44,241,115.54155145721649
166,45,240,118.08264675956082
166,46,239,119.19464703868519
166,47,238,120.81029943200542
166,48,237,121.86219548298433
166,49,236,122.45996160966052
166,50,235,121.55126890770838
166,51,234,120.75945113674983
166,52,233,119.24406128880075
166,53,232,119.71085533343026
166,54,231,119.73778560422292
166,55,230,120.26560769095244
166,56,229,119.09507327577775
166,57,228,117.01255804091107
166,58,227,112.56893971883731
166,59,226,114.87524004496655
166,60,225,117.07906773269677
166,61,224,116.66451619962349
166,62,223,116.83276107763939
166,63,222,118.82643926237347
166,64,221,119.96818587049927
166,65,220,121.00460375596818
166,66,219,119.39755424430876
166,67,218,118.45672141430471
166,68,217,118.63585986977793
166,69,216,118.14134599783006
166,70,215,118.9466717842013
166,71,214,119.37142983864982
166,72,213,117.62701187774218
166,73,212,116.38003856324403
166,74,211,118.4657219953781
166,75,210,119.26877234860999
166,76,209,118.36070875197146
166,77,208,115.41667641403741
166,78,207,116.41992543858214
166,79,206,116.77750710726771
166,80,205,118.15746208027393
166,81,204,119.10975513735497
166,82,203,118.23245683883817
166,83,202,118.062011519628
166,84,201,118.01070203774339
166,85,200,117.38886727711292
166,86,199,116.41948302106302
166,87,198,117.14412026110335
166,88,197,116.37312377826301
166,89,196,118.09508206199533
166,90,195,116.97103084037838
166,91,194,115.64825595258839
166,92,193,115.31651766568092
166,93,192,117.38833071912023
166,94,191,115.30932402154552
166,95,190,115.35051833129333
166,96,189,113.41130107695847
166,97,188,107.81871376194778
167,40,134,119.62678398100545
167,41,133,118.37460911827293
167,42,132,119.16741630969469
167,43,131,120.17869128760407
167,44,130,119.99240712710261
167,45,129,120.29081988929124
167,46,128,120.68022104742826
167,47,127,121.75500729233677
167,48,126,120.86257593800093
167,49,125,120.80787132054604
167,50,124,123.06212049781062
167,51,123,123.56876679414749
167,52,122,122.78109788932608
167,53,121,121.88791549702353
167,54,120,121.57114010929185
167,55,119,120.4818149007881
167,56,118,119.87381904768947
167,57,117,115.89844090584411
167,58,116,112.77147635893274
167,59,115,114.4866353790325
167,60,114,113.78276180466386
167,61,113,114.11260102385022
167,62,112,116.76387454487605
167,63,111,119.01326561528671
167,64,110,117.31699338695111
167,65,109,117.04281352542688
167,66,108,114.81968342135612
167,67,107,112.04453084574416
167,68,106,110.40129153608316
167,69,105,110.09535093167992
167,70,104,106.42689473839408
167,71,103,109.66805441007867
167,72,102,107.508363325872
167,73,101,106.29142527573731
167,74,100,113.08833683772883
167,75,99,106.87282268716478
167,76,98,102.26563156588242
167,77,97,95.52961349185404
167,78,96,93.95435545443424
168,40,149,119.12722705661662
168,41,148,116.94367693179146
168,42,147,114.77111558839466
168,43,146,113.52026603824838
168,44,145,114.08611271167601
168,45,144,116.77993176806945
168,46,143,118.00566905804314
168,47,142,117.50136129180352
168,48,141,117.29939434942378
168,49,140,118.67976482196683
168,50,139,118.87776226200438
168,51,138,119.80949679038957
168,52,137,119.42901930282805
168,53,136,121.6629464508701
168,54,135,122.2442329789856
168,55,134,122.62690659728261
168,56,133,122.06922376390808
168,57,132,120.65537625862045
168,58,131,120.83310267049043
168,59,130,120.65693422094387
168,60,129,118.98872241516298
168,61,128,117.86454142680232
168,62,127,117.67312608001771
168,63,126,116.95719789469018
168,64,125,119.34063876200764
168,65,124,119.29482558335344
168,66,123,120.35968366479426
168,67,122,119.23789985083181
168,68,121,117.62919909818439
168,69,120,116.16158178666942
168,70,119,109.04971241884539
168,71,118,113.34885213570716
168,72,117,114.97722020518447
168,73,116,114.24739996839838
168,74,115,114.6306253629318
168,75,114,113.90429915018038
168,76,113,114.82053933052065
168,77,112,114.02987881334224
168,78,111,112.75327253081434
168,79,110,111.79407607999491
168,80,109,108.6456323386196
168,81,108,103.22209884887693
168,82,107,97.49714060480318
168,83,106,94.10819380928555
168,84,105,85.6716803907059
168,85,104,92.87173861841737
168,86,103,91.79983380934665
168,87,102,95.64585286297569
168,88,101,90.71325981340885
168,89,100,84.1858429970982
168,90,99,88.89155963252114
168,91,98,82.9344003395972
168,92,97,76.22435154899289
168,93,96,75.23616529577626
168,94,95,71.21957507684326
168,95,94,75.13527383554403
168,96,93,63.2528257802814
168,97,92,59.1428762926397
168,98,91,63.24196917238453
168,99,90,61.2675243309037
168,100,89,61.45819888701823
168,101,88,60.082774228653655
168,102,87,61.21674268827316
168,103,86,62.298580072232554
168,104,85,71.34066886633761
168,105,84,69.95881422923844
168,106,83,73.63453995948548
168,107,82,77.39512351992259
169,40,175,122.96493721011014
169,41,174,121.28465469075024
169,42,173,120.29084397824451
169,43,172,120.24658688343335
169,44,171,119.3669581473707
169,45,170,115.49323882149368
169,46,169,112.93298602327488
169,47,168,111.1448188505692
169,48,167,107.78003470691709
169,49,166,114.57528284522657
169,50,165,113.79964835003034
169,51,164,108.82350107052119
169,52,163,105.49654373095487
169,53,162,103.82368881922145
169,54,161,108.25686734637895
169,55,160,105.74833953022159
169,56,159,105.48989104111317
169,57,158,111.45650856999907
169,58,157,112.5330496601457
169,59,156,113.6201569543334
169,60,155,112.48423795452734
169,61,154,114.41840998081369
169,62,153,115.34501773481712
169,63,152,114.29472298175443
169,64,151,112.33111531276761
169,65,150,112.04144015151581
169,66,149,113.9680389489694
169,67,148,115.29122124568588
169,68,147,117.47564231660084
169,69,146,115.47444071165249
169,70,145,115.91645530079077
169,71,144,113.57169711979704
169,72,143,116.70084958356505
169,73,142,113.8708464800707
169,74,141,114.34408231092232
169,75,140,113.01529482517566
169,76,139,110.90962409704616
169,77,138,112.15674082622971
169,78,137,111.10694156826952
169,79,136,111.11734763441345
169,80,135,108.9318055814166
170,40,227,125.0
170,41,226,125.0
170,42,225,125.0
170,43,224,123.63519518491154
170,44,223,122.00915797610895
170,45,222,122.69889330991161
170,46,221,124.85283358278866
170,47,220,122.95878347044228
170,48,219,124.26135303886673
170,49,218,123.88958522555826
170,50,217,123.31464382239184
170,51,216,123.31673768124875
170,52,215,122.28907511724583
170,53,214,122.75448615341668
170,54,213,122.90895822081481
170,55,212,123.6038872327733
170,56,211,123.69364121523492
170,57,210,121.53896868393012
170,58,209,120.97795211374884
170,59,208,120.18404022429138
170,60,207,120.3882343138936
170,61,206,119.14779467124012
170,62,205,117.90449704945433
170,63,204,117.47818204134941
170,64,203,118.25519196534479
170,65,202,115.69963009193577
170,66,201,113.86935242872357
170,67,200,116.08450355535174
170,68,199,112.37967067825932
170,69,198,108.45335854298727
170,70,197,113.35124825420351
170,71,196,112.74317097587459
170,72,195,117.22699039598207
170,73,194,116.31291241623026
170,74,193,114.5955953299987
170,75,192,110.33820716383147
170,76,191,105.53970776909216
170,77,190,108.35527222244914
170,78,189,106.31799968026755
170,79,188,109.92456293373306
170,80,187,109.81429223102369
170,81,186,110.44796391782822
170,82,185,109.28403493215531
170,83,184,109.26721162242544
170,84,183,104.99216697951096
170,85,182,104.18662198804122
171,40,239,117.55281685681703
171,41,238,115.45579856300195
171,42,237,115.83929706853405
171,43,236,118.82975658235142
171,44,235,120.07340425589824
171,45,234,118.72035185385133
171,46,233,117.01213165210333
171,47,232,118.94445200517433
171,48,231,116.07603647462575
171,49,230,117.04243109411306
171,50,229,117.63979405291778
171,51,228,120.61738612903657
171,52,227,118.6827988264403
171,53,226,119.21102141009231
171,54,225,118.59333277828682
171,55,224,118.39133695129374
171,56,223,117.09291549156848
171,57,222,116.1876126023592
171,58,221,115.4262605204938
171,59,220,113.6456847596069
171,60,219,111.41854377228124
171,61,218,111.11217593304916
171,62,217,110.16370487593122
171,63,216,114.0062644273994
171,64,215,116.51537541625206
171,65,214,117.2291291467111
171,66,213,116.92488742777205
171,67,212,116.29178839292766
171,68,211,114.30594228585797
171,69,210,114.71081792475832
171,70,209,112.34575427043228
171,71,208,111.87455316636888
171,72,207,109.55544366235704
171,73,206,108.9466741563898
171,74,205,111.54851110637946
171,75,204,117.33880659425174
171,76,203,116.66482068307637
171,77,202,117.1459084939656
171,78,201,119.73927097230653
171,79,200,119.17006168820758
171,80,199,118.29997914911188
171,81,198,116.62102144269365
171,82,197,116.80018611902969
171,83,196,118.38227161427875
171,84,195,120.14592205521201
171,85,194,118.0830156953707
171,86,193,116.10444809998693
171,87,192,118.10873269389806
171,88,191,110.26392622210574
171,89,190,114.66426788338202
171,90,189,115.7274950748875
171,91,188,113.91087056190977
171,92,187,112.65603548958146
171,93,186,108.02055139833425
171,94,185,107.59979427990183
171,95,184,105.30013888290381
171,96,183,106.59944608676543
171,97,182,106.12462194341019
171,98,181,104.21313343004539
171,99,180,107.08927866547685
171,100,179,104.73577790053795
171,101,178,103.30955478331435
171,102,177,91.71867019959099
171,103,176,99.17303644163438
171,104,175,99.63342367390057
171,105,174,104.04799921061965
171,106,173,102.58538004936293
171,107,172,105.34693251038179
171,108,171,107.77819533703598
171,109,170,106.12528845387571
171,110,169,105.0367453281184
171,111,168,101.13853149078547
171,112,167,101.03924608538554
171,113,166,98.75293617121946
171,114,165,100.64626250990418
171,115,164,100.1276303255153
171,116,163,98.252969806202
171,117,162,100.09565991665716
171,118,161,98.21566976275717
171,119,160,104.35823981896498
171,120,159,95.7412223405814
171,121,158,98.41910536042661
171,122,157,101.23285329866658
171,123,156,109.75722351844774
171,124,155,108.55638324768383
171,125,154,106.25887907139911
171,126,153,105.78161031965831
171,127,152,105.88556723056583
171,128,151,104.33618255855862
171,129,150,107.87376440672428
171,130,149,107.7382852835674
171,131,148,106.13681156402677
171,132,147,103.21985593919644
171,133,146,101.96887562867734
171,134,145,103.73801794146064
171,135,144,104.90177532247012
171,136,143,105.60481780172935
171,137,142,104.06563389003747
171,138,141,108.21771994530334
171,139,140,106.29864309356041
171,140,139,104.03921215187839
171,141,138,104.78351512744055
171,142,137,105.27548775805867
171,143,136,106.58456024058178
171,144,135,105.20089713180164
171,145,134,105.47736486840657
171,146,133,102.60019040126657
171,147,132,99.1860886937904
171,148,131,102.26125524268713
171,149,130,102.75318038105183
171,150,129,101.3839320795087
171,151,128,101.58093195148572
171,152,127,98.32722434673207
171,153,126,95.1319919515104
171,154,125,97.27959352865986
171,155,124,95.33604786444246
171,156,123,95.7709305098584
171,157,122,96.92039451368709
171,158,121,95.12757523354469
171,159,120,93.3903291060334
171,160,119,93.68631024845416
171,161,118,95.355182859494
171,162,117,94.40956120191915
171,163,116,96.10191846246046
171,164,115,102.94540012411127
171,165,114,98.10083774367409
171,166,113,104.31611042552122
171,167,112,103.5426840575076
171,168,111,99.83721957040282
171,169,110,98.63548318647969
171,170,109,96.98721147067103
171,171,108,96.76061190639177
171,172,107,94.69579834024117
171,173,106,87.1794395658799
171,174,105,82.03178699465187
171,175,104,86.80476046942329
171,176,103,82.26903478845043
171,177,102,83.0349029376431
171,178,101,81.303712882583
171,179,100,82.3734392754736
171,180,99,82.03210138958107
171,181,98,79.00301974140069
171,182,97,75.04732673223884
171,183,96,73.60188119556105
171,184,95,74.55544141412955
171,185,94,73.84321234036653
171,186,93,72.44024715484375
171,187,92,74.11820724594824
171,188,91,74.44554549246325
171,189,90,70.48774613438682
171,190,89,71.36563368396652
171,191,88,69.3143760833145
171,192,87,63.644723047030894
171,193,86,62.86171178885433
171,194,85,64.55783382400541
171,195,84,68.76759402161356
171,196,83,73.94826841110456
171,197,82,69.92392152794909
171,198,81,65.4767858396676
171,199,80,62.614178133044334
171,200,79,58.997591083489425
171,201,78,55.23538446269958
171,202,77,56.55939745221937
171,203,76,56.88057515844124
171,204,75,59.8207286269532
171,205,74,55.618886821219135
171,206,73,56.032490255395004
171,207,72,53.81681650357966
171,208,71,53.915979835425915
171,209,70,55.016731205536445
171,210,69,54.320085151274746
171,211,68,53.37800675145105
171,212,67,53.04118934532014
171,213,66,52.19695257542264
171,214,65,51.14482098340957
171,215,64,51.39853732005993
171,216,63,52.244632444868614
171,217,62,49.98486782309533
171,218,61,49.877367496825336
171,219,60,45.0874047296508
171,220,59,45.907769809536404
171,221,58,46.777235210512565
171,222,57,44.860109826846426
171,223,56,43.388619754982244
171,224,55,45.95603813809285
171,225,54,46.94256989613605
171,226,53,47.25482125900809
171,227,52,45.31429973975254
171,228,51,45.89199704104416
171,229,50,44.58479076869911
171,230,49,46.019231902731505
171,231,48,45.745710382754694
171,232,47,44.103865987875366
171,233,46,43.24421733226542
171,234,45,41.067896892459274
171,235,44,41.285254846464404
171,236,43,40.89373499855618
171,237,42,39.08607260389533
171,238,41,35.99326593798805
171,239,40,37.19587257791773
171,240,39,34.533137186147336
171,241,38,30.889436500243324
171,242,37,30.946509787026937
171,243,36,31.74365260675146
172,40,195,122.40133401738183
172,41,194,121.35727579932947
172,42,193,123.0971327040881
172,43,192,122.3092145299202
172,44,191,120.80194015142598
172,45,190,118.89667858795148
172,46,189,117.20606542392562
172,47,188,118.44786939607377
172,48,187,116.11867718056646
172,49,186,116.12680263720182
172,50,185,115.60677703343998
172,51,184,114.29055048074515
172,52,183,117.52492285324065
172,53,182,116.17460446140691
172,54,181,116.04933295418675
172,55,180,119.01150620046286
172,56,179,114.9205043061055
172,57,178,117.63417100845882
172,58,177,121.42170306629826
172,59,176,117.22739618079973
172,60,175,119.2651723206977
172,61,174,118.90389833421003
172,62,173,119.7536908232176
172,63,172,119.25133378290785
172,64,171,117.02070806107068
172,65,170,113.70646944792846
172,66,169,113.53033594032203
172,67,168,114.40660041419835
172,68,167,113.85144037466473
172,69,166,109.5472294258989
172,70,165,114.77039570148179
172,71,164,113.8470030177578
172,72,163,109.42764738803407
172,73,162,108.98456309838008
172,74,161,109.99475032324587
172,75,160,109.81064257892015
172,76,159,106.28915967435464
172,77,158,111.86513338671543
172,78,157,114.60020032893694
172,79,156,110.7583619365288
172,80,155,108.0279869929742
172,81,154,107.5886554301208
172,82,153,109.86014830275036
172,83,152,112.1203840638166
172,84,151,110.52968850006606
172,85,150,111.31304133721939
172,86,149,111.29627941870255
172,87,148,112.33594844634739
172,88,147,113.84929387319889
172,89,146,113.82720836029081
172,90,145,114.8469176441177
172,91,144,114.53936460330607
172,92,143,113.86436543595673
172,93,142,110.79994830237666
172,94,141,110.3517980012385
172,95,140,109.58766320817647
172,96,139,105.7517255361337
172,97,138,105.33011254618773
172,98,137,105.85715521988664
172,99,136,95.16192103229162
172,100,135,92.93818912374749
172,101,134,93.5445232134206
172,102,133,92.47219853590056
172,103,132,89.5365556549367
172,104,131,93.89802054292952
172,105,130,88.68613852291755
172,106,129,89.61577166856978
172,107,128,89.49747842071515
172,108,127,87.45663775900188
172,109,126,90.01384849900185
172,110,125,92.1484457203533
172,111,124,88.19423435391242
172,112,123,91.16639885068209
172,113,122,95.42639064303933
172,114,121,99.42063056430872
172,115,120,98.26291073607723
172,116,119,100.2316068804219
172,117,118,103.97689005655928
172,118,117,102.79375453511415
172,119,116,101.62045769872091
172,120,115,102.70551899337116
172,121,114,97.27982386667495
172,122,113,102.18212279519639
172,123,112,99.9566732819604
172,124,111,93.77013221569291
172,125,110,101.25172956689238
172,126,109,105.84906314341993
172,127,108,106.54272723758466
172,128,107,103.02986437452157
173,40,91,112.67390306055916
173,41,90,113.03883403584952
173,42,89,117.28524113238794
173,43,88,115.46949803135412
173,44,87,115.12757569306305
173,45,86,114.25328832177084
173,46,85,112.34001717424738
173,47,84,112.78194101738228
173,48,83,114.26856361352164
173,49,82,111.56188857665911
173,50,81,111.73857047961147
173,51,80,112.57072938406972
173,52,79,109.98174267749889
173,53,78,111.20767143893318
173,54,77,114.11752891869824
173,55,76,112.0793891876969
173,56,75,107.65002889113926
173,57,74,109.28816071984704
173,58,73,109.23090712743053
173,59,72,102.75053790113695
173,60,71,102.72812678891313
173,61,70,108.67574754487153
173,62,69,106.89201761083064
173,63,68,108.10945205056669
173,64,67,105.39362443815524
173,65,66,103.13302655242131
173,66,65,107.69624775686293
173,67,64,108.75128836661557
173,68,63,108.25682512664075
173,69,62,106.23404054455624
173,70,61,104.12036943134973
173,71,60,101.62609376160067
173,72,59,95.7367968808213
173,73,58,93.90132806202476
173,74,57,95.88519297197004
173,75,56,99.88704233968161
173,76,55,95.72955574764987
173,77,54,94.52006672768115
173,78,53,90.73534498567426
173,79,52,87.94333830629971
173,80,51,86.82829939067283
173,81,50,78.99088070532724
173,82,49,66.62629774731936
173,83,48,59.652054618991215
173,84,47,49.43915629999046
173,85,46,52.068993412179346
173,86,45,50.48500365207402
173,87,44,45.73698452314359
173,88,43,43.91618872891044
173,89,42,47.35784430851149
173,90,41,46.05745550621867
173,91,40,43.09111678173167
173,92,39,46.53103705768092
173,93,38,38.113346355011885
173,94,37,40.10545703079764
173,95,36,39.03191891109891
173,96,35,40.98914264040259
173,97,34,42.28466181656542
173,98,33,36.73874344574182
173,99,32,35.04333269286418
173,100,31,31.771848958804668
173,101,30,29.85562873601046
173,102,29,28.937147136034973
173,103,28,27.796570261320976
173,104,27,24.57481321471814
173,105,26,20.385155244514436
173,106,25,22.34985629152479
173,107,24,19.742935784617124
173,108,23,18.15318972472476
173,109,22,15.954814821258463
173,110,21,15.566078117554056
173,111,20,15.896969763070441
173,112,19,16.230973385321597
173,113,18,14.437559904720548
173,114,17,14.363433818333874
173,115,16,13.961969953075876
173,116,15,14.109915140735087
173,117,14,13.481354808262642
174,40,106,111.59490341060135
174,41,105,114.92569616287393
174,42,104,113.97126078406993
174,43,103,116.90639238050716
174,44,102,119.41030092353151
174,45,101,118.79554311381537
174,46,100,119.13347677723416
174,47,99,119.04574308583643
174,48,98,118.46467683205654
174,49,97,118.90241057357031
174,50,96,117.44907229682073
174,51,95,116.20611279830882
175,40,185,125.0
175,41,184,123.29086435306498
175,42,183,123.41396945271119
175,43,182,120.80993273477696
175,44,181,118.74674213824514
175,45,180,118.36383229870363
175,46,179,119.38311952667391
175,47,178,118.53198116337413
175,48,177,121.7408865463529
175,49,176,123.09826048815088
175,50,175,123.51389846965276
175,51,174,123.75066214225373
175,52,173,123.19075200631347
175,53,172,123.76498561150112
175,54,171,122.69817595852727
175,55,170,122.54301153039304
175,56,169,123.33094975083173
175,57,168,123.90302502476067
175,58,167,124.90271844663509
175,59,166,123.7295596328334
175,60,165,125.0
175,61,164,125.0
175,62,163,124.46494583614663
175,63,162,124.82296500687883
175,64,161,123.82748000930883
175,65,160,123.08211403471824
175,66,159,123.13972256600911
175,67,158,123.10183361960895
175,68,157,121.20293231053648
175,69,156,117.46250715207114
175,70,155,116.99494885842535
175,71,154,118.24661824788653
175,72,153,117.4125114864531
175,73,152,116.87016825138443
175,74,151,116.40632852788086
175,75,150,117.39600770098497
175,76,149,117.94145893124734
175,77,148,118.01961694665727
175,78,147,116.04808019094179
175,79,146,117.16195790372342
175,80,145,118.95400192249592
175,81,144,116.3880371162968
175,82,143,118.6404773640269
175,83,142,117.19469514842166
176,40,183,123.22801516116226
176,41,182,123.78661263910355
176,42,181,123.88325012000963
176,43,180,125.0
176,44,179,124.55664764977826
176,45,178,124.77389633883365
176,46,177,124.3279414594389
176,47,176,124.46162792689651
176,48,175,124.70673157551711
176,49,174,124.39522232523728
176,50,173,124.62547231438454
176,51,172,124.23993716312565
176,52,171,123.31984595003675
176,53,170,122.39923303756207
176,54,169,122.65870160188751
176,55,168,124.48546389896259
176,56,167,124.58615482983782
176,57,166,122.81028510093685
176,58,165,121.5509128900765
176,59,164,121.85210342328318
176,60,163,120.4708999749262
176,61,162,120.96259198229784
176,62,161,121.38161618927651
176,63,160,121.4202554712223
176,64,159,121.77973771190989
176,65,158,122.28317832319672
176,66,157,122.37172056554861
176,67,156,122.71183538090654
176,68,155,122.22154541223898
176,69,154,121.4756912013519
176,70,153,121.97245914674049
176,71,152,120.95621873356414
176,72,151,119.39655954639093
176,73,150,118.31068466682595
176,74,149,116.13156452389083
176,75,148,118.0182723862949
176,76,147,118.97636520144732
176,77,146,120.61620598989798
176,78,145,119.19988399717857
176,79,144,121.63239416782793
176,80,143,120.70637803419761
176,81,142,121.20615178597899
176,82,141,120.46751516385176
176,83,140,121.5754477592549
176,84,139,120.53939108679629
176,85,138,120.84983519964294
176,86,137,119.62216642147902
176,87,136,120.47986262484001
176,88,135,121.57876914954178
176,89,134,122.12813676293098
176,90,133,122.27401691696829
176,91,132,121.41607782756407
176,92,131,121.62272813394247
176,93,130,118.15951805558143
176,94,129,121.49230175901016
176,95,128,121.38830255197902
176,96,127,121.26625204858595
176,97,126,119.33585555465748
176,98,125,119.28514225072739
176,99,124,120.2870701182882
176,100,123,121.18061595614705
176,101,122,119.94328559094194
176,102,121,120.21148329358496
176,103,120,121.7085705725333
176,104,119,121.46008143564114
176,105,118,119.8435722701445
176,106,117,120.79341689144609
176,107,116,119.88449617267784
176,108,115,115.36795303786167
176,109,114,118.87104453502803
176,110,113,115.779817359901
176,111,112,116.77400273258726
176,112,111,117.70410665224256
176,113,110,116.43863097288013
176,114,109,118.61439919537139
176,115,108,116.1291483133916
176,116,107,118.50499088221096
176,117,106,120.77282338051742
176,118,105,118.64391852097992
176,119,104,120.70360060823344
176,120,103,120.2227868906295
176,121,102,117.70645092414227
176,122,101,111.99739404656786
176,123,100,112.59601987054754
176,124,99,113.73640434558777
176,125,98,113.55025040274458
176,126,97,114.7074818198613
176,127,96,108.3317103270034
176,128,95,101.60881505700868
176,129,94,102.83146653226345
176,130,93,109.18487645015037
176,131,92,96.3381852789501
176,132,91,96.68031826669781
176,133,90,94.12449141342705
176,134,89,94.85263484500703
176,135,88,91.67767429450299
176,136,87,84.39399683594588
176,137,86,84.7698263221531
176,138,85,92.58125941427758
176,139,84,90.94509209376747
176,140,83,97.58326244157641
176,141,82,102.20016433224791
176,142,81,106.21566766838532
176,143,80,98.57791110549869
176,144,79,98.35334374793774
176,145,78,98.13203392840062
176,146,77,98.80339383514206
176,147,76,97.96066457726891
176,148,75,100.67670853945391
176,149,74,104.92239984276819
176,150,73,99.46651447367003
176,151,72,97.5521988339093
176,152,71,94.88669183579265
176,153,70,89.57932220421543
176,154,69,84.90077986799928
176,155,68,86.27332471309782
176,156,67,89.74988806350603
176,157,66,87.45674841376851
176,158,65,82.4635321596607
176,159,64,82.87924382738763
176,160,63,86.89076688832932
176,161,62,71.09160955167638
176,162,61,78.2374806903806
176,163,60,74.07597759992683
176,164,59,66.01213942068324
176,165,58,63.035682264034484
176,166,57,59.815505720244225
176,167,56,62.4868853451569
176,168,55,59.1552910666386
176,169,54,65.18292194693174
176,170,53,66.74004655075325
176,171,52,62.92316622250222
176,172,51,62.47287914151994
176,173,50,57.478578271652964
176,174,49,48.53448493255276
176,175,48,46.084619530908675
176,176,47,47.22237908208598
176,177,46,51.11889396478381
176,178,45,53.597933175632264
176,179,44,55.53131416972298
176,180,43,51.27604062526534
176,181,42,50.13529622400026
176,182,41,50.039207997194744
176,183,40,47.11219240947723
176,184,39,49.47789841911649
176,185,38,48.709586728690525
176,186,37,46.69149658161852
176,187,36,44.28603321086001
176,188,35,43.95065345786598
176,189,34,43.41436893431263
176,190,33,41.86555259300675
176,191,32,41.62648189787954
176,192,31,38.90401996701864
176,193,30,36.45541825167692
176,194,29,34.651228181277894
176,195,28,30.838046409495774
176,196,27,31.640150023144585
176,197,26,30.565199165958912
176,198,25,29.261639889508245
176,199,24,25.593071994469724
176,200,23,25.38780890230691
177,40,157,116.4269266416664
177,41,156,115.65789384988389
177,42,155,120.5426239605768
177,43,154,121.85301587359626
177,44,153,120.5955732046881
177,45,152,120.50470013240101
177,46,151,119.97671994508222
177,47,150,121.23048704645967
177,48,149,121.90769535951253
177,49,148,118.37406564813267
177,50,147,115.65011541527814
177,51,146,118.3352538132618
177,52,145,113.17096771570364
177,53,144,111.44582756926502
177,54,143,112.54268506986332
177,55,142,116.74747444062186
177,56,141,118.00870028754537
177,57,140,119.65386782028483
177,58,139,118.74200357700039
177,59,138,119.4280352868505
177,60,137,116.59437151159571
177,61,136,116.73480179596103
177,62,135,115.82428075129636
177,63,134,116.77605830608425
177,64,133,118.46765166741905
177,65,132,118.20851531968529
177,66,131,118.44134347220361
177,67,130,117.34486190854471
177,68,129,119.26314062762064
177,69,128,117.54990453523479
177,70,127,114.77726605010614
177,71,126,114.05473367622577
177,72,125,110.41598665010363
177,73,124,106.52956384982654
177,74,123,109.99545672620971
177,75,122,103.17785857260932
177,76,121,105.43518604947295
177,77,120,112.4264569716355
177,78,119,111.1642806567892
177,79,118,114.25032129816819
177,80,117,112.05881103757713
177,81,116,110.35409007861097
177,82,115,112.97425640289921
177,83,114,110.44033026888144
177,84,113,112.05439724811387
177,85,112,113.10110255198992
177,86,111,115.50670461075777
177,87,110,115.91084677074173
177,88,109,115.9940368829589
177,89,108,113.91422540761599
177,90,107,112.78115198528661
177,91,106,115.33529928816984
177,92,105,108.38616854021733
177,93,104,107.40307029672474
177,94,103,102.71873697024978
177,95,102,109.39326419128844
177,96,101,108.43215544624175
177,97,100,109.83191550181022
177,98,99,107.12682177134957
177,99,98,106.61646595404538
177,100,97,100.30060474335926
177,101,96,101.12466679592711
177,102,95,105.66168914747624
177,103,94,106.81941474546417
177,104,93,108.0161854201755
177,105,92,108.18622946469365
177,106,91,109.07121895615126
177,107,90,105.33914024903467
177,108,89,101.65466922976498
177,109,88,102.8955341997007
177,110,87,99.82840267398001
177,111,86,99.87254928580043
177,112,85,96.96141935240429
177,113,84,98.39075057013176
177,114,83,91.62819190676687
177,115,82,83.38387410960175
177,116,81,84.32367651166744
177,117,80,88.14108092772162
177,118,79,84.77207376979146
177,119,78,84.03364739161563
177,120,77,84.323591421701
177,121,76,85.53201212268507
177,122,75,84.2656709368499
177,123,74,82.63493510358308
177,124,73,78.7892449812403
177,125,72,79.08769596106359
177,126,71,78.99101555435513
177,127,70,76.16187898142374
177,128,69,71.68825698587958
177,129,68,68.91940038013017
177,130,67,67.9146355273498
177,131,66,68.7391265397194
177,132,65,69.08968475350906
177,133,64,72.74357839141337
177,134,63,70.46254219304052
177,135,62,66.2486934894195
177,136,61,65.60222064463883
177,137,60,65.39002292376337
177,138,59,68.25643863503866
177,139,58,65.4586203522689
177,140,57,58.289119030956314
177,141,56,55.499555317732174
177,142,55,58.66966514366378
177,143,54,59.62176128007975
177,144,53,54.66859531450304
177,145,52,59.29258244710573
177,146,51,56.3278201658312
177,147,50,54.24543799177064
177,148,49,49.69084090888296
177,149,48,48.057084795891726
177,150,47,45.75159506277849
177,151,46,45.44589530338774
177,152,45,43.17925239242463
177,153,44,44.594684494075594
177,154,43,45.06677287170821
177,155,42,41.35564231619015
177,156,41,41.14714995430491
177,157,40,37.324802910117675
177,158,39,40.96871605662197
177,159,38,36.55689459126043
177,160,37,37.258068789200664
177,161,36,34.72975171566167
177,162,35,34.65508455963683
177,163,34,36.23883926616664
177,164,33,33.18482911801303
177,165,32,31.65516127343593
177,166,31,33.06741021986152
177,167,30,31.66172216260634
177,168,29,28.957848013873146
177,169,28,27.354731332509484
177,170,27,24.94059597918264
177,171,26,27.049186938796645
177,172,25,26.032440187921857
177,173,24,26.62891694142421
177,174,23,24.20062112800291
177,175,22,23.043701112571647
177,176,21,21.194712398340258
177,177,20,15.963536009142967
177,178,19,16.2025152959964
177,179,18,12.94019877009496
177,180,17,11.359604109536868
177,181,16,11.414773250641112
177,182,15,10.732184214339583
177,183,14,10.767718282678254
177,184,13,8.763277038404384
177,185,12,7.902216944746394
177,186,11,8.073162427019842
177,187,10,7.27301431149205
177,188,9,7.422631670955609
177,189,8,7.438990047327248
177,190,7,4.344672746571538
177,191,6,4.184485871541654
178,40,158,118.7518364313066
178,41,157,117.98204859764581
178,42,156,114.34360980006997
178,43,155,113.03113010938412
178,44,154,113.62888559324105
178,45,153,114.22183294183054
178,46,152,113.15251650585158
178,47,151,115.30396946968295
178,48,150,116.07766746953297
178,49,149,115.4530116971747
178,50,148,119.42618304078027
178,51,147,120.57069394532117
178,52,146,119.76104922113443
178,53,145,120.56875697294205
178,54,144,121.80208569918373
179,40,151,122.3141441502226
179,41,150,124.50337324683542
179,42,149,123.35642458387714
179,43,148,122.45280941771702
179,44,147,124.36260147551158
179,45,146,125.0
179,46,145,124.59495838659682
179,47,144,123.54896614235135
179,48,143,122.07789067605336
179,49,142,119.92192774308471
179,50,141,119.74819930976007
179,51,140,120.23108581622043
179,52,139,120.71193174236619
179,53,138,121.31282033057441
179,54,137,120.51483575641876
179,55,136,118.35043098400433
179,56,135,120.22704965000696
179,57,134,120.67048875408963
179,58,133,120.79242453339499
179,59,132,122.33213630455012
179,60,131,121.29507825166186
179,61,130,117.80458508388978
179,62,129,115.05461546059092
179,63,128,117.4109245383313
179,64,127,120.53165991923477
179,65,126,117.9246386062844
179,66,125,116.78310108699242
179,67,124,116.36253414312215
179,68,123,117.61917019499867
179,69,122,116.64456627237871
179,70,121,116.74917925098569
179,71,120,112.04073121226048
179,72,119,107.509506385004
179,73,118,111.12997092173984
179,74,117,109.34682502030932
179,75,116,105.14480143213629
179,76,115,108.08136754042081
179,77,114,110.33130905551764
179,78,113,112.19197195198677
179,79,112,107.67369413049497
179,80,111,105.90572445589034
179,81,110,112.37667541705923
179,82,109,116.7817955004544
179,83,108,114.49580680562626
179,84,107,114.02895471593966
179,85,106,115.1825774866554
179,86,105,115.31077957406009
179,87,104,114.49544393377062
179,88,103,114.78577913870853
179,89,102,114.60464148926883
179,90,101,112.9953801848402
179,91,100,117.62848735545845
179,92,99,118.12699292966812
179,93,98,115.58369420607434
179,94,97,117.88059807192933
179,95,96,117.2816231763785
179,96,95,119.21711060838928
179,97,94,119.48819181324579
179,98,93,119.61893922971974
179,99,92,112.92710778080485
179,100,91,114.52129390622025
179,101,90,111.65147921392798
179,102,89,108.11209314986391
179,103,88,101.28272647433454
179,104,87,103.40192675481376
179,105,86,94.44228940415648
179,106,85,88.22536385747462
179,107,84,85.32213145612215
179,108,83,84.95762728669094
179,109,82,79.02628716671018
179,110,81,76.4136465250974
179,111,80,76.15900865350955
179,112,79,73.91678120509539
179,113,78,68.67199970280913
179,114,77,66.72596095962042
179,115,76,63.79855912872097
179,116,75,66.39911958401768
179,117,74,66.02830986725826
179,118,73,60.73790540340519
179,119,72,58.11729002322974
179,120,71,56.39360730147463
179,121,70,63.01366154957688
179,122,69,62.30772177305637
179,123,68,63.057363447403986
179,124,67,60.80293637140128
179,125,66,62.56093775202595
179,126,65,63.94963531239689
179,127,64,65.39262585927996
179,128,63,61.590269059848694
179,129,62,61.37581986475011
179,130,61,68.63691359758468
179,131,60,72.56333072382458
179,132,59,83.1361712807595
179,133,58,79.30554639614351
179,134,57,74.82602622032195
179,135,56,76.69698073249668
179,136,55,71.2453136616764
179,137,54,72.19081876126702
179,138,53,70.92530655270453
179,139,52,64.27128999119356
179,140,51,66.34809485057397
179,141,50,59.561875810859135
179,142,49,58.448091235474905
179,143,48,51.29307720815909
179,144,47,55.399687264565884
179,145,46,49.67744813500356
179,146,45,46.29389852167754
179,147,44,48.44532339450424
179,148,43,45.0162403577975
179,149,42,43.86826121366089
179,150,41,44.426386689196825
179,151,40,47.35018505988853
179,152,39,43.95864976214049
179,153,38,36.554800822586486
179,154,37,40.21495926070708
179,155,36,43.27688556949694
179,156,35,38.78836545776295
180,40,211,123.52351491484504
180,41,210,123.91762818473572
180,42,209,123.37349108231484
180,43,208,124.55286740822206
180,44,207,124.55718433695381
180,45,206,123.63681248309535
180,46,205,123.49993543646204
180,47,204,124.273914674529
180,48,203,125.0
180,49,202,125.0
180,50,201,124.72201924737334
180,51,200,123.45953611561717
180,52,199,122.83584151432962
180,53,198,124.65948833303544
180,54,197,123.29958834908061
180,55,196,122.24238582563154
180,56,195,119.94145783131844
180,57,194,114.85446604204165
180,58,193,115.12740505916952
180,59,192,114.28920634741363
180,60,191,114.9166285062582
180,61,190,114.08890760424029
180,62,189,115.2758709409635
180,63,188,116.29143215117747
180,64,187,115.54786079422408
180,65,186,109.22438601412685
180,66,185,111.29655807482982
180,67,184,111.6424745392797
180,68,183,112.53118009828032
180,69,182,109.1869663026309
180,70,181,102.61744238283109
180,71,180,104.23266976664877
180,72,179,104.8561053503108
180,73,178,106.04469039460216
180,74,177,107.57993684841895
180,75,176,107.60695404081261
180,76,175,105.66893203065835
180,77,174,107.02987636197369
180,78,173,107.98911711960054
180,79,172,110.77528308630369
180,80,171,110.5351674484782
180,81,170,113.21233083742197
180,82,169,107.56625905333165
180,83,168,109.8265744074197
180,84,167,109.93596776379891
180,85,166,109.91357384335318
180,86,165,111.61240945853766
180,87,164,109.73992041422159
180,88,163,110.46145090456572
180,89,162,114.00999660375497
180,90,161,113.17123976501911
180,91,160,110.92575161711329
180,92,159,114.02763003317227
180,93,158,113.22805439720624
180,94,157,115.00879610778742
180,95,156,115.9343513092092
180,96,155,114.28956466918306
180,97,154,113.09385454474325
180,98,153,116.58509234535661
180,99,152,117.56793228045697
180,100,151,116.10222820581733
180,101,150,114.75328889509117
180,102,149,115.67655062739829
180,103,148,112.92760914442596
180,104,147,113.27156338088103
180,105,146,111.74345044687195
180,106,145,113.40284023611568
180,107,144,111.87516779152948
180,108,143,110.47312780926065
180,109,142,109.21901939185162
180,110,141,99.82674999589696
180,111,140,101.32497209206119
180,112,139,104.36614300798867
180,113,138,108.73148458914025
180,114,137,107.2753535096378
180,115,136,110.16100761795067
180,116,135,108.8497308998947
180,117,134,105.35826399861362
180,118,133,109.25222338901602
180,119,132,112.11236357754277
180,120,131,109.13641007605037
180,121,130,107.25478094904054
180,122,129,103.56438132654728
180,123,128,105.58519835659573
180,124,127,102.7232542014315
180,125,126,103.06500243352895
180,126,125,101.21048580660897
180,127,124,94.07856478417476
180,128,123,87.39350503670494
180,129,122,86.4393106585201
180,130,121,90.4797350068972
180,131,120,87.89501477132751
180,132,119,95.07306522175638
180,133,118,91.57424928901779
180,134,117,99.5729328440168
180,135,116,90.33286624778461
180,136,115,93.11061578779038
180,137,114,92.67001994783216
180,138,113,86.62545076796451
180,139,112,86.18083523444727
180,140,111,89.97352724209216
180,141,110,96.63711375880216
180,142,109,99.50712798708722
180,143,108,98.25615906415877
180,144,107,102.23261409806356
180,145,106,101.49384774250993
180,146,105,99.99030718676084
180,147,104,92.84002283005782
180,148,103,94.73550082532492
180,149,102,91.3605698572128
180,150,101,83.54574546355931
180,151,100,91.64678135338934
180,152,99,89.1288852547141
180,153,98,94.87495943563704
180,154,97,88.96360303089338
181,40,227,121.80982515327669
181,41,226,122.03123400553864
181,42,225,120.2491936316793
181,43,224,122.45256952724247
181,44,223,122.18229134993089
181,45,222,120.89088122272119
181,46,221,120.37805433193326
181,47,220,121.71640085907646
181,48,219,122.03468266445711
181,49,218,122.34635719007504
181,50,217,119.80684599532907
181,51,216,120.77841797911455
181,52,215,121.08282598941304
181,53,214,120.65670413044
181,54,213,121.29316485426773
181,55,212,122.53511786568617
181,56,211,121.84213574908671
181,57,210,121.07491485452911
181,58,209,119.19670018317578
181,59,208,120.38098946868769
181,60,207,117.48896547281147
181,61,206,114.66786535850554
181,62,205,114.02516507960269
181,63,204,111.43313630705018
181,64,203,110.71350255612239
181,65,202,114.20272284002775
181,66,201,113.52248650601047
181,67,200,113.26014567854733
181,68,199,110.51116652438546
181,69,198,111.77332071680286
181,70,197,112.7534852932773
181,71,196,112.30098155467627
181,72,195,115.49771245043533
181,73,194,116.85905414841184
181,74,193,113.25416549578429
181,75,192,115.03144174344585
181,76,191,116.18779530662951
181,77,190,115.9869599655706
181,78,189,114.87785382033233
181,79,188,115.00958135000678
181,80,187,115.01353241680863
181,81,186,112.5707208226575
181,82,185,111.94463090012721
181,83,184,111.45516150672213
181,84,183,108.92019323881794
181,85,182,107.28126062838768
181,86,181,104.3371478813927
181,87,180,107.81932837820133
181,88,179,110.08992492046485
181,89,178,109.54035932977268
181,90,177,105.87230001041667
181,91,176,107.36325548018637
181,92,175,107.51074175377748
181,93,174,102.80483662951471
181,94,173,93.85320296559917
181,95,172,102.09490193187219
181,96,171,103.07666500385119
181,97,170,105.51218601655091
181,98,169,103.08141824549152
181,99,168,99.41348019768708
181,100,167,98.32180152117459
181,101,166,100.01497987454685
181,102,165,103.18200322176224
181,103,164,99.26356529120324
181,104,163,94.38691143673609
181,105,162,100.10274398593043
181,106,161,103.17145122650805
181,107,160,98.83151451969104
181,108,159,105.7454320580228
181,109,158,107.10899322230078
181,110,157,108.3800331255453
181,111,156,106.19698151824176
181,112,155,110.15227594730716
181,113,154,117.27983762446821
181,114,153,113.99536160218904
181,115,152,110.77562718014283
181,116,151,113.7439158690037
181,117,150,114.36145434039996
181,118,149,116.31915363188733
181,119,148,116.94922801590778
181,120,147,118.82930332536122
181,121,146,113.34406974304011
181,122,145,109.54502518033391
181,123,144,109.93924269421419
181,124,143,112.14603247161062
181,125,142,111.20568419365789
181,126,141,112.11801243443259
181,127,140,114.38890476847541
181,128,139,116.11562370775002
181,129,138,114.38624056317589
181,130,137,114.3291319732416
181,131,136,115.27105165229938
181,132,135,114.1573935261379
181,133,134,112.74538942623019
181,134,133,110.18856554600865
181,135,132,107.2415113287139
181,136,131,106.16811892313906
181,137,130,110.57745367960891
181,138,129,107.14883413711186
181,139,128,103.32691123646296
181,140,127,100.7842730806494
181,141,126,104.80483701253826
181,142,125,99.58976454557614
181,143,124,100.1014687531047
181,144,123,96.2830680527279
181,145,122,96.93100094895772
181,146,121,91.7691662847806
181,147,120,90.36545856277786
181,148,119,89.89938886389734
181,149,118,86.58714846123002
181,150,117,81.61500816293963
181,151,116,82.68501430404675
181,152,115,87.4173342864351
181,153,114,94.30356632443011
181,154,113,93.87479770628029
181,155,112,94.75713858920308
181,156,111,101.71010961949993
181,157,110,101.72943588912402
181,158,109,96.4938492070853
181,159,108,87.78926299112142
181,160,107,94.12960045734611
181,161,106,88.82865606822659
181,162,105,84.13904479136795
181,163,104,85.04224201633747
181,164,103,84.16434444156849
181,165,102,77.9129266516048
181,166,101,82.61340893148574
181,167,100,81.88629474860554
181,168,99,78.48694286729868
181,169,98,79.81166605505335
181,170,97,78.27977098497182
181,171,96,84.99948967907716
181,172,95,83.12563677799213
181,173,94,83.78142691940023
181,174,93,79.81071674291493
181,175,92,75.74114228647396
181,176,91,73.26607095690676
181,177,90,81.79678991401137
181,178,89,80.20670117117677
181,179,88,81.5161263626305
181,180,87,83.12940538188857
181,181,86,82.28277083425783
181,182,85,82.31366849633096
181,183,84,83.40502106309049
181,184,83,76.22874258924746
181,185,82,77.42724719044085
181,186,81,73.5789807396948
181,187,80,75.65563480852214
181,188,79,71.12751699169826
181,189,78,69.99818917055961
181,190,77,66.34488692617964
181,191,76,65.71315022845968
181,192,75,66.1190452445068
181,193,74,63.8158508528025
181,194,73,66.10240114972332
181,195,72,65.93908863349074
181,196,71,69.73082570601377
181,197,70,68.28490347743858
181,198,69,67.06165470251088
181,199,68,62.28082199201511
182,40,108,123.15856652210599
182,41,107,124.87814698622324
182,42,106,124.2109454227172
182,43,105,123.60255361648788
182,44,104,125.0
182,45,103,125.0
182,46,102,123.81110623385592
182,47,101,124.61050648946662
182,48,100,123.66056980169617
182,49,99,123.0359369813902
182,50,98,121.68289202410116
182,51,97,121.97195425540014
182,52,96,118.9325614046431
182,53,95,116.321774706783
182,54,94,118.05141213938039
182,55,93,112.58290391423104
182,56,92,111.04197063736432
182,57,91,111.96932185490222
182,58,90,106.39840297041357
182,59,89,107.22588575009321
182,60,88,104.754679535241
182,61,87,106.47790388309599
182,62,86,98.20183002709732
182,63,85,95.79345984225829
182,64,84,97.41382193626508
182,65,83,98.2650155869539
182,66,82,90.57028426359892
182,67,81,86.65516260785037
182,68,80,86.45741107334611
182,69,79,82.67020467547796
182,70,78,82.34723451817261
182,71,77,78.22420833111306
182,72,76,77.57751501690718
182,73,75,79.42579873167625
182,74,74,78.54995091585869
182,75,73,79.70984596811601
182,76,72,85.98529378350797
182,77,71,82.01925447285778
182,78,70,84.58626257028834
182,79,69,87.79794367707946
182,80,68,91.81897978449018
182,81,67,78.99778429650112
182,82,66,78.05121078876158
182,83,65,79.8018354667704
182,84,64,88.3785758185945
182,85,63,85.65233046176525
182,86,62,88.2608944871168
182,87,61,92.70528857491479
182,88,60,88.69232527119995
182,89,59,92.29843464315422
182,90,58,91.05646823766368
182,91,57,92.5365649466159
182,92,56,94.5887873918808
182,93,55,94.37581185671141
182,94,54,93.4962340789991
182,95,53,86.66896090138945
182,96,52,79.76107843505784
182,97,51,72.01911736608018
182,98,50,67.65096757611374
182,99,49,74.8816882779347
182,100,48,70.4499736783759
182,101,47,74.32078231313167
182,102,46,63.03600831916503
182,103,45,58.696631010228415
182,104,44,57.85869776586722
182,105,43,55.1775497590654
182,106,42,51.46059066500308
182,107,41,45.15430162341687
182,108,40,45.30235659932674
182,109,39,52.6036050055838
182,110,38,44.45669419477838
182,111,37,41.333133229676335
182,112,36,41.25343030553409
182,113,35,43.21948219229073
182,114,34,41.93756870356344
182,115,33,39.24958330888073
182,116,32,41.12116903355223
182,117,31,42.053411762182115
182,118,30,34.95345572035319
182,119,29,35.91522602156479
182,120,28,35.58659155142895
182,121,27,34.30220335741882
182,122,26,31.570046279488206
182,123,25,31.464798765727352
182,124,24,28.219873825082058
182,125,23,26.034592292397807
182,126,22,23.503469147847866
182,127,21,23.496248431340568
182,128,20,18.140580511831047
182,129,19,18.801893687359332
182,130,18,20.03585641359305
182,131,17,18.278213009388168
182,132,16,16.62843641153616
182,133,15,15.746922693585049
182,134,14,11.929932230822933
183,40,177,124.82206196420191
183,41,176,125.0
183,42,175,125.0
183,43,174,124.0590360920267
183,44,173,123.89242093338211
183,45,172,124.06061261209261
183,46,171,124.75995748322453
183,47,170,123.65898952400761
183,48,169,123.8136426619866
183,49,168,124.16755115143394
183,50,167,124.24784157866951
183,51,166,124.43720069559717
183,52,165,123.45399922987971
183,53,164,122.05856675062572
183,54,163,121.27569684621963
183,55,162,120.81851719096372
183,56,161,122.67056797176704
183,57,160,122.9791171518498
183,58,159,123.11771819361545
183,59,158,122.82378537252123
183,60,157,124.22738270290927
183,61,156,122.98376035145128
183,62,155,121.89173765189432
183,63,154,122.28231028991004
183,64,153,122.95860124246491
183,65,152,123.57153421927995
183,66,151,122.78934729452402
183,67,150,122.23877397128221
183,68,149,123.27671128175979
183,69,148,121.49824414541277
183,70,147,121.65706867657205
183,71,146,118.5914101636138
183,72,145,120.254357032088
183,73,144,121.82868079484416
183,74,143,120.7464607129123
183,75,142,119.89498607540882
183,76,141,116.81857972465119
183,77,140,115.56937697024152
183,78,139,111.25508909604923
183,79,138,110.46754096942752
183,80,137,110.55365973127324
183,81,136,111.85274854650842
183,82,135,112.44012319052797
183,83,134,110.72381569865333
183,84,133,110.57829931021583
183,85,132,109.86097241617668
183,86,131,110.37984081707248
183,87,130,109.96293720450706
183,88,129,110.20090171131858
183,89,128,113.37989133021459
183,90,127,114.96017706613677
183,91,126,118.85883146882463
183,92,125,119.16046167007994
183,93,124,117.46334067372234
183,94,123,117.05795518871865
183,95,122,116.81672147845072
183,96,121,116.07746746976404
183,97,120,117.5341029534701
183,98,119,118.19939287058705
183,99,118,115.57820754621847
183,100,117,118.28498130470865
183,101,116,115.44412651514219
183,102,115,112.36479364783574
183,103,114,112.86063190359249
183,104,113,111.13353877118925
183,105,112,110.27120026262949
183,106,111,108.4133812134829
183,107,110,109.39160261110314
183,108,109,108.48461065129679
183,109,108,108.6368085385607
183,110,107,109.09622400267199
183,111,106,112.04225612630499
183,112,105,116.5909394763817
183,113,104,118.87081996036028
183,114,103,117.79408566028269
183,115,102,116.30473055092449
183,116,101,114.8759978572705
183,117,100,115.82805171229046
183,118,99,116.4457156424436
183,119,98,115.27994869061895
183,120,97,110.74300798966172
183,121,96,105.4002524450741
183,122,95,104.07150988594798
183,123,94,99.7677774283377
183,124,93,94.67726683642704
183,125,92,91.64445709692167
183,126,91,93.33001004846783
183,127,90,95.53466989644977
183,128,89,89.81122847146929
183,129,88,95.64375120934389
183,130,87,102.54978223389323
183,131,86,104.93203373087559
183,132,85,100.69997276476026
183,133,84,104.69501604525911
183,134,83,99.56285736894313
183,135,82,96.00492882517571
183,136,81,92.02835027049528
183,137,80,91.78330251134044
183,138,79,88.31708807245857
183,139,78,88.54108862836547
183,140,77,83.62076074810241
183,141,76,79.50422457878514
183,142,75,78.36671836514884
183,143,74,77.17963477967956
183,144,73,74.89646517373932
183,145,72,73.10672082607925
183,146,71,73.83600462532186
183,147,70,70.70475780101418
183,148,69,70.36058742144152
183,149,68,67.56887557043001
183,150,67,70.15653694758593
184,40,215,123.64142329026657
184,41,214,120.88402796305377
184,42,213,120.67003443196514
184,43,212,122.03860527598641
184,44,211,122.1616463893636
184,45,210,121.82654441349055
184,46,209,122.41868439534161
184,47,208,123.32736942995686
184,48,207,123.55509854153608
184,49,206,122.55926363095152
184,50,205,122.63557677222852
184,51,204,122.21017386470533
184,52,203,122.78951954718733
184,53,202,123.25414564103252
184,54,201,123.36952985070477
184,55,200,122.19497210773376
184,56,199,122.58685639814321
184,57,198,120.18929517867849
184,58,197,119.91226702790541
184,59,196,120.59605822419292
184,60,195,121.68331345420157
184,61,194,122.47214043279614
184,62,193,121.29123758296666
184,63,192,121.1320645765177
184,64,191,122.01222429189784
185,40,233,121.07840393902893
185,41,232,120.43541557824237
185,42,231,120.8403873416064
185,43,230,120.74166873067534
185,44,229,120.30475221925386
185,45,228,119.51897294934523
185,46,227,119.35805553856933
185,47,226,119.33279443375733
185,48,225,120.37373873252449
185,49,224,121.16832461873429
185,50,223,121.28679366266766
185,51,222,120.81663497762315
185,52,221,119.9801235170944
185,53,220,120.48544174301084
185,54,219,121.60337968414791
185,55,218,119.8247609233766
185,56,217,120.95504638983873
185,57,216,118.29454020004506
185,58,215,121.24925906304892
185,59,214,122.57420857782523
185,60,213,122.322624105002
185,61,212,121.82440576713262
185,62,211,120.96077419843098
185,63,210,118.3830079256069
185,64,209,120.74182909508838
185,65,208,117.56513463812905
185,66,207,118.44130937665287
185,67,206,120.40904439481815
185,68,205,120.1668089633005
185,69,204,118.39629726994002
185,70,203,117.38220049062431
185,71,202,119.61468574058875
185,72,201,118.51435115037992
185,73,200,118.05221845819372
185,74,199,117.19709621224584
185,75,198,116.83500749928413
185,76,197,116.69562127274834
185,77,196,115.48723102179991
185,78,195,118.22152665622974
185,79,194,120.04889414841651
185,80,193,120.25766584678188
185,81,192,118.20236513695502
185,82,191,118.4800642315093
185,83,190,119.9191177114965
185,84,189,120.19714882600698
185,85,188,116.97553016855265
185,86,187,116.19598538766479
185,87,186,117.29527476604456
185,88,185,118.40735859251836
185,89,184,121.88479265839848
185,90,183,120.96333922467656
185,91,182,119.69911944026904
185,92,181,120.70097875844533
185,93,180,121.8819537335592
185,94,179,122.59234955346432
185,95,178,120.94488651666451
185,96,177,122.04420034434833
185,97,176,120.73785022440059
185,98,175,121.49394553792808
185,99,174,119.91391842641502
185,100,173,119.07185391682995
185,101,172,120.46011350592792
185,102,171,121.19785699726911
185,103,170,119.44884052545152
185,104,169,121.13643933048647
185,105,168,120.45256709412779
185,106,167,120.47092360497169
185,107,166,121.673125011746
185,108,165,119.26841795689535
185,109,164,115.78436354169895
185,110,163,119.05852649330278
185,111,162,119.77094563070116
185,112,161,119.63258555413574
185,113,160,121.86304846230911
185,114,159,122.03687275908615
185,115,158,117.86500514553478
185,116,157,113.39626311919886
185,117,156,110.83921320205042
185,118,155,112.49402918305043
185,119,154,112.22968303679018
185,120,153,109.64482398887586
185,121,152,109.2562945580022
185,122,151,108.75988812469706
185,123,150,109.14555014635447
185,124,149,109.89382908115245
185,125,148,111.89980692883142
185,126,147,110.71617766134744
185,127,146,109.65820638800773
185,128,145,111.01566582529132
185,129,144,110.98166643256556
185,130,143,110.70877245923947
185,131,142,109.77768616055673
185,132,141,107.77611814222118
185,133,140,113.35044071534608
185,134,139,116.8998312973132
185,135,138,114.94103227027054
185,136,137,115.0071492003279
185,137,136,103.57194551557888
185,138,135,109.87338174804336
185,139,134,112.54712762769101
185,140,133,110.38013920438809
185,141,132,109.18608650269155
185,142,131,110.666486116638
185,143,130,112.01682635348028
185,144,129,111.75216963325019
185,145,128,114.61011622579478
185,146,127,115.593195436158
185,147,126,115.61223626803302
185,148,125,116.06524349243108
185,149,124,111.14338901477828
185,150,123,113.25216026772861
185,151,122,113.66976044798011
185,152,121,115.14561242353255
185,153,120,117.72368159931057
185,154,119,118.60276365506122
185,155,118,122.10332522125857
185,156,117,122.24219450881748
185,157,116,119.84930963908002
185,158,115,119.21909401267686
185,159,114,118.31190990682559
185,160,113,117.02217292645719
185,161,112,113.81164438545301
185,162,111,112.37617944313628
185,163,110,110.44307615518895
185,164,109,111.89837694335714
185,165,108,113.26425254239797
185,166,107,119.60882937174063
185,167,106,117.06992911796348
185,168,105,117.4609679025123
185,169,104,112.12775620412054
185,170,103,113.16846489599286
185,171,102,112.18596958564137
185,172,101,110.18345106534932
185,173,100,108.75736443636362
185,174,99,109.4968464662399
185,175,98,105.92519160144049
185,176,97,103.22854306962643
185,177,96,96.24116657808167
185,178,95,94.95950256253806
185,179,94,87.1082017021266
185,180,93,86.64836032859577
185,181,92,88.10211648567038
185,182,91,88.61581781077776
185,183,90,90.28267050441815
185,184,89,85.64755224406954
185,185,88,87.44313566509896
185,186,87,84.73214277694902
185,187,86,81.81063747640253
185,188,85,84.39371635946463
185,189,84,82.71206709586707
185,190,83,80.72287081015949
185,191,82,78.23072924445687
185,192,81,78.5952498544465
185,193,80,79.68526927042892
185,194,79,77.5601096336159
185,195,78,76.02147807055573
185,196,77,74.54549056249222
185,197,76,76.56308341362647
185,198,75,72.0309676136121
185,199,74,70.06395892788464
185,200,73,68.2198962870609
185,201,72,66.33125043604088
185,202,71,64.6051580445327
185,203,70,61.32493635637603
185,204,69,59.47234877902496
185,205,68,59.20285173202758
185,206,67,59.33861291186015
185,207,66,59.92384480068442
185,208,65,52.412394236769245
185,209,64,54.17993466482929
185,210,63,56.480613084654806
185,211,62,57.1812870720821
185,212,61,56.232277443608865
185,213,60,53.29174677909566
185,214,59,52.857898251445405
185,215,58,51.80674682257285
185,216,57,49.253446110489264
185,217,56,49.68259696630807
185,218,55,48.093450625786474
185,219,54,45.46441570795001
185,220,53,46.40241144415274
185,221,52,48.99264780078791
185,222,51,49.69640950163903
185,223,50,49.118826030226884
185,224,49,46.80138454432612
185,225,48,46.97929346963532
185,226,47,43.56244419364448
185,227,46,44.041329829111994
185,228,45,43.521830642578294
185,229,44,40.0411449283328
185,230,43,38.501162416380296
185,231,42,37.395533870592104
185,232,41,37.25740812893844
185,233,40,36.432209896334996
185,234,39,34.82762596146898
185,235,38,33.738757845740246
185,236,37,33.11576766427959
185,237,36,32.54934276382309
185,238,35,30.95372398748066
185,239,34,31.653671281586472
185,240,33,30.376925048311666
185,241,32,29.09568330912543
185,242,31,27.519963000421498
185,243,30,28.156484998900495
185,244,29,26.888176617106495
185,245,28,25.222294380336205
185,246,27,23.367484469615036
185,247,26,21.629659680535074
185,248,25,18.392366423016192
185,249,24,17.768228389311766
185,250,23,15.859690634000598
185,251,22,15.173197052866962
185,252,21,14.00769329367509
185,253,20,13.639030115029843
185,254,19,11.243730551501134
186,40,136,117.01352089653443
186,41,135,117.47664737161963
186,42,134,116.51727063118022
186,43,133,116.91352902838199
186,44,132,119.37006104288201
186,45,131,117.5800201095403
186,46,130,119.5132944419228
186,47,129,116.05269867566064
186,48,128,118.29976894261267
186,49,127,120.99261206095048
186,50,126,121.48026622120062
186,51,125,114.16885164759952
186,52,124,120.06161774593801
186,53,123,117.78293331581257
186,54,122,117.7270403102524
186,55,121,116.52662866655326
186,56,120,116.83277355057044
186,57,119,117.92445151790389
186,58,118,115.68417950255127
186,59,117,116.58818774739166
186,60,116,119.30660821365203
186,61,115,117.1137985938245
186,62,114,117.5678045106013
186,63,113,119.53649688019607
186,64,112,113.29399028544006
186,65,111,115.50372552377337
186,66,110,115.89371075803717
186,67,109,116.11355801538755
186,68,108,120.37496516511843
186,69,107,117.86377723854342
186,70,106,117.41823204159977
186,71,105,118.15061876886821
186,72,104,119.33303671835404
186,73,103,116.66236119120114
186,74,102,119.81069749066934
186,75,101,118.56010463968971
186,76,100,115.7844835906894
186,77,99,115.93665129158579
186,78,98,112.64416495480694
186,79,97,112.17265816811991
186,80,96,113.80632901980678
186,81,95,110.00465618882515
186,82,94,108.76217447223956
186,83,93,108.8305092015851
186,84,92,103.14463065324398
186,85,91,96.46476935238128
186,86,90,101.8716841419437
186,87,89,104.80866528412768
186,88,88,107.70804071656869
186,89,87,105.00095142769084
186,90,86,99.38833451335294
186,91,85,100.88529479429788
186,92,84,102.22873002809084
186,93,83,95.21981938089192
186,94,82,99.8476266560171
186,95,81,96.8585798598138
186,96,80,92.64168598532702
186,97,79,90.6872085339098
186,98,78,84.74958126501745
186,99,77,88.08419225249061
186,100,76,79.44322784121715
186,101,75,85.29259986179062
186,102,74,84.283028588659
186,103,73,83.81351158926273
186,104,72,79.2787614186889
186,105,71,75.46147883630691
186,106,70,70.54487728424832
186,107,69,62.05427234398781
186,108,68,60.76683294392494
186,109,67,57.950723924941016
186,110,66,58.35219191065696
186,111,65,57.660596101851425
186,112,64,63.95481009820786
186,113,63,65.29667173941795
186,114,62,67.54434878047091
186,115,61,75.61481060091837
186,116,60,66.25993698303385
186,117,59,64.45164060762403
186,118,58,69.33480203435275
186,119,57,63.893993535243986
186,120,56,58.81882730295702
186,121,55,51.2264917469829
186,122,54,55.52237324054934
186,123,53,51.859352259041884
186,124,52,48.188698055988596
186,125,51,48.597354528109165
186,126,50,49.59687728948255
186,127,49,52.92638359277464
186,128,48,54.428619280817884
186,129,47,49.586878962258155
186,130,46,47.722651825590695
186,131,45,46.77363340770941
186,132,44,41.95904949218553
186,133,43,40.124533123639225
186,134,42,40.975990803109966
186,135,41,38.62225884469204
186,136,40,37.49349469866958
186,137,39,31.464143906892787
186,138,38,32.770623324813606
186,139,37,30.48971459577174
186,140,36,31.584565748328288
186,141,35,31.707751845829925
186,142,34,30.17370734646672
186,143,33,29.317595407698995
186,144,32,28.931820113008584
186,145,31,30.006430891045277
186,146,30,25.978959944110734
186,147,29,23.745179856274465
186,148,28,23.542225643067177
186,149,27,22.423540189116103
186,150,26,23.768838448041393
186,151,25,23.99317266439418
186,152,24,24.605765931214293
186,153,23,23.82686721682171
186,154,22,22.294043524198365
186,155,21,21.09466097932325
186,156,20,21.18677876116186
186,157,19,21.59392969861853
186,158,18,17.966256117736073
186,159,17,16.263611434454887
186,160,16,16.05630523059896
186,161,15,13.839093518492817
186,162,14,12.959067464271957
186,163,13,12.541491428644685
186,164,12,11.030225699162763
186,165,11,11.580997928414675
186,166,10,8.063513693489622
187,40,202,121.97581045059562
187,41,201,121.06975200034088
187,42,200,122.03978174888437
187,43,199,121.99795160970442
187,44,198,121.58286340391857
187,45,197,122.49724217850114
187,46,196,120.05354269284356
187,47,195,120.85807890369898
187,48,194,118.11876624674687
187,49,193,119.51939116033657
187,50,192,120.29454720941024
187,51,191,120.13769808306618
187,52,190,120.0291711434931
187,53,189,119.9839187686577
187,54,188,119.40211707388568
187,55,187,120.90882293374767
187,56,186,120.99055443076057
187,57,185,124.02555020718333
187,58,184,119.58877170476256
187,59,183,118.74780732025278
187,60,182,120.72159394487201
187,61,181,121.03456849506256
187,62,180,119.33874678046547
187,63,179,119.00655638286585
187,64,178,117.73497079562677
187,65,177,117.73527828365583
187,66,176,115.9965615180678
187,67,175,115.52409656868952
187,68,174,114.07366212490166
187,69,173,114.67980300811232
187,70,172,117.16652559311753
187,71,171,119.75115014906177
187,72,170,118.6606534047742
187,73,169,117.27850606013214
187,74,168,119.32193659010332
187,75,167,118.14341817637833
187,76,166,120.78313013816255
187,77,165,121.86051162259709
187,78,164,118.41527971310774
187,79,163,119.55085443645643
187,80,162,119.59455063818503
187,81,161,118.22897943500502
187,82,160,120.22845534613165
187,83,159,120.9715123288623
187,84,158,120.27657992184595
188,40,229,119.57401294495001
188,41,228,120.38463499029056
188,42,227,119.04620129810986
188,43,226,120.1642327236637
188,44,225,120.11750497330283
188,45,224,119.9427816769728
188,46,223,118.23666145011849
188,47,222,117.37642161114695
188,48,221,116.60046691918176
188,49,220,115.54691319756624
188,50,219,112.49915136773011
188,51,218,113.20296795968588
188,52,217,111.28396272178693
188,53,216,108.15062534559934
188,54,215,101.58395365085747
188,55,214,102.19622920731993
188,56,213,99.69635911544322
188,57,212,102.69634033471476
188,58,211,103.31233925653146
188,59,210,102.24414886376388
188,60,209,102.0038581303115
188,61,208,101.27526274688748
188,62,207,101.88460310307359
188,63,206,104.55742512065788
188,64,205,105.28359931368021
188,65,204,109.00399462912485
188,66,203,108.71914082848798
188,67,202,109.09274228792836
188,68,201,104.02811869983724
188,69,200,105.64831857641818
188,70,199,107.81061479906037
188,71,198,107.52604680117616
188,72,197,103.62209044353443
188,73,196,105.12313054191853
188,74,195,102.07534331831633
188,75,194,104.64794454597347
188,76,193,106.51259672586468
188,77,192,110.69779667776523
188,78,191,111.51405445248946
188,79,190,113.38339900742378
188,80,189,114.79436672475791
188,81,188,111.67825029239239
188,82,187,112.20463855819143
188,83,186,114.19336135022007
188,84,185,115.5135479245936
188,85,184,114.60016101775936
188,86,183,115.51774905835092
189,40,181,124.11856185418694
189,41,180,124.3860510488752
189,42,179,125.0
189,43,178,125.0
189,44,177,125.0
189,45,176,125.0
189,46,175,124.47137599461342
189,47,174,123.47471711336712
189,48,173,122.1922282737535
189,49,172,121.44731995082925
189,50,171,121.36168055119111
189,51,170,122.98533620183318
189,52,169,123.02329968002374
189,53,168,124.2207942444563
189,54,167,123.72071255148262
189,55,166,123.55018926481543
189,56,165,123.2509053138179
189,57,164,123.04626706799394
189,58,163,123.2486759639255
189,59,162,123.44577371579396
189,60,161,123.81956471348201
189,61,160,124.70062666999843
189,62,159,124.11419608737555
189,63,158,123.33450953863067
189,64,157,123.16768184714242
189,65,156,124.80894403835507
189,66,155,121.91628085716334
189,67,154,122.8777419174474
189,68,153,122.6196171248721
189,69,152,120.05204643079935
189,70,151,120.37532196375261
189,71,150,121.5207218538139
189,72,149,122.3342616690055
189,73,148,122.2883917335532
189,74,147,119.69434873707536
189,75,146,119.41378510480274
189,76,145,117.68698058108093
189,77,144,117.0901294284939
189,78,143,119.95631751626848
189,79,142,120.28540794771243
189,80,141,115.06692277009975
189,81,140,116.56505447734682
189,82,139,118.84604653681677
189,83,138,119.57047542379316
189,84,137,120.18299382376422
189,85,136,119.08514406899027
189,86,135,115.57708316837642
189,87,134,112.48012917324132
189,88,133,113.21132733282016
189,89,132,114.81747095373953
189,90,131,117.0251401043516
189,91,130,117.0760595194252
189,92,129,116.42430609009563
189,93,128,115.5886815959923
189,94,127,113.25377094848713
189,95,126,112.57025791512845
189,96,125,114.88266911068548
189,97,124,113.00584747010652
189,98,123,111.69963627808269
189,99,122,112.15961129907649
189,100,121,109.7389820926019
189,101,120,109.37196598136785
189,102,119,106.74660248367697
189,103,118,106.9216293226236
189,104,117,108.46432654646698
189,105,116,107.80946236277876
189,106,115,103.50406834924678
189,107,114,101.90006351610418
189,108,113,97.80279006017187
189,109,112,100.96895677901952
189,110,111,94.92908134375753
189,111,110,95.99703902133007
189,112,109,100.6277546965474
189,113,108,102.86389784603267
189,114,107,100.34476872900746
189,115,106,103.1337070238093
189,116,105,103.79624136073295
189,117,104,105.66256833727428
189,118,103,107.41622361831554
189,119,102,106.27927697498768
189,120,101,102.43931534453424
189,121,100,104.6893961157174
189,122,99,107.3726173311688
189,123,98,108.04012663088119
189,124,97,109.69038862139313
189,125,96,112.88306439422419
189,126,95,110.5578983311002
189,127,94,110.79213171123362
189,128,93,110.06918052652077
189,129,92,106.75920751426966
189,130,91,109.4575841013538
189,131,90,105.53333050006084
189,132,89,107.64065583813397
189,133,88,106.21583051968071
189,134,87,102.56017651908995
189,135,86,103.18191251549275
189,136,85,104.72435710492132
189,137,84,104.1848658890887
189,138,83,102.88145425685764
189,139,82,98.59139002836503
189,140,81,95.15420366378332
189,141,80,92.00121063992609
189,142,79,85.81933294285798
189,143,78,86.26269741557195
189,144,77,88.10671144702786
189,145,76,84.08493333622934
189,146,75,80.3437271983797
189,147,74,84.10640402209171
189,148,73,74.50153323931262
189,149,72,68.12309318959339
189,150,71,66.97405831558982
189,151,70,66.6633962141271
189,152,69,73.73905394535701
189,153,68,65.7201704571709
189,154,67,67.2532408959519
189,155,66,64.24160070831998
189,156,65,59.828121289581404
189,157,64,63.203400919233836
189,158,63,64.10131544944008
189,159,62,60.46074106386621
189,160,61,58.746178684103214
189,161,60,59.77175751995797
189,162,59,59.55157473035435
189,163,58,66.4169446176256
189,164,57,68.27963028417466
189,165,56,65.01043093759625
189,166,55,66.92758806937803
189,167,54,68.06811900654341
189,168,53,62.40070262357207
189,169,52,57.74908965045686
189,170,51,56.29757164100563
189,171,50,55.015153664112646
189,172,49,55.9513480228252
189,173,48,57.02602753968884
189,174,47,51.58358098832618
189,175,46,52.3895688601688
189,176,45,51.2034381597844
189,177,44,49.81966490097267
189,178,43,45.83885981834357
190,40,130,124.1186146812176
190,41,129,124.14521294720288
190,42,128,125.0
190,43,127,124.28881841425604
190,44,126,123.98576203108941
190,45,125,124.55718913323646
190,46,124,125.0
190,47,123,124.23503997837037
190,48,122,125.0
190,49,121,123.75020216953013
190,50,120,122.26514111098177
190,51,119,122.99786015003642
190,52,118,123.11420802896095
190,53,117,119.858860418903
190,54,116,123.15401060326492
190,55,115,121.2895812277761
190,56,114,122.83829523805522
190,57,113,120.62200708375315
190,58,112,121.37470189659791
190,59,111,121.53277171863785
190,60,110,120.25641822372678
190,61,109,117.78809370624019
190,62,108,118.3596560618767
190,63,107,121.43179244931099
190,64,106,117.41795703115788
190,65,105,117.85545286001667
190,66,104,120.06940169697796
190,67,103,113.36704713103822
190,68,102,115.28881525417935
190,69,101,111.38325199494712
190,70,100,112.95658298013632
190,71,99,114.00109393542228
190,72,98,112.26428634942269
190,73,97,107.90535701445992
190,74,96,105.69510398180041
190,75,95,105.71105937130483
190,76,94,103.42893293481649
190,77,93,100.02984289082667
190,78,92,101.5392735293491
190,79,91,98.41577836347841
190,80,90,98.6465672477773
190,81,89,98.43615378487394
190,82,88,101.94862846766802
190,83,87,101.7352646445644
190,84,86,101.75668453691473
190,85,85,100.97949830047096
190,86,84,106.44174972862268
190,87,83,98.08300071757714
190,88,82,95.72072622320468
190,89,81,87.89222537542551
190,90,80,83.08501145894854
190,91,79,78.70309660566022
190,92,78,81.63846895080619
190,93,77,82.27414026118083
190,94,76,79.92244438318511
190,95,75,82.10306009171225
190,96,74,81.4595685144569
190,97,73,72.58870325489406
190,98,72,81.90131314034599
190,99,71,78.39078779086047
190,100,70,80.09694801452434
190,101,69,79.79602698173969
190,102,68,74.77841709595646
190,103,67,73.65419357555379
190,104,66,70.58772727909329
190,105,65,72.00505934854631
190,106,64,77.28099837778396
190,107,63,71.68642229728488
190,108,62,72.42884683466326
190,109,61,76.29958779639546
190,110,60,71.58924208114092
190,111,59,68.82306212880364
190,112,58,68.16430218352684
190,113,57,64.54084208566668
190,114,56,59.1556862707624
190,115,55,59.79186751396049
190,116,54,57.16830676215949
190,117,53,59.87326524759423
190,118,52,61.615586092274654
190,119,51,64.23631067301628
190,120,50,62.56616553107731
190,121,49,60.98299364745084
190,122,48,57.86543920174974
190,123,47,56.80710303936435
190,124,46,54.50001956552174
190,125,45,49.688157377904936
190,126,44,45.38209258071538
190,127,43,44.07216143029207
190,128,42,42.74402572332875
190,129,41,40.48025304591606
190,130,40,38.62216467697608
190,131,39,41.86249234552533
190,132,38,40.9479616604775
190,133,37,37.59752420923478
190,134,36,37.31296570314533
190,135,35,38.789098921021704
190,136,34,42.80125101778262
190,137,33,44.09824852385498
190,138,32,33.983616764680875
190,139,31,30.6724405283773
190,140,30,31.762496423521025
190,141,29,29.984866086462954
190,142,28,30.783497531288763
190,143,27,28.432878844357347
190,144,26,28.219748645910123
190,145,25,27.03907427597928
190,146,24,25.001970182409263
190,147,23,22.944451977017955
190,148,22,21.87046093846908
190,149,21,21.03814073815569
190,150,20,19.183207150984792
190,151,19,19.838118555214294
190,152,18,17.262485449614953
190,153,17,15.598146155050392
190,154,16,15.597875331397923
190,155,15,13.603978780956757
190,156,14,11.335727394545923
190,157,13,12.526254497548855
190,158,12,12.349870845118293
191,40,203,119.92702974129378
191,41,202,120.4944951487565
191,42,201,117.93962043881096
191,43,200,118.47242213211747
191,44,199,115.69111047945327
191,45,198,115.27852299803791
191,46,197,119.56938048545804
191,47,196,116.7551829248718
191,48,195,116.47893849639301
191,49,194,116.77133436367295
191,50,193,118.68248345069543
191,51,192,117.7923434283163
191,52,191,119.05345584646989
191,53,190,118.68870223251601
191,54,189,116.94303030484011
191,55,188,114.45449698940533
191,56,187,115.7337018260142
191,57,186,120.93524717790372
191,58,185,118.3408522838845
191,59,184,117.10435460514753
191,60,183,115.23210955295647
191,61,182,111.63647606239107
191,62,181,108.79089793666554
191,63,180,104.26608555576877
191,64,179,107.67732775288285
191,65,178,110.24766121536265
191,66,177,110.04109936870611
191,67,176,113.82693772034868
191,68,175,113.01807422964939
191,69,174,113.87814884850806
191,70,173,112.90439428044338
191,71,172,114.80112404089604
191,72,171,115.01350921374797
191,73,170,115.71532420033014
191,74,169,118.22926517252715
191,75,168,113.35610229621864
191,76,167,114.5379074844393
191,77,166,115.11512467898295
191,78,165,111.43165218138218
191,79,164,113.05618024892097
191,80,163,114.11643772699256
191,81,162,112.5371970308128
191,82,161,115.11752604065546
191,83,160,113.30498987253019
191,84,159,113.61173759092038
191,85,158,112.2601652036914
191,86,157,114.27637414679765
191,87,156,111.08488172019219
191,88,155,116.22920878911069
191,89,154,113.63945000868551
191,90,153,117.56598328596738
191,91,152,118.44372877765552
191,92,151,118.51988670749837
191,93,150,116.79142740058776
191,94,149,113.45609546609178
191,95,148,113.2672566655526
192,40,134,117.69413512389086
192,41,133,118.40613070350344
192,42,132,116.79632419280006
192,43,131,116.76727822745832
192,44,130,117.07669494568358
192,45,129,116.02097072334801
192,46,128,112.84349401146812
192,47,127,109.3999424645409
192,48,126,110.77154397008806
192,49,125,114.16335676218154
192,50,124,110.056522281778
192,51,123,111.09982722934053
192,52,122,110.30865527892814
192,53,121,116.52056079693281
192,54,120,115.30836904943493
192,55,119,114.66840791752975
192,56,118,114.69457412249143
192,57,117,113.08835403848396
192,58,116,112.28037735499358
192,59,115,108.50428567589458
192,60,114,106.58906107543115
192,61,113,95.60276100543348
192,62,112,92.12678845650265
192,63,111,93.2213110514462
192,64,110,97.9256345910837
192,65,109,102.9711493644874
192,66,108,102.62014107604358
192,67,107,106.21335764475376
192,68,106,100.28810446341129
192,69,105,101.99400298677226
192,70,104,103.23414192710922
192,71,103,105.24126215870226
192,72,102,114.01087045402656
192,73,101,115.08377149743919
192,74,100,113.37218811329008
192,75,99,114.5054091634778
192,76,98,115.06787942667043
192,77,97,116.86542368339127
192,78,96,113.33767590867024
192,79,95,113.08631844105534
192,80,94,108.09294038548013
192,81,93,109.1244043429577
192,82,92,100.94489221744547
192,83,91,101.47336565704504
192,84,90,96.49739575743052
192,85,89,96.32841979614267
192,86,88,89.75604920485932
192,87,87,85.68086005194672
192,88,86,82.0828048187341
192,89,85,83.99055010166566
192,90,84,73.38204854645309
192,91,83,78.38387095709324
192,92,82,78.56124886025378
192,93,81,79.82279752727923
192,94,80,69.65622745430119
192,95,79,67.34009147781735
192,96,78,62.712685416914766
192,97,77,59.79264133566399
192,98,76,59.36165956906028
192,99,75,56.27829685112448
192,100,74,62.46203789574105
192,101,73,65.25928366555755
192,102,72,63.95269294603489
192,103,71,63.18707466720508
192,104,70,61.59768468871498
192,105,69,62.5356294021928
192,106,68,67.78183237385944
192,107,67,68.00765400440206
192,108,66,66.67012509794819
192,109,65,67.56274969761404
192,110,64,72.66679932449131
192,111,63,66.46214350471959
192,112,62,67.76940248411617
192,113,61,66.04155776222461
192,114,60,66.47733127912835
192,115,59,70.93835599121076
192,116,58,66.4507992897112
192,117,57,73.1230838347439
192,118,56,72.19918552315795
192,119,55,78.31744293602871
192,120,54,75.86207324178835
192,121,53,75.64668613531178
192,122,52,73.28795495500154
192,123,51,68.8284029814543
192,124,50,67.17548863854182
192,125,49,69.83206624275873
192,126,48,70.69947651721742
192,127,47,69.54583059829747
192,128,46,65.13085325957299
192,129,45,63.708337595869935
192,130,44,61.707315385824984
192,131,43,57.2569928004161
192,132,42,57.07598435437565
192,133,41,53.704065509037285
192,134,40,46.8416382274264
192,135,39,48.09795499903136
192,136,38,47.43762507582416
192,137,37,42.85209760233704
192,138,36,35.811219042761024
192,139,35,34.45014721051089
192,140,34,40.857272109321926
192,141,33,40.90305746645777
192,142,32,38.95596736528948
192,143,31,36.17775298655384
192,144,30,32.136814570533346
192,145,29,33.07530344118842
192,146,28,30.085668459845458
192,147,27,30.491605681338655
192,148,26,27.539944276368054
192,149,25,28.037479992682197
192,150,24,28.763291587483735
192,151,23,27.77501124182856
192,152,22,25.905404634931855
192,153,21,27.290652677513627
192,154,20,23.891344545314322
192,155,19,24.149689733543994
192,156,18,21.969593587670232
192,157,17,20.730973040867067
192,158,16,18.06756602577353
192,159,15,16.954609164702195
192,160,14,17.22119445986858
192,161,13,16.351559788320607
193,40,242,122.49900443294453
193,41,241,124.71232820582273
193,42,240,123.10398157616616
193,43,239,123.06337987437571
193,44,238,122.85528706828183
193,45,237,124.51953495781376
193,46,236,124.28351005582465
193,47,235,122.59487734463934
193,48,234,120.96961259681072
193,49,233,117.63888093250512
193,50,232,118.8579345809321
193,51,231,118.1470394770819
193,52,230,118.3551453372331
193,53,229,119.31948008710498
193,54,228,116.14148197075015
193,55,227,116.58100809193799
193,56,226,117.78736772946087
193,57,225,118.52106804504433
193,58,224,120.35654560526166
193,59,223,117.1057268099907
193,60,222,115.54525747099777
193,61,221,119.61039208472856
193,62,220,115.64031473946488
193,63,219,115.32003266564635
193,64,218,115.99377780373041
193,65,217,117.02548838281444
193,66,216,118.02480471327641
193,67,215,114.4129728926014
193,68,214,114.54905031737269
193,69,213,112.60016650596472
193,70,212,112.50263759970207
193,71,211,114.28255488818732
193,72,210,115.63637549527814
193,73,209,114.39407130887264
193,74,208,113.40393899711306
193,75,207,111.89283456127714
193,76,206,113.96931431894225
193,77,205,110.19728853690522
193,78,204,111.07027283064643
193,79,203,110.90424277506104
193,80,202,112.71427654926418
193,81,201,110.96581435905372
193,82,200,111.1573728276723
193,83,199,109.24861839823743
193,84,198,110.66995168816214
193,85,197,109.28645280524745
193,86,196,111.51799887585611
193,87,195,113.08205385934417
193,88,194,112.79732995039302
193,89,193,111.4854410839545
193,90,192,112.59810377114397
193,91,191,111.06980683787692
193,92,190,110.48295755401921
193,93,189,102.91079135487013
193,94,188,99.32094780186311
193,95,187,99.40016776794468
193,96,186,100.17653142331841
193,97,185,101.50723701068824
193,98,184,104.31479432606915
193,99,183,108.12769146922307
193,100,182,101.47499904071877
193,101,181,100.33864565854704
193,102,180,89.43365690700054
193,103,179,100.21664984075373
193,104,178,110.14739273822556
193,105,177,113.22898881854434
193,106,176,115.2728333573398
193,107,175,115.42644009175754
193,108,174,114.70137247250645
193,109,173,114.44304578149445
193,110,172,115.82656507074785
193,111,171,118.08110861357397
193,112,170,117.17980632494985
193,113,169,116.24297489713635
193,114,168,116.41678839531679
193,115,167,114.54771447284404
193,116,166,114.50940351397385
193,117,165,113.8614911863277
193,118,164,117.04615621974995
193,119,163,115.92380890523837
193,120,162,115.60193838285088
193,121,161,112.06819166221155
193,122,160,110.5753410793845
193,123,159,109.3031284756604
193,124,158,108.91094273360147
193,125,157,107.83090215238025
193,126,156,112.10942660493504
193,127,155,111.84973992295792
193,128,154,109.39969695984318
193,129,153,105.28921810140451
193,130,152,100.68079165098776
193,131,151,101.64023295541134
193,132,150,100.032143286895
193,133,149,94.80433208210957
193,134,148,96.83116655056537
193,135,147,95.8895973704328
193,136,146,92.7580550133332
193,137,145,94.72328331341933
193,138,144,96.6070985124654
193,139,143,99.60809219258127
193,140,142,100.85536794392021
193,141,141,95.92189912739352
193,142,140,93.7885644585016
193,143,139,95.53123626530714
193,144,138,94.56529170728959
193,145,137,93.49269862042358
193,146,136,90.02755232974528
193,147,135,91.40001859658943
193,148,134,90.52268870473924
193,149,133,92.90356311540924
193,150,132,100.80185559404187
193,151,131,102.5309154739796
193,152,130,104.23311496146661
193,153,129,107.52472678350867
193,154,128,105.92397093960923
193,155,127,104.26180977102595
193,156,126,107.66033280205262
193,157,125,104.47147911075918
193,158,124,113.16871142704503
193,159,123,111.6532049598595
193,160,122,114.82364956829656
193,161,121,111.10429211111256
193,162,120,115.35403631076164
193,163,119,116.45310631223694
193,164,118,115.43969411626844
193,165,117,112.92286125587667
193,166,116,113.51185184756622
193,167,115,111.01765351211797
193,168,114,112.42180253528448
193,169,113,110.34050285660982
193,170,112,109.0731389937049
193,171,111,109.02526400969651
193,172,110,108.0026759765949
193,173,109,104.99034900756203
193,174,108,103.30091292014147
193,175,107,105.84544179753641
193,176,106,103.48518052768334
193,177,105,100.20171334712863
193,178,104,94.60170643358623
193,179,103,96.12089868847812
193,180,102,95.00642651199135
193,181,101,90.51316518134855
193,182,100,88.19857279027472
193,183,99,94.88908842020247
193,184,98,95.171411045923
193,185,97,99.84278647897266
193,186,96,94.63726352702713
193,187,95,88.77322600664228
193,188,94,89.76449788731644
193,189,93,91.4688621756968
193,190,92,91.42023948153327
193,191,91,88.4695625418687
193,192,90,89.09706681531674
193,193,89,81.69068535012994
193,194,88,71.45993154580795
193,195,87,68.08242710768641
193,196,86,69.53358860849929
193,197,85,65.06192789298439
193,198,84,74.99488883759832
193,199,83,68.04957743795336
193,200,82,63.97742354475497
193,201,81,62.401892603851365
193,202,80,62.27031635106471
193,203,79,61.433936544246116
193,204,78,64.20827217722098
193,205,77,59.96188755041074
193,206,76,64.27155949497083
193,207,75,68.17629487050874
193,208,74,70.25968409325597
193,209,73,70.89969210830725
193,210,72,65.51076823225448
193,211,71,59.420278101540795
193,212,70,58.425494892460684
193,213,69,56.874819935339005
193,214,68,54.221207540852944
193,215,67,55.96544458616759
193,216,66,49.23360567373318
193,217,65,52.82789777464079
193,218,64,47.38878572832364
193,219,63,50.70468526049565
193,220,62,50.73461937082134
193,221,61,49.1000514024865
193,222,60,50.51798529252899
193,223,59,50.03195352638646
193,224,58,49.417131907573236
193,225,57,48.37661670563057
193,226,56,49.38532144909141
193,227,55,47.841771251951855
193,228,54,46.53569074745553
193,229,53,46.66231486807868
193,230,52,49.440044705501265
193,231,51,43.91828201960749
193,232,50,45.968617527109245
193,233,49,45.43187742615306
193,234,48,42.097220331425376
193,235,47,41.44330508244118
193,236,46,39.28302933197081
193,237,45,40.293556815648216
193,238,44,41.65491629734456
193,239,43,39.85608164428214
193,240,42,39.84169246681938
193,241,41,39.95539554004536
193,242,40,36.09247487586207
193,243,39,37.92056984437063
193,244,38,37.75760668202398
193,245,37,39.85773475312678
194,40,132,119.65458568866077
194,41,131,119.79953873386395
194,42,130,118.3813037702002
194,43,129,117.74974007583819
194,44,128,118.28607422650998
194,45,127,117.71772256120556
194,46,126,118.72981275773581
194,47,125,118.8687995451767
194,48,124,119.83008800442684
194,49,123,120.36115508984645
194,50,122,120.40493575231964
195,40,302,124.73491750121383
195,41,301,123.28372842805224
195,42,300,123.22700852047808
195,43,299,122.69071344391361
195,44,298,122.95883028603387
195,45,297,123.89109164774362
195,46,296,123.76509924370231
195,47,295,123.79523202317921
195,48,294,124.7661769360328
195,49,293,124.72610881255913
195,50,292,124.83321934994517
195,51,291,124.87928126819071
195,52,290,124.77963871692657
195,53,289,124.10799009473763
195,54,288,124.13905614159391
195,55,287,124.1720145765546
195,56,286,124.67358113342698
195,57,285,123.68708027017524
195,58,284,122.6097598971983
195,59,283,122.2669779630593
195,60,282,123.90715044411574
195,61,281,123.58009271378089
195,62,280,121.28251424275933
195,63,279,121.48603313201721
195,64,278,122.25863947475011
195,65,277,122.96214459051228
195,66,276,122.30742084952927
195,67,275,123.2207635436516
195,68,274,123.76565613606047
195,69,273,123.46778631808397
195,70,272,123.6075447525784
195,71,271,122.7035511358668
195,72,270,121.68561631192662
195,73,269,121.36897257338435
195,74,268,121.10932097668581
195,75,267,120.79916639620268
195,76,266,119.07067995432237
195,77,265,119.4913641766507
195,78,264,121.26216750585729
195,79,263,120.38520424703574
195,80,262,119.35093710408782
195,81,261,117.19511227774615
195,82,260,117.42932283808898
195,83,259,119.27724328794804
195,84,258,122.15781740717829
195,85,257,122.61612125166099
195,86,256,120.46800108185886
195,87,255,122.50592317425
195,88,254,123.76114124503835
195,89,253,123.60445793491655
195,90,252,121.85510847982869
195,91,251,122.81936998905911
195,92,250,122.60893182315687
195,93,249,122.08964003286371
195,94,248,122.00656063619655
195,95,247,122.08586443912884
195,96,246,124.14830255923596
195,97,245,123.74442394703084
195,98,244,123.75942760617598
195,99,243,123.84938760002571
195,100,242,123.73080032293828
195,101,241,124.36527633050136
195,102,240,124.63527997493301
195,103,239,123.82759168445892
195,104,238,122.30201324886636
195,105,237,121.98322490872827
195,106,236,123.0498053871153
195,107,235,121.7027137742341
195,108,234,122.61137367122748
195,109,233,123.75123873289957
195,110,232,123.07545047045083
195,111,231,123.54822397663555
195,112,230,123.70355098741993
195,113,229,121.47895296499597
195,114,228,122.13444112827715
195,115,227,122.31181300937888
195,116,226,121.90976932552208
195,117,225,121.24665914327869
195,118,224,124.2475767850701
195,119,223,123.15822879108052
195,120,222,121.87497966297778
195,121,221,122.4230866472166
195,122,220,122.7157133278499
195,123,219,122.32857313125214
195,124,218,121.17050472450384
195,125,217,123.01167154110048
195,126,216,122.18103820983595
195,127,215,121.48754755812408
195,128,214,122.90757353401025
195,129,213,121.91967522082345
195,130,212,122.67946768079656
195,131,211,119.65797061116072
195,132,210,119.81735385490472
195,133,209,121.77063292225833
195,134,208,121.56618928050824
195,135,207,123.25632842376594
195,136,206,122.9651100455315
195,137,205,122.01453317553242
195,138,204,122.2067802629326
195,139,203,123.06826386114496
195,140,202,122.70715948368439
195,141,201,121.86609555589314
195,142,200,122.0865583641899
195,143,199,121.99520478052418
195,144,198,119.65275373844302
195,145,197,120.35455941470858
195,146,196,122.62151426252353
195,147,195,121.12100142101269
195,148,194,122.25958592191819
195,149,193,123.57199023536552
195,150,192,125.0
195,151,191,125.0
195,152,190,125.0
195,153,189,123.82404684706034
195,154,188,123.3752127020205
195,155,187,123.72682595162209
195,156,186,123.62309064661105
195,157,185,123.15395293201486
195,158,184,121.86216688170478
195,159,183,119.25532636070302
195,160,182,119.58830189195977
195,161,181,114.25957608016844
195,162,180,117.9596476057315
195,163,179,115.1307388140612
195,164,178,109.72809729848913
195,165,177,115.14385180614244
195,166,176,114.27557643512198
195,167,175,113.23341628076304
195,168,174,112.4023535166337
195,169,173,109.70960247580693
195,170,172,109.33255592065831
195,171,171,110.20978830051644
195,172,170,112.66683286317274
195,173,169,109.34598127990871
195,174,168,109.19166076279882
195,175,167,113.18271666027101
195,176,166,113.1885392942699
195,177,165,113.50619855960916
195,178,164,106.96129248332434
195,179,163,108.08971741396002
195,180,162,105.79347015123383
195,181,161,104.47374208861648
195,182,160,105.86512473994469
195,183,159,105.49117237510814
195,184,158,106.33517241820492
195,185,157,102.76936893763562
195,186,156,104.82604761342463
195,187,155,108.01424810517997
195,188,154,107.89165381958648
195,189,153,107.88963242023345
195,190,152,112.54928912101467
195,191,151,114.80592815960247
195,192,150,116.48966818141199
195,193,149,122.14023857125707
195,194,148,122.86940910494272
195,195,147,123.35528333652108
195,196,146,120.75146856728105
195,197,145,120.21219298854578
195,198,144,121.72936547133236
195,199,143,124.11441128779205
195,200,142,122.27171136701463
195,201,141,120.42682152683884
195,202,140,117.60626156360956
195,203,139,120.24319069223596
195,204,138,121.10699259291079
195,205,137,114.35856839948826
195,206,136,116.00490654643448
195,207,135,112.18965760706357
195,208,134,111.88143920083216
195,209,133,116.96467292771315
195,210,132,116.45376631641616
195,211,131,118.8680224957482
195,212,130,117.13690103841991
195,213,129,115.40473212628964
195,214,128,105.65718930667305
195,215,127,109.07219909012966
195,216,126,107.49383270200593
195,217,125,105.64751366199803
195,218,124,103.87659233064514
195,219,123,102.57394265130557
195,220,122,107.02538737217256
195,221,121,105.43953876070145
195,222,120,98.76095414309015
195,223,119,98.71425767743537
195,224,118,97.02770564139792
195,225,117,95.70664629980637
195,226,116,96.01871063813806
195,227,115,92.84320696194922
195,228,114,92.44556913683738
195,229,113,90.98934180128475
195,230,112,92.35088819836344
195,231,111,92.65302529444378
195,232,110,94.92896257168272
195,233,109,92.23740070727524
195,234,108,91.38461254777255
195,235,107,92.4033524887131
195,236,106,90.5841558685662
195,237,105,89.70174175837867
195,238,104,92.99674563542996
195,239,103,92.94637271276422
195,240,102,92.6774672304459
195,241,101,87.49151236496553
195,242,100,87.06273533732127
195,243,99,86.1279672949635
195,244,98,82.65903570038725
195,245,97,77.89547318977151
195,246,96,72.87518034522742
195,247,95,74.75449151670142
195,248,94,77.22115073292736
195,249,93,75.59575624913964
195,250,92,72.2607892244451
195,251,91,68.09137018453924
195,252,90,66.63807856944106
195,253,89,69.7031045744005
195,254,88,67.95716811513606
195,255,87,69.68953518759713
195,256,86,72.20470803283433
195,257,85,68.92706920609369
195,258,84,67.55205326896342
195,259,83,66.07312370900246
195,260,82,64.88586144514439
195,261,81,64.37556295786536
195,262,80,59.892605682217365
196,40,162,123.96993108990418
196,41,161,123.00311537531712
196,42,160,123.45051602370873
196,43,159,123.43363638630899
196,44,158,124.24787491297639
196,45,157,121.62240391671162
196,46,156,121.37593207279579
196,47,155,121.02698296776194
196,48,154,118.29610023213613
196,49,153,117.37486680186623
196,50,152,114.74343344139058
196,51,151,111.53622596211017
196,52,150,111.09585924092485
196,53,149,107.42265716011119
196,54,148,110.64115974877186
196,55,147,114.09857294584788
196,56,146,114.50548479336285
196,57,145,117.4359164068388
196,58,144,117.24949337978214
196,59,143,114.10125289394647
196,60,142,111.72355257617525
196,61,141,114.00899995066695
196,62,140,115.93724405555407
196,63,139,112.64048361820491
196,64,138,105.24016025226766
196,65,137,104.5691731978408
196,66,136,107.29449560905113
196,67,135,106.61727369175296
196,68,134,110.28874545680472
196,69,133,114.79978909802765
196,70,132,115.70267569017591
196,71,131,116.93563378173326
196,72,130,112.57320922785956
196,73,129,112.65913687292192
196,74,128,115.03738056398079
196,75,127,115.70935472364945
196,76,126,118.21858521176556
196,77,125,115.56240825452672
196,78,124,114.74693545458257
196,79,123,112.9569428052697
196,80,122,113.05853603042948
196,81,121,112.48511225014094
196,82,120,113.29072052282203
196,83,119,112.05259356728774
196,84,118,114.48734079028259
196,85,117,114.20000969367783
196,86,116,114.82268198207956
196,87,115,114.63916619118815
196,88,114,116.11897247320525
196,89,113,112.31593571398996
196,90,112,114.12153321478081
196,91,111,114.7210679486688
196,92,110,116.07121887802384
196,93,109,117.36435910277301
196,94,108,118.08770251269804
196,95,107,119.73217049865784
196,96,106,119.57732927749271
196,97,105,119.21758106315275
196,98,104,119.84189801022325
196,99,103,118.72006338021836
196,100,102,117.89698986353915
196,101,101,117.23536338980577
196,102,100,116.4452847995401
196,103,99,114.65289706218859
196,104,98,111.97066342558904
196,105,97,111.19058858465459
196,106,96,110.5280526596556
196,107,95,109.16661327640655
196,108,94,110.29323629715392
196,109,93,111.27545887770907
197,40,151,123.72658517546685
197,41,150,124.21298709919122
197,42,149,124.47610846337889
197,43,148,123.53079346806015
197,44,147,123.76724255636915
197,45,146,124.49663485132567
197,46,145,125.0
197,47,144,124.20130409191849
197,48,143,122.91269538416157
197,49,142,121.47958974884928
197,50,141,122.21821664349697
197,51,140,123.51548308776198
197,52,139,123.90739420359691
197,53,138,124.0869170870672
197,54,137,123.69043025099971
197,55,136,122.65472236857954
197,56,135,122.25613589622138
197,57,134,120.50975739480086
197,58,133,121.60118721606055
197,59,132,120.73332039017382
198,40,112,122.83848453715065
198,41,111,122.58834042537
198,42,110,122.19019968080309
198,43,109,121.72137208605159
198,44,108,120.55069614141243
198,45,107,121.2493915221828
198,46,106,119.7640283750238
198,47,105,120.86360541198769
198,48,104,120.82889925882715
198,49,103,122.75664736188469
198,50,102,121.89334174711233
198,51,101,121.95273984420616
198,52,100,123.0311519880889
198,53,99,121.5288394860643
198,54,98,118.82192305152054
198,55,97,117.67886742867552
198,56,96,119.55645415457681
198,57,95,118.06258081285941
198,58,94,120.89782433776368
198,59,93,120.81593747122547
198,60,92,118.22801503963053
198,61,91,116.73674464395631
198,62,90,115.22687253124062
198,63,89,116.81022311569279
198,64,88,117.74370690438406
198,65,87,119.15990419453792
198,66,86,117.02209308939408
198,67,85,116.00999115496722
198,68,84,114.60262613527385
198,69,83,111.40247608462886
198,70,82,110.47194773769957
198,71,81,111.90831419139681
198,72,80,102.7110628764005
198,73,79,94.9684794291123
198,74,78,96.52663970606301
198,75,77,93.65376175806523
198,76,76,95.73194052300059
198,77,75,88.69372365829281
198,78,74,96.12486598942209
198,79,73,95.71206526266016
198,80,72,102.3172940059427
198,81,71,101.37238735311732
198,82,70,95.3603490147704
198,83,69,92.69831719584425
198,84,68,89.42347187604996
198,85,67,96.72357604966723
198,86,66,92.89046687374467
198,87,65,89.02626558349525
198,88,64,94.09034705059207
198,89,63,93.47114663389823
198,90,62,99.73948738506064
198,91,61,101.59866248940651
198,92,60,100.9053393418182
198,93,59,88.76151220325201
198,94,58,84.33236213349872
198,95,57,83.7619322954422
198,96,56,84.41811571952982
198,97,55,80.36857685198397
198,98,54,77.3877085319904
198,99,53,74.6044299003091
198,100,52,60.24064473406107
198,101,51,67.61811724359876
198,102,50,65.28297242686946
198,103,49,70.76718255556003
198,104,48,70.59461253359298
198,105,47,68.14974520077483
198,106,46,71.37556715788614
198,107,45,73.12087214784572
198,108,44,68.85071203925382
198,109,43,72.147283787569
198,110,42,63.38423236238716
198,111,41,65.81356690634783
198,112,40,59.93433011160151
198,113,39,57.95251282090054
198,114,38,56.01859115224349
198,115,37,48.534199825608255
198,116,36,47.22687754171466
198,117,35,42.52466557954413
198,118,34,43.197085876181575
198,119,33,40.209121981465415
198,120,32,40.713415906553344
199,40,180,123.7638911220849
199,41,179,124.39676453853764
199,42,178,125.0
199,43,177,124.81429369823206
199,44,176,124.46359761068337
199,45,175,124.51486502002197
199,46,174,125.0
199,47,173,125.0
199,48,172,124.3927503163431
199,49,171,124.45972892423126
199,50,170,124.14420861700208
199,51,169,124.12202631388512
199,52,168,123.35975223541624
199,53,167,123.1966187170081
199,54,166,123.61369762701608
199,55,165,125.0
199,56,164,124.42660804471386
199,57,163,123.66365808026472
199,58,162,123.1032511405422
199,59,161,123.24708781502521
199,60,160,121.56831611521382
199,61,159,119.96374920759075
199,62,158,119.95313674277308
199,63,157,119.42036598477775
199,64,156,119.96055205848499
199,65,155,121.66999720873194
199,66,154,122.53271122038706
199,67,153,122.66426913452108
199,68,152,121.879575385295
199,69,151,120.53756552706186
199,70,150,120.02253481854252
199,71,149,118.82628754632844
199,72,148,120.11992955847813
199,73,147,120.08710603439967
199,74,146,117.55179543325677
199,75,145,116.72376940779091
199,76,144,115.20793759803269
199,77,143,119.56097651172215
199,78,142,121.30215239353203
199,79,141,121.66823280837059
199,80,140,120.51166733087672
199,81,139,121.08114112083294
199,82,138,121.78976697517876
199,83,137,122.05720280390261
199,84,136,120.21609960880909
199,85,135,121.4787822810105
199,86,134,124.4912772313725
199,87,133,124.51385341304706
199,88,132,123.86937077929827
199,89,131,122.81824037896888
199,90,130,121.9431527706045
199,91,129,123.2747369859201
199,92,128,123.56248884370996
199,93,127,121.06501713802774
199,94,126,120.96966797133948
199,95,125,122.59281713474795
199,96,124,121.98240724964388
199,97,123,124.45642411471263
199,98,122,119.72011085087291
199,99,121,119.63591580468986
199,100,120,119.09133385240152
199,101,119,116.10381662176547
199,102,118,117.32886618540317
199,103,117,121.26890280530331
199,104,116,120.2698561501636
199,105,115,120.4597937096992
199,106,114,120.61426636795932
199,107,113,122.00798860076289
199,108,112,119.09980812551723
199,109,111,120.6905614079465
199,110,110,119.59075915348231
199,111,109,117.14239380126713
199,112,108,117.33228988446365
199,113,107,113.0228996461718
199,114,106,111.0476563146463
199,115,105,109.6975068614673
199,116,104,113.79468050064776
199,117,103,109.79502407531328
200,40,194,121.41941176661462
200,41,193,115.57932422558787
200,42,192,120.3967265857095
200,43,191,120.77254447661514
200,44,190,120.17459399466756
200,45,189,121.70559973043493
200,46,188,119.37425344212802
200,47,187,121.08601051017419
200,48,186,121.71265035228885
200,49,185,120.88791343308051
200,50,184,121.47982195880016
200,51,183,120.87346207560714
200,52,182,119.69285289048153
200,53,181,123.60470591226849
200,54,180,123.71643535763441
200,55,179,123.61388389571128
200,56,178,122.63889579314011
200,57,177,122.49518334496528
200,58,176,121.96517485803992
200,59,175,121.95414079251009
200,60,174,119.39274887817984
201,25,111,104.8262005917417
202,40,152,122.5851175368744
202,41,151,121.5354115463153
202,42,150,121.72126804761282
202,43,149,119.01477188163102
202,44,148,120.41441619914772
202,45,147,119.11236767305326
202,46,146,119.52456378639442
202,47,145,118.76188964313113
202,48,144,118.77512782137242
202,49,143,119.60265937499406
202,50,142,119.69596911623175
202,51,141,120.34206846241162
202,52,140,120.62549239760673
202,53,139,119.47526820346056
202,54,138,118.70604288301597
202,55,137,120.57511530342416
202,56,136,119.07401305250943
202,57,135,118.65865041100926
202,58,134,119.96048880278752
202,59,133,120.6900820349615
202,60,132,119.81659075568231
202,61,131,120.49381503803036
202,62,130,119.34516971187219
202,63,129,120.119968168481
202,64,128,121.05943048564617
202,65,127,122.31556096544261
202,66,126,120.81681148941246
202,67,125,120.24877319392587
202,68,124,116.06169229926215
202,69,123,115.19573632585426
202,70,122,114.425349311919
202,71,121,113.96386657243241
202,72,120,115.31560409991489
202,73,119,112.08994671593322
202,74,118,112.95486970136045
202,75,117,112.78948790431392
202,76,116,112.84839884422506
202,77,115,113.66109145919955
202,78,114,113.12031584828239
202,79,113,111.69184789174867
202,80,112,113.55521691994359
202,81,111,114.28925429042508
202,82,110,115.5229409194304
202,83,109,114.05602586316667
202,84,108,114.1090727985707
202,85,107,111.27177731486952
202,86,106,108.71801639163367
202,87,105,104.17601581397005
202,88,104,99.07637524304693
202,89,103,101.58933790193151
202,90,102,100.07490954932952
202,91,101,104.90821464855975
202,92,100,107.46573091605185
202,93,99,106.5992380349256
202,94,98,106.89699141761923
202,95,97,111.77007460895324
202,96,96,112.34677989821077
202,97,95,108.8014174462034
202,98,94,108.10826798606507
202,99,93,107.81630563534654
202,100,92,104.10122874446488
202,101,91,99.53723612304555
202,102,90,96.24524331314166
202,103,89,100.81278280244226
202,104,88,105.42052464412927
202,105,87,105.09699126622547
202,106,86,104.8808599294935
202,107,85,99.76735900796089
202,108,84,92.47480265764399
202,109,83,91.93891440672584
202,110,82,88.29630598725193
202,111,81,86.0131121300193
202,112,80,83.5768712592781
202,113,79,86.56554576569731
202,114,78,77.58444398512711
202,115,77,76.99046453926027
202,116,76,71.1607836515362
202,117,75,78.17078744281505
202,118,74,75.37270497701083
202,119,73,88.19217110751428
202,120,72,94.46209972907604
202,121,71,97.28184900118478
202,122,70,96.78180115492742
202,123,69,96.1085046170167
202,124,68,94.00799736989632
203,40,267,119.53581887964445
203,41,266,118.74931786052719
203,42,265,119.21261362245723
203,43,264,117.33903961153965
203,44,263,118.50424577361507
203,45,262,116.58820226108028
203,46,261,117.13712716979379
203,47,260,118.08942065444788
203,48,259,119.03124810422472
203,49,258,117.54894859761927
203,50,257,119.23876876604723
203,51,256,120.04909820893809
203,52,255,121.12811836002686
203,53,254,118.62110267534119
203,54,253,114.77329042725947
203,55,252,115.53481100126805
203,56,251,116.62273971476614
203,57,250,117.54067060368821
203,58,249,116.68497910396135
203,59,248,115.88315494313863
203,60,247,115.55906812202511
203,61,246,115.91051204713528
203,62,245,116.08917149113964
203,63,244,114.40775798529658
203,64,243,114.40242226850756
203,65,242,115.24016049694907
203,66,241,113.70528951699004
203,67,240,115.35381365593734
203,68,239,117.36967731807826
203,69,238,115.75709401005793
203,70,237,112.81365010251642
203,71,236,114.12084475519191
203,72,235,111.40480187531526
203,73,234,111.47636331712312
203,74,233,116.19194621659312
203,75,232,117.94182238911031
203,76,231,118.55179391811556
203,77,230,118.78977193061749
203,78,229,120.28714511775021
203,79,228,120.2984234072957
203,80,227,119.12408240867143
203,81,226,119.16086917638805
203,82,225,119.3210576441475
203,83,224,118.20935487183696
203,84,223,117.91969599584954
203,85,222,119.32005421199675
203,86,221,115.43368207957158
203,87,220,117.59207441816045
203,88,219,118.65762833187915
203,89,218,120.04493114425145
203,90,217,121.62876111595332
203,91,216,118.88392515803619
203,92,215,119.06526385886553
203,93,214,118.38786606652658
203,94,213,116.8632303047729
203,95,212,116.55165317663854
203,96,211,119.65139632343684
203,97,210,119.15782246362627
203,98,209,119.34483611796773
203,99,208,118.91401119009234
203,100,207,118.98181515545207
203,101,206,120.00317652595086
203,102,205,121.37172624222461
203,103,204,122.4044364050009
203,104,203,123.06705065588491
203,105,202,122.6601883182357
203,106,201,121.07664379046541
203,107,200,121.31712880380925
203,108,199,121.68191746049033
203,109,198,122.03849642541158
203,110,197,119.11673958730168
203,111,196,120.6475561393811
203,112,195,119.3039670459084
203,113,194,119.58910248365964
203,114,193,122.21307853262007
203,115,192,122.10886313126075
204,40,122,120.351539607136
204,41,121,121.06785245750862
205,31,134,119.14940912847018
206,40,170,118.50679759217029
206,41,169,117.7173013414369
206,42,168,117.23915500058095
206,43,167,115.41694420724492
206,44,166,116.66923035817922
206,45,165,115.47505845236017
206,46,164,114.97755720907686
206,47,163,114.74835259572959
206,48,162,116.18551699572286
206,49,161,118.22925069937811
206,50,160,117.78642309990212
206,51,159,119.0052284664446
206,52,158,118.29537445199153
206,53,157,117.9540030677821
206,54,156,115.5289621602478
206,55,155,116.80089402863783
206,56,154,115.13055543840036
206,57,153,111.27255722087094
206,58,152,111.03754720690168
206,59,151,112.07556105797018
206,60,150,112.9818340222825
206,61,149,104.00098914795669
206,62,148,95.89027088654987
206,63,147,86.0043052029749
206,64,146,88.8685012162625
206,65,145,90.74541881571992
206,66,144,96.26868192102688
206,67,143,88.83916979013993
206,68,142,101.2121872302556
206,69,141,103.66983155102727
206,70,140,99.8010301095824
206,71,139,98.67002015199458
206,72,138,90.43830930852403
206,73,137,89.45492239232792
206,74,136,92.18869985810088
206,75,135,103.34524632618763
206,76,134,102.77341416083792
206,77,133,103.70155266326404
206,78,132,104.94463288494774
206,79,131,106.51350538430788
206,80,130,106.09030082212037
206,81,129,107.90197037115686
206,82,128,106.08546518476105
206,83,127,111.84179670293537
206,84,126,114.13366520918714
206,85,125,115.66362776721206
206,86,124,115.5555311829985
206,87,123,116.51843855644793
206,88,122,117.54948474516473
206,89,121,117.88594640886188
206,90,120,119.02954418958515
206,91,119,118.23985617453698
206,92,118,116.25543742299058
206,93,117,109.9828400398078
206,94,116,110.84130239818856
206,95,115,110.84193290446191
206,96,114,110.27809516772473
206,97,113,110.79534676915077
206,98,112,111.80995352395585
206,99,111,113.57501781781619
206,100,110,112.0216460236355
206,101,109,108.4807066676697
206,102,108,102.40436200635327
206,103,107,94.66249078641997
206,104,106,96.26681266426644
206,105,105,100.98713018563896
206,106,104,100.14859045546396
206,107,103,100.2622288556794
206,108,102,93.19371107451914
206,109,101,95.32020121115366
206,110,100,93.51538937749763
206,111,99,90.33585816031734
206,112,98,85.94157895381822
206,113,97,80.21709227971982
206,114,96,79.97622170834399
206,115,95,75.34783645412445
206,116,94,76.68914966739712
206,117,93,82.40573858118071
206,118,92,80.36314998222159
206,119,91,79.07582075932561
206,120,90,80.23935186314141
206,121,89,82.60593739239837
206,122,88,74.20727847955189
206,123,87,72.7739441353973
206,124,86,75.6297245525362
206,125,85,80.82854000699001
206,126,84,77.69526670506647
206,127,83,85.42826262871367
206,128,82,83.52630177107082
206,129,81,85.70773521735318
206,130,80,86.44192463260214
206,131,79,87.25565293536755
206,132,78,85.34988287029779
206,133,77,75.20669003375927
206,134,76,74.7016678646871
206,135,75,73.33701748559088
206,136,74,75.08393471674812
206,137,73,77.51313144676473
206,138,72,82.03976779446987
206,139,71,80.2138248941921
206,140,70,82.28705382835342
206,141,69,77.33080503248053
206,142,68,76.87647697607804
206,143,67,71.44318692173474
206,144,66,61.40174250173206
206,145,65,67.03862707497527
206,146,64,70.37664930087047
206,147,63,76.07034116900184
206,148,62,71.59527774915533
206,149,61,77.47575892553058
206,150,60,74.86398539532547
206,151,59,76.9355529704013
206,152,58,78.74412184630974
206,153,57,65.29704913258541
206,154,56,64.30780141486461
206,155,55,53.35547437933704
206,156,54,57.46033248106838
206,157,53,59.97276891362691
206,158,52,54.810752288251386
206,159,51,57.95512352199355
206,160,50,51.676322590127086
206,161,49,59.52163661993085
206,162,48,50.858425540971396
207,40,186,115.15786625675827
207,41,185,114.41660250788016
207,42,184,116.7197266040799
207,43,183,114.39220979605652
207,44,182,112.72449202606944
207,45,181,112.97214650025686
207,46,180,110.92281790306527
207,47,179,111.28576527939597
207,48,178,114.78998413725347
207,49,177,114.33913513901595
207,50,176,117.38306603908156
207,51,175,116.9148536828788
207,52,174,118.04969660430292
207,53,173,117.59174407171179
207,54,172,116.48960111412909
207,55,171,116.6440578848321
207,56,170,114.533110794995
207,57,169,118.6272115222331
207,58,168,118.62508606983216
207,59,167,118.3748170197756
207,60,166,119.0032040511307
207,61,165,118.587410293997
207,62,164,120.1152985195656
207,63,163,120.31277482378559
207,64,162,121.12292505724872
207,65,161,118.94265532850375
207,66,160,121.24557933487048
207,67,159,122.54166866250935
207,68,158,121.70915466757656
207,69,157,120.7966195730967
207,70,156,117.77951230232398
207,71,155,119.15903666314126
207,72,154,120.24735059853202
207,73,153,120.82829969306762
207,74,152,118.86659745270458
207,75,151,118.65005097254073
207,76,150,118.3014106079852
207,77,149,116.38914519072397
207,78,148,115.38592255488452
207,79,147,114.19197173823218
207,80,146,113.69761714445283
207,81,145,112.58394881626964
207,82,144,110.91428251559464
207,83,143,108.67895673651603
207,84,142,100.0730524058001
207,85,141,102.15349831631079
207,86,140,91.98684995483771
207,87,139,82.21160906296818
207,88,138,84.46945446576848
207,89,137,85.49498639167311
207,90,136,95.7404573578264
207,91,135,99.36610104549203
207,92,134,100.40193966597765
207,93,133,100.37521659846519
207,94,132,97.19389552821843
207,95,131,92.98091232482611
207,96,130,85.88326379599366
207,97,129,88.84800302769298
207,98,128,84.57719513926307
207,99,127,76.05696395022656
207,100,126,72.23313077977465
207,101,125,69.9781627011177
207,102,124,65.47207769085924
207,103,123,55.164249957382296
207,104,122,62.420677190054484
207,105,121,62.183111039915666
207,106,120,66.89806808234925
207,107,119,69.8713116363296
207,108,118,66.49193966112566
207,109,117,61.67050889150474
207,110,116,61.69536332412844
207,111,115,69.48840991139741
207,112,114,75.86043310938439
207,113,113,77.68538770449005
207,114,112,82.30032943853138
207,115,111,84.5364037401341
207,116,110,90.39769975350148
207,117,109,95.04846746893574
207,118,108,95.63111939150478
207,119,107,89.98885124405254
207,120,106,90.61252246782678
207,121,105,91.09631766005333
207,122,104,92.15239387578225
207,123,103,84.82187456113084
207,124,102,80.87658034480555
207,125,101,78.42225656956248
207,126,100,81.5025034688242
207,127,99,75.96438484855645
207,128,98,77.08374718468048
207,129,97,79.1620293277541
207,130,96,78.86736329829597
207,131,95,85.3190241888203
207,132,94,92.4929511486705
207,133,93,94.60617198567942
207,134,92,85.09575255409626
207,135,91,88.54451593820068
207,136,90,81.1045541355495
207,137,89,86.34047632178542
207,138,88,87.64352957460541
207,139,87,85.69742678949359
207,140,86,86.64814815962197
207,141,85,84.96060716423372
208,40,134,121.92324351330498
208,41,133,121.52072252998792
208,42,132,120.18455099739595
208,43,131,120.88122119101644
208,44,130,121.914633925383
208,45,129,120.97441273131972
208,46,128,121.5551641587492
208,47,127,122.08353632223628
208,48,126,120.47669475085979
208,49,125,120.89798385880266
208,50,124,120.93566602013226
208,51,123,119.02780624038445
208,52,122,119.7290156590553
208,53,121,117.50519582273787
208,54,120,115.53617127089929
208,55,119,113.91059509450673
208,56,118,115.2844909935228
208,57,117,117.73313443560303
208,58,116,119.74855019625875
208,59,115,118.12437156440743
208,60,114,117.28147047880805
208,61,113,116.60415164896432
208,62,112,115.87207758381965
208,63,111,115.97482608314573
208,64,110,114.68649049148914
208,65,109,110.55542711745954
208,66,108,109.51766622306516
208,67,107,108.5910339420605
208,68,106,110.2825423071779
208,69,105,104.63043359425879
208,70,104,98.44721575011577
208,71,103,98.09612803197626
208,72,102,104.35008149001655
208,73,101,105.24894520194547
208,74,100,101.54716664285327
208,75,99,100.08873796743399
208,76,98,100.99394987309825
208,77,97,94.54456981670157
208,78,96,89.05663771462834
208,79,95,96.50284460823471
208,80,94,99.17189830587762
208,81,93,96.98047980508478
208,82,92,97.97056600493397
208,83,91,97.52013047819361
208,84,90,93.80450274312147
208,85,89,93.35330242804892
208,86,88,89.50522697001134
208,87,87,92.4768191238394
208,88,86,93.2803141185488
208,89,85,91.21855809459993
208,90,84,88.86577071521073
208,91,83,85.50053615002548
208,92,82,96.26685677172941
208,93,81,91.17748186814751
208,94,80,89.33837263448305
208,95,79,84.85851103935082
208,96,78,89.86800227778224
208,97,77,94.10071803408854
208,98,76,99.39299075901776
208,99,75,96.77029442970706
208,100,74,99.2272614681132
208,101,73,96.51062889131484
208,102,72,95.8919325161718
208,103,71,92.65181917550709
208,104,70,100.53225000453443
208,105,69,99.58402254109741
208,106,68,92.7846380033006
208,107,67,87.28019840096108
208,108,66,80.7028359777748
208,109,65,81.30188251255791
208,110,64,77.07496933717661
208,111,63,76.2120694893542
208,112,62,85.29567437320459
208,113,61,82.84151761470221
208,114,60,86.6896211582708
208,115,59,87.58080473511741
208,116,58,84.71619733966182
208,117,57,83.8132676240864
208,118,56,85.93358904391062
208,119,55,78.4776852746632
208,120,54,80.44584740220978
208,121,53,78.82816541620275
208,122,52,79.05801607389472
208,123,51,76.34322256953124
208,124,50,70.8898550592406
208,125,49,68.51001285292506
208,126,48,65.93587116420593
208,127,47,57.510783626082876
208,128,46,59.81497521426786
208,129,45,53.09602126579114
208,130,44,48.39472287892352
208,131,43,43.358828064351
208,132,42,39.914026315607984
208,133,41,37.20826224683054
208,134,40,36.465410191643414
208,135,39,33.504456918521385
208,136,38,28.84796805019338
208,137,37,26.949430447901385
208,138,36,28.837414446193655
208,139,35,29.863015577352773
208,140,34,29.781428298802506
208,141,33,28.713149606536206
208,142,32,28.65294577916643
208,143,31,28.47278596511883
208,144,30,29.78725357597491
208,145,29,30.83759198731653
208,146,28,33.71322569839175
208,147,27,31.643346004396605
208,148,26,29.430601515625696
208,149,25,29.11724174146287
208,150,24,26.78135699815463
208,151,23,22.244638515201395
208,152,22,22.207933681620116
208,153,21,18.92473155000065
208,154,20,18.434000281104527
208,155,19,15.526422906578878
208,156,18,16.152531279358648
208,157,17,17.19198121868373
208,158,16,16.63948787919102
208,159,15,14.202294661528127
208,160,14,14.561856738017486
208,161,13,14.181461485467139
208,162,12,13.274634152794423
208,163,11,12.532794953513333
208,164,10,11.362087834704115
208,165,9,11.13519900324913
208,166,8,10.833603106628424
209,40,114,120.32259579196972
209,41,113,121.56678797185592
209,42,112,117.02426843273474
209,43,111,119.18143467667883
209,44,110,120.17886596606176
209,45,109,119.52810482344319
209,46,108,116.59724923948528
209,47,107,118.42299649497167
209,48,106,116.64149722309122
209,49,105,117.70947619911368
209,50,104,120.15929163989568
209,51,103,119.34298044653991
209,52,102,118.93627231819016
209,53,101,117.38402052031759
209,54,100,119.30893545690718
209,55,99,119.56351544384461
209,56,98,120.4326428801715
209,57,97,119.54046343346386
209,58,96,111.51327376196255
209,59,95,118.92231887985892
209,60,94,119.54457699840637
209,61,93,121.61543547074116
209,62,92,121.64863053572378
209,63,91,120.38820792091968
209,64,90,119.58463091453633
209,65,89,119.33501176477262
209,66,88,118.11609450510227
209,67,87,120.25554770337328
209,68,86,115.27961155830437
209,69,85,112.06908050384467
209,70,84,108.6969736201805
209,71,83,105.66011792009193
209,72,82,105.05324771411384
209,73,81,103.27187203164377
209,74,80,105.28857145448862
209,75,79,103.31109838479671
209,76,78,99.52463734802727
209,77,77,96.4360523177152
209,78,76,97.97031005554742
209,79,75,97.14920470359374
209,80,74,105.1728847808763
209,81,73,110.47932771319444
209,82,72,100.8669589247741
209,83,71,97.47582545342927
209,84,70,94.8624590947598
209,85,69,98.0521835427023
209,86,68,96.30499342548376
209,87,67,98.63929777355352
209,88,66,102.53017524476576
209,89,65,99.52662751413939
209,90,64,99.10492704713586
209,91,63,97.63854862944027
209,92,62,100.25041736536207
209,93,61,99.99510802008322
209,94,60,99.10517067535466
209,95,59,94.17058615704067
209,96,58,95.11940268899377
209,97,57,96.98218601723129
209,98,56,93.81047609493757
209,99,55,91.73109191578357
209,100,54,84.10256031867058
209,101,53,78.83152714030712
209,102,52,85.30172042748288
209,103,51,76.78950709196671
209,104,50,85.50707326234684
209,105,49,84.72889725893984
209,106,48,88.46516111824181
209,107,47,83.24376584708374
209,108,46,70.78455420028286
209,109,45,70.00631555278926
209,110,44,66.21936588808393
209,111,43,57.74841738306378
209,112,42,58.8376214133016
209,113,41,56.6353442554191
209,114,40,55.64020423672644
209,115,39,51.18111545532603
209,116,38,49.42039873621056
209,117,37,48.123485432261745
209,118,36,42.668031361288655
209,119,35,41.659309259227626
209,120,34,42.522127452516145
209,121,33,40.754393115400426
209,122,32,41.16299307632745
209,123,31,38.44682140569291
209,124,30,36.19727945865405
209,125,29,41.21578154047804
209,126,28,38.65672484676513
209,127,27,36.244833048217615
209,128,26,31.776700062520256
209,129,25,32.409532380537854
209,130,24,29.85499332850443
209,131,23,31.04248113585463
210,40,150,122.82998739449235
210,41,149,123.05233948136282
210,42,148,122.9056366287312
210,43,147,123.63331323154136
210,44,146,124.03325842687784
210,45,145,125.0
210,46,144,122.96885605168936
210,47,143,123.30496470326045
210,48,142,122.36039780039846
210,49,141,122.4768516280995
210,50,140,121.70964693225031
210,51,139,124.3396637331309
210,52,138,123.04950203574714
210,53,137,121.25900634954174
210,54,136,122.6481580366479
210,55,135,121.75807435528607
210,56,134,118.27559724651762
210,57,133,119.41956952759642
210,58,132,120.90275894964455
210,59,131,122.29283194165679
210,60,130,122.70720514269823
210,61,129,122.15474130791091
210,62,128,121.83579259162813
210,63,127,121.46871860686656
210,64,126,121.48977968417672
210,65,125,122.08586479973116
210,66,124,122.6266653538317
210,67,123,122.56407531115352
210,68,122,123.27346796077859
210,69,121,119.04929241528069
210,70,120,117.65514149493313
210,71,119,120.29352109637682
210,72,118,116.59949873499637
210,73,117,115.52666101428485
210,74,116,115.68969359646442
210,75,115,114.65012015362034
210,76,114,115.58551334011872
210,77,113,112.83080010151394
210,78,112,110.80852672980873
210,79,111,108.46964606299042
210,80,110,104.77469101720868
210,81,109,107.45261982637851
210,82,108,109.31959077981227
210,83,107,108.11987906684246
210,84,106,107.72802662595632
210,85,105,111.8306086532204
210,86,104,111.3139172255072
210,87,103,111.19699874688772
210,88,102,109.37052665295968
210,89,101,99.90957228687259
210,90,100,98.0620122074698
210,91,99,100.6708841668912
210,92,98,98.73296238389162
210,93,97,98.63605495878554
210,94,96,99.97880620920272
210,95,95,94.69283949577651
210,96,94,96.1569584050651
210,97,93,95.75270200904671
210,98,92,95.0188072738759
210,99,91,95.44332561713611
210,100,90,96.59642150507227
210,101,89,97.75659108682845
210,102,88,93.13571357036616
210,103,87,88.22480786618702
210,104,86,86.05870048723651
210,105,85,85.49153118264287
210,106,84,84.96352195325716
210,107,83,86.74489017400401
210,108,82,82.21102787507384
210,109,81,85.04953522830147
210,110,80,78.74110763335011
210,111,79,70.84526251702874
210,112,78,65.49839450956595
210,113,77,70.4655989276623
210,114,76,74.97067819186134
210,115,75,84.02470007723139
210,116,74,86.4307139038502
210,117,73,84.6309048620011
210,118,72,82.18673373502719
210,119,71,82.32199538879054
210,120,70,81.09038568055229
210,121,69,74.75069894413832
210,122,68,74.05009096049262
210,123,67,72.1945413424232
210,124,66,70.5891938042939
210,125,65,74.17678878401149
210,126,64,69.71142074926559
210,127,63,68.63795966316543
210,128,62,69.65820701877242
210,129,61,65.81284600142193
210,130,60,66.09106476093802
210,131,59,62.78768148042131
210,132,58,65.39579707130636
210,133,57,65.89268323034551
210,134,56,65.59588002843759
210,135,55,65.67746014134883
210,136,54,67.86028457376618
210,137,53,63.748409184415365
210,138,52,62.88062186225701
210,139,51,65.19391753876153
210,140,50,64.89066425355554
210,141,49,63.75997706210312
210,142,48,62.13861140891138
210,143,47,56.770038397558125
210,144,46,55.73622900151905
210,145,45,50.22758833208443
210,146,44,47.701152121447265
210,147,43,45.56464074815753
210,148,42,45.48308504115262
210,149,41,45.139404563923364
210,150,40,39.04174650891436
210,151,39,34.23481101498261
210,152,38,30.370183361094202
210,153,37,29.673206060136295
210,154,36,28.001417490730276
210,155,35,28.574127872010816
210,156,34,27.642515940861323
210,157,33,32.894158489094366
210,158,32,33.00108554123449
210,159,31,29.299295041931426
210,160,30,27.931226027460006
210,161,29,26.834518351104258
210,162,28,26.60975125813587
210,163,27,24.980942761843046
210,164,26,25.318479597003815
210,165,25,26.678603885299495
210,166,24,23.470027978766197
210,167,23,23.667554229613543
210,168,22,20.750300991981504
210,169,21,21.16619656851146
210,170,20,19.360061777126553
210,171,19,19.33904732917687
210,172,18,19.163670184095896
210,173,17,17.715634762225676
210,174,16,16.72009182903267
210,175,15,14.751758553822562
210,176,14,15.176468519934899
210,177,13,12.504599700754166
210,178,12,9.259660904470739
210,179,11,8.878734478922745
210,180,10,7.782322785010494
210,181,9,6.672033060902948
210,182,8,5.389137384523518
211,40,121,104.55614157939291
211,41,120,106.09839170867693
211,42,119,110.25894165357717
211,43,118,113.05126391113997
211,44,117,116.300820571202
211,45,116,112.25446651631367
211,46,115,113.48800737037391
211,47,114,114.89956872453097
211,48,113,116.7243996029745
211,49,112,119.33888194132945
211,50,111,118.54454939945698
211,51,110,114.48586095233422
211,52,109,113.59446887316545
211,53,108,109.3581429815311
211,54,107,109.47073828841253
211,55,106,109.07471557042993
211,56,105,109.32163247307713
211,57,104,107.35012132868528
211,58,103,107.60144832237677
211,59,102,113.99151192237107
211,60,101,113.94393722932348
211,61,100,111.81860100482737
211,62,99,115.75622815184434
211,63,98,117.96698352612935
211,64,97,114.79775813630795
211,65,96,114.77258113794832
211,66,95,112.34932720811102
211,67,94,111.95864151670409
211,68,93,112.2641100524581
211,69,92,117.10260598648296
211,70,91,117.98340197550058
211,71,90,116.4246238348932
211,72,89,116.21624986406727
211,73,88,117.42754841456318
211,74,87,116.0858069051343
211,75,86,118.06409984693167
211,76,85,115.12070310278413
211,77,84,112.0134700802135
211,78,83,111.02340586671143
211,79,82,107.86094767494819
211,80,81,107.2829543328925
211,81,80,108.78445058648938
211,82,79,107.31836094000259
211,83,78,110.14050500080512
211,84,77,114.22089604442634
211,85,76,112.20223883216704
211,86,75,106.83191868675416
211,87,74,108.4219487548473
211,88,73,102.90323556646143
211,89,72,104.43598478683063
211,90,71,105.64741775871587
211,91,70,105.0490428766268
211,92,69,99.19084131639298
211,93,68,97.0625777444977
211,94,67,98.21393923203219
211,95,66,92.6341336055741
211,96,65,94.65001439859236
211,97,64,90.27332187317603
211,98,63,77.64055566373804
211,99,62,80.65344213499822
211,100,61,78.72426727738922
211,101,60,75.37397677823665
211,102,59,81.9317007679231
211,103,58,76.84622511162169
211,104,57,65.23108908230252
211,105,56,57.51986505310333
211,106,55,57.94288718943767
211,107,54,55.410398560145765
211,108,53,47.74189486851746
211,109,52,49.83905258273131
211,110,51,47.64886657903618
211,111,50,45.40018620423507
211,112,49,48.87757361000854
211,113,48,50.26532387696925
211,114,47,50.4232322082644
211,115,46,56.021157080085075
211,116,45,54.686416633414396
211,117,44,57.73394071206795
211,118,43,53.06248068001202
211,119,42,56.171326662839675
211,120,41,58.36467961333449
211,121,40,56.38192186055407
211,122,39,50.78584773252754
211,123,38,49.89231067583628
211,124,37,52.813412384306986
211,125,36,48.11835714353449
211,126,35,48.35375932849444
211,127,34,45.980572825536214
211,128,33,42.85037330108044
211,129,32,45.427091076770175
211,130,31,40.19711124931972
211,131,30,36.646072311092766
211,132,29,34.08844680480232
211,133,28,34.022705077700834
211,134,27,31.182333909083777
211,135,26,27.28285172618356
211,136,25,26.823700969171142
211,137,24,24.023694219907142
211,138,23,25.034066081310655
211,139,22,22.85744385730228
211,140,21,20.33350408916766
211,141,20,17.15503558913876
211,142,19,17.557947938819154
211,143,18,13.965914711203862
211,144,17,10.891285825425157
211,145,16,11.047351385565335
211,146,15,11.520227626109438
211,147,14,10.917350657448978
211,148,13,10.585626282701453
211,149,12,12.145790525279807
211,150,11,10.957627132120177
211,151,10,9.566441546993815
211,152,9,8.123502724825004
211,153,8,6.351467347204654
211,154,7,4.192727799424382
211,155,6,3.897400690754966
212,40,204,125.0
212,41,203,125.0
212,42,202,125.0
212,43,201,125.0
212,44,200,125.0
212,45,199,124.9660312648314
212,46,198,124.81258700279909
212,47,197,125.0
212,48,196,124.86709113242476
212,49,195,124.82435431252807
212,50,194,125.0
212,51,193,124.80640211233975
212,52,192,124.23872443546276
212,53,191,124.01077962677783
212,54,190,123.66806793657746
212,55,189,124.15364867687686
212,56,188,123.15997723540481
212,57,187,123.19339019887244
212,58,186,124.45721736553193
212,59,185,124.7546509204844
212,60,184,124.08220324715805
212,61,183,125.0
212,62,182,125.0
212,63,181,125.0
212,64,180,125.0
212,65,179,124.91045824291189
212,66,178,124.26697455375432
212,67,177,125.0
212,68,176,125.0
212,69,175,125.0
212,70,174,125.0
212,71,173,125.0
212,72,172,125.0
212,73,171,125.0
212,74,170,125.0
212,75,169,124.71408620151416
212,76,168,124.60286169467261
212,77,167,123.96834616589004
212,78,166,124.51806993141678
212,79,165,121.82296688014091
212,80,164,121.35229925102144
212,81,163,120.78007499046814
212,82,162,119.23897851470332
212,83,161,118.54367385598738
212,84,160,118.85572685843027
212,85,159,120.06340516667399
212,86,158,118.38388020991145
212,87,157,116.65340955628638
212,88,156,117.19842493383592
212,89,155,113.96214230958664
212,90,154,116.813859175994
212,91,153,116.38513725163432
212,92,152,115.98594688596441
212,93,151,115.65565028257932
212,94,150,114.88722790630155
212,95,149,114.226785268196
212,96,148,115.30884506133805
212,97,147,112.14652269612205
212,98,146,110.50898418563168
212,99,145,113.27969628478434
212,100,144,113.5796029064131
212,101,143,115.70194344226687
212,102,142,118.91329346394616
212,103,141,117.98816024680613
212,104,140,121.95304295277147
212,105,139,120.44109264832396
212,106,138,120.3211856553419
212,107,137,121.44229587622426
212,108,136,120.92511972299094
212,109,135,118.73965142521308
212,110,134,120.10292732395882
212,111,133,118.59254587085327
212,112,132,119.88165474896488
212,113,131,115.95076837027811
212,114,130,116.5181908540693
212,115,129,115.45229290364747
212,116,128,116.10759917006382
212,117,127,115.06089075977754
212,118,126,115.0862708200518
212,119,125,116.88987014003024
212,120,124,112.59837934074733
212,121,123,117.12767077340544
212,122,122,115.44300884178458
212,123,121,110.37419583023737
212,124,120,116.86403180928801
212,125,119,113.87157797244153
212,126,118,111.38309615603498
212,127,117,112.21681545589001
212,128,116,109.59076200209809
212,129,115,102.07293633837166
212,130,114,106.71127924583246
212,131,113,104.19726458225537
212,132,112,101.95967565034354
212,133,111,111.49013315255525
212,134,110,111.27900954963334
212,135,109,108.60723151724642
212,136,108,107.54149015307937
212,137,107,103.60764888283462
212,138,106,105.31360228646099
212,139,105,103.06633399088354
212,140,104,101.96299776416927
212,141,103,101.07175839612889
212,142,102,106.05242346015359
212,143,101,103.83501119783759
212,144,100,106.13464502895349
212,145,99,103.3122141538378
212,146,98,110.88840722251703
212,147,97,112.68329626444311
212,148,96,110.41155061256558
212,149,95,105.56602186349272
212,150,94,109.40369244847076
212,151,93,109.22848305326943
212,152,92,111.82961707589685
212,153,91,108.33574384045954
212,154,90,109.92239481670839
212,155,89,112.09823242305285
212,156,88,114.69072545794327
212,157,87,113.77938182411435
212,158,86,115.14996435122893
212,159,85,114.42720934761022
212,160,84,111.0934354388391
212,161,83,111.06978340870353
212,162,82,105.88277470462583
212,163,81,107.10595004683809
212,164,80,103.26971186229355
212,165,79,98.17762723633004
212,166,78,84.90505470591629
212,167,77,77.34113646823323
212,168,76,76.90453028894699
212,169,75,71.17271275014083
212,170,74,74.93507181497726
212,171,73,82.84466520704201
212,172,72,83.87436460868412
212,173,71,90.16304174147659
212,174,70,92.50568005500836
212,175,69,94.07030509896396
212,176,68,90.8109002087444
212,177,67,88.22709663685924
212,178,66,89.06315987705187
212,179,65,85.29259268214247
212,180,64,81.51252091290263
212,181,63,79.43682610779939
212,182,62,78.57018268726888
212,183,61,74.3923333383996
212,184,60,72.37015723614684
212,185,59,68.99061512779534
212,186,58,73.15219770142478
212,187,57,73.00274268053431
213,40,202,123.3778110108968
213,41,201,124.20427635405187
213,42,200,122.29166746359746
213,43,199,118.84052341721409
213,44,198,120.0603961076745
213,45,197,120.70222196458313
213,46,196,120.2130711911556
213,47,195,118.98468812945865
213,48,194,117.82405932783439
213,49,193,114.8861915373546
213,50,192,117.9406697198684
213,51,191,117.3160400985653
213,52,190,117.6164444420026
213,53,189,115.79247569487606
213,54,188,117.71491252289451
213,55,187,114.80886806563826
213,56,186,115.62096545183067
213,57,185,114.77236168206085
213,58,184,112.35037529469272
213,59,183,112.26769280755755
213,60,182,110.16170605284387
213,61,181,108.1357732061194
213,62,180,109.27684790159847
213,63,179,110.74973752109334
213,64,178,113.36969787826774
213,65,177,111.60811657771885
213,66,176,110.67067942570173
213,67,175,113.40753198558474
213,68,174,112.93925649925006
213,69,173,109.59552679062239
213,70,172,108.4268739201056
213,71,171,113.4620460253739
213,72,170,114.54579797797952
213,73,169,114.75711601857438
213,74,168,115.04900752577404
213,75,167,112.2004041586479
213,76,166,112.2597776083927
213,77,165,113.87416860391096
213,78,164,107.6501144766649
213,79,163,107.09458922118631
213,80,162,109.42902558824724
213,81,161,108.79255652159233
213,82,160,109.40262241750443
213,83,159,110.25832797398579
213,84,158,110.70830927301543
213,85,157,113.6172055192529
213,86,156,111.82754154579362
213,87,155,110.10515932311476
213,88,154,107.1074975804942
213,89,153,97.54258075378912
213,90,152,100.07642619630553
213,91,151,96.83459458395404
213,92,150,97.93079889243671
213,93,149,98.77808029921457
213,94,148,102.78106095619796
213,95,147,105.39850162975397
213,96,146,104.4560508951624
213,97,145,100.4243943763451
213,98,144,102.01650100329698
213,99,143,105.00629021486233
213,100,142,106.2971820957624
213,101,141,110.93768694640244
213,102,140,112.41365000426467
213,103,139,110.46350517522629
213,104,138,105.46978195142661
213,105,137,106.85222749550017
213,106,136,101.56262655499808
213,107,135,103.57010790032518
213,108,134,104.401862321084
213,109,133,104.8135655661207
213,110,132,104.41442920465283
213,111,131,106.11807003018453
213,112,130,104.79766955569629
213,113,129,100.95232700557882
213,114,128,101.31986654877423
213,115,127,102.91767592441812
213,116,126,103.87299547246741
213,117,125,107.25823601553708
213,118,124,104.80845795515668
213,119,123,108.19738524787857
213,120,122,108.39951659364134
213,121,121,105.84573124943975
213,122,120,111.15903335043001
213,123,119,108.12992139279258
213,124,118,107.41915879132671
213,125,117,105.79685827599839
213,126,116,103.62813855436067
213,127,115,102.12378370307115
213,128,114,95.8317132319198
213,129,113,89.57475843643293
213,130,112,93.29423228087305
213,131,111,92.31254888118477
213,132,110,93.53741421567875
213,133,109,93.90131233746925
213,134,108,98.18330126453586
213,135,107,92.97269871892384
213,136,106,87.90016858939316
213,137,105,82.87751469951655
213,138,104,82.57160409741203
213,139,103,94.20372780578813
213,140,102,98.50883488450486
213,141,101,101.06098023919589
213,142,100,101.29063535154671
213,143,99,101.05928284129438
213,144,98,98.6414732897304
213,145,97,93.41773681600148
213,146,96,87.82216700358107
213,147,95,92.00845416132688
213,148,94,89.69602326719544
213,149,93,91.08935008964332
213,150,92,90.26118866045584
213,151,91,92.67191883489912
213,152,90,84.9102710579782
213,153,89,81.91245802263606
213,154,88,74.83509116508942
213,155,87,77.95011296881992
213,156,86,76.78851519606788
213,157,85,73.12872516675054
213,158,84,74.30634597167588
213,159,83,86.0682807043262
214,40,207,118.9996744233553
214,41,206,118.06206284702097
214,42,205,118.6556701977255
214,43,204,118.2098469443556
214,44,203,116.58693474408813
214,45,202,119.1476271293447
214,46,201,120.30229350482035
214,47,200,120.4530624995752
214,48,199,120.06021629292677
214,49,198,119.62706066702535
214,50,197,120.13821474138464
214,51,196,120.40725661182233
214,52,195,121.48333433414456
214,53,194,120.75823165726555
214,54,193,120.71025160347384
214,55,192,120.26360460730538
214,56,191,117.61643038439666
214,57,190,117.83963329890163
214,58,189,118.00409160010403
214,59,188,117.69674015845482
214,60,187,118.05264364699546
214,61,186,117.3703796179201
214,62,185,117.71504151208266
214,63,184,118.39721013076965
214,64,183,117.30334949534966
214,65,182,117.73360104454451
214,66,181,116.58827441150302
214,67,180,117.99021907131842
214,68,179,118.291589929322
214,69,178,119.07870776785776
214,70,177,116.11193026608514
214,71,176,114.66480273799863
214,72,175,115.35565747337948
214,73,174,114.82928437244337
214,74,173,109.18743013875999
214,75,172,105.01130664411293
215,40,132,120.09907511545684
215,41,131,120.47180094662448
215,42,130,119.40806265559121
215,43,129,119.83169195498124
215,44,128,117.74732146711874
215,45,127,116.99253668740906
215,46,126,114.59455214911355
215,47,125,112.29920170068107
215,48,124,111.4928660591263
215,49,123,115.89756316054269
215,50,122,113.45175422085647
215,51,121,113.68115822025952
215,52,120,115.75057808490186
215,53,119,119.01013324823111
215,54,118,120.48861140860625
215,55,117,120.3885621353883
215,56,116,120.32776613199468
215,57,115,123.5162411193686
215,58,114,121.50604189151676
215,59,113,123.3324122868806
215,60,112,124.51710470374718
215,61,111,122.68903058777981
215,62,110,119.35294768947657
215,63,109,117.88989772869492
215,64,108,119.65271261928234
215,65,107,115.33797581909947
215,66,106,114.29192673257398
215,67,105,113.58648684929946
215,68,104,110.62129373207156
215,69,103,111.4871757113231
215,70,102,108.75780041869467
215,71,101,107.51383621902227
216,40,141,122.5851763633778
216,41,140,120.92359495971587
216,42,139,118.1211006156754
216,43,138,120.12846213442887
216,44,137,120.97779441318201
216,45,136,123.67547987478682
216,46,135,124.29611868873648
216,47,134,122.20289792051422
216,48,133,121.57243211628777
216,49,132,119.07462617529511
216,50,131,119.84626277396907
216,51,130,116.51177792347289
216,52,129,119.14872195990131
216,53,128,118.7092566591034
216,54,127,116.69309425224225
216,55,126,114.59583164079984
216,56,125,115.70137827618174
216,57,124,116.9472969483374
216,58,123,115.45805892337313
216,59,122,111.43864037312854
216,60,121,111.32800470630045
216,61,120,110.54572526764328
216,62,119,108.59511781802786
216,63,118,112.70757379599002
216,64,117,114.9465416112355
216,65,116,115.12809093595874
216,66,115,112.70668155930306
216,67,114,109.98407690995526
216,68,113,109.87035376357903
216,69,112,112.6524319569247
216,70,111,113.54430444890991
216,71,110,109.64464134040685
216,72,109,105.04193314613084
216,73,108,107.26695260536866
216,74,107,105.83800585778577
216,75,106,105.65859395203121
216,76,105,107.20114775484926
216,77,104,110.09397464299778
216,78,103,113.21389667530124
216,79,102,111.4259148412557
216,80,101,110.13081647092127
216,81,100,109.41380867029144
216,82,99,106.38290816401904
216,83,98,110.17740565814572
216,84,97,105.2164056354666
216,85,96,108.08251025657925
216,86,95,107.53730815494626
216,87,94,101.75152737930125
216,88,93,101.00742019495934
216,89,92,100.36519265246568
216,90,91,95.96360036031882
216,91,90,96.57572280500482
216,92,89,94.71137022288897
216,93,88,93.83621407235529
216,94,87,91.2365092336621
216,95,86,97.64036018971474
216,96,85,94.86622970057863
216,97,84,101.61063540506257
216,98,83,99.482305672098
216,99,82,95.22458152503684
216,100,81,80.2655867826858
217,40,95,119.24103116444311
217,41,94,118.3915006579374
217,42,93,118.47166438024311
217,43,92,119.35446141373649
217,44,91,119.89757359686863
217,45,90,117.3605272164911
217,46,89,118.18395858064497
217,47,88,119.32469444938437
217,48,87,119.08719931176974
217,49,86,117.01704129504137
218,33,165,122.01088765319861
219,40,194,121.74092973962735
219,41,193,121.98682525161138
219,42,192,121.09502877890802
219,43,191,122.28145717963932
219,44,190,124.31348426852102
219,45,189,123.74274926824434
219,46,188,123.77042064015836
219,47,187,124.41925373848693
219,48,186,124.22302914437495
219,49,185,124.72347185627584
219,50,184,124.8322289274641
219,51,183,123.97723917439865
219,52,182,123.82827416560224
219,53,181,122.84887784657475
219,54,180,123.83260555052001
219,55,179,123.66624070539945
219,56,178,124.71732398255222
219,57,177,124.93149952026764
219,58,176,124.9850310739107
219,59,175,125.0
219,60,174,125.0
219,61,173,125.0
219,62,172,123.58081372362454
219,63,171,123.10929201922045
219,64,170,123.42521947080056
219,65,169,122.88947957114321
219,66,168,122.81970050035402
219,67,167,123.59079334711022
219,68,166,123.27410994110323
219,69,165,122.95083517589129
219,70,164,123.61373449461982
219,71,163,122.30744912611857
219,72,162,124.27041140837288
219,73,161,123.1314221780514
219,74,160,123.81185451558659
219,75,159,123.3075578146703
219,76,158,123.0503012563689
219,77,157,124.25953154548563
219,78,156,123.18640354757041
219,79,155,124.45390660841866
219,80,154,123.51280063639226
219,81,153,122.78285608669677
219,82,152,122.2978933601977
219,83,151,122.4978788417601
219,84,150,123.0550747797253
219,85,149,122.61738946225941
219,86,148,121.9832793190827
219,87,147,120.70316697061641
219,88,146,121.77547004172095
219,89,145,121.84363877536023
219,90,144,123.2951105465643
219,91,143,122.49499372059566
219,92,142,120.17571537760318
219,93,141,118.9913704198083
219,94,140,118.66534004582336
219,95,139,119.26841451197907
219,96,138,115.67942650616251
219,97,137,116.7200369063786
219,98,136,114.8910824645283
219,99,135,116.51551886823846
219,100,134,115.99211763515507
219,101,133,115.29547069719666
219,102,132,117.92227868083074
219,103,131,117.70042297509232
219,104,130,116.66136937522381
219,105,129,116.46792603044408
219,106,128,117.10688250839743
219,107,127,117.48425035685744
219,108,126,116.28314893604882
219,109,125,116.44418485258322
219,110,124,114.65031173159264
219,111,123,113.6144812640435
219,112,122,114.98753516240703
219,113,121,114.1340748184638
219,114,120,111.8748992343952
219,115,119,116.51154485957261
219,116,118,121.07513813797985
219,117,117,118.21539896930028
219,118,116,120.57278423305243
219,119,115,116.84113016249472
219,120,114,114.27541917179101
219,121,113,112.02716524460541
219,122,112,112.42478553411135
219,123,111,107.75490757278307
219,124,110,108.87349104299939
219,125,109,110.42478191694016
219,126,108,108.51826598707532
219,127,107,109.18524595124867
219,128,106,105.88027544464352
219,129,105,108.35074147611189
219,130,104,105.08091912874505
219,131,103,103.41333709333524
219,132,102,105.24652745441324
219,133,101,105.57137783375822
219,134,100,104.83670704117934
219,135,99,107.07841386472253
219,136,98,105.89696773057315
219,137,97,100.72643944333612
219,138,96,97.84137814309645
219,139,95,95.93179591564987
219,140,94,94.109206837894
219,141,93,93.89966538925076
219,142,92,97.84159117129985
219,143,91,95.87578844823835
219,144,90,92.97694246976937
219,145,89,91.61742788326228
219,146,88,94.1025238581143
219,147,87,90.95779582608411
219,148,86,89.5597492413197
219,149,85,85.82742740216514
219,150,84,82.82069994310115
219,151,83,87.50197327252408
219,152,82,91.00095084849909
219,153,81,85.60550046913787
219,154,80,87.83808035323571
219,155,79,83.92452154670399
219,156,78,85.90166041479625
219,157,77,86.76408402270339
219,158,76,84.10129381995185
219,159,75,83.26090567424217
219,160,74,79.24334671711443
219,161,73,83.55871508778958
220,40,135,121.26514733182839
220,41,134,122.42170666240798
220,42,133,121.23132248113319
220,43,132,120.597618785305
220,44,131,119.83858719156999
220,45,130,119.69935745459537
220,46,129,121.97393059786714
220,47,128,123.11982729326215
220,48,127,123.11129016528454
220,49,126,123.72622073101702
220,50,125,124.10963121810947
220,51,124,124.48585762741087
220,52,123,122.5191462060655
220,53,122,121.87516411125178
220,54,121,121.1839785415996
221,40,154,118.16147288586521
221,41,153,119.29924900643894
221,42,152,119.63576531550905
221,43,151,120.41747066619729
221,44,150,119.64951111013204
221,45,149,122.87327221728964
221,46,148,121.16442158332015
221,47,147,120.603381475503
221,48,146,120.2892698970754
221,49,145,120.9632838036789
221,50,144,121.95581043169844
221,51,143,120.64155309503585
221,52,142,121.46625936591246
221,53,141,120.58561445461977
221,54,140,112.81563560776705
221,55,139,115.22876228726761
222,40,215,114.53024350484708
222,41,214,110.48702263544422
222,42,213,108.60651368831779
222,43,212,108.7846343235409
222,44,211,106.6656704739215
222,45,210,109.76925139725837
222,46,209,115.19582778992141
222,47,208,113.33935593298445
222,48,207,113.60802015335851
222,49,206,116.17088881555918
222,50,205,116.93760273984154
222,51,204,112.30140694592133
222,52,203,114.78293544200389
222,53,202,112.70989467903723
222,54,201,110.05671802666564
222,55,200,110.54470887205959
222,56,199,105.00533489627827
222,57,198,100.5175021824827
222,58,197,107.71108439928031
222,59,196,107.41154900257376
222,60,195,105.99753402260856
222,61,194,105.9872412829211
222,62,193,106.83502020627199
222,63,192,109.03256976526077
222,64,191,108.42144304359692
222,65,190,110.74653516439291
222,66,189,112.87030822596031
222,67,188,108.38857834357131
222,68,187,104.06378863510568
222,69,186,105.02801289084087
222,70,185,107.81400116460713
222,71,184,109.7995292141699
222,72,183,112.99929354857412
222,73,182,113.22963029659232
222,74,181,116.75457146727618
222,75,180,113.23267024428
222,76,179,115.50833416207266
222,77,178,114.52961343328803
222,78,177,114.78268790974015
222,79,176,118.39849307229706
222,80,175,117.79130361738603
222,81,174,115.99469787314177
222,82,173,116.46916961561149
222,83,172,117.14264849870472
222,84,171,117.75264587941263
222,85,170,116.92765130836295
222,86,169,117.334361736777
222,87,168,117.65339798859901
222,88,167,118.97354164543816
222,89,166,117.0225215564267
222,90,165,120.24250036279261
222,91,164,121.89656582982033
222,92,163,120.05838504791669
222,93,162,118.57943949610649
222,94,161,116.21986670461945
222,95,160,115.23628180064958
222,96,159,115.54162462074603
222,97,158,112.86097686072478
222,98,157,111.2871248433308
222,99,156,109.40565990153492
222,100,155,105.77250417744347
222,101,154,103.96451488193475
222,102,153,98.09733482612243
222,103,152,102.90227092821178
222,104,151,100.8891603646154
222,105,150,102.4157050759259
222,106,149,103.79694784719902
222,107,148,106.42431055601335
222,108,147,104.49086023173113
222,109,146,104.87335753988276
222,110,145,109.10820117021743
222,111,144,108.90485046360337
222,112,143,109.08652138854589
222,113,142,104.18430369098724
222,114,141,102.78988224483183
222,115,140,93.47994493012686
222,116,139,90.41109293319077
222,117,138,93.777777201097
222,118,137,91.01588538240847
222,119,136,99.38436735694025
222,120,135,97.76301151228293
222,121,134,89.77793927597952
222,122,133,89.24945103854155
222,123,132,87.57290479303663
222,124,131,89.89764318409595
222,125,130,81.28442445599306
222,126,129,81.84542942784827
222,127,128,85.7625825180881
222,128,127,81.64937545802033
222,129,126,80.77478130307844
222,130,125,78.26214617417493
222,131,124,91.66387400284589
222,132,123,90.34460424563449
222,133,122,77.07312700006864
222,134,121,70.70589492386324
222,135,120,74.74448564642975
222,136,119,70.65297108738865
222,137,118,70.44582468810157
222,138,117,69.63779699022216
222,139,116,72.20226377714746
222,140,115,73.9754127330886
222,141,114,69.89340030658117
222,142,113,71.17712161743225
222,143,112,75.44813198320023
222,144,111,77.48358077103947
222,145,110,81.22672983350265
222,146,109,80.26776278377235
222,147,108,81.04708812232727
222,148,107,84.47804836387736
222,149,106,85.25699073997856
222,150,105,82.9746093721314
222,151,104,84.58003247255942
222,152,103,85.4269545648464
222,153,102,81.24656627034526
222,154,101,81.86855574328875
222,155,100,76.97602985652826
222,156,99,76.5157709511378
222,157,98,72.30806552583883
222,158,97,76.17183663150809
222,159,96,77.38868752389797
222,160,95,78.52509824024014
222,161,94,74.91065851000656
222,162,93,70.53893205015353
222,163,92,71.79905544205263
222,164,91,67.63346697403753
222,165,90,70.6547948787356
222,166,89,69.10964383609172
222,167,88,70.30358418527653
222,168,87,70.1045057877858
222,169,86,73.19102293707758
222,170,85,72.23541824002291
222,171,84,76.63596641002678
222,172,83,75.20236732179492
222,173,82,75.46353163835059
222,174,81,76.50091818127768
222,175,80,71.46385513840244
222,176,79,69.63437989886154
222,177,78,64.39845542427145
222,178,77,58.77527326918738
222,179,76,61.333988991491765
222,180,75,62.46331196559569
223,29,151,122.11503682846478
224,40,148,114.30580704594345
224,41,147,118.42442935049206
224,42,146,118.50592101086983
224,43,145,118.6133688447852
225,40,137,117.63102310740783
225,41,136,112.80912282805454
225,42,135,110.82044875088641
225,43,134,112.07795171012708
225,44,133,111.25444341626087
225,45,132,110.59257240467372
225,46,131,109.24350962672119
225,47,130,110.65090589135698
225,48,129,114.33570510283872
225,49,128,115.37387743375538
225,50,127,117.15478994226925
225,51,126,116.74390704440691
225,52,125,114.67437519069665
225,53,124,113.15932707003816
225,54,123,113.15609913841185
225,55,122,113.63803468993902
225,56,121,109.96873511858297
225,57,120,105.96287348480084
225,58,119,107.0828378933831
225,59,118,103.05466976728988
225,60,117,102.45253413459477
225,61,116,100.27484065676163
225,62,115,97.79702817287071
225,63,114,97.35263872086884
225,64,113,98.28471208468396
225,65,112,101.40403428599808
225,66,111,102.32373685759667
225,67,110,107.3478510866224
225,68,109,104.75018597668843
225,69,108,106.03597978317293
225,70,107,107.21929123323639
225,71,106,109.62549983987583
225,72,105,107.13777316618058
225,73,104,110.32500235290257
225,74,103,106.84606756639084
225,75,102,109.01161766467476
225,76,101,114.50617067220533
225,77,100,111.00125354855916
225,78,99,118.3658815493987
225,79,98,115.86677973944403
225,80,97,114.60607152694001
225,81,96,112.62778454647781
225,82,95,115.21976548933051
225,83,94,116.30814266762897
225,84,93,107.97081474356972
225,85,92,106.14386161615636
225,86,91,108.07083306760669
225,87,90,112.86365124862647
225,88,89,116.10139833744702
225,89,88,117.38977295045207
225,90,87,112.79132737155336
225,91,86,113.49340107108253
225,92,85,109.41868037322598
225,93,84,105.35192444071014
225,94,83,102.13776182868972
225,95,82,100.84460845521704
225,96,81,96.80740641960803
225,97,80,96.99369078510887
225,98,79,92.07742386575313
225,99,78,92.05694765584718
225,100,77,89.7450603714654
225,101,76,86.01593683409236
225,102,75,74.07202917153796
225,103,74,71.00664938691578
225,104,73,65.55291037446874
225,105,72,67.53536196842387
225,106,71,67.6073331623758
225,107,70,64.74528195753312
225,108,69,61.85445851141302
225,109,68,60.91947713350715
225,110,67,56.069274944881364
225,111,66,60.85204367759114
225,112,65,54.235169498552175
225,113,64,57.06505227285767
225,114,63,54.563115033137535
225,115,62,51.799905218310954
225,116,61,52.42674699931837
225,117,60,59.3892615487353
225,118,59,58.983091313484536
225,119,58,55.0884438652745
225,120,57,52.968990438834474
225,121,56,48.305429799820125
225,122,55,55.26226827947466
225,123,54,51.60587173244008
225,124,53,41.2689504434353
225,125,52,41.27681342228904
225,126,51,43.33667390539184
225,127,50,38.63759968194978
225,128,49,40.86557355241939
225,129,48,46.80073142218306
225,130,47,51.34261165260891
225,131,46,46.90890283322371
225,132,45,43.956505050988525
225,133,44,39.938710859795535
225,134,43,36.10080646242098
225,135,42,43.82588407639054
225,136,41,42.0646488429887
225,137,40,48.43556720450502
225,138,39,39.78436001036107
225,139,38,39.231777105837125
225,140,37,39.34039172670329
225,141,36,46.162962060970884
225,142,35,47.50911094381619
225,143,34,48.59911543731005
225,144,33,48.44790993096386
225,145,32,46.20827229285114
225,146,31,45.61459591317333
225,147,30,41.017179062389346
225,148,29,41.035915618335416
225,149,28,37.645346582760716
225,150,27,32.3582577645482
225,151,26,33.32114877743089
225,152,25,32.6066240617788
225,153,24,29.935982907902968
225,154,23,28.846849847201142
225,155,22,28.373729073416754
225,156,21,26.852057871259365
225,157,20,28.30266252175627
225,158,19,20.608032093370802
225,159,18,17.69967874278907
225,160,17,16.7758258819934
225,161,16,16.445026457964325
225,162,15,15.196595621837444
225,163,14,13.325824972604325
225,164,13,13.334973048544466
225,165,12,11.35734480015729
225,166,11,9.410821916102925
226,40,233,121.65972950171394
226,41,232,120.2991488644382
226,42,231,122.52082571849041
226,43,230,121.19517597620862
226,44,229,122.44692146758399
226,45,228,120.79730461294116
226,46,227,119.89965979664103
226,47,226,121.1914486424179
226,48,225,120.91563254518462
226,49,224,119.4554916294214
226,50,223,121.820403131913
226,51,222,121.96431685959374
226,52,221,121.98002856240448
226,53,220,121.86079120242792
226,54,219,120.43001333875809
226,55,218,118.09538510001619
226,56,217,117.96204944433967
226,57,216,118.63471766711561
226,58,215,117.55576013181171
226,59,214,115.352265527926
226,60,213,115.23088462858615
226,61,212,118.742258695989
226,62,211,118.52556762050284
226,63,210,119.26252527748522
226,64,209,117.8173022474677
226,65,208,118.48884147682166
226,66,207,119.09852984280477
226,67,206,119.46030199699368
226,68,205,117.44227167189779
226,69,204,120.19576101528313
226,70,203,117.34871723855616
226,71,202,116.37221920087688
226,72,201,116.2991803634167
226,73,200,116.97139431358215
226,74,199,115.87766589844367
226,75,198,117.61559142288405
226,76,197,116.77912102463866
226,77,196,117.25545711320402
226,78,195,119.55556651940371
226,79,194,120.49203818603422
226,80,193,120.20976246575597
226,81,192,116.26080329072519
226,82,191,116.42269707214331
226,83,190,114.1908011415837
226,84,189,113.76827440702715
226,85,188,113.25226573491412
226,86,187,114.1640801981359
226,87,186,113.17571575709992
226,88,185,113.81715107821094
226,89,184,114.3583355228227
226,90,183,113.69308115929982
226,91,182,111.60113720885138
226,92,181,110.67378235695642
226,93,180,113.52652582585377
226,94,179,113.78676890174593
226,95,178,110.70143245439172
226,96,177,102.66754248806701
226,97,176,107.94896930624806
226,98,175,105.87251653053092
226,99,174,98.62843372043287
226,100,173,97.31118298590012
226,101,172,98.76802964579637
226,102,171,98.4327127651593
226,103,170,99.83053909206939
226,104,169,102.97469490111418
226,105,168,99.74075317249255
226,106,167,98.20694990369273
226,107,166,93.87524213075267
226,108,165,92.71695227402572
226,109,164,95.90577498763554
226,110,163,96.36014036518307
226,111,162,101.8657768426488
226,112,161,100.26991313591682
226,113,160,107.38737782012288
226,114,159,105.87719453433256
226,115,158,102.00458875977299
226,116,157,103.02314103066139
226,117,156,104.53709094152998
226,118,155,109.1017558533481
226,119,154,110.65561062674834
226,120,153,112.92200197927363
226,121,152,111.10170541608167
226,122,151,111.53081268026776
226,123,150,112.76641201193121
226,124,149,112.56804933449213
226,125,148,107.75603184393808
226,126,147,106.87695636315178
226,127,146,111.12222339591943
226,128,145,111.25210275713894
226,129,144,114.60062087950288
226,130,143,116.02529305385198
226,131,142,113.11707435716664
226,132,141,114.82029085452811
226,133,140,113.06229490908615
226,134,139,112.45944864841032
226,135,138,110.25681749889206
226,136,137,111.23028374070098
226,137,136,109.59685100057787
226,138,135,111.39953180879439
226,139,134,107.82903096960493
226,140,133,109.23751078682865
226,141,132,109.62667721794597
226,142,131,107.49366395451985
226,143,130,101.26898789864711
226,144,129,109.03247100399457
226,145,128,107.062540885082
226,146,127,104.2715651626637
226,147,126,100.12689055005328
226,148,125,97.56796155725229
226,149,124,93.43248664497725
226,150,123,94.46622494314207
226,151,122,95.44525099579775
226,152,121,100.24531514186668
226,153,120,100.80597416861865
226,154,119,96.92300095400823
226,155,118,98.9345049937808
226,156,117,100.59996709716265
226,157,116,98.19778007152675
226,158,115,99.3500803208843
226,159,114,99.33439273068704
226,160,113,97.44044456496607
226,161,112,97.33978124365582
226,162,111,93.55587254268633
226,163,110,95.70588093104641
226,164,109,96.84204200730224
226,165,108,87.23905453024524
227,40,154,122.63304929022053
227,41,153,122.92409122549739
227,42,152,122.71318947244211
227,43,151,121.96360621945882
227,44,150,120.1653515279837
227,45,149,120.6560583114929
227,46,148,120.80860100243925
227,47,147,120.71556555601592
227,48,146,120.68888844100348
227,49,145,117.72211243312844
227,50,144,116.80045053351662
227,51,143,114.61290572304173
227,52,142,113.91403497530175
227,53,141,113.4327394300503
227,54,140,114.86666839535609
227,55,139,115.2330523188792
227,56,138,115.5133398778805
227,57,137,112.57243691384308
227,58,136,115.95145092941408
227,59,135,118.1683330997606
227,60,134,114.84731893655929
227,61,133,114.92313587091489
227,62,132,114.40609087695603
227,63,131,110.22066295437335
227,64,130,108.87038757713324
227,65,129,107.44638998867765
227,66,128,105.71852023116784
227,67,127,107.121342510143
227,68,126,104.80731775571256
227,69,125,103.95671755269032
227,70,124,109.66389303209212
227,71,123,106.10386118794517
227,72,122,105.39623706537776
227,73,121,109.82607196997252
227,74,120,110.5379140226429
227,75,119,111.97248433706217
227,76,118,109.86154241387581
227,77,117,110.03371775743537
227,78,116,113.91215844505348
227,79,115,113.1266131947643
227,80,114,111.9359939300549
227,81,113,113.50608527530862
227,82,112,109.65711151679369
227,83,111,109.71323685163223
227,84,110,111.11928386205716
227,85,109,111.43667176590449
227,86,108,109.12118945105445
227,87,107,106.62598090313598
227,88,106,105.98657332373597
227,89,105,102.33942009506688
227,90,104,97.44299226210154
227,91,103,93.00551577868268
227,92,102,101.42617421357974
227,93,101,99.10610356388797
227,94,100,100.38221750865387
227,95,99,100.7880121959277
227,96,98,103.43454508130188
227,97,97,96.60183085740299
227,98,96,102.36008331449128
227,99,95,101.278302814684
227,100,94,101.36305094056405
227,101,93,98.12152399032331
227,102,92,99.33317364070102
227,103,91,94.40765328153378
227,104,90,87.90279796710614
227,105,89,88.35384960951731
227,106,88,79.8097223494112
227,107,87,80.92990052108088
227,108,86,67.59562369014778
227,109,85,73.22126309391416
227,110,84,71.03252057053399
227,111,83,71.9985920333969
227,112,82,66.19041286696404
227,113,81,62.81338481469876
227,114,80,65.0100831828363
227,115,79,65.13385725761367
227,116,78,67.17621130680826
227,117,77,66.98065674780881
227,118,76,65.19072366783183
227,119,75,62.61946546400353
227,120,74,60.91066339326031
227,121,73,66.504959279876
227,122,72,66.74943096118162
227,123,71,63.22697065523062
227,124,70,61.97416740769415
227,125,69,60.24517067591739
227,126,68,64.70385964122559
227,127,67,59.16064059713106
227,128,66,52.812983749357066
227,129,65,53.187772095556795
227,130,64,47.23992496199491
227,131,63,51.1474986531273
227,132,62,48.742758370967024
227,133,61,45.3452851135782
227,134,60,42.44102053267497
227,135,59,41.05230884746538
227,136,58,41.401569854458174
227,137,57,40.662849907433085
227,138,56,42.038467350608265
227,139,55,40.88541477574064
227,140,54,37.917336209018984
227,141,53,38.858425413590716
227,142,52,40.85309804920216
227,143,51,38.7979829615593
227,144,50,35.164967571539805
227,145,49,35.00294506535561
227,146,48,36.94344138588889
227,147,47,34.90964866133416
227,148,46,32.31985394565631
227,149,45,31.396412833793747
227,150,44,31.108378292139584
227,151,43,26.880743806076822
227,152,42,27.159648494115018
227,153,41,27.732081578869497
227,154,40,27.643605978908745
227,155,39,26.24453762926671
227,156,38,25.481395965637653
227,157,37,23.53257756835321
227,158,36,23.493272533794258
227,159,35,20.674079088166962
227,160,34,20.8461495313809
227,161,33,19.309749789565007
227,162,32,20.105387848892136
227,163,31,19.537881861121384
227,164,30,20.41371731499099
227,165,29,22.667625904549062
227,166,28,20.225944211483988
227,167,27,18.508522962350188
227,168,26,16.476917609693928
227,169,25,15.168267523118015
227,170,24,14.112404288500016
227,171,23,14.111125534782074
227,172,22,13.959384177960555
227,173,21,13.072904181357506
227,174,20,10.407284437590231
227,175,19,11.453521771842313
227,176,18,10.097250107212517
227,177,17,10.135433307681385
227,178,16,8.907228623616806
227,179,15,10.473466980699275
227,180,14,10.224723135161673
228,40,130,120.52842941529022
228,41,129,119.45722541472512
228,42,128,120.55088532766297
228,43,127,117.9827761123064
228,44,126,116.15868176851063
229,40,130,124.90102468233489
229,41,129,123.77630021871542
229,42,128,124.32667572368801
229,43,127,124.40732202291706
229,44,126,125.0
229,45,125,125.0
229,46,124,125.0
229,47,123,125.0
229,48,122,125.0
229,49,121,124.49093143539976
229,50,120,124.97320910892589
229,51,119,123.97301396576627
229,52,118,123.89069182731984
229,53,117,123.30332451947277
229,54,116,117.44723926044139
229,55,115,116.31982732722473
229,56,114,112.96923066920766
229,57,113,110.88127416489704
229,58,112,105.75631620453865
229,59,111,103.22433289349607
229,60,110,99.69360218770828
229,61,109,101.36274391219945
229,62,108,103.87457006203755
229,63,107,104.49859692036316
229,64,106,108.18550209126249
229,65,105,103.14362345022
229,66,104,100.118649746955
229,67,103,95.36776381468638
229,68,102,98.9493256570424
229,69,101,98.19725843717576
229,70,100,99.59761723361146
229,71,99,104.25309689599575
229,72,98,102.66594330658187
229,73,97,96.78142250724216
229,74,96,96.53712868486224
229,75,95,98.74814130148891
229,76,94,96.86034144413044
229,77,93,99.83486962668687
229,78,92,96.90877069342069
229,79,91,91.35571902348227
229,80,90,85.44876216016581
229,81,89,85.88289796673013
229,82,88,90.92991088712708
229,83,87,92.87551770601526
229,84,86,101.89514977159543
229,85,85,103.08907694467523
229,86,84,99.0400929092736
229,87,83,106.50576857227838
229,88,82,95.72414139964002
229,89,81,99.10270698157052
229,90,80,99.19932952183814
229,91,79,101.07449465161018
229,92,78,104.99023585796873
229,93,77,109.34572107333531
229,94,76,106.50082399814852
229,95,75,105.33335586764593
229,96,74,101.40509525553176
229,97,73,102.9068385265036
229,98,72,90.73844699122691
229,99,71,97.3232474410753
229,100,70,98.11242588041233
229,101,69,101.30159005163003
229,102,68,102.04312520038104
229,103,67,100.33253014299753
229,104,66,99.63422519107733
229,105,65,101.13324611499166
229,106,64,99.09468690082267
229,107,63,100.31691474083087
229,108,62,98.26268272756579
229,109,61,98.5381955526611
230,40,170,120.27571458552828
230,41,169,121.55674948252968
230,42,168,120.94370859693242
230,43,167,122.21594270971808
230,44,166,123.25156893074967
230,45,165,123.67445381704403
230,46,164,122.72120534051416
230,47,163,122.40641304578874
230,48,162,123.4334417924976
230,49,161,123.04327960468456
230,50,160,122.76567058151659
230,51,159,124.7198115134961
230,52,158,125.0
230,53,157,124.27710340860352
230,54,156,122.87288448690639
230,55,155,122.68349306807711
230,56,154,123.08300514638202
230,57,153,121.6523646716717
230,58,152,122.43910706012406
230,59,151,121.9315985163532
230,60,150,122.32257601461701
230,61,149,121.29813407818469
230,62,148,121.79393482115051
230,63,147,121.61280958383048
230,64,146,121.24296626395528
230,65,145,121.5682939804128
230,66,144,121.63568217227694
230,67,143,121.99819038060127
230,68,142,122.36584616034068
230,69,141,122.20274038354358
230,70,140,122.21883117671179
230,71,139,121.54826827157031
230,72,138,121.44504539650097
230,73,137,121.68052211359158
230,74,136,120.37679666837386
230,75,135,119.67016846436366
230,76,134,118.19367505287627
230,77,133,114.79559346659565
230,78,132,113.99355008098698
230,79,131,110.52513179300283
230,80,130,109.09493546996453
230,81,129,109.5354538299706
230,82,128,107.10782525547903
230,83,127,107.07108189083812
230,84,126,106.4709648928844
230,85,125,109.07019773787067
230,86,124,104.32015214797812
230,87,123,105.05755789995531
230,88,122,106.76442493304901
230,89,121,104.89226350215245
230,90,120,100.56251288494383
230,91,119,101.61373502609334
230,92,118,101.1061562769556
230,93,117,103.58139315181919
230,94,116,104.16190368266555
230,95,115,110.30411901036351
230,96,114,112.60137260256397
230,97,113,113.24417961219419
230,98,112,113.41133946753018
230,99,111,110.648710805083
230,100,110,109.29584262292138
230,101,109,109.81877805281698
230,102,108,109.3960338744052
230,103,107,111.531580151925
230,104,106,113.31756930257507
230,105,105,112.45273022574816
230,106,104,117.29649439216608
230,107,103,118.66866931988557
230,108,102,116.92244862277872
230,109,101,112.19622032334192
230,110,100,108.74191786916883
230,111,99,108.72459517454035
230,112,98,111.13449544056422
230,113,97,116.67887498744726
230,114,96,118.5140648918603
230,115,95,119.09533359682241
230,116,94,118.27633188527511
230,117,93,116.25691871863916
230,118,92,114.40533153675565
230,119,91,112.11061964426787
230,120,90,112.21324515244814
230,121,89,113.50586605326521
230,122,88,113.84819106330559
230,123,87,114.87518475756929
230,124,86,112.83701638966483
230,125,85,114.18614069683505
231,40,155,125.0
231,41,154,123.02524913034024
231,42,153,121.87753156936941
231,43,152,122.12132043023078
231,44,151,121.13577078327474
231,45,150,121.31629754222381
231,46,149,121.25359151446573
231,47,148,118.75715623601332
231,48,147,118.43736051417032
231,49,146,116.4456681178334
231,50,145,115.88350462935367
231,51,144,118.71478136730033
231,52,143,119.18689165395054
231,53,142,118.6312576721113
231,54,141,116.319816661891
231,55,140,118.6811064414712
231,56,139,118.34219606496305
231,57,138,117.13597421337234
231,58,137,117.81981121706474
231,59,136,117.48501433716552
231,60,135,117.01122357751662
231,61,134,116.47557156947936
231,62,133,116.42866907932591
231,63,132,115.86807301366301
231,64,131,114.08053403809197
231,65,130,114.15492298725087
231,66,129,113.5930574595475
231,67,128,113.75195622638529
231,68,127,113.47668346408335
231,69,126,110.95414923886925
231,70,125,109.01447269506102
231,71,124,103.59018257002397
231,72,123,104.79311307143439
231,73,122,105.16252446918406
231,74,121,105.27110039034133
231,75,120,110.97776871456178
231,76,119,112.21388742094949
231,77,118,109.3525681252318
231,78,117,113.40279464055054
231,79,116,107.90666271379615
231,80,115,112.287372467963
231,81,114,112.92216691038756
231,82,113,111.64002276088837
231,83,112,113.36606603137864
231,84,111,111.00962540377068
231,85,110,104.69030900088266
231,86,109,105.23603690198348
231,87,108,102.49550475358512
231,88,107,105.96450850400333
231,89,106,103.50309489517909
231,90,105,96.55581746663592
231,91,104,97.79299248224343
231,92,103,97.0901428779204
231,93,102,96.1806829335953
231,94,101,91.58529791568361
231,95,100,91.39597141656762
231,96,99,97.48237624725446
231,97,98,97.21012053035565
231,98,97,101.34253350926903
231,99,96,95.22059740025091
231,100,95,91.64851363938328
231,101,94,92.50236028193315
231,102,93,87.94311713772007
231,103,92,92.07656427160337
231,104,91,93.16738615949667
231,105,90,101.03987232582104
231,106,89,104.294644566762
231,107,88,102.39015233534147
231,108,87,104.9128793138955
231,109,86,100.79966351806166
231,110,85,96.0242208795583
231,111,84,95.31681485801757
231,112,83,97.22536756329957
231,113,82,95.03032293520515
231,114,81,90.87145968029986
231,115,80,94.76902300019164
231,116,79,91.30286339427444
231,117,78,88.2363750289945
231,118,77,92.06120512901884
231,119,76,87.36017060421865
231,120,75,87.6500617387834
231,121,74,87.34186328143247
231,122,73,85.79931301707936
231,123,72,87.2963647045729
231,124,71,82.59104125564966
231,125,70,72.93219576029449
231,126,69,72.95412653843093
231,127,68,71.8882955459199
231,128,67,74.37656307579172
231,129,66,76.49838736431259
231,130,65,61.904147032079905
231,131,64,62.990167859140925
231,132,63,59.261506148069884
231,133,62,54.09642262322606
231,134,61,49.7442375944419
231,135,60,48.48782336757861
231,136,59,45.52511509174376
231,137,58,41.90194860386494
231,138,57,43.56355742958192
231,139,56,42.06505934534504
231,140,55,39.96815236539804
231,141,54,42.95168925888113
231,142,53,43.72616294475227
231,143,52,44.75525291240686
231,144,51,42.538786890211895
231,145,50,44.916815246724966
231,146,49,45.11703348572179
231,147,48,44.3070215977892
231,148,47,47.95698509520463
231,149,46,45.44351470053783
231,150,45,47.06578624346885
231,151,44,43.154495813524896
231,152,43,43.84352841349097
231,153,42,43.892504884098244
231,154,41,41.54572024943654
231,155,40,41.03890727370141
231,156,39,39.2609672182146
231,157,38,36.283074631108036
231,158,37,33.956009517448116
231,159,36,37.41922059928266
231,160,35,37.129580228309635
231,161,34,32.37596676833712
231,162,33,33.7210698281053
231,163,32,31.772210010534554
231,164,31,29.65628336823054
231,165,30,25.776441248830032
231,166,29,28.507377451909203
231,167,28,26.082427350808963
231,168,27,25.08274028064116
231,169,26,24.026766853116364
231,170,25,23.362408351221337
231,171,24,23.184411537564376
231,172,23,22.369144052312926
231,173,22,20.629109212656516
231,174,21,20.66373832617709
231,175,20,19.613237610468794
231,176,19,18.993944899696448
231,177,18,18.463115548427467
231,178,17,16.913768502674
231,179,16,15.745784918668843
231,180,15,13.384285141920857
231,181,14,12.828508831645827
231,182,13,11.944024230914795
231,183,12,10.055208048714546
231,184,11,9.223610586404497
231,185,10,8.070204551112385
231,186,9,6.878204121465808
231,187,8,5.983702724511533
232,40,220,125.0
232,41,219,125.0
232,42,218,122.96769695511725
232,43,217,125.0
232,44,216,125.0
232,45,215,125.0
232,46,214,125.0
232,47,213,123.25716627235067
232,48,212,121.53711547253417
232,49,211,118.84104732856363
232,50,210,119.20685342365323
232,51,209,117.57292276729349
232,52,208,116.18217163273673
232,53,207,117.74181855664935
232,54,206,117.22311132680726
232,55,205,117.07702851884929
232,56,204,118.91814184049628
232,57,203,119.56933443231011
232,58,202,117.4556896501368
232,59,201,120.96458083680196
232,60,200,121.15751596804677
232,61,199,119.27856147192352
232,62,198,120.27208866716667
232,63,197,122.46514413697719
232,64,196,122.66539648202482
232,65,195,123.00423645327355
232,66,194,123.64384364559393
232,67,193,123.22879943453631
232,68,192,122.15912392457574
232,69,191,120.26979657197039
232,70,190,121.60421051228039
232,71,189,119.29464348577278
232,72,188,118.24994937849065
232,73,187,119.4776021684072
232,74,186,114.57674021324868
232,75,185,114.05363335451551
232,76,184,114.50275940667186
232,77,183,114.11662644494741
232,78,182,114.00357377011042
232,79,181,110.41416313336208
232,80,180,106.49760904134568
232,81,179,102.62760067929014
232,82,178,100.41315525540824
232,83,177,103.23217695340671
232,84,176,104.92362988934707
232,85,175,105.9484756160231
232,86,174,101.4783398027152
232,87,173,101.8203558324559
232,88,172,95.72382806215532
232,89,171,91.35961500696376
232,90,170,89.66357994064744
232,91,169,90.7154652764818
232,92,168,91.33275655707622
232,93,167,92.7232802429699
232,94,166,91.45990529276504
232,95,165,89.06590518686772
232,96,164,89.35309997254652
232,97,163,86.08752723671756
232,98,162,90.75775770756195
232,99,161,92.91690301863046
232,100,160,94.38862159988878
232,101,159,95.71753587730188
232,102,158,97.80185740797313
232,103,157,104.40146453366313
232,104,156,108.8369455686877
232,105,155,110.63330446758668
232,106,154,111.20124076001636
232,107,153,112.9439076176242
232,108,152,114.05420574340494
232,109,151,113.44890455308024
232,110,150,116.69687034578797
232,111,149,117.53840651606583
232,112,148,115.80157694381813
232,113,147,116.36944207860506
232,114,146,116.16803650520683
232,115,145,116.019023609087
232,116,144,115.74917787162866
232,117,143,110.1369546003745
232,118,142,110.21741629086787
232,119,141,108.7161545666724
232,120,140,109.93345825567857
232,121,139,110.85906276522262
232,122,138,110.35996576664316
232,123,137,113.65480786964366
232,124,136,114.2216806544593
232,125,135,113.9414876705298
232,126,134,115.33731113351385
232,127,133,111.51906083384648
232,128,132,108.31965325076368
232,129,131,106.51370374857865
232,130,130,108.09158410400471
232,131,129,105.29859081928694
232,132,128,100.05774468673539
232,133,127,100.75563300024201
232,134,126,101.42627865604177
232,135,125,101.29985754349609
232,136,124,99.33469354721666
232,137,123,91.50198689662295
232,138,122,92.32268275506709
232,139,121,90.25334170356874
232,140,120,88.0390304942321
232,141,119,85.79155587072523
232,142,118,77.71973798223425
232,143,117,78.19249480845713
232,144,116,73.07115419936173
232,145,115,79.0290023688606
232,146,114,77.76303820787874
232,147,113,74.81750333876508
232,148,112,79.59977618004588
232,149,111,78.82032658042749
232,150,110,78.23346613301233
232,151,109,81.7708995484289
232,152,108,84.47708453211109
232,153,107,86.45613635665453
232,154,106,86.01925991691567
232,155,105,87.040897430016
232,156,104,81.6140180308774
232,157,103,78.69262548983374
232,158,102,77.32537202808925
232,159,101,73.01961606532534
233,40,153,116.92739780026912
234,40,196,119.06943837786628
234,41,195,117.52904769854025
234,42,194,116.60255812962944
234,43,193,116.89607599316193
234,44,192,115.28788699767449
234,45,191,111.9088993986147
234,46,190,117.13041970686967
234,47,189,118.27567427640224
234,48,188,120.18871878074282
234,49,187,118.09974242644942
234,50,186,119.51364380121117
234,51,185,119.03606991413315
234,52,184,118.84330250209155
234,53,183,118.04425103197094
234,54,182,116.40646341646135
234,55,181,117.19845875969023
234,56,180,118.27201920621908
234,57,179,118.68708977381456
234,58,178,117.37120854503159
234,59,177,115.99010569554704
234,60,176,114.30108821025271
234,61,175,114.8335748894911
234,62,174,116.88893245706471
234,63,173,117.8510690035643
234,64,172,118.57075325957359
234,65,171,119.07839283486312
234,66,170,117.1340617547168
234,67,169,118.05240754693634
234,68,168,118.55590321794745
234,69,167,118.50895125018218
234,70,166,117.60683394082778
234,71,165,118.22375159023147
234,72,164,119.04734466839365
234,73,163,120.85723776758874
234,74,162,119.20840460231118
234,75,161,120.37913073531567
234,76,160,120.557739958563
234,77,159,118.35413438731868
234,78,158,118.92734480401646
234,79,157,121.10877805031076
234,80,156,120.6105091945202
234,81,155,120.11743437169886
234,82,154,119.23496785347047
234,83,153,117.70528213891852
234,84,152,115.73855426017514
234,85,151,115.01701825383327
234,86,150,113.83761436539746
234,87,149,110.24057296335249
234,88,148,110.1874491305769
234,89,147,113.9219129316466
234,90,146,115.68839211340706
234,91,145,110.40400899174851
234,92,144,110.14402884395574
234,93,143,112.47082535622349
234,94,142,116.5556028704958
234,95,141,110.74606030474585
234,96,140,107.9618371069148
234,97,139,108.38444734793379
234,98,138,109.63113219200578
234,99,137,114.09498367221947
234,100,136,112.33690096466574
234,101,135,115.11925394842834
234,102,134,112.14362183574232
234,103,133,111.33488120119739
234,104,132,106.64387003561254
234,105,131,109.56290951185098
234,106,130,107.35709306900065
234,107,129,104.46876342232846
234,108,128,101.01614581008585
234,109,127,101.1268702333327
234,110,126,102.85881133524171
234,111,125,106.4041396626849
234,112,124,97.38310160095192
234,113,123,91.3943799004988
234,114,122,84.23106838101522
234,115,121,91.2386061374471
234,116,120,97.57236069437302
234,117,119,96.7346709088819
234,118,118,88.67553357303169
234,119,117,89.12447754030548
234,120,116,104.95566912213562
234,121,115,104.1831962511326
234,122,114,101.32882796013206
234,123,113,101.89168186590535
234,124,112,95.81902891514684
234,125,111,92.1013773391197
234,126,110,89.18885623785647
234,127,109,89.54837798127605
234,128,108,85.77829383782316
234,129,107,94.62100529972867
234,130,106,94.61608479563483
234,131,105,91.57193891634684
234,132,104,98.68268488668797
234,133,103,101.42909717125482
234,134,102,104.52324256380416
234,135,101,105.51694162293691
234,136,100,96.39134649091852
234,137,99,89.22838991588611
234,138,98,95.87291967545058
234,139,97,98.6802890427636
234,140,96,102.95390626549309
234,141,95,107.63084247114591
234,142,94,104.12417618513993
234,143,93,95.78358073604986
234,144,92,101.97182512279008
234,145,91,99.28088404514382
234,146,90,95.82916872367737
234,147,89,100.45332468498577
235,40,252,114.20366420550538
235,41,251,117.95465197836137
235,42,250,119.31710413256748
235,43,249,119.17725783530457
235,44,248,118.80234435748721
235,45,247,122.52966773827765
235,46,246,122.31332381498093
235,47,245,121.98763128452599
235,48,244,119.7744733954387
235,49,243,118.66936541489895
235,50,242,114.56870123466959
235,51,241,113.82500875470507
235,52,240,112.23668785423052
235,53,239,111.45818623839111
235,54,238,113.8810789829854
235,55,237,112.23389860801493
235,56,236,108.29544493964013
235,57,235,110.4742555665252
235,58,234,112.4541046970107
235,59,233,111.66913037223648
235,60,232,110.728805055836
235,61,231,108.12544774343318
235,62,230,106.87865874291515
235,63,229,106.44458669589767
235,64,228,108.40466130388957
235,65,227,104.05164289432429
235,66,226,108.3893100532598
235,67,225,108.32506668187835
235,68,224,105.83028262406594
235,69,223,103.22420199417769
235,70,222,107.50016430931099
235,71,221,111.72371963789683
235,72,220,109.7448671082687
235,73,219,108.28287454115957
235,74,218,106.65816097706578
235,75,217,96.46986711047947
235,76,216,101.24597509951838
235,77,215,98.26057756466142
235,78,214,104.10531374967056
235,79,213,106.0714544377172
235,80,212,105.14855739638034
235,81,211,108.47443931671572
235,82,210,113.03632144865611
235,83,209,114.09270793520102
235,84,208,115.37139581684193
235,85,207,116.67920098864846
235,86,206,119.18951162934945
235,87,205,119.7712052029329
235,88,204,120.14903357653247
235,89,203,120.43177853717349
235,90,202,119.15961519614311
235,91,201,119.28522491772195
235,92,200,118.60300106378337
235,93,199,117.66948777487319
235,94,198,115.00929365082541
235,95,197,114.87513669436342
235,96,196,112.76317822825033
235,97,195,115.62238507194596
235,98,194,112.55659410439807
235,99,193,111.95355702700726
235,100,192,108.60396738751314
235,101,191,112.47774878598602
235,102,190,113.89266362846095
236,40,246,123.97684480294703
236,41,245,123.6375944303197
236,42,244,124.23333282599964
236,43,243,124.6977168701114
236,44,242,124.48689942649338
236,45,241,125.0
236,46,240,125.0
236,47,239,124.75817784135387
236,48,238,124.04851958338689
236,49,237,123.03946412606416
236,50,236,122.57024835313176
236,51,235,122.95582248816226
236,52,234,123.33207535392222
236,53,233,124.11546787860328
236,54,232,123.55779620989883
236,55,231,123.26476353481422
236,56,230,122.62492749065646
236,57,229,121.35163744313007
236,58,228,121.73207835026369
236,59,227,121.24834721139793
236,60,226,122.81669453025114
236,61,225,121.90220783319523
236,62,224,122.76664678783729
236,63,223,121.99647761562565
236,64,222,122.58815322250561
236,65,221,121.02837415548618
236,66,220,118.3747566605196
236,67,219,118.4781827160468
236,68,218,117.39011097258059
236,69,217,117.70335648077838
236,70,216,117.9807519590088
236,71,215,118.36249384976486
236,72,214,118.92422972211824
236,73,213,117.97724494486489
236,74,212,116.13607368326107
236,75,211,115.74342995520922
236,76,210,113.04796961176967
236,77,209,111.7885314251618
236,78,208,115.04874144050515
236,79,207,111.10259732802845
236,80,206,111.3721702468973
236,81,205,110.75788482149308
236,82,204,112.17849470775963
236,83,203,111.72359437404117
236,84,202,113.00526952290275
236,85,201,117.89771333177865
236,86,200,120.43686952780965
236,87,199,119.10396562165585
236,88,198,120.94494148175137
236,89,197,120.03027091724937
236,90,196,120.16610185431695
236,91,195,121.37917674013595
236,92,194,120.78793591402703
236,93,193,121.2150929563492
236,94,192,121.13770345998503
236,95,191,123.31858778595077
236,96,190,123.63351917968043
236,97,189,123.97082133986993
236,98,188,124.89157749678195
236,99,187,125.0
236,100,186,125.0
236,101,185,125.0
236,102,184,125.0
236,103,183,125.0
236,104,182,125.0
236,105,181,125.0
236,106,180,124.72125351304066
236,107,179,124.54174439073223
236,108,178,124.4680663413105
236,109,177,124.0533356363457
236,110,176,124.12397209906237
236,111,175,123.30239449297852
236,112,174,123.22628507940337
236,113,173,121.4824396050918
236,114,172,120.47064046276927
236,115,171,120.53977547186304
236,116,170,121.44875156877342
236,117,169,118.98944913207475
236,118,168,119.40951882488073
236,119,167,120.52415251885924
236,120,166,115.52234736938385
236,121,165,115.50045916594561
236,122,164,117.4001185639022
236,123,163,116.42941838375842
236,124,162,117.5026345470499
236,125,161,119.81947769256857
236,126,160,117.7783825398097
236,127,159,118.118057297826
236,128,158,118.25823935383872
236,129,157,115.72935760895353
236,130,156,115.45199007632466
236,131,155,111.51877946828859
236,132,154,103.91696135486947
236,133,153,102.14492999947203
236,134,152,113.55571190607208
236,135,151,116.47640574137012
236,136,150,117.86605472768035
236,137,149,118.86042022518079
236,138,148,118.95125823425127
236,139,147,116.78396344823287
236,140,146,118.5319407231698
236,141,145,116.08735546054756
236,142,144,117.54741127829459
236,143,143,118.5677377867853
236,144,142,119.57299808618875
236,145,141,117.56607816478376
236,146,140,119.22078175969165
236,147,139,121.13326522874436
236,148,138,121.05075590706807
236,149,137,118.20756603361164
236,150,136,117.59751837753183
236,151,135,119.17297995678176
236,152,134,120.26651904145888
236,153,133,117.56867404932254
236,154,132,115.50806935207505
236,155,131,115.87522631214229
236,156,130,115.14488338854505
236,157,129,115.47309137879043
236,158,128,112.1370648857839
236,159,127,115.68836168223719
236,160,126,109.00772603723297
236,161,125,107.1837473112102
236,162,124,110.51589865297376
236,163,123,112.36307080038803
236,164,122,115.22562664517949
236,165,121,116.49288220513205
236,166,120,110.42183565093694
236,167,119,114.7930954267632
236,168,118,111.04917326579502
236,169,117,109.4685345734899
236,170,116,116.74946382901453
236,171,115,114.31089315433609
236,172,114,113.65512227871977
236,173,113,109.35421184133024
236,174,112,105.96527628051821
236,175,111,107.38334457979502
236,176,110,108.7965216465492
236,177,109,112.13094217216641
236,178,108,109.87880319663256
236,179,107,109.57232085296737
236,180,106,114.1889680696023
236,181,105,111.40310780779339
236,182,104,110.56386283799245
236,183,103,114.71029664525804
236,184,102,112.87158741689326
236,185,101,112.33488737224066
236,186,100,116.60096842984397
236,187,99,121.51775692521679
236,188,98,117.29555360971854
236,189,97,116.6115194826287
236,190,96,116.13304832287339
236,191,95,116.91633852877581
236,192,94,114.74149441534685
236,193,93,110.62764542272151
236,194,92,100.3848085174708
236,195,91,98.69439756631752
236,196,90,99.78688174939217
236,197,89,89.6652908527538
236,198,88,87.81796338646923
236,199,87,94.75822173637917
236,200,86,90.22136026677587
236,201,85,92.07949703315471
236,202,84,92.30667306757688
236,203,83,93.8773544544186
236,204,82,88.86645597662792
236,205,81,81.31307865653531
236,206,80,81.67566744509475
236,207,79,82.63734363204534
236,208,78,80.84196101681782
236,209,77,77.4243406231233
236,210,76,79.87091121031804
236,211,75,75.15516382352993
236,212,74,72.43389122462008
236,213,73,70.01313901457053
236,214,72,68.98864240205707
236,215,71,68.86609037596313
236,216,70,67.35223979693535
236,217,69,57.574702194144415
236,218,68,54.34373928900103
236,219,67,52.78926208551249
236,220,66,53.01136739593858
236,221,65,55.63361321585831
236,222,64,54.07226542363224
236,223,63,59.030119450233315
236,224,62,59.94260540118307
236,225,61,56.84500198085547
236,226,60,52.09120656647149
236,227,59,58.492761076093245
236,228,58,52.73661735758483
236,229,57,53.56132347071596
236,230,56,57.069282974460876
236,231,55,54.991796480426004
236,232,54,53.683329909289824
236,233,53,55.07252830883438
236,234,52,51.91840330290626
236,235,51,52.61800594739358
236,236,50,55.01692191547149
236,237,49,55.44128658734259
236,238,48,53.67310691196468
236,239,47,53.827460018675815
236,240,46,53.59844048707582
236,241,45,50.76903851357621
236,242,44,47.21175245701667
236,243,43,49.03863267638174
236,244,42,48.04009150445697
236,245,41,46.71241457780681
236,246,40,45.82287562849475
236,247,39,47.31296579841424
236,248,38,48.19189888032196
236,249,37,44.14051576969241
236,250,36,43.16801249770226
236,251,35,41.07976829704998
236,252,34,40.86677503565714
236,253,33,40.6982926182895
236,254,32,40.487490493926146
236,255,31,37.66346874981285
236,256,30,34.58658276453785
236,257,29,30.09496157404979
236,258,28,28.81966796116263
236,259,27,28.60894200051905
236,260,26,28.714673593788234
236,261,25,29.123042421547076
236,262,24,28.221298491307877
236,263,23,24.78444689535673
236,264,22,25.118647530784372
236,265,21,22.31085939304032
236,266,20,20.944536288043054
236,267,19,19.069300371710277
236,268,18,19.96444996212869
236,269,17,20.03692605630019
236,270,16,20.828939724185076
236,271,15,18.350471124226267
236,272,14,16.18362009657646
236,273,13,14.065013419002355
236,274,12,14.550766744913291
237,40,257,111.74926175997373
237,41,256,114.61508937831786
237,42,255,117.05452517602731
237,43,254,113.7046550389388
237,44,253,114.13141837696426
237,45,252,117.10281208045177
237,46,251,115.08537705868318
237,47,250,114.71642047740856
237,48,249,113.61125606033835
237,49,248,109.70373097481476
237,50,247,118.47493339108078
237,51,246,118.23540346623378
237,52,245,120.38304539078956
237,53,244,122.36036201044098
237,54,243,123.56600341307973
237,55,242,122.82361974749887
237,56,241,124.04659010382558
237,57,240,123.05621972821025
237,58,239,121.04452515893287
237,59,238,120.86319808111253
237,60,237,122.4884537803828
237,61,236,122.94376688217162
237,62,235,121.68825358845615
237,63,234,122.03979969989177
237,64,233,123.62911126064748
237,65,232,122.23095613905059
237,66,231,121.2503518719731
237,67,230,122.21468094548756
237,68,229,119.20523144118896
237,69,228,118.88134422444
237,70,227,119.88178762511856
237,71,226,120.29145994420008
237,72,225,119.36550652642758
237,73,224,118.73873690475993
237,74,223,117.15862231159059
237,75,222,115.76529045308297
237,76,221,116.51525048628324
237,77,220,119.18569073738824
237,78,219,118.71264771107576
237,79,218,118.301175134191
237,80,217,117.25872667737288
237,81,216,115.95539470816422
237,82,215,112.48023697394265
237,83,214,111.38609291630402
237,84,213,113.05812974259939
237,85,212,113.20621521198098
237,86,211,109.16662388996707
237,87,210,109.87546657603836
237,88,209,108.72388710058463
237,89,208,106.69844333777685
237,90,207,106.43444740752241
237,91,206,109.04187441236249
237,92,205,108.02269477598405
237,93,204,110.14338995112334
237,94,203,108.86179327734223
237,95,202,109.75086641315781
237,96,201,108.59091807113592
237,97,200,102.2512453982337
237,98,199,100.690515008633
237,99,198,92.48896853690155
237,100,197,88.57709253671297
237,101,196,84.18827865377314
237,102,195,79.47555773938319
237,103,194,78.77974343086144
237,104,193,83.00188142901773
237,105,192,92.7731939650138
237,106,191,94.28943364978966
237,107,190,89.2284736259491
237,108,189,97.6589518731912
237,109,188,101.75263323504622
237,110,187,103.40455072660815
237,111,186,105.35382071925642
237,112,185,101.00005232713156
237,113,184,101.67093850395622
237,114,183,100.24935961409327
237,115,182,101.19536318273924
237,116,181,100.20476717589108
237,117,180,104.26204945973619
237,118,179,106.09083342729804
237,119,178,106.43550170062554
237,120,177,107.27492970441222
237,121,176,100.44273941630813
237,122,175,97.90837931384246
237,123,174,89.03354113460261
237,124,173,96.14027081590035
237,125,172,94.26818294510295
237,126,171,93.52769315411138
237,127,170,99.33698726379711
237,128,169,97.47769044391154
237,129,168,97.56619480391825
237,130,167,85.9793146181398
237,131,166,90.16545838290776
237,132,165,90.97135345552425
237,133,164,94.99260151251514
237,134,163,95.2461662398813
237,135,162,98.43096828276893
237,136,161,97.32716603037477
237,137,160,95.50821885635801
237,138,159,96.43602743927661
237,139,158,95.80655068905921
237,140,157,95.56196787379952
237,141,156,91.8275096153761
237,142,155,87.02816159560399
237,143,154,94.78192095740665
237,144,153,94.44260747721592
237,145,152,92.1819791361964
237,146,151,93.32809098159824
237,147,150,91.61171884361502
237,148,149,93.7583513658534
237,149,148,101.62917015111925
237,150,147,112.06273903337262
237,151,146,108.67083412609568
237,152,145,107.51762636878206
237,153,144,106.06642150525738
237,154,143,101.98279009589558
237,155,142,101.99857359096964
237,156,141,110.16443500676642
237,157,140,112.27611776316505
237,158,139,113.67413533430582
237,159,138,113.32775854699088
237,160,137,108.34505409341597
237,161,136,106.02662066568718
237,162,135,105.78982937885084
237,163,134,104.62920971383791
237,164,133,107.61629399651864
237,165,132,107.68688677406118
237,166,131,107.57807913614195
237,167,130,106.05761921267438
237,168,129,109.08074720797867
237,169,128,107.55996717373762
237,170,127,103.63641479360486
237,171,126,110.78905531626322
237,172,125,96.45646399218332
237,173,124,103.67363534214124
237,174,123,96.77063217119039
237,175,122,103.49516775340715
237,176,121,109.44886170063714
237,177,120,104.95501533992044
237,178,119,108.082032992172
237,179,118,110.0865679491737
237,180,117,106.91584124281167
237,181,116,108.42691564027916
237,182,115,104.28638810388833
237,183,114,105.94695067799191
237,184,113,104.35317167233016
237,185,112,101.19931284134611
237,186,111,104.72267159459668
237,187,110,102.510775445853
237,188,109,101.24358673642058
237,189,108,104.53934611987209
237,190,107,104.88293080745267
237,191,106,98.09900827394944
237,192,105,98.19243010933411
237,193,104,96.18547841134136
237,194,103,91.19165027043553
237,195,102,99.57826951654468
237,196,101,102.01381987344736
237,197,100,93.95607509437414
237,198,99,90.4898080608402
237,199,98,89.05045775398479
237,200,97,79.67726199571828
237,201,96,75.01043700427272
237,202,95,75.33049520026447
237,203,94,76.08617275100863
237,204,93,69.58424345102131
237,205,92,67.97454622672191
237,206,91,63.21543953767158
237,207,90,62.98070689609427
237,208,89,68.19002712555428
237,209,88,60.75909272548871
237,210,87,61.22975950307819
237,211,86,68.84617416493418
237,212,85,60.148296856769505
237,213,84,56.1572133695889
237,214,83,55.35510980133722
237,215,82,61.94055361576443
237,216,81,66.65899567325312
237,217,80,65.4835038739069
237,218,79,62.62038673841461
237,219,78,62.12062670735229
237,220,77,60.054080013791264
237,221,76,59.10420737842123
237,222,75,58.17586982556834
237,223,74,57.30331977610384
237,224,73,59.655624052155595
237,225,72,57.11291565285492
237,226,71,59.59843890448978
237,227,70,56.85469939189025
237,228,69,54.85881941843434
237,229,68,57.78133427535351
237,230,67,59.87747131996328
237,231,66,64.10902487832237
237,232,65,68.12280581182738
237,233,64,65.40589665660589
237,234,63,68.78051124159225
237,235,62,65.31583105352308
238,40,188,123.75145696194349
238,41,187,123.20723831698403
238,42,186,125.0
238,43,185,124.37929166672285
238,44,184,123.99676493929229
238,45,183,124.5659698503836
238,46,182,124.12389798117425
238,47,181,123.76035751158325
238,48,180,124.29633380067781
238,49,179,124.227268636803
238,50,178,124.13150255646977
238,51,177,123.97622954260387
238,52,176,123.87227694441029
238,53,175,124.31737193997817
238,54,174,125.0
238,55,173,125.0
238,56,172,124.90689429342802
238,57,171,123.63247874383892
238,58,170,122.99285886152703
238,59,169,123.11281100950862
238,60,168,123.50049732249465
238,61,167,123.5107339667841
238,62,166,123.68316060614995
238,63,165,123.31761950310329
238,64,164,123.2821112353401
238,65,163,123.79265516044539
238,66,162,124.00546907257234
238,67,161,125.0
238,68,160,125.0
238,69,159,123.86502860015808
238,70,158,120.3459236202423
238,71,157,122.45376475255368
238,72,156,115.90736573501793
238,73,155,117.58650971509275
238,74,154,115.64087573054707
238,75,153,117.38305453893614
238,76,152,117.99352260404432
238,77,151,117.36154930164639
238,78,150,115.78601346201279
238,79,149,113.57485818285207
238,80,148,115.2543872159228
238,81,147,113.81811159382882
238,82,146,113.91410200950713
238,83,145,113.94960478506516
238,84,144,117.14193496523308
238,85,143,116.90148354720135
238,86,142,116.62827155683584
238,87,141,114.7183186103294
238,88,140,117.68107157515557
238,89,139,120.2586715547555
238,90,138,118.25029195662296
238,91,137,118.77794202201095
238,92,136,118.23673722734712
238,93,135,120.3953567305364
238,94,134,120.02903123841934
239,40,167,120.8349086845619
239,41,166,121.81080040466955
239,42,165,120.30089654633358
239,43,164,118.82421635816706
239,44,163,117.30410866472121
239,45,162,115.46483323321343
239,46,161,116.35958821553356
239,47,160,116.73956850367239
239,48,159,116.33159980150309
239,49,158,114.99591580229571
239,50,157,116.14193863888732
239,51,156,116.53434155768514
239,52,155,115.65194321463105
239,53,154,118.02223221392232
239,54,153,118.55264720892723
239,55,152,117.73347839534011
239,56,151,117.2001930553677
239,57,150,118.3767794552884
239,58,149,117.85875715492287
239,59,148,118.3651455490926
239,60,147,117.8303457208315
239,61,146,118.14391306409414
239,62,145,116.24500546971576
239,63,144,118.89863026202441
239,64,143,115.23637723634172
239,65,142,110.58780060283553
239,66,141,107.99852686771406
239,67,140,103.91762607973551
239,68,139,107.92777296877405
239,69,138,109.99138663594226
239,70,137,115.55359616887942
239,71,136,111.62644345458814
239,72,135,110.52126969332778
239,73,134,108.27607094080926
239,74,133,108.94308780375493
239,75,132,109.17969640091954
239,76,131,103.50333413810438
239,77,130,95.79554677988762
239,78,129,103.58770792037251
239,79,128,107.89502771452788
239,80,127,111.13287494064426
239,81,126,111.72499934241623
239,82,125,107.9282814365194
239,83,124,110.76089824113453
239,84,123,112.20551870168649
239,85,122,114.10594780191683
239,86,121,112.93687542318705
239,87,120,115.57303994665054
239,88,119,114.36938918041523
239,89,118,111.26002035822111
239,90,117,110.91896360418437
239,91,116,109.43772114613412
239,92,115,108.03774463032761
239,93,114,109.19882898075497
239,94,113,105.32338345246697
239,95,112,102.94013305396476
239,96,111,103.09863672961794
239,97,110,104.64993597501774
239,98,109,99.9379963685659
239,99,108,105.66212989366099
239,100,107,105.58640109460893
239,101,106,105.21570517111066
239,102,105,106.35895044105264
239,103,104,105.67444123684095
239,104,103,106.35288135227248
239,105,102,107.78081006144569
239,106,101,106.05504925190127
240,40,131,111.68506588175552
240,41,130,114.30439265448078
240,42,129,115.44093684400289
240,43,128,115.57910048248942
240,44,127,116.09416134206941
240,45,126,113.19410937984853
240,46,125,113.49026860187732
240,47,124,113.78115847414409
240,48,123,115.82466432504367
240,49,122,115.18326523781109
240,50,121,114.55447852806789
241,40,171,124.09943667635211
241,41,170,123.52253144390758
241,42,169,123.52500564730852
241,43,168,122.73798073703448
241,44,167,122.65636799388815
242,40,171,116.95275246323621
242,41,170,117.1555163311965
242,42,169,115.40119134857929
242,43,168,116.66574057571734
242,44,167,116.93359470418677
242,45,166,117.18375157092554
242,46,165,117.13132416546833
242,47,164,117.10984542385404
242,48,163,115.48421281565282
242,49,162,117.39463734812657
242,50,161,117.04233143950226
242,51,160,119.90613777696194
242,52,159,117.4242185119384
242,53,158,115.50517783870406
242,54,157,115.43050318042799
242,55,156,117.41074998620144
242,56,155,118.1920131140098
242,57,154,117.49563116907794
242,58,153,118.06345759687414
242,59,152,119.41416222920301
242,60,151,118.14030937974061
242,61,150,118.81748352067753
242,62,149,119.9611250019296
242,63,148,121.99731013364493
242,64,147,121.35035150585053
242,65,146,120.00075785793959
242,66,145,119.30740835382635
242,67,144,119.6312180394404
242,68,143,121.20151716522743
242,69,142,122.94546230962837
242,70,141,123.77164418548655
242,71,140,120.096114453604
242,72,139,117.6674592268644
242,73,138,118.25945778518647
242,74,137,117.26046132514927
242,75,136,115.70624573071547
242,76,135,114.85731442642077
242,77,134,118.93363325492365
242,78,133,115.87740978613829
242,79,132,118.08070398868784
242,80,131,117.95657287385569
242,81,130,117.89471372643652
242,82,129,115.63080058063824
242,83,128,114.72088294119834
242,84,127,109.40600318168956
242,85,126,111.75565954734313
242,86,125,104.04156888180606
242,87,124,105.24638781420317
242,88,123,102.973630532184
242,89,122,100.08516853633735
242,90,121,100.702123986277
242,91,120,103.1594470324294
242,92,119,102.16986468635972
242,93,118,100.44800111094693
242,94,117,102.296568946301
242,95,116,109.09283487333789
242,96,115,107.64698361993408
242,97,114,105.10467350706804
242,98,113,105.47215445768397
242,99,112,104.88942577208007
242,100,111,99.65503331922554
242,101,110,96.05842123808564
242,102,109,97.57621384198727
242,103,108,93.5461634534548
242,104,107,100.35924599601114
242,105,106,96.92314168000352
242,106,105,95.41997547368423
242,107,104,90.1483267277626
242,108,103,88.1045768171197
242,109,102,92.09493792604714
242,110,101,91.58819808258625
242,111,100,86.39674201162705
242,112,99,76.5407897142584
242,113,98,86.1877725422264
242,114,97,82.43586609321545
242,115,96,78.06154176290553
242,116,95,80.81643775981729
242,117,94,80.44830258811255
242,118,93,83.57826313960126
242,119,92,88.54571731293038
242,120,91,80.69203790998802
242,121,90,76.42456428025369
242,122,89,86.28240455191134
242,123,88,80.36627091617038
242,124,87,74.23732548272773
242,125,86,81.36629951947178
242,126,85,71.06669669888086
242,127,84,72.08791737022133
242,128,83,74.74483824518401
242,129,82,64.30627352070107
242,130,81,70.032351830297
242,131,80,68.66594439569656
242,132,79,66.44169973147947
242,133,78,65.86500876526244
242,134,77,67.88794181967049
242,135,76,67.62557722993245
242,136,75,65.09842221822746
242,137,74,64.68257913341034
242,138,73,66.82275674103289
242,139,72,70.04916976732582
242,140,71,76.99983101068145
242,141,70,73.89764479617315
242,142,69,70.86575844303775
242,143,68,67.10199875134882
242,144,67,70.31527342656692
242,145,66,67.46302589187712
242,146,65,72.39626126393304
242,147,64,65.13653778810874
242,148,63,60.546114952740695
242,149,62,61.499701912270154
242,150,61,61.39126294450723
242,151,60,54.38705527850452
242,152,59,53.94439762854331
242,153,58,57.74694908507682
242,154,57,54.06043242841751
242,155,56,55.21673763289685
242,156,55,54.45485725303902
242,157,54,52.79636816611725
242,158,53,56.086576360840084
242,159,52,57.76728575849914
242,160,51,57.2272994492877
242,161,50,53.723268425989914
242,162,49,56.073075436505555
242,163,48,51.708576431418294
242,164,47,43.24164885618369
242,165,46,43.42732500606938
242,166,45,41.89394557837002
242,167,44,39.37105495798119
242,168,43,38.60063769786619
242,169,42,33.763630266021956
242,170,41,34.61732312708166
242,171,40,33.358631730459614
242,172,39,32.369676249209405
242,173,38,30.804512345282486
242,174,37,34.852198157406534
242,175,36,33.70021393171639
242,176,35,30.565224654396033
242,177,34,28.29466699054162
242,178,33,28.071033086990973
242,179,32,28.08791154159523
242,180,31,29.02484424408684
242,181,30,26.968236841649738
242,182,29,24.969520114604798
242,183,28,23.61817676531165
242,184,27,20.504793796347535
242,185,26,17.799554970533194
242,186,25,18.855489282579924
242,187,24,18.706429135891902
242,188,23,17.213578036451114
242,189,22,18.02904764569248
242,190,21,16.260769705631752
242,191,20,16.88494850081414
242,192,19,17.077462049185602
242,193,18,15.813438125723621
242,194,17,13.493009191032783
243,40,161,120.5874727557443
244,40,190,119.587936788577
244,41,189,119.19369534201624
244,42,188,116.94640089420213
244,43,187,120.18466715949864
244,44,186,116.8784056299327
244,45,185,116.10599007760356
244,46,184,117.04797579698132
244,47,183,118.16328836118657
244,48,182,117.18143448578516
244,49,181,118.01161550338443
245,40,241,118.67579153665712
245,41,240,117.84329558140823
245,42,239,116.1103337538282
245,43,238,117.21216349296046
245,44,237,116.37306768175
245,45,236,117.2366298459429
245,46,235,118.8582904732821
245,47,234,119.79804936353389
245,48,233,117.5235327937286
245,49,232,115.80963967168597
245,50,231,117.2607037715722
245,51,230,119.03781714111201
245,52,229,116.94418834197917
245,53,228,115.84036129003687
245,54,227,116.33964546771098
245,55,226,116.2371518892348
245,56,225,116.22988483470775
245,57,224,118.63188779838563
245,58,223,117.30495973671168
245,59,222,115.57583066924113
245,60,221,116.26750198166573
245,61,220,113.72079412919868
245,62,219,115.70933191123325
245,63,218,115.03108826876498
245,64,217,115.20239164578729
245,65,216,115.23397668584931
245,66,215,111.96466410386239
245,67,214,110.33892211272786
245,68,213,114.24214115462127
245,69,212,116.31110424004055
245,70,211,118.99003177769067
245,71,210,116.46060080866786
245,72,209,116.74334861151212
245,73,208,116.30828271497305
245,74,207,115.68203254462344
245,75,206,117.78032822122617
245,76,205,116.12691045291226
245,77,204,113.27599456074421
245,78,203,111.10221134878194
245,79,202,112.19376808988605
245,80,201,112.64215141117981
245,81,200,114.91852785926555
245,82,199,113.18868997959805
245,83,198,116.20245953494255
245,84,197,112.1826425812379
245,85,196,115.36145253264573
245,86,195,114.08631184016488
245,87,194,115.19620418099092
245,88,193,112.47024211230351
245,89,192,115.05166765478067
245,90,191,117.9827903814211
245,91,190,120.02329786327286
245,92,189,118.5986825888252
245,93,188,119.53293036343568
245,94,187,120.02024917000944
245,95,186,118.0713831764149
245,96,185,115.68330033153747
245,97,184,117.07042358065809
245,98,183,118.95524555574866
245,99,182,120.27280583613721
245,100,181,116.17526315654021
245,101,180,115.48700594474133
245,102,179,114.2896096088287
245,103,178,115.35698111081626
245,104,177,115.4275741553665
245,105,176,116.630011429175
245,106,175,112.79473641591818
245,107,174,112.74831804088969
245,108,173,105.285622509934
245,109,172,106.82036090745885
245,110,171,111.41145145717005
245,111,170,108.27155273013014
245,112,169,107.68220379609808
245,113,168,107.15396722522557
245,114,167,105.05338323847059
245,115,166,102.2917835100366
245,116,165,102.6758381866447
245,117,164,98.00742558062716
245,118,163,106.13796856872374
245,119,162,104.7066959177322
245,120,161,104.47838077731245
245,121,160,104.84665658850221
245,122,159,101.79109656180688
245,123,158,105.0363359126002
245,124,157,104.40069235971546
245,125,156,105.1366457171022
245,126,155,105.98996048207303
245,127,154,105.51435897151288
245,128,153,98.41480192183988
245,129,152,101.38431193979571
245,130,151,103.717014381436
245,131,150,104.14621260754761
245,132,149,107.75192309788609
245,133,148,106.30981505963987
245,134,147,104.575142578973
245,135,146,102.45496727218088
245,136,145,102.12920617607477
245,137,144,98.29484228218845
245,138,143,103.41367417166941
245,139,142,101.40505470782546
245,140,141,99.23876796931677
245,141,140,100.47823674944398
245,142,139,102.25805566571091
245,143,138,99.73255626777252
245,144,137,102.01822466178278
245,145,136,105.87526876351879
245,146,135,106.44022920170764
245,147,134,107.44271347488373
245,148,133,106.91469959233469
245,149,132,105.2933772547725
245,150,131,107.73408698942697
245,151,130,105.05815111200332
245,152,129,97.3681847771094
245,153,128,91.12046085978061
245,154,127,87.50629571548603
245,155,126,84.00211573702023
245,156,125,75.62615768915867
245,157,124,81.36912183088491
245,158,123,87.118537227891
245,159,122,88.69772529027148
245,160,121,88.44752754414893
245,161,120,84.94655842828308
245,162,119,83.97777968594123
245,163,118,89.49208477411355
245,164,117,91.38208232208132
245,165,116,90.85849426339513
245,166,115,92.17906248979543
245,167,114,93.86712760582091
245,168,113,88.48614941848675
245,169,112,88.57767178062954
245,170,111,91.74227284609088
245,171,110,93.63680196523694
245,172,109,90.43520608935708
245,173,108,91.84147031201277
245,174,107,85.49830436085261
245,175,106,81.30610440059073
245,176,105,87.87479324241525
245,177,104,86.6883651611812
245,178,103,88.37714660542933
245,179,102,91.45605891392586
245,180,101,94.83658981152215
245,181,100,99.73796177397004
245,182,99,102.39685510718434
245,183,98,102.44957796735675
245,184,97,99.94684570794487
245,185,96,101.20584915294562
245,186,95,94.99978310013773
245,187,94,95.41873284672111
245,188,93,95.92628167700823
245,189,92,93.15823901293547
245,190,91,96.98449281679572
245,191,90,95.60347581053242
245,192,89,91.33345497665417
245,193,88,82.17569399980903
245,194,87,84.1567296636278
245,195,86,90.9745944011285
245,196,85,88.89183123496615
245,197,84,89.85957141416318
245,198,83,88.40873503704489
245,199,82,88.68724931859192
245,200,81,87.60198899867498
245,201,80,83.24250152298083
245,202,79,90.11141178927645
245,203,78,94.08551390599345
245,204,77,95.76453565138772
245,205,76,93.1838100219199
245,206,75,87.08187415986842
245,207,74,80.9948800688818
245,208,73,78.89467831998991
245,209,72,80.11608038179213
245,210,71,80.90434604071811
245,211,70,80.6260609036744
245,212,69,76.1761076976355
245,213,68,65.41051842045039
245,214,67,62.61640166335958
245,215,66,61.05065088791093
245,216,65,59.02192540353953
245,217,64,55.33911222253726
245,218,63,55.44887498054532
245,219,62,50.832695115315694
245,220,61,51.25745772869742
245,221,60,50.04403958793071
245,222,59,52.247972937731404
245,223,58,52.1008221295246
245,224,57,53.19580730471827
245,225,56,53.65435854163076
245,226,55,54.400269053502
245,227,54,57.23837362683611
245,228,53,54.56510893233711
245,229,52,55.53174993003414
245,230,51,54.462539418082585
245,231,50,50.24454837641409
245,232,49,48.397351300992
245,233,48,47.11484201114221
245,234,47,43.47445305854568
245,235,46,42.67908048550686
245,236,45,39.515428410503766
245,237,44,39.06025922766308
245,238,43,38.979485649450396
245,239,42,38.87528174824099
245,240,41,38.23062353363014
245,241,40,36.40024501630697
245,242,39,36.056525360582356
245,243,38,36.3147567320133
245,244,37,33.70267628477607
245,245,36,32.90261958044379
245,246,35,33.98881351149099
245,247,34,29.68124642660525
245,248,33,26.291527706023228
245,249,32,24.91283927103525
245,250,31,23.015081255733342
245,251,30,22.57323199111942
245,252,29,23.30055950677979
245,253,28,21.84129430258183
245,254,27,22.417555089633563
245,255,26,21.539816418216354
245,256,25,20.515391121184763
245,257,24,15.696868414825568
245,258,23,15.71925122960106
245,259,22,13.114238815504061
245,260,21,13.925575171854895
245,261,20,12.9064100670352
245,262,19,12.162072746132297
245,263,18,11.168239420236663
245,264,17,9.834690005807461
245,265,16,8.67935190405856
246,40,192,121.32960913827833
246,41,191,124.06801299734357
246,42,190,122.15312710596767
246,43,189,124.49354162235213
246,44,188,121.94909666151163
246,45,187,121.38608865025145
246,46,186,119.87327377656888
246,47,185,119.62284974573384
246,48,184,118.09273160183824
246,49,183,117.56483260303395
246,50,182,120.46399614359606
246,51,181,120.95843130744831
246,52,180,122.16274034678392
246,53,179,122.43424565726735
246,54,178,119.59543743992522
246,55,177,116.64374039676837
246,56,176,108.43682585092066
246,57,175,110.38857957212431
246,58,174,107.92379618381244
246,59,173,109.94082775655738
246,60,172,116.54926868184751
246,61,171,114.00026681100763
246,62,170,116.819243270333
246,63,169,119.67774751457081
246,64,168,118.06918807356419
246,65,167,118.4838778193488
246,66,166,119.207843658362
246,67,165,120.30578557448081
246,68,164,120.98267276588423
246,69,163,120.28416663620257
246,70,162,119.96485469383431
246,71,161,118.06845753075798
246,72,160,114.94814887501776
246,73,159,113.31378145069482
246,74,158,119.95962257861899
246,75,157,121.35722989577985
246,76,156,119.71719653936152
246,77,155,120.04476399211364
246,78,154,113.74252193443667
246,79,153,110.26643552779973
246,80,152,112.03924749157686
247,40,195,119.50758168216794
247,41,194,120.79030281757787
247,42,193,120.56695905378186
247,43,192,121.93097225890847
247,44,191,121.7617631541026
247,45,190,122.07168283704605
247,46,189,122.43849913564517
247,47,188,124.24296690906431
247,48,187,124.30409197716754
247,49,186,123.9817696820798
247,50,185,122.80402320526369
247,51,184,122.61750409848372
247,52,183,122.82005009561317
247,53,182,122.7178588223938
247,54,181,122.8028164415079
247,55,180,121.60203633461025
247,56,179,122.14995725652159
247,57,178,122.34086531864622
247,58,177,121.3398170563531
247,59,176,121.81016056327469
247,60,175,124.17129423058506
247,61,174,122.27582632103515
247,62,173,122.3288057511732
247,63,172,123.76314961691716
247,64,171,122.10767203463703
247,65,170,121.50829104871829
247,66,169,122.95127745695875
247,67,168,121.80231208453961
247,68,167,120.304166763939
247,69,166,121.72688499855607
247,70,165,121.13316366285187
247,71,164,122.21565624728325
247,72,163,122.18332193171983
247,73,162,121.97044011687039
247,74,161,121.8575748327757
247,75,160,121.51689739400757
247,76,159,122.17253654712891
247,77,158,122.57251933422143
247,78,157,122.59104953471464
247,79,156,122.01312151422911
247,80,155,122.0259219274582
247,81,154,122.12092064386417
247,82,153,121.35327163005483
247,83,152,119.80463907857578
247,84,151,122.41903120031819
247,85,150,119.80326006059062
247,86,149,116.86856763401515
247,87,148,118.33833938249344
248,40,178,121.33318387870804
248,41,177,122.81510425492412
248,42,176,122.10706544961997
248,43,175,123.41925741117447
248,44,174,123.92434427857509
248,45,173,124.3577154228177
248,46,172,123.73605736554707
248,47,171,122.58069879435706
248,48,170,120.60243489843009
248,49,169,120.21892775511952
248,50,168,118.39498055303211
248,51,167,117.17187615848587
248,52,166,116.73485960214245
248,53,165,115.34746960949403
248,54,164,115.38389924731133
248,55,163,113.30842264806557
248,56,162,114.58915194757637
248,57,161,112.60159491844796
248,58,160,113.09320720686767
248,59,159,112.3810157677787
248,60,158,111.62098788571187
248,61,157,113.33733912673048
248,62,156,115.1755647424843
248,63,155,113.53080975261142
248,64,154,115.42334126723209
248,65,153,116.62644744225909
248,66,152,116.28155089266289
248,67,151,114.36215078945884
248,68,150,112.62159423889453
248,69,149,111.30850533761699
248,70,148,107.8605226076311
248,71,147,108.70136970843433
248,72,146,110.1618707261795
248,73,145,108.93998938145639
248,74,144,109.82130321769554
248,75,143,114.41503633118836
248,76,142,114.98039444805401
248,77,141,113.73868476431643
248,78,140,112.47333803538233
248,79,139,117.51254197643173
248,80,138,115.57496728525537
248,81,137,116.83757157847367
248,82,136,115.22179448579469
248,83,135,117.96461289823094
248,84,134,116.1232605674021
248,85,133,116.09951326302652
248,86,132,115.34385577586312
248,87,131,116.34989946104858
248,88,130,114.93453552349783
248,89,129,115.53241830872423
248,90,128,114.38917229370944
248,91,127,113.08749333306261
248,92,126,113.09310048569509
248,93,125,113.08011991754384
248,94,124,113.33569320290817
248,95,123,112.64117536698961
248,96,122,114.11057101706989
248,97,121,112.33478482931702
248,98,120,113.23792088879736
248,99,119,113.87890909303889
248,100,118,111.9099592807284
248,101,117,113.37345966568137
248,102,116,116.91440335216328
248,103,115,119.23028986554323
248,104,114,118.4184883807761
248,105,113,120.00597672434967
248,106,112,120.21222349173468
248,107,111,118.2550925082133
248,108,110,116.26895356732769
248,109,109,114.07649632738465
248,110,108,113.31519501784693
248,111,107,114.1093232921893
248,112,106,113.13258830496252
248,113,105,113.98025601989185
248,114,104,107.6458046219793
248,115,103,112.5206515875418
248,116,102,112.69684806256831
248,117,101,113.81785077291264
248,118,100,109.18787846966754
248,119,99,110.1117838212304
248,120,98,106.42760175599605
248,121,97,107.5856877914842
248,122,96,105.81275097210542
248,123,95,97.06323344327713
248,124,94,99.90641641228424
248,125,93,96.08402527976432
248,126,92,99.37786124582729
248,127,91,94.89003875031551
248,128,90,96.33493782857028
248,129,89,94.79522816790472
248,130,88,87.72713827741043
248,131,87,85.16457319447082
248,132,86,82.34407860852313
248,133,85,87.89629117694159
248,134,84,86.44830619578659
248,135,83,88.50703326486945
248,136,82,88.74986004767871
248,137,81,89.23118634735275
248,138,80,85.35956208258116
248,139,79,82.36128247535655
248,140,78,80.15359141714627
248,141,77,76.59760696186386
248,142,76,76.96721885991929
248,143,75,75.86835314317801
248,144,74,76.96110077972409
248,145,73,80.66911652737826
248,146,72,81.33385057839719
248,147,71,79.31850884115002
248,148,70,75.16920082789085
248,149,69,73.38238388451416
248,150,68,74.66199081942857
248,151,67,74.18293135791478
248,152,66,70.3532819057332
248,153,65,69.8092862073597
248,154,64,66.92005594995126
248,155,63,61.28360869708402
248,156,62,62.398901928312256
248,157,61,63.906094134772765
248,158,60,62.442397891534334
248,159,59,61.549358095245736
248,160,58,56.09953863601778
248,161,57,55.45434472427627
248,162,56,53.302740998142134
249,36,111,117.71770033574217
250,40,217,119.89670199019886
250,41,216,120.36109545220846
250,42,215,119.72718651903719
250,43,214,118.41652841320062
250,44,213,118.48455403280093
250,45,212,120.62567452742397
250,46,211,121.032272178406
250,47,210,119.01073599772101
250,48,209,118.77077058980514
250,49,208,114.99772698564269
250,50,207,115.86863085379042
250,51,206,113.66697366456481
250,52,205,107.93608621380233
250,53,204,113.92031399207247
250,54,203,113.55091715093047
250,55,202,116.65902409290655
250,56,201,117.64937351570215
250,57,200,117.68051910185618
250,58,199,116.96228954970809
250,59,198,117.22763309456252
250,60,197,118.11912852036653
250,61,196,117.52680181482425
250,62,195,115.14479785738554
250,63,194,117.07680779251592
250,64,193,116.63373576908414
250,65,192,118.23120160751856
250,66,191,117.1910446236812
250,67,190,114.14584222273444
250,68,189,113.25055396407436
250,69,188,110.13033469185166
250,70,187,109.54748352159484
250,71,186,109.9622022933309
250,72,185,107.51776689524567
250,73,184,103.93173351586424
250,74,183,103.95846257508629
250,75,182,111.37086846472155
250,76,181,112.85551690505379
250,77,180,112.76742986290785
250,78,179,112.72605820504745
250,79,178,117.19285887985575
250,80,177,116.1815219875767
250,81,176,118.51669012193096
250,82,175,116.81708449090311
250,83,174,115.04773815615775
250,84,173,117.69604009092609
250,85,172,117.02548302272382
250,86,171,117.07295679182246
250,87,170,113.43343108633312
250,88,169,112.66150255365758
250,89,168,112.1978968770294
250,90,167,111.58435756823319
250,91,166,112.66021926521465
250,92,165,113.46132951317381
250,93,164,113.25503185469454
250,94,163,103.89497770221206
250,95,162,105.72733798199758
250,96,161,99.16210441710874
250,97,160,100.62157594821115
250,98,159,98.95874344149465
250,99,158,97.92201956175111
250,100,157,100.3524893087634
250,101,156,101.51635781330137
250,102,155,99.01539072455094
250,103,154,95.10415312200169
250,104,153,97.99992370715401
250,105,152,95.39739455541752
250,106,151,94.205958834726
250,107,150,95.77473134746815
250,108,149,91.35507576512893
250,109,148,92.78719925372702
250,110,147,89.3947747999575
250,111,146,88.54298076041175
250,112,145,81.55087026059351
250,113,144,78.39230830668437
250,114,143,72.2422447797715
250,115,142,82.35556429764071
250,116,141,85.33922147498446
250,117,140,87.2916672216984
250,118,139,90.35324053738148
250,119,138,98.17889069697402
250,120,137,97.87228856398465
250,121,136,99.5919432359164
250,122,135,104.54125400877149
250,123,134,106.73238171601842
250,124,133,105.79466670588857
250,125,132,107.58042029819154
250,126,131,111.23922805970929
250,127,130,111.20913166504475
250,128,129,111.80788570105236
250,129,128,110.17940984042613
250,130,127,110.66911275441382
250,131,126,112.20988208967387
250,132,125,112.05040752714078
250,133,124,112.3294412831365
250,134,123,111.31808573354434
250,135,122,107.5180396742935
250,136,121,104.03172031601375
250,137,120,103.9533235225949
250,138,119,105.39549630651013
250,139,118,103.33816099008041
250,140,117,103.4272343003126
250,141,116,101.43049045751752
250,142,115,104.3381473380156
250,143,114,101.02812631654767
250,144,113,101.83092377458183
250,145,112,101.77612270729763
250,146,111,97.80067387255654
250,147,110,95.66236408857031
250,148,109,95.48704981477326
250,149,108,89.11916550724163
250,150,107,88.43943872566118
250,151,106,77.29056206226399
250,152,105,74.84539466741663
250,153,104,70.08950382402655
250,154,103,71.38059597106935
250,155,102,76.60627784504904
250,156,101,79.17400080649497
250,157,100,72.9272728355918
250,158,99,69.20414800459268
250,159,98,69.74816468235656
250,160,97,74.89625888342731
250,161,96,69.652453454903
250,162,95,69.5471472389464
250,163,94,71.96538671409306
250,164,93,73.18027164483478
250,165,92,70.64463858199144
250,166,91,68.80508187023321
250,167,90,64.50131200049634
250,168,89,61.58492413176304
250,169,88,59.88553350215511
250,170,87,61.37061221209756
250,171,86,59.1372361066768
250,172,85,57.46996508859978
250,173,84,54.80639666072407
250,174,83,54.55625031268494
250,175,82,51.789306243255766
250,176,81,47.6490707072288
250,177,80,47.18677746553324
250,178,79,45.88168681019712
250,179,78,47.87754127242641
250,180,77,51.983473391082136
250,181,76,50.41681079930743
250,182,75,52.02633018387853
250,183,74,52.68650235988835
250,184,73,51.77897794971945
250,185,72,50.32845141049704
250,186,71,45.46753906505673
250,187,70,46.70162928875183
250,188,69,43.699866377026595
250,189,68,44.13718078386331
250,190,67,46.43328157218285
250,191,66,45.74837916559533
250,192,65,45.892635816578945
250,193,64,45.039405219765555
250,194,63,44.05155587646618
250,195,62,43.754157676037536
250,196,61,43.82677449727654
250,197,60,45.94115645321874
250,198,59,44.27042493448904
250,199,58,48.45132147305438
250,200,57,47.013914618728535
250,201,56,44.73285664008234
250,202,55,43.1149580763701
250,203,54,41.617043957226855
250,204,53,40.81722154748822
250,205,52,43.34050990227239
250,206,51,40.55628841478857
250,207,50,39.279636898475374
250,208,49,34.27979428084284
250,209,48,34.90220573464936
250,210,47,35.50818336465629
250,211,46,33.975629888463374
250,212,45,33.84864357963076
250,213,44,30.684154874288023
250,214,43,30.093843528202644
250,215,42,28.67487713943907
250,216,41,28.590909277440076
250,217,40,29.111183286869526
250,218,39,25.72778849980107
250,219,38,26.28270493328577
250,220,37,26.01937603592305
250,221,36,24.684309997590475
250,222,35,24.36712499812308
250,223,34,23.0106375578069
250,224,33,23.78901083949414
250,225,32,22.586577277178797
250,226,31,21.901433130961518
250,227,30,23.31207586745242
250,228,29,19.559564093076368
250,229,28,18.775922955903496
250,230,27,20.32353592285992
250,231,26,18.82572499888014
250,232,25,17.14660185547369
250,233,24,15.612036985548787
250,234,23,12.666865555125618
251,40,108,121.49062014844532
251,41,107,116.63413736552455
251,42,106,115.7085851303918
251,43,105,116.44540405032197
251,44,104,117.01501344238348
251,45,103,117.40498185564442
251,46,102,114.65260173257217
251,47,101,112.28616799612365
251,48,100,112.47948223980434
251,49,99,115.97342597207448
251,50,98,117.96198349502515
251,51,97,113.94307844455145
251,52,96,114.26458759868544
251,53,95,113.61106414380787
251,54,94,117.24192223940798
251,55,93,111.3206686983493
251,56,92,111.0457158082287
251,57,91,113.07820965258253
251,58,90,113.92476701863211
251,59,89,115.63918552621116
251,60,88,119.33414015571506
251,61,87,118.79646968273326
251,62,86,116.48939037250555
251,63,85,111.94152012845987
251,64,84,111.60495568350177
252,40,221,118.24956369291854
252,41,220,119.15459528150903
252,42,219,117.89373340247366
252,43,218,118.52320343081557
252,44,217,117.62410657030392
252,45,216,120.09738974629843
252,46,215,119.64418698250807
252,47,214,121.2864418004514
252,48,213,120.61434088378124
252,49,212,120.39433633513394
252,50,211,120.53498502312775
252,51,210,120.35901358325336
252,52,209,120.34237519819031
252,53,208,121.0363704107738
252,54,207,120.55976909107311
252,55,206,121.2104543845127
252,56,205,122.64556587686218
252,57,204,122.56357081651063
252,58,203,120.44895818427142
252,59,202,120.01647046676138
252,60,201,118.5942960131926
252,61,200,120.08165154418687
252,62,199,118.69369729041901
252,63,198,117.96801031228452
252,64,197,118.57720623610989
252,65,196,119.56508141040709
252,66,195,121.11893281849899
252,67,194,117.68157261643671
252,68,193,114.47052799638416
252,69,192,111.46895931770436
252,70,191,111.23882032167302
252,71,190,108.95598141036264
252,72,189,107.43259769586263
252,73,188,105.24680148843221
252,74,187,98.14094036826592
252,75,186,98.85633198386748
252,76,185,98.84736958622244
252,77,184,102.93484644027468
252,78,183,107.22244854967641
252,79,182,107.83277966786028
252,80,181,109.1459464502864
252,81,180,105.53719675720332
252,82,179,99.57189544235368
252,83,178,104.74455760195644
252,84,177,101.62965241350108
252,85,176,107.75180198787564
252,86,175,105.29060431615632
252,87,174,111.54151454554184
252,88,173,112.2597820440115
252,89,172,111.81233951033472
252,90,171,110.89261055971446
252,91,170,112.68730418567645
252,92,169,108.03941484154149
252,93,168,106.92224733325213
252,94,167,110.32489725289038
252,95,166,106.52138261009152
252,96,165,108.66155405964369
252,97,164,103.32367102461018
252,98,163,104.10287233304587
252,99,162,101.96092620150819
252,100,161,107.15491386729676
252,101,160,110.50878398807208
252,102,159,104.21521205099549
252,103,158,99.14312578562364
252,104,157,103.43331219479794
252,105,156,98.95570657346222
252,106,155,103.79890375152621
252,107,154,94.91137107963183
252,108,153,93.89574516819579
252,109,152,96.8827770389498
252,110,151,95.95909569561843
252,111,150,98.0903950325725
252,112,149,97.55561559291385
252,113,148,91.3697366162638
252,114,147,91.86876429636177
252,115,146,91.81259342862084
252,116,145,94.886922708495
252,117,144,94.53368724198992
252,118,143,98.30220694585907
252,119,142,94.6192245704226
252,120,141,96.43551967914564
252,121,140,91.88410717359798
252,122,139,93.65664788607508
252,123,138,95.49929296075175
252,124,137,90.7638742272953
252,125,136,93.10908769518365
252,126,135,89.43494315738243
252,127,134,81.09480009548724
252,128,133,88.70010192897652
252,129,132,85.44487868799722
252,130,131,85.62379266794481
252,131,130,90.41427821647575
252,132,129,87.16027029762228
252,133,128,89.18324386679382
252,134,127,91.8211383474046
252,135,126,92.0739852216796
252,136,125,99.70174110329114
252,137,124,101.62876729385678
252,138,123,101.09876789099843
252,139,122,103.52962201741929
252,140,121,106.19278896285226
252,141,120,103.55695341382054
252,142,119,102.19878982608095
252,143,118,103.67995989414239
252,144,117,106.73943109227751
252,145,116,106.93493569088307
252,146,115,106.25527619551929
252,147,114,109.34776130425342
252,148,113,108.57137599929523
252,149,112,104.23013222955427
252,150,111,101.75640253242895
252,151,110,106.84514918181304
252,152,109,107.08696537264316
252,153,108,106.23581899681217
252,154,107,106.58743758563395
252,155,106,105.73638479054779
252,156,105,106.1042756601562
252,157,104,106.28057673660669
252,158,103,102.75207658497581
252,159,102,103.96606452668226
252,160,101,102.25216163996143
252,161,100,101.86932133558885
252,162,99,101.80387513631177
252,163,98,98.13144355346564
252,164,97,91.15546879837416
252,165,96,84.1622195549167
252,166,95,74.77699440036719
252,167,94,66.90572853245286
252,168,93,64.72512620086627
252,169,92,63.90052737165987
252,170,91,61.423564200332706
252,171,90,61.44417581799161
252,172,89,59.74110112935835
252,173,88,61.11288630670082
252,174,87,53.52593180823624
252,175,86,52.186078697262445
252,176,85,54.489654356043715
252,177,84,55.73040879292655
252,178,83,57.43881420603829
252,179,82,60.30734862659965
252,180,81,59.25490904874513
252,181,80,56.71056724565152
252,182,79,55.54475214403068
252,183,78,58.068784213599095
252,184,77,67.76002929634802
252,185,76,79.08096789391944
252,186,75,72.31271868335043
252,187,74,66.88919503305564
252,188,73,65.56691732700646
252,189,72,63.484577304329584
252,190,71,64.98933488583475
252,191,70,65.62849104099521
252,192,69,63.22996297334516
252,193,68,62.39118282994581
252,194,67,64.27307381536822
252,195,66,62.876241031558614
252,196,65,63.53661575687628
252,197,64,63.1603847363913
252,198,63,55.880506024560326
252,199,62,60.98151451882569
252,200,61,53.49754511735985
252,201,60,53.0407778465612
252,202,59,52.1544147836966
252,203,58,54.959056700774795
252,204,57,52.69534579647011
252,205,56,55.60807224307536
252,206,55,54.3016829237537
252,207,54,52.873993537978095
252,208,53,56.01698976617771
252,209,52,56.76899793108153
252,210,51,54.60400033858164
252,211,50,44.47115329909872
252,212,49,41.701480442768386
252,213,48,46.93101347461045
252,214,47,37.80508854715657
252,215,46,35.60920351771223
252,216,45,35.55496175046037
252,217,44,37.72180698126582
252,218,43,37.70873259989325
252,219,42,37.76224992462469
252,220,41,36.13124841257397
252,221,40,38.60979783381592
252,222,39,35.39392424716887
252,223,38,32.99373465079037
252,224,37,34.545585684081956
252,225,36,37.06336531611531
252,226,35,34.192604203102825
252,227,34,32.968338226891134
252,228,33,31.640757926967375
252,229,32,29.683336452323775
252,230,31,27.827829331921414
252,231,30,25.719661641358826
252,232,29,23.41610673314301
252,233,28,25.653731132052364
252,234,27,28.761103854142043
252,235,26,29.369383909212875
252,236,25,27.691835859687586
252,237,24,24.906528244280622
252,238,23,20.758830979941884
252,239,22,19.05946338496794
252,240,21,18.673225571648107
252,241,20,18.446244221343502
252,242,19,16.74412199034813
252,243,18,17.29010952780831
252,244,17,15.409237590746187
252,245,16,14.426081292685787
252,246,15,15.264337060608469
252,247,14,11.008567599208519
252,248,13,9.824467790942116
252,249,12,8.107070780500376
253,40,142,117.81274739500972
253,41,141,118.0441019009964
253,42,140,120.05487160381185
253,43,139,122.61729265161713
253,44,138,122.29265785116456
253,45,137,122.3131967887669
253,46,136,121.27008099166684
253,47,135,122.9427875637864
253,48,134,120.97990789884605
253,49,133,121.23127585608147
253,50,132,123.3068710025655
253,51,131,122.7127004308241
253,52,130,121.09414315873974
253,53,129,122.40168722875275
253,54,128,121.18581448554826
253,55,127,119.27041411722323
253,56,126,119.48559752641383
253,57,125,118.15583911232441
253,58,124,119.10946857967267
253,59,123,117.39976215486004
253,60,122,116.56155059880281
253,61,121,116.1399712294964
253,62,120,115.42969601017215
253,63,119,111.19414050495075
253,64,118,112.9549994646154
253,65,117,113.88800088987844
253,66,116,106.64066718683569
253,67,115,99.614907449469
253,68,114,101.993491447553
253,69,113,108.67227409065525
253,70,112,107.99075172855942
253,71,111,109.13251976753249
253,72,110,112.55897642435971
253,73,109,113.22674215543529
253,74,108,112.16381203574845
253,75,107,111.96618766115662
253,76,106,112.80175663711617
253,77,105,111.92849375321177
253,78,104,115.7054311897308
253,79,103,108.51495401092188
253,80,102,106.31365663375578
253,81,101,96.11121811536586
253,82,100,91.29895733333441
253,83,99,95.27394150310235
253,84,98,93.82806171329105
253,85,97,97.00333803181837
253,86,96,92.34050798545817
253,87,95,87.70095822308855
253,88,94,79.24250008932245
253,89,93,76.53734330998981
253,90,92,87.62484657714921
253,91,91,83.02194340056532
253,92,90,91.29620663066069
253,93,89,96.63984132622548
253,94,88,94.18084639175103
253,95,87,90.51488151081111
253,96,86,87.32580273857926
253,97,85,80.6328642131399
253,98,84,89.65900288201868
253,99,83,83.46392754046192
253,100,82,82.88429829497272
253,101,81,77.29700489988366
253,102,80,85.48232166213015
253,103,79,74.26721732862194
253,104,78,61.69919787840382
253,105,77,64.42062977115053
253,106,76,67.58270344756241
253,107,75,66.41918490307852
253,108,74,61.32939985775142
253,109,73,66.94426209487635
253,110,72,57.38047032441719
253,111,71,62.74376940526
253,112,70,61.528063031003626
253,113,69,57.51397705130896
253,114,68,67.60224817164553
253,115,67,70.88903170330696
253,116,66,65.9686199504738
253,117,65,71.03838811209528
253,118,64,75.56462108916698
253,119,63,80.02376434397048
253,120,62,80.1791734371815
253,121,61,78.15152437308618
253,122,60,74.06402123023092
253,123,59,75.48601833022373
253,124,58,73.50802319621158
253,125,57,72.71189706353027
253,126,56,73.10691460207374
253,127,55,70.62064591853186
253,128,54,64.40065503439814
253,129,53,56.33437741622836
253,130,52,49.433774647661735
253,131,51,46.50195067387631
253,132,50,47.52064378435347
253,133,49,51.813145941930955
253,134,48,42.83413513203696
253,135,47,48.67439997070761
253,136,46,49.406037572951405
253,137,45,46.060202047113236
253,138,44,48.58794468601559
253,139,43,44.77929265236612
254,40,139,116.54440361954538
254,41,138,114.37266687523876
254,42,137,112.23861905305218
254,43,136,112.18201128433614
254,44,135,112.77629880553062
254,45,134,115.45527047660335
254,46,133,117.30441351589474
254,47,132,114.86312497509253
254,48,131,113.22515207855201
254,49,130,112.50698306609695
254,50,129,111.46351141173625
254,51,128,110.76159717672655
254,52,127,112.18713727909928
254,53,126,114.1528137197158
254,54,125,115.98224747768738
254,55,124,113.79796051843601
254,56,123,113.67174921412712
254,57,122,116.38250211575544
254,58,121,115.5379155650931
254,59,120,113.42086417543773
254,60,119,116.21689614769332
254,61,118,116.7161191956834
254,62,117,117.70900095214634
254,63,116,119.81337707316686
254,64,115,120.82024557321516
254,65,114,118.50558569741781
254,66,113,113.40172455041562
254,67,112,115.0210438148702
254,68,111,113.25951384140075
254,69,110,112.03814748323593
254,70,109,112.03598940581227
254,71,108,111.61451548417986
254,72,107,111.81255955171122
254,73,106,114.89879410007397
254,74,105,115.33531652409363
254,75,104,110.26778051019372
254,76,103,106.42705142730568
254,77,102,110.21142993210945
254,78,101,111.00473085327133
254,79,100,107.79746249366136
254,80,99,107.32745225007596
254,81,98,104.43975538107935
254,82,97,107.5237831441351
254,83,96,104.16617167621189
254,84,95,106.84073431538397
254,85,94,106.15473148417108
254,86,93,107.9373724054197
254,87,92,105.36107002201325
254,88,91,93.57653574997069
254,89,90,87.38307489726427
254,90,89,85.64298813543955
254,91,88,87.60715563114712
254,92,87,83.86929827324742
254,93,86,81.28530005297375
254,94,85,78.88749522624465
254,95,84,78.21542993285728
254,96,83,74.49177024621287
254,97,82,81.22704664494344
254,98,81,82.27287367133786
254,99,80,91.16484383739338
254,100,79,89.5223882312346
254,101,78,92.41011823807362
254,102,77,91.9192337705153
254,103,76,94.48647660225373
254,104,75,95.42124365895563
254,105,74,91.26008155116945
254,106,73,90.42070076088102
254,107,72,85.16545965600221
254,108,71,85.3518318874185
254,109,70,82.47878401592439
254,110,69,83.21508009780786
254,111,68,77.12413997254914
254,112,67,83.02113835048897
254,113,66,82.83015718088168
254,114,65,78.27276166822514
254,115,64,73.96356863948225
254,116,63,72.16373269957973
254,117,62,59.94479330512403
254,118,61,60.17833177967509
254,119,60,50.03642084541387
254,120,59,55.97877215790737
254,121,58,55.96400176704477
254,122,57,49.91830902717925
254,123,56,51.233673714044286
254,124,55,48.26054351727488
254,125,54,47.859441821621196
254,126,53,49.83781422270076
254,127,52,44.36073162671928
254,128,51,39.69174369418031
254,129,50,39.86042795964333
254,130,49,34.781913591429884
254,131,48,35.2028352046983
255,40,232,124.4513176739963
255,41,231,123.8272905995626
255,42,230,123.69627171070708
255,43,229,123.2996196068116
255,44,228,123.11153982192737
255,45,227,121.2614763836963
255,46,226,121.5256386189681
255,47,225,121.14346018033088
255,48,224,123.10382540427369
255,49,223,123.71525986745381
255,50,222,124.45911849140703
255,51,221,125.0
255,52,220,124.4560634295104
255,53,219,122.48362336709039
255,54,218,121.50291247149732
255,55,217,121.86119372205049
255,56,216,121.64318925210668
255,57,215,121.1027632277009
255,58,214,121.49111548777104
255,59,213,121.14333109359251
255,60,212,118.5902352463307
255,61,211,112.48887145340916
255,62,210,114.3230450229529
255,63,209,110.50493706188507
255,64,208,113.50296815208978
255,65,207,115.13956308097137
255,66,206,111.84374208777112
255,67,205,112.2044786938838
255,68,204,112.84569405748965
255,69,203,115.6230558793562
255,70,202,111.86903028469736
255,71,201,106.71423429859365
255,72,200,105.99025579596872
255,73,199,106.62038690447994
255,74,198,113.13558278673719
255,75,197,114.27897141113522
255,76,196,115.4946800040237
255,77,195,115.74904981207635
255,78,194,114.62664787287795
255,79,193,118.47267538261794
255,80,192,120.2755327290865
255,81,191,122.89094123069916
255,82,190,122.41093110953489
255,83,189,123.83252434716758
255,84,188,124.59069906721388
255,85,187,124.18824178927824
255,86,186,124.35786563878898
255,87,185,122.81635243973928
255,88,184,122.70843381897174
255,89,183,122.05742569175129
255,90,182,122.53897454033236
255,91,181,122.89671824689006
255,92,180,123.4732758663306
255,93,179,122.97702350962206
255,94,178,122.62982020040542
255,95,177,123.90737622438951
255,96,176,123.72870106424563
255,97,175,122.68690259576816
255,98,174,123.67905522721357
255,99,173,120.46196728737854
255,100,172,119.45831655508951
255,101,171,117.8800755689262
255,102,170,115.06382260010326
255,103,169,115.23925550937295
255,104,168,113.62231236960974
255,105,167,112.45764691089909
255,106,166,108.03010270500863
255,107,165,105.28098766531993
255,108,164,110.3555808264988
255,109,163,112.35723679907204
255,110,162,114.23684666050133
255,111,161,116.04472530561482
255,112,160,111.82461550843716
255,113,159,112.62471824086317
255,114,158,117.93427948464327
255,115,157,119.37620433197014
255,116,156,116.05683682800984
255,117,155,116.38178417086704
255,118,154,111.87092601306182
255,119,153,107.62315804791132
255,120,152,118.39191415619825
255,121,151,118.86885528642318
255,122,150,118.63655169205141
255,123,149,120.33281852727482
255,124,148,121.56937787339405
255,125,147,118.41900212243632
255,126,146,120.84776075478229
255,127,145,121.72275248995136
255,128,144,122.63752228490168
255,129,143,123.20748459591574
255,130,142,123.36677932765724
255,131,141,123.93357902444085
255,132,140,122.70245070293987
255,133,139,122.5259431978779
255,134,138,123.69073452995097
255,135,137,123.35022832980712
255,136,136,120.68851780707685
255,137,135,121.81513134360205
255,138,134,119.59662664654832
255,139,133,119.71053581335605
255,140,132,120.17047222152968
255,141,131,119.5026622472905
255,142,130,119.93010174894653
255,143,129,118.2642996855361
255,144,128,118.1267329671162
255,145,127,118.02259439509365
255,146,126,117.21572371476216
255,147,125,113.66798607612796
255,148,124,116.0417425825506
255,149,123,118.33061081899527
255,150,122,116.88947404592318
256,40,210,121.38963701639634
256,41,209,121.36873773312648
256,42,208,121.471371979213
256,43,207,120.80538257229563
256,44,206,121.97928240141965
256,45,205,122.77200667887251
256,46,204,122.7440006448821
256,47,203,121.79850085668727
256,48,202,123.78542365982686
256,49,201,121.93053019998752
256,50,200,123.32753002154558
256,51,199,123.30712208139327
256,52,198,122.87426752862493
256,53,197,122.23121354662113
256,54,196,122.13197430831589
256,55,195,120.7705901196
256,56,194,119.20147796540708
256,57,193,116.39326502604075
256,58,192,115.28277556885237
256,59,191,115.50507340407532
257,40,215,120.07049627488858
257,41,214,116.00930531867854
257,42,213,120.83384306042186
257,43,212,122.74189735734379
257,44,211,123.61363084966113
257,45,210,123.00788774318579
257,46,209,122.48131259336043
257,47,208,121.90159931381456
257,48,207,122.46859927340651
257,49,206,120.38553140338014
257,50,205,120.62026702789905
257,51,204,118.10664065805743
257,52,203,117.9002216467591
257,53,202,113.85069292455056
257,54,201,112.77666416406788
257,55,200,118.04876107560001
257,56,199,118.22056903601266
257,57,198,120.37375245056592
257,58,197,123.25550016153454
257,59,196,124.51939679238984
257,60,195,124.68452238310891
257,61,194,123.17477697024901
257,62,193,122.95380714674405
257,63,192,123.79885123135674
257,64,191,123.50912406881608
257,65,190,122.029502857402
257,66,189,122.67077305591354
257,67,188,123.43770565516832
257,68,187,122.52089596080134
257,69,186,123.61964728535798
257,70,185,123.85119640477728
257,71,184,123.04701691914507
257,72,183,121.22677913227012
257,73,182,122.16151553473478
257,74,181,120.2565864655148
257,75,180,120.7310836727718
257,76,179,118.78668762224356
257,77,178,119.02911761145825
257,78,177,121.68971866093243
257,79,176,119.14239145440851
257,80,175,120.31225586879981
257,81,174,118.45528819098784
257,82,173,118.77079070195265
257,83,172,117.83510365962793
257,84,171,117.65007479998138
257,85,170,115.48952005362887
257,86,169,116.1072500176573
257,87,168,111.33607385551963
257,88,167,113.24379523299037
257,89,166,111.70652758009246
257,90,165,114.26361313795866
257,91,164,112.32744876861335
257,92,163,112.55116442949637
257,93,162,111.91224544743882
257,94,161,114.13664399402732
257,95,160,117.17539078598975
257,96,159,120.18422381691795
257,97,158,121.2998259581399
257,98,157,121.41359862347392
257,99,156,118.75429857838805
257,100,155,119.4668995423276
257,101,154,118.61007185665738
257,102,153,121.0693727192567
257,103,152,119.46645066953157
257,104,151,120.5051311235186
257,105,150,120.95607573683762
257,106,149,120.09491791961554
257,107,148,120.64057312265368
257,108,147,119.12245114039112
257,109,146,113.28132694024728
257,110,145,114.62055279954241
257,111,144,115.66078867118273
257,112,143,113.39845285352999
257,113,142,112.84360885221294
257,114,141,114.17220563305563
257,115,140,111.08067834450387
257,116,139,110.74107121464792
257,117,138,113.91512384552381
257,118,137,108.90810079703695
257,119,136,103.50615963019848
257,120,135,107.9753278498888
257,121,134,110.6901279724581
257,122,133,111.46949207136956
257,123,132,113.64393456083447
257,124,131,116.82044580841261
257,125,130,113.05164617953416
257,126,129,114.56093616326012
257,127,128,112.2923482526491
257,128,127,110.60063408634147
257,129,126,112.12174791213116
257,130,125,112.39599381193182
257,131,124,109.65084927486109
257,132,123,104.20096902089071
257,133,122,102.1479117117785
257,134,121,103.90978780303337
257,135,120,105.65530527216524
257,136,119,105.12441820366382
257,137,118,106.33521733992117
257,138,117,108.9657045937675
257,139,116,110.61929842703762
257,140,115,110.3232956456903
257,141,114,110.23851185881594
257,142,113,115.54426470703805
257,143,112,111.80164327892888
257,144,111,109.56332807797966
257,145,110,109.31539463195313
257,146,109,101.91599857637348
257,147,108,105.34123314303318
257,148,107,105.83643426658793
257,149,106,105.59241386946994
257,150,105,104.94097840724172
257,151,104,108.31075756287561
257,152,103,110.24718172900174
257,153,102,105.87352059764575
257,154,101,103.03765218565118
257,155,100,101.13878580750003
257,156,99,106.11652928652168
257,157,98,103.21231521211416
257,158,97,100.31547250965824
257,159,96,94.60724072804373
257,160,95,103.07467247180531
257,161,94,104.33042539922715
257,162,93,106.6458416619651
257,163,92,104.19310627351939
257,164,91,103.65243496457086
257,165,90,98.51036522927228
257,166,89,103.83408793267171
257,167,88,101.69501344461497
257,168,87,94.57255497050046
257,169,86,93.99963112194364
257,170,85,89.2407095358619
257,171,84,89.40254676037108
257,172,83,76.78288388871508
257,173,82,73.51654797144809
257,174,81,80.02845562087006
257,175,80,82.9165762008173
257,176,79,84.87193023828065
257,177,78,81.5244461960689
257,178,77,80.42988994563747
257,179,76,85.6503931399225
257,180,75,82.69645308848499
257,181,74,75.38793545780132
257,182,73,72.77756908392976
257,183,72,59.31412325598859
257,184,71,61.92231351003327
257,185,70,58.52668659063903
257,186,69,57.02141664246742
257,187,68,54.748609174041924
257,188,67,52.74893212373635
257,189,66,53.494189706387516
257,190,65,53.9182582217229
257,191,64,56.99799425053313
257,192,63,60.58017602615671
257,193,62,59.36219825569131
257,194,61,54.556195344067355
257,195,60,53.845188192157664
257,196,59,56.33558269671491
257,197,58,54.034637072842536
257,198,57,49.14947712618249
257,199,56,54.792573362921445
258,40,189,123.08342304731592
258,41,188,122.7166902367737
258,42,187,122.41784146216719
258,43,186,121.7852644287551
258,44,185,117.64433292698939
258,45,184,119.11765708312304
258,46,183,118.76817036404415
258,47,182,119.77189055010794
258,48,181,120.4327186216522
258,49,180,120.41356994459852
258,50,179,119.28714956274052
258,51,178,119.6413601452946
258,52,177,118.35711019996516
258,53,176,117.1343926045941
258,54,175,119.8635344793627
258,55,174,119.3333670605211
258,56,173,120.2512337297137
258,57,172,117.16356994142369
258,58,171,116.51657032720013
258,59,170,119.77341092600483
258,60,169,120.56415643913428
258,61,168,121.86628874250803
258,62,167,116.59222921408832
258,63,166,118.55045488000403
258,64,165,122.07439347676156
258,65,164,122.1319061297596
258,66,163,121.30471963448926
258,67,162,120.7368309631631
258,68,161,118.02679722999758
258,69,160,116.28652019488575
258,70,159,117.6195930555078
258,71,158,117.51326749378114
258,72,157,118.58445875456106
258,73,156,118.60704139016754
258,74,155,120.25450691139356
258,75,154,119.76950984211055
258,76,153,118.72262566073445
258,77,152,119.68319676146729
258,78,151,119.91185480618094
258,79,150,120.52513635157761
258,80,149,119.91459852156393
258,81,148,117.81540043752511
258,82,147,117.43329573998932
258,83,146,114.34372431780557
258,84,145,110.34609735173876
258,85,144,107.4254817475376
258,86,143,106.34933537040672
258,87,142,101.26511449654726
258,88,141,103.30356859771993
258,89,140,106.57101574278343
258,90,139,103.95177571392702
258,91,138,106.42170464628617
258,92,137,108.26821508698501
258,93,136,98.22826019839911
258,94,135,98.23998129268301
258,95,134,98.76680204030419
258,96,133,102.22159552727302
258,97,132,107.38295514132179
258,98,131,106.13088935342364
259,40,134,116.94313600305037
259,41,133,117.57911515697606
259,42,132,117.54926513133722
259,43,131,119.21417193765875
259,44,130,120.6684895625775
259,45,129,121.4515951917505
259,46,128,121.31214464906803
259,47,127,120.6975608996234
259,48,126,120.32227917157405
259,49,125,119.16760503074104
259,50,124,118.5560376673397
259,51,123,121.11940480756766
259,52,122,118.12002754402546
259,53,121,115.23069643667665
259,54,120,118.82774651695007
259,55,119,119.47202382065124
259,56,118,120.57913015753785
259,57,117,122.5929383550112
259,58,116,123.63748822878705
259,59,115,123.4171384071148
259,60,114,123.93149387301588
259,61,113,123.10195629150112
259,62,112,123.84396111916092
259,63,111,122.79816837210078
259,64,110,122.76434103179389
259,65,109,122.886833429237
259,66,108,121.20940979478607
259,67,107,121.30015392544392
259,68,106,120.5509547340824
259,69,105,120.84942604004068
259,70,104,118.41886032527788
259,71,103,115.63728314262525
259,72,102,117.02122725058064
259,73,101,116.77251043847167
259,74,100,115.5241810804524
259,75,99,118.33957380527353
259,76,98,114.09925717153223
259,77,97,114.47195190467713
259,78,96,114.5137702238755
259,79,95,115.4576259526356
259,80,94,113.50211750407627
259,81,93,113.22146837869305
259,82,92,113.08675063737948
259,83,91,110.28240844449178
259,84,90,107.21321989327635
259,85,89,108.44916256247424
259,86,88,111.6132041650015
259,87,87,110.22023350609412
259,88,86,112.07968444480314
259,89,85,109.0419513793274
259,90,84,108.29863616893078
259,91,83,105.07879725301375
259,92,82,103.56587262671763
259,93,81,101.51223179993686
259,94,80,100.08219756018627
259,95,79,98.99724861007522
259,96,78,102.97006939058086
259,97,77,104.73706071414279
259,98,76,102.39446468007235
259,99,75,102.38025444443582
259,100,74,101.28857082325916
259,101,73,103.95583404291456
259,102,72,97.4694109247178
259,103,71,93.90604654879569
259,104,70,96.35186362825317
259,105,69,99.55218821329794
259,106,68,97.1357907377464
259,107,67,93.25221896325849
259,108,66,91.2272160163743
259,109,65,86.40484187025982
259,110,64,87.14824575301631
259,111,63,89.91736584996194
259,112,62,90.1862431161467
259,113,61,84.97470138803044
259,114,60,85.71982191593457
259,115,59,83.80023636588521
259,116,58,81.91120695347422
259,117,57,83.76088467112564
259,118,56,87.0719749914559
259,119,55,84.76273765324498
259,120,54,75.76032893360856
259,121,53,74.80328514070632
259,122,52,70.06015272977959
259,123,51,68.76446122677831
