unit,cycle,true_rul,pred_rul
1,40,237,123.88761111249289
1,41,236,123.96123730869226
1,42,235,124.18613947107114
1,43,234,124.11838601961358
1,44,233,124.23076804013733
1,45,232,124.17377919968834
1,46,231,124.15910912309647
1,47,230,124.24781434033706
1,48,229,124.0960920071868
1,49,228,123.94237916513967
1,50,227,124.11117748722079
1,51,226,123.80890437970474
1,52,225,123.80832625790083
1,53,224,124.08530117643656
1,54,223,123.87880094323765
1,55,222,123.63917036214198
1,56,221,123.71897458886369
1,57,220,123.8917626848505
1,58,219,123.70165133592342
1,59,218,123.60017484220094
1,60,217,124.41328586336665
1,61,216,124.14353866630442
1,62,215,124.77007796940106
1,63,214,124.35478209517856
1,64,213,124.12078407981895
1,65,212,123.98027384927464
1,66,211,123.87137396870281
1,67,210,123.70841347397484
1,68,209,123.65821005026135
1,69,208,123.89368641156864
1,70,207,123.81946925037359
1,71,206,123.94296659230893
1,72,205,123.6609265328609
1,73,204,123.80143607630889
1,74,203,123.51260128678328
1,75,202,124.3305939665937
1,76,201,124.31342789774013
1,77,200,124.3566034283046
1,78,199,123.5039211909966
1,79,198,123.488405967076
1,80,197,123.45514123698698
1,81,196,122.96892241503798
1,82,195,123.41704219922593
1,83,194,123.1195871436443
1,84,193,123.69955163663289
1,85,192,123.95564680914083
1,86,191,124.08603203340243
1,87,190,124.53138981693144
1,88,189,124.3639336337676
1,89,188,124.2730549470192
1,90,187,124.12589382237257
1,91,186,124.28372980994897
1,92,185,123.6641482856207
1,93,184,123.7631340894891
1,94,183,122.57816585834512
1,95,182,120.38705273708308
1,96,181,120.90877088816737
1,97,180,120.91519749566146
1,98,179,121.74216847368103
1,99,178,121.6748733974478
1,100,177,121.76410759243883
1,101,176,122.76224867961392
1,102,175,122.93763231382269
1,103,174,121.67186438597852
1,104,173,122.50566449526013
1,105,172,122.67665397386602
1,106,171,123.21277245889263
1,107,170,121.15305115454971
1,108,169,120.5372622028678
1,109,168,122.83304950560853
1,110,167,121.7035563992209
1,111,166,122.38435340338258
1,112,165,121.96687783429493
1,113,164,121.85651358825075
1,114,163,121.23833168067264
1,115,162,122.61055856085514
1,116,161,123.58640828688833
1,117,160,123.29251244073552
1,118,159,123.12889549551926
1,119,158,122.03602768362852
1,120,157,121.4666872395196
1,121,156,121.76162030347379
1,122,155,122.90660039195434
1,123,154,123.48557881667816
1,124,153,123.38942952737317
1,125,152,122.960450967414
1,126,151,123.78125463999793
1,127,150,123.4918230890508
1,128,149,122.76890243852506
1,129,148,123.29827815198486
1,130,147,122.8212637367798
1,131,146,123.60914099539067
1,132,145,123.94291314281323
1,133,144,123.28066852861409
1,134,143,122.53967406962795
1,135,142,123.0282039964359
1,136,141,122.85615392824832
1,137,140,121.67971922705102
1,138,139,121.73372179902182
1,139,138,121.71759384730515
1,140,137,120.26953234643813
1,141,136,119.35575736853099
1,142,135,118.08502056054427
1,143,134,117.64549401729262
1,144,133,117.07097818825355
1,145,132,119.07550262124596
1,146,131,120.39901694730696
1,147,130,114.54116563962634
1,148,129,118.67643084384368
1,149,128,120.66137661239236
1,150,127,120.55082219416542
1,151,126,120.12524152939044
1,152,125,119.23255217920322
1,153,124,120.27795095936311
1,154,123,118.12219965521373
1,155,122,119.21776896382441
1,156,121,120.94528681696039
1,157,120,118.80279177820434
1,158,119,118.2307458160119
1,159,118,112.41130840514096
1,160,117,112.61694221700495
1,161,116,112.06185356556179
1,162,115,112.93774843606826
1,163,114,111.91723273727652
1,164,113,111.90821497608722
1,165,112,111.29296629891125
1,166,111,110.84070989046651
1,167,110,106.08026003485226
1,168,109,106.97569301510474
1,169,108,108.62499944813196
1,170,107,108.10393061087979
1,171,106,104.79607324049638
1,172,105,102.3396408698276
1,173,104,104.22843769415431
1,174,103,103.13445963492902
1,175,102,102.72549931323816
1,176,101,101.25724518822537
1,177,100,99.14813678963345
1,178,99,101.34275280426299
1,179,98,101.7897477031876
1,180,97,100.56030465990614
1,181,96,100.58066379650106
1,182,95,95.33244648144185
1,183,94,94.28095627809603
1,184,93,89.85023488230377
1,185,92,88.14909654967765
1,186,91,83.84198092607056
1,187,90,85.31980442391321
1,188,89,80.91993109603285
1,189,88,74.89255244421487
1,190,87,76.580964647005
1,191,86,74.49099460447404
1,192,85,75.73530536421603
1,193,84,75.90061912804592
1,194,83,75.81801041488686
1,195,82,74.16860269914652
1,196,81,72.71218256961501
1,197,80,77.55536550262806
1,198,79,76.00111114597114
1,199,78,74.59081263068734
1,200,77,75.68868879223409
1,201,76,74.27144634768369
1,202,75,76.6588225711483
1,203,74,77.18748370495892
1,204,73,76.57933791466166
1,205,72,74.29555580532447
1,206,71,76.91371915049376
1,207,70,74.02304541837898
1,208,69,75.65988315097653
1,209,68,73.56111509186336
1,210,67,71.77324003224669
1,211,66,69.8176800641277
1,212,65,68.35996618361375
1,213,64,72.36979274478657
1,214,63,73.2676290660354
1,215,62,73.35809217067231
1,216,61,72.94365172597435
1,217,60,70.9284543976888
1,218,59,71.1828788383084
1,219,58,67.0266185062046
1,220,57,67.73151185971582
1,221,56,64.12651097445804
1,222,55,61.238681918200484
1,223,54,56.675521228437546
1,224,53,57.34047966789841
1,225,52,56.94506390518155
1,226,51,54.65199407153465
1,227,50,53.959607357812715
1,228,49,52.12334730845441
1,229,48,52.95064788741634
1,230,47,52.089912092618704
1,231,46,48.41465389164706
1,232,45,45.623232985769505
1,233,44,44.76706685673037
2,40,135,122.6533047124473
2,41,134,123.42244895672493
2,42,133,122.7667570051118
2,43,132,122.21723002537246
2,44,131,121.5397348806378
2,45,130,122.15658395284103
2,46,129,123.2739183873524
2,47,128,122.86285007555442
2,48,127,123.2734534666285
2,49,126,121.35699810538677
2,50,125,121.93257253278517
2,51,124,122.6691572863061
2,52,123,123.49157402441995
2,53,122,123.27764772391666
2,54,121,123.7638855630843
2,55,120,124.06282915647392
2,56,119,123.71672340483613
2,57,118,122.88671442818304
2,58,117,122.8045145582686
2,59,116,122.80874268248922
2,60,115,121.89205636812693
2,61,114,121.261018033596
2,62,113,119.61009470664928
2,63,112,119.77039854556004
2,64,111,121.48011517864194
2,65,110,118.28152546037248
2,66,109,122.26162848945643
2,67,108,120.97005172560446
2,68,107,121.90845406469771
2,69,106,120.26806619463329
2,70,105,119.3840693303535
2,71,104,118.64201388453358
2,72,103,117.50603729527937
2,73,102,115.4490724763125
2,74,101,114.47102922073967
2,75,100,113.82595062191108
2,76,99,115.55770115306336
2,77,98,115.71352829658504
2,78,97,114.30247014042355
2,79,96,114.19798011808234
2,80,95,107.00202623760774
2,81,94,111.53934350847821
2,82,93,108.38137516495854
2,83,92,105.22450319468373
2,84,91,103.03595131955544
2,85,90,93.64842681638291
2,86,89,94.79999941555016
2,87,88,83.24982406682125
2,88,87,85.13271356422173
2,89,86,90.03669144948637
2,90,85,87.78601201746622
2,91,84,92.26014482187713
2,92,83,89.35973919273854
2,93,82,88.9247944196236
2,94,81,89.06732300977109
2,95,80,88.94439637412802
2,96,79,88.25022691332748
2,97,78,86.60389655301785
2,98,77,78.82075192023166
2,99,76,72.36899443490543
2,100,75,64.96070647795301
2,101,74,66.25210358935482
2,102,73,61.89999574627356
2,103,72,69.94625027278701
2,104,71,72.17763430183857
2,105,70,72.20003077420421
2,106,69,69.54802742377643
2,107,68,72.6119232194652
2,108,67,81.0447000742225
2,109,66,80.47291127260823
2,110,65,82.30222691655887
2,111,64,74.64676688174572
2,112,63,71.61853990998426
2,113,62,75.0249254774035
2,114,61,73.60698952740734
2,115,60,70.86992143782048
2,116,59,74.14819675538969
2,117,58,76.2470997095358
2,118,57,74.02732456848435
2,119,56,73.20300949243733
2,120,55,68.2975883631629
2,121,54,66.23361143561863
2,122,53,68.06852002008372
2,123,52,62.31691454973726
2,124,51,63.43285788412997
3,40,221,124.52952521924823
3,41,220,124.41745183479497
3,42,219,124.8602122215743
3,43,218,124.61022005925459
3,44,217,124.60767264163545
3,45,216,124.70166878332354
3,46,215,124.64018041905649
3,47,214,124.05150200577494
3,48,213,124.59333584675454
3,49,212,124.74220228681426
3,50,211,124.80600825410184
3,51,210,124.51767993469069
3,52,209,124.81813378531436
3,53,208,124.78752472598762
3,54,207,125.0
3,55,206,125.0
3,56,205,124.73772025880945
3,57,204,125.0
3,58,203,125.0
3,59,202,124.63158338009046
3,60,201,124.68036359637108
3,61,200,124.59944655714924
3,62,199,124.41659753979872
3,63,198,124.30381184889828
3,64,197,124.44918678155247
3,65,196,124.75201811425558
3,66,195,124.54624672091148
3,67,194,124.34105088399033
3,68,193,124.16533907865666
3,69,192,124.3263267398928
3,70,191,124.70863282671311
3,71,190,124.1847544221838
3,72,189,124.32152655960873
3,73,188,123.72326184446307
3,74,187,124.42976976131064
3,75,186,124.26481815187108
3,76,185,123.8878276768226
3,77,184,123.56773710500767
3,78,183,124.1447967683273
3,79,182,124.08083339947615
3,80,181,124.3061460227124
3,81,180,123.98654529613077
3,82,179,123.46167244045199
3,83,178,123.52754614920349
3,84,177,123.87907167271106
3,85,176,123.56212420684261
3,86,175,121.51509889291452
3,87,174,123.07665892111001
3,88,173,122.1236344338104
3,89,172,121.54774175672671
3,90,171,121.28875226858398
3,91,170,118.26662477993749
3,92,169,118.25071561226127
3,93,168,117.2844608568403
3,94,167,118.21514395603924
3,95,166,119.15534040884376
3,96,165,115.65739740617431
3,97,164,117.25874473311853
3,98,163,119.66077129475818
3,99,162,120.60026746458715
3,100,161,120.61112171431074
3,101,160,120.94162583025307
3,102,159,120.85977345110129
3,103,158,120.72772115722293
3,104,157,120.18486164585971
3,105,156,119.97485609616984
3,106,155,120.62291692091037
3,107,154,121.40015562256598
3,108,153,120.84599904996196
3,109,152,121.76868551286513
3,110,151,121.68126103158062
3,111,150,121.1721481687666
3,112,149,121.34081466729953
3,113,148,121.56049319169051
3,114,147,121.37139791647573
3,115,146,119.83777650934543
3,116,145,119.90424320063252
3,117,144,119.05948741945662
3,118,143,119.09365228443653
3,119,142,119.56450047939558
3,120,141,121.0072650776957
3,121,140,120.29012171957092
3,122,139,120.14452511944985
3,123,138,122.6333847415595
3,124,137,119.20467465076476
3,125,136,119.13063432563062
3,126,135,120.00846291771263
3,127,134,121.0157110664494
3,128,133,121.43039490684328
3,129,132,120.44646851217252
3,130,131,120.87869110033878
3,131,130,119.9772917635157
3,132,129,119.73400138382195
3,133,128,119.20543217733882
3,134,127,119.91524966090111
3,135,126,118.84413283217462
3,136,125,115.04424278515829
3,137,124,115.70205055207734
3,138,123,114.44151228316144
3,139,122,117.23967504711601
3,140,121,117.0602565737598
3,141,120,115.99908271839564
3,142,119,118.45544540312204
3,143,118,119.02899154396877
3,144,117,118.01593715739509
3,145,116,118.2397230170362
3,146,115,117.57252996003947
3,147,114,116.90916866528251
3,148,113,117.86033341229802
3,149,112,116.58825478680198
3,150,111,114.9005798861965
3,151,110,111.57141223962572
3,152,109,112.66171526554871
3,153,108,111.95477273315781
3,154,107,111.20066913533205
3,155,106,110.38313323655271
3,156,105,108.99501163162226
3,157,104,107.48864511527775
3,158,103,105.19235893845325
3,159,102,101.84184921476256
3,160,101,100.68903276717086
3,161,100,105.29676015791824
3,162,99,104.70162312201114
3,163,98,101.71259268067091
3,164,97,106.9522298744843
3,165,96,101.52940636374467
3,166,95,102.53959130925446
3,167,94,98.621128921566
3,168,93,98.06685730670367
3,169,92,99.33710573880614
3,170,91,95.48919794790751
3,171,90,96.97085357843105
3,172,89,94.94148717069628
3,173,88,92.87774747236983
3,174,87,91.23500661165292
3,175,86,91.48743576180323
3,176,85,89.99981684072569
3,177,84,90.05730763838665
3,178,83,82.7738847950325
3,179,82,78.06002549686812
3,180,81,80.77352730467707
3,181,80,80.39608619349471
3,182,79,76.99974436532375
3,183,78,74.3700176368497
3,184,77,74.88520988002912
3,185,76,78.8474140959529
3,186,75,79.22348419897392
3,187,74,78.79696512411013
3,188,73,74.9462218104255
3,189,72,74.41903442909073
3,190,71,76.37001221979284
3,191,70,73.25872139129501
3,192,69,71.8160004111872
3,193,68,71.42768518834447
3,194,67,67.63229794062146
3,195,66,67.62612193000355
3,196,65,69.21125986426591
3,197,64,68.1207854154466
3,198,63,67.07678982150843
3,199,62,64.4392208964347
3,200,61,63.29060854464693
3,201,60,61.47662977168383
3,202,59,59.54635219541336
3,203,58,58.99687835215868
3,204,57,59.456740079240234
3,205,56,58.363440672912844
3,206,55,55.27600497842285
3,207,54,55.324905916702576
3,208,53,56.226832956406895
3,209,52,52.459224301608074
3,210,51,53.04303381403814
3,211,50,51.98474219208928
3,212,49,50.433283841831916
3,213,48,48.460728452337364
3,214,47,45.95460021086426
3,215,46,44.97102804133351
3,216,45,44.47288845369803
3,217,44,43.84841856967902
3,218,43,42.78043309374745
3,219,42,40.9179063353216
3,220,41,39.25879417004307
3,221,40,38.8715511032417
3,222,39,37.40795375156084
3,223,38,35.33651069312787
3,224,37,34.501638129859465
3,225,36,33.53547986797325
3,226,35,33.88836078158842
3,227,34,33.384759734924785
3,228,33,31.237194770593014
3,229,32,30.543155305333897
3,230,31,30.679419842965913
3,231,30,29.48870606842
3,232,29,28.16203602400801
3,233,28,28.0731308697038
3,234,27,28.476498648901845
4,40,148,123.5770912081918
4,41,147,122.35033145814143
4,42,146,121.31594234772763
4,43,145,123.46302627332341
4,44,144,121.52448796180785
4,45,143,121.31817416932745
4,46,142,122.86891755895131
4,47,141,121.85877584192964
4,48,140,120.95199883762018
4,49,139,122.26945042452807
4,50,138,122.35497877367936
4,51,137,121.62230886803138
4,52,136,123.7255985915539
4,53,135,124.06666268279838
4,54,134,124.19909961103608
4,55,133,123.60490193391944
4,56,132,123.9443927685036
4,57,131,123.21823042390179
4,58,130,123.06096620866322
4,59,129,122.93289828389845
4,60,128,123.16774254701429
4,61,127,122.44464067951571
4,62,126,121.75225622651072
4,63,125,122.31284040470247
4,64,124,122.33394102522674
4,65,123,121.65985396401442
4,66,122,121.53475735995812
4,67,121,122.04509540505299
4,68,120,122.2743228954842
5,40,199,120.98168695288754
5,41,198,121.32228727700789
5,42,197,121.11670761537772
5,43,196,120.65566318373905
5,44,195,122.70536192834473
5,45,194,122.23517296695425
5,46,193,120.12335153843702
5,47,192,121.31463808549054
5,48,191,123.1613543074358
5,49,190,122.42977880448782
5,50,189,122.89440085973078
5,51,188,122.76786344509783
5,52,187,122.77530469496315
5,53,186,123.99030510908179
5,54,185,124.93049048562361
5,55,184,124.7239810544937
5,56,183,124.39929064713859
5,57,182,124.80725025162523
5,58,181,124.95491452426535
5,59,180,124.69179672857078
5,60,179,124.7819704174972
5,61,178,124.9416188370862
5,62,177,124.99819598971324
5,63,176,125.0
5,64,175,125.0
5,65,174,125.0
5,66,173,125.0
5,67,172,124.87570213449976
5,68,171,125.0
5,69,170,125.0
5,70,169,124.83581307776184
5,71,168,125.0
5,72,167,125.0
5,73,166,124.31696990215693
5,74,165,124.54836008893389
5,75,164,124.35384621722721
5,76,163,124.53002225679947
5,77,162,124.4038725880447
5,78,161,124.43033811848252
5,79,160,124.32917328011118
5,80,159,124.34949622375483
5,81,158,123.7082545362857
5,82,157,121.94978974111018
5,83,156,120.5779802130965
5,84,155,121.64381372267317
5,85,154,121.01616696586248
5,86,153,123.18363403488412
5,87,152,124.48278267401697
5,88,151,123.26182491460852
5,89,150,123.39349723144157
5,90,149,121.76704527394043
5,91,148,122.59419536041959
5,92,147,122.81889800341055
5,93,146,122.59616628665532
5,94,145,122.96767048605597
5,95,144,123.51543511192915
5,96,143,124.89305223723889
5,97,142,125.0
5,98,141,123.98808041961021
5,99,140,122.35706069070307
5,100,139,121.3467947598117
5,101,138,120.90892999853128
5,102,137,120.51794822471562
5,103,136,117.08969783909282
5,104,135,115.90134857531709
5,105,134,116.95554194645814
5,106,133,116.25355004237107
5,107,132,115.82845705761858
5,108,131,116.66752328455834
5,109,130,116.24971870307917
5,110,129,115.36386037572339
5,111,128,115.11085599916717
5,112,127,113.95698507854613
5,113,126,112.55026651138186
5,114,125,111.40683594382753
5,115,124,110.76520964386228
5,116,123,109.46492268293837
5,117,122,109.93810682051821
5,118,121,110.9636695605879
5,119,120,110.87049645135443
5,120,119,112.083242229348
5,121,118,109.44806465228586
5,122,117,109.40717201733598
5,123,116,110.013368623028
5,124,115,110.26985139832703
5,125,114,111.4826068653897
5,126,113,112.8018516357173
5,127,112,115.91904136655154
5,128,111,116.66283552127341
5,129,110,114.26439898984228
5,130,109,116.27779357696039
5,131,108,113.89591516840733
5,132,107,112.96288156229268
5,133,106,111.38680789000634
5,134,105,112.75634943436461
5,135,104,113.81388335107675
5,136,103,114.59511810020948
5,137,102,117.07364013169726
5,138,101,115.56296743792987
6,40,123,122.77819571483212
6,41,122,120.77082546801972
6,42,121,121.47415749933339
6,43,120,122.2627948395379
6,44,119,122.54968973537389
6,45,118,122.70134781643382
6,46,117,122.96859857994465
6,47,116,122.85532568619425
6,48,115,124.01308665501435
6,49,114,121.57839056969372
6,50,113,123.23954408315501
6,51,112,122.92050361584577
6,52,111,122.20653260554522
6,53,110,120.95430773107415
6,54,109,123.45988546841946
6,55,108,123.67373156649133
6,56,107,122.9119444920906
6,57,106,121.80847832471699
6,58,105,121.93231591430154
6,59,104,122.17215314778815
6,60,103,121.28553571380938
6,61,102,119.65237317109364
6,62,101,118.22177751038092
6,63,100,117.47181749189109
6,64,99,117.421154583174
7,40,189,122.34560558394527
7,41,188,122.6194142706309
7,42,187,124.0186896747509
7,43,186,123.3355589676592
7,44,185,122.46700690696233
7,45,184,122.5351255482658
7,46,183,122.8963017921678
7,47,182,122.05446619745204
7,48,181,121.03033035825155
7,49,180,120.80362993561505
7,50,179,121.12635310533895
7,51,178,121.81600539946228
7,52,177,121.71010498121979
7,53,176,121.9649633378136
7,54,175,121.25154614411363
7,55,174,120.63026665389083
7,56,173,120.57036100645692
7,57,172,118.24059300648676
7,58,171,117.93196618574721
7,59,170,118.36983038561678
7,60,169,117.41156537095019
7,61,168,117.40487339424467
7,62,167,118.18466916551549
7,63,166,118.50385810116731
7,64,165,117.44441806324916
7,65,164,114.978310801005
7,66,163,116.29841249572323
7,67,162,115.67737962140157
7,68,161,115.91154223692868
7,69,160,115.04551560963026
7,70,159,112.2848460681193
7,71,158,110.63743590838217
7,72,157,110.9330772345154
7,73,156,110.16947985483748
7,74,155,108.46041388217395
7,75,154,104.94918126469966
7,76,153,107.31510563238486
7,77,152,101.66665578111319
7,78,151,99.61644102628189
7,79,150,96.86958649707944
7,80,149,97.68113846904023
7,81,148,99.36161592658304
7,82,147,100.95120831498355
7,83,146,97.5734256318566
7,84,145,96.95043614106821
7,85,144,98.38310069444263
7,86,143,95.0532134925474
7,87,142,90.8889070469454
7,88,141,88.73932272306877
7,89,140,89.30056162796471
7,90,139,87.19706444177282
7,91,138,91.78296833969003
7,92,137,91.07519775283363
7,93,136,95.00300386585414
7,94,135,96.1663459822401
7,95,134,93.10582232331971
7,96,133,90.82451034758037
7,97,132,95.05508308848913
7,98,131,95.23313120649796
7,99,130,104.23084143898012
7,100,129,100.38953229425107
7,101,128,99.87629849848945
7,102,127,101.21785622192104
7,103,126,102.07462559672726
7,104,125,99.78538574736527
7,105,124,103.83397732316979
7,106,123,104.50645926830519
7,107,122,100.70422692751973
7,108,121,99.80445036293602
7,109,120,100.87585255446221
7,110,119,103.93511906718402
7,111,118,104.26976348754047
7,112,117,107.28839536139037
7,113,116,107.25393845229232
7,114,115,106.9573532226967
7,115,114,106.99681159729525
7,116,113,109.26293321919346
7,117,112,111.43858459304346
7,118,111,108.49784963290875
7,119,110,109.2904159581064
7,120,109,108.09887921014072
7,121,108,107.41055426332377
7,122,107,106.48722969063957
7,123,106,110.19451684899204
7,124,105,105.825536350744
7,125,104,105.96867488523986
7,126,103,101.72926696172951
7,127,102,99.62079485695006
7,128,101,93.19050918130425
7,129,100,90.281899545398
7,130,99,93.94536287017351
7,131,98,95.71606042807248
7,132,97,97.79196963900421
7,133,96,93.70270549331595
7,134,95,92.09661352293756
7,135,94,87.97474217355003
7,136,93,85.9163773739332
7,137,92,88.48331813388873
7,138,91,99.44269263282438
7,139,90,100.78772493688962
7,140,89,100.20229515735296
7,141,88,93.40949169971248
7,142,87,95.59790518099099
7,143,86,97.35524879460121
7,144,85,93.47209017510178
7,145,84,95.20865510804893
7,146,83,94.34316709851312
7,147,82,87.02508399346205
7,148,81,87.87016017157082
7,149,80,84.5023113985355
7,150,79,84.3003763265987
7,151,78,77.73655985274463
7,152,77,79.09727200441415
7,153,76,78.51274886007744
7,154,75,80.07904777772055
7,155,74,77.50661328394541
7,156,73,73.05418189018421
7,157,72,71.13466357845438
7,158,71,70.37247444741323
8,40,207,120.0259803126155
8,41,206,119.45249717913534
8,42,205,119.21627142918359
8,43,204,118.5680881638595
8,44,203,115.9621627848804
8,45,202,117.45243991127711
8,46,201,120.85575889479865
8,47,200,118.66462238448347
8,48,199,118.54158868261081
8,49,198,120.57695755000398
8,50,197,122.48786691280219
8,51,196,122.87783875395446
8,52,195,120.93059067095572
8,53,194,122.5343303424412
8,54,193,122.45133015415695
8,55,192,123.38940889119624
8,56,191,123.66260433045028
8,57,190,122.521225082896
8,58,189,122.82765718578624
8,59,188,122.76106154600964
8,60,187,122.62497135109416
8,61,186,122.13564628165744
8,62,185,121.36145397043083
8,63,184,120.94894516392984
8,64,183,120.69942432899177
8,65,182,120.73704083306812
8,66,181,119.57973789101128
8,67,180,120.20777126558318
8,68,179,120.62367034799382
8,69,178,119.97153839617143
8,70,177,121.06402568678882
8,71,176,120.7021077738996
8,72,175,121.59539314103071
8,73,174,121.05834733828357
8,74,173,120.98081243373547
8,75,172,121.2638092841409
8,76,171,120.65355885857892
8,77,170,120.81855614559547
8,78,169,121.06263769117867
8,79,168,119.48333899973717
8,80,167,118.76496218458277
8,81,166,117.99654877873209
8,82,165,115.52174079881024
8,83,164,113.24743937390201
8,84,163,112.94878528051194
8,85,162,111.48948067204049
8,86,161,108.46647795683938
8,87,160,108.73871741867511
8,88,159,105.95120069534276
8,89,158,104.98941946108688
8,90,157,100.93847488703973
8,91,156,95.49883000660893
8,92,155,96.8451639204695
8,93,154,95.64801028279048
8,94,153,90.99000498541803
8,95,152,99.30672022434301
8,96,151,103.5142236419878
8,97,150,108.34513153542287
8,98,149,115.6802875380226
8,99,148,115.69000899299562
8,100,147,112.0506872211869
8,101,146,109.64337365171536
8,102,145,103.94692424108308
8,103,144,101.56664080878062
8,104,143,102.58867097941697
8,105,142,105.00926251508206
8,106,141,99.27829059597735
8,107,140,102.31507668805057
8,108,139,100.70808818223291
8,109,138,102.89204618168858
8,110,137,102.05749190567977
8,111,136,104.93204770735399
8,112,135,105.50288501813122
8,113,134,103.55140534632207
8,114,133,109.88335461770214
8,115,132,111.09968426465282
8,116,131,113.63228530445005
8,117,130,112.30110940624202
8,118,129,115.51724090198795
8,119,128,115.09952890317466
8,120,127,115.67690106175971
8,121,126,114.17339669370007
8,122,125,113.83461083566748
8,123,124,116.05058001383296
8,124,123,112.39932291254506
8,125,122,113.8584852785493
8,126,121,111.65480330977924
8,127,120,107.96649904531375
8,128,119,110.3098119694686
8,129,118,111.25167515210956
8,130,117,113.80775450078781
8,131,116,110.8151535533047
8,132,115,113.01103747496057
8,133,114,109.74309628138568
8,134,113,108.7609715157785
8,135,112,115.44481776966548
8,136,111,113.16623158098753
8,137,110,107.00498073967591
8,138,109,107.5088241027835
8,139,108,112.40497481402535
8,140,107,110.13415780595739
8,141,106,111.50146080641109
8,142,105,100.26035732650564
8,143,104,104.2002154016844
8,144,103,100.08248064401346
8,145,102,100.38668547770072
8,146,101,94.38971192441055
8,147,100,92.25367558222732
8,148,99,89.07381419186969
8,149,98,88.28368812706101
8,150,97,81.65043794554683
8,151,96,81.15645922900131
8,152,95,81.96180930353468
8,153,94,79.32017837302246
8,154,93,79.41448066201123
8,155,92,83.55825243557645
8,156,91,88.71617031303168
8,157,90,83.7950917068417
8,158,89,85.79471314294992
8,159,88,78.796558994686
8,160,87,71.1943725508354
8,161,86,61.98822934510678
8,162,85,58.84552259368415
8,163,84,60.47526501961892
8,164,83,60.97994089513938
8,165,82,60.210967893951526
8,166,81,62.63872173439981
8,167,80,57.250374720446295
8,168,79,67.0542374198265
8,169,78,71.56092531978658
8,170,77,69.00759710699127
8,171,76,69.92496156090266
8,172,75,71.54269471058885
8,173,74,73.43200968776688
8,174,73,73.55856677105982
8,175,72,75.97758739971354
8,176,71,74.24047232688673
8,177,70,72.2397617414249
8,178,69,73.9369759242037
8,179,68,75.19144076137059
8,180,67,79.03829882689845
8,181,66,76.34710532415582
8,182,65,73.10828129094818
8,183,64,76.6535128119612
8,184,63,73.66526839517437
8,185,62,76.76315508245561
8,186,61,80.8870451834855
8,187,60,82.67515142578665
8,188,59,82.6845137222485
8,189,58,79.03767436742866
8,190,57,80.36641025892258
8,191,56,72.20443880113775
8,192,55,70.29779243284709
9,40,253,124.54037609535459
9,41,252,124.75609097679072
9,42,251,124.52284948379955
9,43,250,124.87670533243987
9,44,249,124.83332939202349
9,45,248,124.76263834673857
9,46,247,124.71589887014098
9,47,246,124.832344433278
9,48,245,124.79171505544197
9,49,244,124.71874059326964
9,50,243,124.51487462022473
9,51,242,124.63784585963418
9,52,241,125.0
9,53,240,124.98538025502934
9,54,239,125.0
9,55,238,124.42693495899775
9,56,237,124.9890206803932
9,57,236,124.50271729697502
9,58,235,124.5968963558258
9,59,234,124.76151261503966
9,60,233,124.48744372856241
9,61,232,124.39902100903112
9,62,231,124.54353720971882
9,63,230,124.90664720569484
9,64,229,124.61044494984404
9,65,228,124.48284891421423
9,66,227,124.73174200739076
9,67,226,124.47585230379178
9,68,225,124.51502862950954
9,69,224,124.16829829649703
9,70,223,123.95301414621028
9,71,222,123.32474744465418
9,72,221,122.3201217113068
9,73,220,123.81756925505539
9,74,219,123.84828427197468
9,75,218,123.62898018933282
9,76,217,124.27866095989353
9,77,216,124.2841153083091
9,78,215,123.48325391680032
9,79,214,123.74079452099579
9,80,213,123.72308578253143
9,81,212,123.10157030152469
9,82,211,123.29299289856837
9,83,210,122.4100634472453
9,84,209,121.93815238773304
9,85,208,121.53344903044822
9,86,207,121.22251187788089
9,87,206,122.80192682489647
9,88,205,123.13109411500616
9,89,204,122.07623781426219
9,90,203,122.72990054517403
9,91,202,123.16155442819226
9,92,201,123.65517392804335
9,93,200,123.8437631150392
9,94,199,124.12955467428634
9,95,198,124.14370964436208
9,96,197,124.18762359702396
9,97,196,123.99876880419868
9,98,195,124.33627597009105
9,99,194,123.82686219456404
9,100,193,124.23920132959174
9,101,192,123.89077900770681
9,102,191,124.1367734694598
9,103,190,123.39236978299218
9,104,189,122.87719345307941
9,105,188,122.80925714594011
9,106,187,122.83640834099094
9,107,186,121.9860667845299
9,108,185,122.62149699853245
9,109,184,122.90210675154549
9,110,183,123.32713231382877
9,111,182,123.17458180374626
9,112,181,122.81952494619996
9,113,180,122.0375570574776
9,114,179,122.89481174671076
9,115,178,122.67180178709907
9,116,177,122.63552682693563
9,117,176,123.65789642077667
9,118,175,120.49042877602216
9,119,174,122.32315842724984
9,120,173,121.89555028336915
9,121,172,121.64368940325735
9,122,171,122.10758859566803
9,123,170,122.32970922286219
9,124,169,122.48682489582885
9,125,168,121.81121576511948
9,126,167,122.73033839483892
9,127,166,123.24875089345318
9,128,165,123.55247966442994
9,129,164,123.25312510898516
9,130,163,123.63867345447463
9,131,162,123.14973349009362
9,132,161,123.61165286273479
9,133,160,123.56951127439726
9,134,159,123.74191841742336
9,135,158,123.67080815965562
9,136,157,123.73917182909564
9,137,156,122.2502550280617
9,138,155,123.08668207692173
9,139,154,121.35438834753008
9,140,153,121.8549521874804
9,141,152,121.36856699081795
9,142,151,125.0
9,143,150,122.56838441217471
9,144,149,121.88532821049373
9,145,148,122.61989362814555
9,146,147,122.76020034382815
9,147,146,122.35286427919681
9,148,145,120.61476454019447
9,149,144,119.76526566503293
9,150,143,122.32668525521558
9,151,142,122.82112942738033
9,152,141,122.76942845248657
9,153,140,122.46494968201912
9,154,139,121.5164865795088
9,155,138,120.55204531808023
9,156,137,120.64342485950058
9,157,136,121.14412135474473
9,158,135,119.98718364962963
9,159,134,118.70180641952317
9,160,133,112.80667228593663
9,161,132,117.02797264310061
9,162,131,116.03735789864982
9,163,130,107.32374257221178
9,164,129,112.44398870855998
9,165,128,109.75935057003171
9,166,127,117.9209988296999
9,167,126,112.15873559514867
9,168,125,106.51096991269594
9,169,124,103.55944707815763
9,170,123,112.75028611982955
9,171,122,111.62925515375537
9,172,121,113.7436863933303
9,173,120,100.87611244564852
9,174,119,112.54714774820079
9,175,118,112.29963831281705
9,176,117,113.10905181758355
9,177,116,115.79903051779917
9,178,115,113.64525379240884
9,179,114,116.20659928227019
9,180,113,117.56966317888252
9,181,112,119.08262739955546
9,182,111,118.49560105889003
9,183,110,115.87239639375129
9,184,109,113.37542534893588
9,185,108,110.67992673823605
9,186,107,109.15155035121629
9,187,106,111.29763782696125
9,188,105,112.25487391447044
9,189,104,111.40066152851026
9,190,103,112.54078795749791
9,191,102,117.6243126275751
9,192,101,119.31021422724803
9,193,100,119.6523759157393
9,194,99,120.22644300409135
9,195,98,118.3293737289917
9,196,97,117.03268795018501
9,197,96,118.11818712749982
9,198,95,116.58553470342328
9,199,94,114.8730278279431
9,200,93,113.77369341375746
9,201,92,115.5697984794178
9,202,91,117.27569893626355
9,203,90,109.51654857481354
9,204,89,108.10415191302685
9,205,88,104.43084823876586
9,206,87,106.27591106356671
9,207,86,102.86577221544172
9,208,85,97.02259533536893
9,209,84,97.89287242854101
9,210,83,90.91082146978817
9,211,82,86.01166085324986
9,212,81,81.12483805885694
9,213,80,82.16917323380343
9,214,79,84.46493658194913
9,215,78,80.44070507169724
9,216,77,76.25205155961854
9,217,76,74.53156187818304
9,218,75,73.365022827186
9,219,74,74.81005462648315
9,220,73,73.89605705635876
9,221,72,76.0885439054218
9,222,71,74.88570809016481
9,223,70,74.99345166329269
9,224,69,72.75786211132782
9,225,68,71.94625350510701
9,226,67,75.36437633702651
9,227,66,73.8544116251232
9,228,65,74.89617612053985
9,229,64,67.53611261790206
9,230,63,70.80763650480813
9,231,62,68.20306775483809
9,232,61,64.88843889466173
9,233,60,64.50095160606217
9,234,59,66.99377126543773
9,235,58,68.63651271309678
9,236,57,68.01780152269546
9,237,56,67.84834419854907
9,238,55,66.00138762707519
10,40,157,123.67212103507251
10,41,156,124.35868839755261
10,42,155,124.02020373543878
10,43,154,124.45431742101086
10,44,153,123.86248616206754
10,45,152,123.7408409515666
10,46,151,123.73659809662574
10,47,150,123.60973082034877
10,48,149,123.30587051224089
10,49,148,122.7053568458364
10,50,147,122.91624323117358
10,51,146,122.69364309423669
10,52,145,122.2352944178827
10,53,144,123.18743012904667
10,54,143,122.62116715506318
10,55,142,122.94202742691579
10,56,141,122.74641869546272
10,57,140,121.19093232868178
10,58,139,121.82192773869275
10,59,138,121.87977145511289
10,60,137,121.67679501814735
10,61,136,121.34330778909487
10,62,135,121.92063233073051
10,63,134,121.21891975860277
10,64,133,118.35496453454807
10,65,132,122.63901878658699
10,66,131,122.31297819911451
10,67,130,120.24117339325736
10,68,129,122.76647066378983
10,69,128,123.59958858938651
10,70,127,124.48384258889777
10,71,126,123.86953518700926
10,72,125,123.94972608667919
10,73,124,124.11371373408512
10,74,123,124.16127202657336
10,75,122,124.21958016148272
10,76,121,123.90552425147567
10,77,120,123.55808062644778
10,78,119,124.36463152254578
10,79,118,123.40763958171259
10,80,117,119.75836465478795
10,81,116,118.80321619397246
10,82,115,117.58964758285
10,83,114,118.91541030314352
10,84,113,116.63474423068769
10,85,112,115.92285544535432
10,86,111,113.03173585979125
10,87,110,112.18643497933408
10,88,109,111.16211788639677
10,89,108,109.32410743020405
10,90,107,106.93185696760287
10,91,106,106.80585161767624
10,92,105,108.25006125258034
10,93,104,110.83731611827116
10,94,103,114.50995988213683
10,95,102,113.9800910775241
10,96,101,107.48427287250442
10,97,100,106.99321846155561
10,98,99,108.24669416737672
10,99,98,103.57711317325764
10,100,97,101.2494670205977
10,101,96,102.99392665166366
10,102,95,101.34823101296536
10,103,94,100.8815068313358
10,104,93,99.54953119400575
10,105,92,96.3937727577345
10,106,91,96.83585653292981
10,107,90,102.06656690533327
10,108,89,101.69530588298727
10,109,88,99.62786915804833
10,110,87,98.82668767584747
10,111,86,94.11950185039777
10,112,85,93.26975404710561
10,113,84,89.65475727607752
10,114,83,89.64456238936678
10,115,82,87.0240219794558
10,116,81,87.9394007907826
10,117,80,84.19106288488271
10,118,79,80.56092785866943
10,119,78,77.01376754437625
10,120,77,72.0498135871442
10,121,76,73.45533513491492
10,122,75,74.2550995800282
10,123,74,74.32864162972311
10,124,73,72.54956375749349
10,125,72,74.52167689650572
10,126,71,72.03115502215232
10,127,70,72.39091500483363
10,128,69,67.95064596136592
10,129,68,63.51854084757618
10,130,67,64.69479894648583
10,131,66,69.02514679204678
11,40,140,122.19809513627717
11,41,139,123.29112478622554
11,42,138,123.04716255880983
11,43,137,123.40140664471758
11,44,136,121.342719820444
11,45,135,121.4806136209123
11,46,134,121.61164325575608
11,47,133,122.29089025524732
11,48,132,122.60434181077335
11,49,131,123.4087632327747
11,50,130,124.10358609209351
11,51,129,123.62154427130139
11,52,128,124.53141234119224
11,53,127,122.66796768357429
11,54,126,122.90858110756903
11,55,125,120.49638268295405
11,56,124,121.16951034342136
11,57,123,121.13123878717909
11,58,122,118.11107821808903
11,59,121,113.92043096529301
11,60,120,118.43169492313632
11,61,119,117.67413149005519
11,62,118,114.2823429568763
11,63,117,113.37362857768423
11,64,116,112.15338033262088
11,65,115,111.19651908004163
11,66,114,110.19202615036608
11,67,113,107.61080420523035
11,68,112,106.55837151275078
11,69,111,98.72428442601839
11,70,110,99.68676645311427
11,71,109,100.3102062737353
11,72,108,98.4632858671967
11,73,107,93.0269159333936
11,74,106,92.41168812398277
11,75,105,90.59979236910607
11,76,104,90.22145421136662
11,77,103,94.35633281777227
11,78,102,93.01096684498013
11,79,101,91.27210955555356
11,80,100,90.1857508395587
11,81,99,90.32707118767262
11,82,98,90.53334206324809
11,83,97,87.95592221676993
11,84,96,87.37069553731715
11,85,95,81.95425665345076
11,86,94,80.2977836189352
11,87,93,81.77610098815578
11,88,92,81.6819622555874
11,89,91,87.0514948514554
11,90,90,84.39542638351026
11,91,89,82.02264597134238
11,92,88,82.23296033038551
11,93,87,86.65742310536781
11,94,86,87.89330421453408
11,95,85,90.09151267075308
11,96,84,84.94360206960403
11,97,83,83.52766305209369
11,98,82,79.99828764603161
11,99,81,80.70893879749215
11,100,80,79.38104985717868
11,101,79,77.8940643934165
11,102,78,77.32617154410298
11,103,77,73.27776754021713
12,40,221,124.26901677849301
12,41,220,123.66318326706057
12,42,219,123.93878568231145
12,43,218,123.84196228140874
12,44,217,124.13892084642873
12,45,216,124.05554015286137
12,46,215,123.26845113195023
12,47,214,122.77883092289112
12,48,213,123.16384331251655
12,49,212,122.67551898657831
12,50,211,120.98680741254611
12,51,210,121.56482420333045
12,52,209,120.80715179122342
12,53,208,120.45859469667954
12,54,207,121.41203271656224
12,55,206,121.50525143661613
12,56,205,122.74543191051715
12,57,204,120.87208914687693
12,58,203,122.75533433747106
12,59,202,123.13262583181621
12,60,201,123.42220459527826
12,61,200,122.65585617540812
12,62,199,122.55266577548555
12,63,198,123.27876261328939
12,64,197,120.73080335937863
12,65,196,119.7632206975575
12,66,195,121.60146254630936
12,67,194,121.60899275207012
12,68,193,121.49429409397814
12,69,192,122.30139496406257
12,70,191,121.2423001942596
12,71,190,119.3301819672327
12,72,189,120.38430027780288
12,73,188,118.71801126542411
12,74,187,116.4276540119395
12,75,186,116.95182342208382
12,76,185,117.09858554946466
12,77,184,117.98500011723286
12,78,183,117.13468354311613
12,79,182,117.63398074492147
12,80,181,117.1486304033156
12,81,180,116.22751985301593
12,82,179,116.11073585063622
12,83,178,115.99572601976567
12,84,177,118.33384523701926
12,85,176,119.17679988462707
12,86,175,116.32398603921668
12,87,174,117.29701540138106
12,88,173,118.64960306744155
12,89,172,119.43202582345633
12,90,171,117.27847666160793
12,91,170,115.36754295930125
12,92,169,115.1763569116719
12,93,168,113.27166755623549
12,94,167,107.87267797628614
12,95,166,103.50071682858444
12,96,165,103.63591162448276
12,97,164,103.98678467901716
12,98,163,107.240211627966
12,99,162,109.47029203066663
12,100,161,113.0501795056652
12,101,160,115.19054510183474
12,102,159,112.96195238789473
12,103,158,114.08061005346266
12,104,157,106.3178063985545
12,105,156,105.63039831654685
12,106,155,107.53772314614397
12,107,154,105.2747863733702
12,108,153,105.6489486388511
12,109,152,105.20066793785773
12,110,151,97.62748702554637
12,111,150,92.04751873584752
12,112,149,92.5239849333317
12,113,148,90.69711978443056
12,114,147,88.23881841737297
12,115,146,84.0340996425621
12,116,145,90.89105385049746
12,117,144,93.6812024390272
12,118,143,98.08465614172323
12,119,142,98.91615735610655
12,120,141,98.8292462365543
12,121,140,100.004918758081
12,122,139,97.981714105212
12,123,138,99.1416779638528
12,124,137,105.01105523567375
12,125,136,109.3210416341434
12,126,135,107.77771563906782
12,127,134,110.52105186023638
12,128,133,105.66260634307599
12,129,132,113.53877692816818
12,130,131,107.90162874631582
12,131,130,111.93219585646456
12,132,129,115.43839478924104
12,133,128,118.27648982319675
12,134,127,115.0705822675124
12,135,126,112.47761909603673
12,136,125,112.3193129044223
12,137,124,113.41639730984633
12,138,123,114.99703886520058
12,139,122,118.4029673470823
12,140,121,116.08656291907886
12,141,120,116.24585709352716
12,142,119,119.13169121139967
12,143,118,119.07411056684775
12,144,117,113.61143445942531
12,145,116,115.31693196865882
12,146,115,115.6468124523442
13,40,140,125.0
13,41,139,125.0
13,42,138,124.61231670611011
13,43,137,124.94771337906491
13,44,136,123.81741760781858
13,45,135,123.53581792642463
13,46,134,123.6202951990272
13,47,133,121.68179619663164
13,48,132,123.17004427676176
13,49,131,120.4134437964971
13,50,130,119.6586063310348
13,51,129,121.97657266576594
13,52,128,121.39561296065885
13,53,127,122.11934047084014
13,54,126,121.19575262285888
13,55,125,121.15254806066471
13,56,124,122.10831759075086
13,57,123,122.47775624521863
13,58,122,122.86150655585695
13,59,121,122.50285589188229
13,60,120,122.62874429550044
13,61,119,121.24255628608934
13,62,118,119.35484597039081
13,63,117,118.41699883207932
13,64,116,116.73515095162774
13,65,115,118.09777133368296
14,40,160,124.5190615889308
14,41,159,124.31965203890843
14,42,158,124.43911882473567
14,43,157,123.89563838281515
14,44,156,123.79098345684757
14,45,155,122.1784051040579
14,46,154,120.4872586163231
14,47,153,121.99214623716153
14,48,152,122.91936869978726
14,49,151,121.01637762870683
14,50,150,122.83453939194865
14,51,149,122.26710228617816
14,52,148,123.51965928803426
14,53,147,123.85025771769776
14,54,146,122.78717248103283
14,55,145,123.41510815329795
14,56,144,121.9441202102373
14,57,143,120.51684510831738
14,58,142,121.97646907679936
14,59,141,121.36464221428746
14,60,140,120.29197519691641
14,61,139,120.58273229463046
14,62,138,117.92165542234625
14,63,137,118.19162296017467
14,64,136,117.88011706399956
14,65,135,116.22746362123436
14,66,134,114.94630029212499
14,67,133,108.19477079935452
14,68,132,111.86435623038551
14,69,131,114.24834918819812
14,70,130,118.3518579013369
14,71,129,115.20266933908259
14,72,128,112.51709266726786
14,73,127,111.65048829042362
14,74,126,109.98939687760361
14,75,125,108.24380296166137
14,76,124,106.08805717306126
14,77,123,101.09671988399705
14,78,122,98.56181178673208
14,79,121,96.8485316818817
14,80,120,98.77834079171771
14,81,119,95.75195362015225
14,82,118,92.00017816766626
14,83,117,90.53788827227046
14,84,116,88.98260087103552
14,85,115,83.02152604490955
14,86,114,81.97189332301492
14,87,113,78.30967688531318
14,88,112,75.78426453197449
14,89,111,74.47373904810397
14,90,110,76.61401453224187
14,91,109,73.58843762521965
14,92,108,83.10883037214279
14,93,107,85.60925799543305
14,94,106,89.33641807521639
14,95,105,87.34930112556418
14,96,104,88.59966485200516
14,97,103,92.53769425667448
14,98,102,91.33974847535771
14,99,101,93.7834487934587
14,100,100,90.32074071097583
14,101,99,87.73118940632679
14,102,98,89.53707973426921
14,103,97,95.76040087002687
14,104,96,94.70240779011581
14,105,95,93.63018578020879
14,106,94,88.8884711594504
14,107,93,86.73706583890858
14,108,92,84.61415975628147
14,109,91,92.05711575549111
14,110,90,89.2733702401409
14,111,89,88.48129558970103
14,112,88,88.99010431966951
14,113,87,83.44718917218538
14,114,86,87.6983487778672
14,115,85,83.82564079205349
14,116,84,87.58343534381243
14,117,83,87.73015129256666
14,118,82,90.03845071926003
14,119,81,88.27676960801804
14,120,80,93.7520264995202
14,121,79,86.10706780434867
14,122,78,75.87690594495868
14,123,77,74.11893659473174
14,124,76,63.92901910558433
14,125,75,60.702555931054235
14,126,74,58.46277298204269
14,127,73,55.89466350712564
14,128,72,53.925455408470285
14,129,71,56.629852504466996
14,130,70,66.65003600222137
14,131,69,64.43505782771433
14,132,68,64.74234860107293
14,133,67,66.3963298787244
14,134,66,65.28316104758977
14,135,65,60.0204618709735
14,136,64,57.112659243046195
14,137,63,57.95429745601836
14,138,62,60.53344501983236
14,139,61,60.915662078641894
14,140,60,55.270602780070504
14,141,59,55.016997251287734
14,142,58,53.73142760985801
14,143,57,54.168125905272156
14,144,56,59.33779236184293
14,145,55,61.40024597265288
14,146,54,57.518562405307165
14,147,53,52.75946147635531
14,148,52,52.1150298346833
14,149,51,54.34810248967521
14,150,50,54.83524473482976
14,151,49,62.47137135299275
14,152,48,61.25295331988532
14,153,47,60.22662391373019
14,154,46,59.15525218812171
14,155,45,58.46403667987128
14,156,44,52.85821571826331
14,157,43,50.23438289116253
14,158,42,51.07125199713897
14,159,41,49.627622168409616
14,160,40,49.74261857313819
14,161,39,46.972554193140326
14,162,38,42.24523795358475
14,163,37,41.27679447787375
14,164,36,34.132287895252105
14,165,35,31.082940174949584
14,166,34,31.03036763966724
14,167,33,30.979858803123957
14,168,32,27.83021047556003
14,169,31,27.531290756278896
15,40,180,124.42743906752389
15,41,179,124.03586163459873
15,42,178,124.20083715332552
15,43,177,123.84068336761224
15,44,176,124.00125043695604
15,45,175,124.0163237278622
15,46,174,124.24821529927017
15,47,173,124.37183761358908
15,48,172,124.02510550338293
15,49,171,124.31094966844944
15,50,170,124.60463432406966
15,51,169,123.88924826925569
15,52,168,124.7234542068249
15,53,167,124.87184889256879
15,54,166,124.81812973309256
15,55,165,124.34214269112479
15,56,164,124.39415284667756
15,57,163,124.04764754224955
15,58,162,124.33118453145556
15,59,161,124.46629385405677
15,60,160,124.57153479797898
15,61,159,124.429053025677
15,62,158,124.56693273811332
15,63,157,124.35686460357533
15,64,156,124.28308287787053
15,65,155,124.2093090119837
15,66,154,124.0525627326528
15,67,153,123.84123345817186
15,68,152,123.98967245824741
15,69,151,124.4130012331353
15,70,150,124.2604725799209
15,71,149,123.92770852001846
15,72,148,122.99509465758618
15,73,147,123.88442848351423
15,74,146,123.68278121113258
15,75,145,123.86814992769024
15,76,144,123.70578456156883
15,77,143,123.072015367814
15,78,142,121.51473904625426
15,79,141,121.24672187796503
15,80,140,122.72145438936752
15,81,139,122.50700616139498
15,82,138,122.97908775893406
15,83,137,123.24336811665515
15,84,136,122.69707739172878
15,85,135,121.2958039701295
15,86,134,119.94689075660662
15,87,133,120.40165743682877
15,88,132,119.90019006769887
15,89,131,120.56445799774099
15,90,130,121.82631063520755
15,91,129,123.12536003532796
15,92,128,123.28971001935741
15,93,127,123.5911063476792
15,94,126,123.39311490824869
15,95,125,123.14279812883603
15,96,124,122.70314521002858
15,97,123,122.7562828573815
15,98,122,123.02160891566899
15,99,121,122.5761452031748
15,100,120,122.45963811274603
15,101,119,121.12290076731777
15,102,118,121.24453741213377
15,103,117,120.57855543337381
15,104,116,119.96657000554879
15,105,115,119.87187291164953
15,106,114,119.54991998681506
15,107,113,119.85957713532622
15,108,112,120.24096471278598
15,109,111,121.29966306294726
15,110,110,120.50435260474254
15,111,109,117.30535207818957
15,112,108,116.07662643604372
16,40,142,121.85941654455466
16,41,141,121.93797546547097
16,42,140,121.67611169575926
16,43,139,120.35602043341797
16,44,138,120.88640230140672
16,45,137,121.52495560300764
16,46,136,122.95363464584271
16,47,135,124.02321027534245
16,48,134,122.93304160175612
16,49,133,122.45689884171163
16,50,132,122.48689250898911
16,51,131,122.89284758939694
16,52,130,122.79206018734399
16,53,129,124.28725523829611
16,54,128,124.05725457444849
16,55,127,123.9986356150801
16,56,126,124.39190150173742
16,57,125,124.09165828657854
16,58,124,124.50427415650927
16,59,123,121.3914818526948
16,60,122,121.32546302564853
16,61,121,123.507558290671
16,62,120,121.30469756767675
16,63,119,121.39143525373763
16,64,118,121.73466884223055
16,65,117,122.26849168638972
16,66,116,123.1129541996638
16,67,115,122.692835166599
16,68,114,122.56084541320419
16,69,113,124.29920148182293
16,70,112,124.25570277894968
16,71,111,124.29336182864843
16,72,110,124.40889637380855
16,73,109,125.0
16,74,108,124.36540185963972
16,75,107,123.49001297267971
16,76,106,124.4184523424892
16,77,105,125.0
16,78,104,125.0
16,79,103,125.0
16,80,102,122.0607901857216
16,81,101,114.68868631252835
16,82,100,112.36685767744606
16,83,99,111.52496233891844
16,84,98,113.01967167143314
16,85,97,112.65735130987404
16,86,96,111.95818559822985
16,87,95,110.60008586323161
16,88,94,107.96349327325322
16,89,93,108.97542771072486
16,90,92,107.49065226604378
16,91,91,105.90010088609596
16,92,90,109.14648806891375
16,93,89,106.62730227868322
16,94,88,105.49182648441945
16,95,87,105.30702923976273
16,96,86,105.29841312657828
16,97,85,107.68150685050705
16,98,84,107.71392749648581
16,99,83,109.54742407323371
16,100,82,106.87395355808454
16,101,81,117.97016386230393
16,102,80,109.94381679512313
16,103,79,124.70110092148363
16,104,78,124.18101090955831
16,105,77,123.46900015554456
16,106,76,122.99929487258035
16,107,75,121.48613403580913
16,108,74,113.70447853543251
16,109,73,116.070082908797
16,110,72,114.31292284762469
16,111,71,110.97255933341218
16,112,70,109.17018194408416
16,113,69,104.79113925577403
16,114,68,100.68569522602192
16,115,67,99.75625981344982
16,116,66,95.25388226656074
16,117,65,90.13597512384592
16,118,64,89.54742718882883
16,119,63,85.8885131524882
16,120,62,81.98567364134244
16,121,61,81.34189579761198
16,122,60,81.73018997714833
16,123,59,77.99846707884386
16,124,58,76.8800272065989
16,125,57,76.74200395277956
16,126,56,76.79475520188126
17,40,326,124.89809006775258
17,41,325,124.58424297061181
17,42,324,124.0953629920081
17,43,323,124.30935323781156
17,44,322,124.49648542481393
17,45,321,123.14236289861577
17,46,320,122.94208632188906
17,47,319,123.96270994913093
17,48,318,124.19712428696624
17,49,317,123.18719089265677
17,50,316,124.61599127357087
17,51,315,124.65915932028673
17,52,314,124.67761120945681
17,53,313,124.7615160076714
17,54,312,124.81330416026728
17,55,311,124.25524712692614
17,56,310,124.20369629985606
17,57,309,124.34478452755695
17,58,308,124.52941908225873
17,59,307,123.01028453682056
17,60,306,122.96903152761591
17,61,305,121.98853412430384
17,62,304,123.04996314766547
17,63,303,123.07892156166338
17,64,302,124.09390330648051
17,65,301,123.98517848312164
17,66,300,124.38312704375335
17,67,299,124.28615199652191
17,68,298,124.62022648143105
17,69,297,124.36533317666786
17,70,296,124.14132053261731
17,71,295,124.17765085977669
17,72,294,124.55553818395748
17,73,293,124.51234747848565
17,74,292,124.45750349060299
17,75,291,124.40487098016771
17,76,290,124.66480150019733
17,77,289,124.63438134445971
17,78,288,124.37798639323097
17,79,287,123.63769973473353
17,80,286,123.94189785592597
17,81,285,123.91773532645189
17,82,284,123.33256668259637
17,83,283,123.30536694227328
17,84,282,124.21986207351782
17,85,281,124.25448439548552
17,86,280,124.73555507866871
17,87,279,124.83364614359223
17,88,278,124.56712380179164
17,89,277,124.3658860815045
17,90,276,124.67164261151854
17,91,275,124.08412778218482
17,92,274,124.2064019601656
17,93,273,124.49070375053874
17,94,272,124.61374547817482
17,95,271,124.47567903400447
17,96,270,124.60339738401308
17,97,269,124.5205710741883
17,98,268,124.66648259182315
17,99,267,124.84981044166761
17,100,266,124.93104046286577
17,101,265,124.79994337865824
17,102,264,124.91880616075659
17,103,263,124.9189067602222
17,104,262,124.90893776662975
17,105,261,124.73512253382125
17,106,260,124.98921293880434
17,107,259,125.0
17,108,258,124.84033849166919
17,109,257,124.63736427467907
17,110,256,125.0
17,111,255,125.0
17,112,254,125.0
17,113,253,125.0
17,114,252,125.0
17,115,251,125.0
17,116,250,125.0
17,117,249,125.0
17,118,248,125.0
17,119,247,125.0
17,120,246,125.0
17,121,245,124.7022165738965
17,122,244,124.83709899206536
17,123,243,124.90613785945322
17,124,242,125.0
17,125,241,125.0
17,126,240,125.0
17,127,239,124.96624370827135
17,128,238,124.76817302282745
17,129,237,125.0
17,130,236,123.74103451812135
17,131,235,124.73076837511141
17,132,234,124.54406001049529
17,133,233,124.66982752608615
17,134,232,124.37528052378002
17,135,231,124.10551161570356
17,136,230,124.27664824915712
17,137,229,124.35168269084943
17,138,228,124.56255227180259
17,139,227,124.70663157789375
17,140,226,124.59118323186524
17,141,225,124.71559438380095
17,142,224,124.57167447567741
17,143,223,124.64618763135746
17,144,222,124.10078758593065
17,145,221,123.97963069516717
17,146,220,124.21743859249267
17,147,219,124.58423066907807
17,148,218,124.39691311910137
17,149,217,124.61591170714814
17,150,216,124.4904466864023
17,151,215,124.30230426730455
17,152,214,124.19615383628772
17,153,213,124.23697464590981
17,154,212,124.33325123128552
17,155,211,124.10297306353
17,156,210,123.9793818046108
17,157,209,124.07736965388959
17,158,208,124.17270860985253
17,159,207,124.24936804691839
17,160,206,123.87566652018255
17,161,205,123.86714710145144
17,162,204,124.72019635228084
17,163,203,124.83398600600887
17,164,202,125.0
17,165,201,125.0
17,166,200,125.0
17,167,199,125.0
17,168,198,125.0
17,169,197,125.0
17,170,196,125.0
17,171,195,125.0
17,172,194,124.90015651624127
17,173,193,124.99170394248908
17,174,192,124.71789871901987
17,175,191,124.81119317359142
17,176,190,124.91731732430074
17,177,189,125.0
17,178,188,124.91023226104817
17,179,187,125.0
17,180,186,125.0
17,181,185,125.0
17,182,184,125.0
17,183,183,125.0
17,184,182,124.81432419616027
17,185,181,124.85457600854136
17,186,180,124.68380861468245
17,187,179,125.0
17,188,178,125.0
17,189,177,125.0
17,190,176,125.0
17,191,175,125.0
17,192,174,125.0
17,193,173,125.0
17,194,172,125.0
17,195,171,125.0
17,196,170,125.0
17,197,169,124.88139769609657
17,198,168,124.64541137899062
17,199,167,124.67576204077955
17,200,166,124.1579851268668
17,201,165,124.81836780585289
17,202,164,124.9306072305159
17,203,163,124.62403104805162
17,204,162,124.86564132098425
17,205,161,124.82007567597338
17,206,160,124.87712755126262
17,207,159,124.95798970273668
17,208,158,124.74025614649574
17,209,157,125.0
17,210,156,125.0
17,211,155,125.0
17,212,154,125.0
17,213,153,125.0
17,214,152,125.0
17,215,151,124.98522904439614
17,216,150,125.0
17,217,149,125.0
17,218,148,125.0
17,219,147,125.0
17,220,146,125.0
17,221,145,125.0
17,222,144,124.68343114412582
17,223,143,122.51175093066976
17,224,142,121.77338762219769
17,225,141,123.77618381352636
17,226,140,123.61019118059963
17,227,139,121.68796939046601
17,228,138,122.56092357877225
17,229,137,122.13599596267005
17,230,136,122.25302002243723
18,40,336,123.68996547571601
18,41,335,124.0863634508259
18,42,334,123.6148330591115
18,43,333,124.5159808159779
18,44,332,123.76689340427595
18,45,331,124.3905491368887
18,46,330,124.15646017670684
18,47,329,124.27408109964747
18,48,328,124.20919079315821
18,49,327,125.0
18,50,326,124.61194847129534
18,51,325,124.62918151829153
18,52,324,124.42767013523489
18,53,323,124.33771136451988
18,54,322,124.40974619349791
18,55,321,124.68023986780257
18,56,320,124.88978214498968
18,57,319,125.0
18,58,318,125.0
18,59,317,124.54587058050882
18,60,316,124.22257330596621
18,61,315,123.70531868624369
18,62,314,123.87253410205818
18,63,313,124.3528276248853
18,64,312,124.48814055058055
18,65,311,124.74322304281569
18,66,310,124.94005045687666
18,67,309,124.92620751714622
18,68,308,124.87444863520449
18,69,307,124.80299491543121
18,70,306,124.74612523338716
18,71,305,124.6945381725975
18,72,304,124.84294722171134
18,73,303,124.7521667958128
18,74,302,124.50719752779163
18,75,301,124.64777324324508
18,76,300,124.52438948683911
18,77,299,124.205922863978
18,78,298,125.0
18,79,297,122.76489928685302
18,80,296,124.10203826690206
18,81,295,123.66509404941243
18,82,294,124.01153276202656
18,83,293,123.7755990534029
18,84,292,123.84440401086118
18,85,291,124.24512965163044
18,86,290,123.66278245860371
18,87,289,124.26424054817682
18,88,288,124.58434508620432
18,89,287,124.18646043046618
18,90,286,123.8311842637114
18,91,285,121.61344963400288
18,92,284,124.2638093747376
18,93,283,124.31078320967663
18,94,282,124.38766198534793
18,95,281,123.08074764531642
18,96,280,123.25670195959218
18,97,279,121.84919380196575
18,98,278,120.47461187988469
18,99,277,123.59449314844288
18,100,276,124.08458654888463
18,101,275,124.63321822011547
18,102,274,124.38157051938167
18,103,273,124.59722712153057
18,104,272,124.29058201390382
18,105,271,124.48110441220693
18,106,270,124.3397609801293
18,107,269,124.01998139998796
18,108,268,123.70244740227623
18,109,267,123.91643207350086
18,110,266,123.18472404478902
18,111,265,123.18535916206451
18,112,264,123.34922795810172
18,113,263,123.48700631643972
18,114,262,123.51234908565033
18,115,261,123.93481363579309
18,116,260,123.99737515831379
18,117,259,124.28932905033184
18,118,258,124.04248820773354
18,119,257,123.68034743390052
18,120,256,123.38868113959217
18,121,255,123.30430058065838
18,122,254,122.82599828461724
18,123,253,122.85977679496172
18,124,252,123.16741219521732
18,125,251,123.37193988084042
18,126,250,122.85996953178645
18,127,249,122.53212362596057
18,128,248,123.9587142290406
18,129,247,123.27502069565327
18,130,246,123.47295586758344
18,131,245,123.24684739526018
18,132,244,123.85241372232115
18,133,243,123.98032757775229
18,134,242,123.78859228847908
18,135,241,123.72841011111427
18,136,240,122.53313071248127
18,137,239,120.3968764295149
18,138,238,117.88004783413325
18,139,237,123.84465857628533
18,140,236,123.18162797476643
18,141,235,123.22217732062589
18,142,234,122.57260250420232
18,143,233,123.75219010265687
18,144,232,123.69886860641377
18,145,231,123.657123920533
18,146,230,123.50646155390994
18,147,229,123.72368292580971
18,148,228,123.94948081208511
18,149,227,124.08021255078327
18,150,226,123.99465134612322
18,151,225,124.15726079635589
18,152,224,124.34481052179787
18,153,223,124.88006558420108
18,154,222,125.0
18,155,221,125.0
18,156,220,125.0
18,157,219,125.0
18,158,218,125.0
18,159,217,123.59894927701279
18,160,216,122.93013464597715
18,161,215,122.97411952418653
18,162,214,123.11288145269054
18,163,213,123.12037443600147
18,164,212,122.88418245453104
18,165,211,122.99153835883249
18,166,210,123.53164255719668
18,167,209,123.06386604115802
18,168,208,122.95342707532745
18,169,207,122.99687095261831
18,170,206,122.61780401535145
18,171,205,122.27865958446176
18,172,204,123.04101993957207
18,173,203,123.98513256919678
18,174,202,123.99375743480084
18,175,201,124.0164305395939
18,176,200,123.98510415536802
18,177,199,123.98605484354826
18,178,198,124.24188523575427
18,179,197,124.22954860192827
18,180,196,123.7022669649265
18,181,195,123.36785783803158
18,182,194,123.1364894301787
18,183,193,123.26877545112904
18,184,192,123.51356584282424
18,185,191,123.63204610535084
18,186,190,123.74536420728555
18,187,189,124.50682923915676
18,188,188,124.27924585980534
18,189,187,123.97288951602891
18,190,186,124.29851679992073
18,191,185,123.89367236956838
18,192,184,124.01542291960864
18,193,183,124.37442041260923
18,194,182,123.70288421209955
18,195,181,124.54064442073272
18,196,180,124.51860959467842
18,197,179,124.38263001335775
18,198,178,124.36936398057674
18,199,177,124.27027210937521
18,200,176,124.46612715035997
18,201,175,123.88172467700409
18,202,174,123.88734524155018
18,203,173,123.95223288185788
18,204,172,124.4181671505936
18,205,171,124.48918912070609
18,206,170,124.22786629519834
18,207,169,124.01834021107724
18,208,168,124.2250077794441
18,209,167,124.32375619365729
18,210,166,124.62448835113578
18,211,165,124.46654809599221
18,212,164,122.44596292910259
18,213,163,123.3772848931185
18,214,162,123.23762065670269
18,215,161,123.74809336886833
18,216,160,124.14280973957327
18,217,159,124.44699611895726
18,218,158,123.63377298825873
18,219,157,123.66023928781937
18,220,156,124.35298702580613
18,221,155,123.83271989095265
18,222,154,122.77437235731996
18,223,153,123.40406897585208
18,224,152,123.3991933844315
18,225,151,123.0354967815723
18,226,150,123.63548736354261
18,227,149,123.59169151825972
18,228,148,123.38178588228348
18,229,147,123.16524538812294
18,230,146,123.31955824879532
18,231,145,122.95192695901382
18,232,144,122.26482425760227
18,233,143,123.71070105674089
18,234,142,123.71929428602732
18,235,141,122.3026343463446
18,236,140,123.72292630049759
18,237,139,123.38205896271953
18,238,138,124.10359659643063
18,239,137,123.79315650761237
18,240,136,124.2387650343714
18,241,135,123.91851910880462
18,242,134,122.76446767648417
18,243,133,121.12582009200696
18,244,132,122.95880265672133
19,40,160,124.18630594863494
19,41,159,124.02423751995596
19,42,158,123.70009163385754
19,43,157,123.83309425501949
19,44,156,123.55256776452026
19,45,155,123.38777307451797
19,46,154,123.24486890010398
19,47,153,122.85370611601627
19,48,152,122.92435986361932
19,49,151,122.86865958722672
19,50,150,122.09866880229802
19,51,149,122.29239030175614
19,52,148,121.8862140773343
19,53,147,122.60478731115408
19,54,146,122.55190410200018
19,55,145,122.82325232079454
19,56,144,123.42531475447028
19,57,143,123.06006023094072
19,58,142,123.23399578949281
19,59,141,123.08545972764261
19,60,140,122.45343042383794
19,61,139,123.00774008877784
19,62,138,122.05972618389731
19,63,137,122.56734467094796
19,64,136,122.38966778668728
19,65,135,122.5121171917072
19,66,134,122.2197821102055
19,67,133,119.57874547373564
19,68,132,119.63225548330739
19,69,131,119.08580350522955
19,70,130,117.3452957292599
19,71,129,117.87066721319582
19,72,128,118.04246700530062
19,73,127,118.70310930847253
19,74,126,119.77369753163813
19,75,125,119.56258327641432
19,76,124,120.76554931632829
19,77,123,120.92258612657652
19,78,122,120.86702288135615
19,79,121,120.07789959801147
19,80,120,120.53231541703374
19,81,119,120.11470835060726
19,82,118,121.5084265527237
19,83,117,122.33027649479331
19,84,116,120.47082498623332
19,85,115,121.04204698098158
19,86,114,120.67163124314055
19,87,113,119.95856108049678
19,88,112,118.51302964080408
19,89,111,117.59564386233411
19,90,110,115.19558701574522
19,91,109,113.17592380476201
19,92,108,110.27587575210383
19,93,107,105.97732413240615
19,94,106,107.67458223779492
19,95,105,110.7804433001659
19,96,104,113.11101132975217
19,97,103,113.93447124085364
19,98,102,111.63067358314638
19,99,101,111.59249279025195
19,100,100,114.61183176522488
19,101,99,116.08980820345819
19,102,98,116.61725397087876
19,103,97,116.6677824111338
19,104,96,113.87525758382753
19,105,95,108.32696675594616
19,106,94,111.35222184394264
19,107,93,114.30346168021936
19,108,92,117.10348612623295
19,109,91,117.89251235318366
19,110,90,115.61776121698
19,111,89,116.32319531701923
19,112,88,114.9359253686001
19,113,87,115.28242036631949
19,114,86,116.47237632842192
19,115,85,116.0449901168578
20,40,223,124.8560262355573
20,41,222,125.0
20,42,221,124.96072999765954
20,43,220,124.97862863012674
20,44,219,124.97306509550155
20,45,218,125.0
20,46,217,124.99589367428845
20,47,216,124.82609218592002
20,48,215,124.97942326777914
20,49,214,124.95137327646691
20,50,213,124.92628088541923
20,51,212,124.8222699490622
20,52,211,124.52878024592553
20,53,210,124.55605798104868
20,54,209,124.76290167779639
20,55,208,124.6922513989235
20,56,207,124.58901952463245
20,57,206,122.74224350191659
20,58,205,122.22835104681221
20,59,204,121.90664232202985
20,60,203,121.90433028231757
20,61,202,121.50658285818997
20,62,201,122.43397715436451
20,63,200,121.86593214073062
20,64,199,122.24005447909016
20,65,198,122.34438220896345
20,66,197,122.74056511752481
20,67,196,122.83164703868033
20,68,195,121.85567784796135
20,69,194,124.55690798171102
20,70,193,124.06115304667767
20,71,192,124.26259846074754
20,72,191,124.24826893419926
20,73,190,124.52836705893202
20,74,189,124.34781105928607
20,75,188,124.58308626995739
20,76,187,124.73223800970295
20,77,186,124.6411438404969
20,78,185,124.67756799538421
20,79,184,124.65778567711523
20,80,183,124.48197536980426
20,81,182,124.90593970427052
20,82,181,124.84577868873566
20,83,180,124.8516560057797
20,84,179,124.82659147143919
20,85,178,124.97110324626627
20,86,177,124.99506801877882
20,87,176,125.0
20,88,175,125.0
20,89,174,125.0
20,90,173,124.87566543844613
20,91,172,124.88878976149185
20,92,171,125.0
20,93,170,124.38072822097625
20,94,169,123.81251450841664
20,95,168,123.9953936252868
20,96,167,122.41805430298179
20,97,166,122.6325338770088
20,98,165,120.34850873255911
20,99,164,121.4873870680486
20,100,163,120.06414150112013
20,101,162,121.52915249650675
20,102,161,123.73238721504819
20,103,160,122.65084726893578
20,104,159,121.91659338204394
20,105,158,121.27723580486612
20,106,157,121.3141837666196
20,107,156,121.04009038568022
20,108,155,121.29616827357889
20,109,154,123.19493819433633
20,110,153,123.11594129766041
20,111,152,123.4502607435561
20,112,151,123.04330839790019
20,113,150,123.0650891722218
20,114,149,122.6187841610951
20,115,148,122.30998782685509
20,116,147,121.51128643106644
20,117,146,121.93179880600505
20,118,145,122.5632228234661
20,119,144,122.42269852274484
20,120,143,122.02698643700398
20,121,142,120.85045497843555
20,122,141,119.98144681624322
20,123,140,120.44738566504248
20,124,139,120.71540053415886
20,125,138,121.9301346899494
20,126,137,122.31357858486666
20,127,136,121.98890751836149
20,128,135,122.19978807355687
20,129,134,121.46542234776567
20,130,133,121.74656170277184
20,131,132,122.4252694862181
20,132,131,121.70969734858697
20,133,130,119.91011285364013
20,134,129,117.59264692064309
20,135,128,110.16447963989526
20,136,127,116.73084575679516
20,137,126,115.02561687195693
20,138,125,111.67392657620535
20,139,124,117.58104487632139
20,140,123,116.69274876063608
20,141,122,118.3042853632775
20,142,121,118.87423182923406
20,143,120,117.39705723631977
20,144,119,116.86017661114747
20,145,118,114.03661808619371
20,146,117,112.47444663225738
20,147,116,112.50556013704524
20,148,115,113.17448075493294
20,149,114,107.9636412457007
20,150,113,110.41327424249673
20,151,112,109.21664717585747
20,152,111,110.10840206242021
20,153,110,107.15826418209286
20,154,109,103.86718352719635
20,155,108,102.05305218407818
20,156,107,100.80067741088536
20,157,106,95.08818187451287
20,158,105,91.74202898559511
20,159,104,88.82748963374509
20,160,103,87.19331766462248
20,161,102,87.69042568380132
20,162,101,87.24236144318306
20,163,100,91.0079186270663
20,164,99,95.70778493850038
20,165,98,99.00518867094021
20,166,97,103.02399348925425
20,167,96,98.2742654756488
20,168,95,99.81951599601805
20,169,94,95.26071585050143
20,170,93,98.67941503126215
20,171,92,98.64315178394342
20,172,91,95.93932512860752
20,173,90,96.58049450812173
20,174,89,96.85956989516012
20,175,88,95.5016330053237
20,176,87,98.24968120810226
20,177,86,96.5295303543187
20,178,85,95.85921496087767
20,179,84,95.92869287108782
20,180,83,95.26211529505457
20,181,82,96.01297510617763
20,182,81,98.3169572046279
20,183,80,98.61352793965483
20,184,79,101.03916882330039
20,185,78,100.11470057156757
20,186,77,97.15300542549375
20,187,76,91.09863407178696
20,188,75,88.61641900809194
20,189,74,80.67326252624414
20,190,73,77.9601009745983
20,191,72,76.6021073560357
20,192,71,69.7029335549372
20,193,70,65.61482802467367
20,194,69,64.71761165201414
20,195,68,62.99612206367194
20,196,67,60.78913089826946
20,197,66,59.112984106247076
20,198,65,58.915569226060654
20,199,64,61.33524150995288
20,200,63,58.87237183599547
20,201,62,59.1857720097736
20,202,61,57.602877680964056
20,203,60,56.59579774360763
20,204,59,57.0289667589885
20,205,58,55.037982546388605
20,206,57,55.96029252091105
20,207,56,54.24190860749202
21,40,241,122.57173046724009
21,41,240,122.37448434049057
21,42,239,121.93035033349085
21,43,238,120.44604838385268
21,44,237,120.99320693516856
21,45,236,124.76061570304554
21,46,235,124.47965275141073
21,47,234,124.97325491929442
21,48,233,124.9962617532235
21,49,232,124.72221110792105
21,50,231,125.0
21,51,230,124.81779679817598
21,52,229,124.84291690667675
21,53,228,124.57904378547511
21,54,227,124.0656262995122
21,55,226,124.57248461392416
21,56,225,124.64367584839154
21,57,224,124.57916199311812
21,58,223,124.42830341534713
21,59,222,124.7383621689641
21,60,221,124.83620029428242
21,61,220,125.0
21,62,219,124.64510355933136
21,63,218,124.90839624872513
21,64,217,125.0
21,65,216,123.84579183581826
21,66,215,124.63914335664771
21,67,214,124.96012017714997
21,68,213,125.0
21,69,212,124.9186936513484
21,70,211,124.45803887592771
21,71,210,124.38190006514921
21,72,209,124.50007701280545
21,73,208,124.3436601481863
21,74,207,124.84258147511974
21,75,206,124.75605032626984
21,76,205,124.52985492642549
21,77,204,124.73656930572773
21,78,203,124.94724859985571
21,79,202,124.91846665859646
21,80,201,124.96156202458232
21,81,200,124.95156075610318
21,82,199,124.86418583452155
21,83,198,124.6987576009095
21,84,197,124.31478392988168
21,85,196,124.52836726410817
21,86,195,123.7138809414106
21,87,194,123.33708517459291
21,88,193,123.26370197359992
21,89,192,122.9918100364093
21,90,191,123.91014486525938
21,91,190,124.71726427177626
21,92,189,123.91288626341557
21,93,188,125.0
21,94,187,124.34698373294088
21,95,186,125.0
21,96,185,123.13299320721401
21,97,184,125.0
21,98,183,123.90805656461374
21,99,182,122.44446609653372
21,100,181,120.08787128396749
21,101,180,119.43630700911984
21,102,179,107.52749950238274
21,103,178,107.82709282051623
21,104,177,105.94423215614022
21,105,176,108.18537525623674
21,106,175,116.26788460258231
21,107,174,118.23674133197018
21,108,173,118.82722289131722
21,109,172,120.18978025847326
21,110,171,121.11963002459746
21,111,170,122.20139620116039
21,112,169,123.91989894712246
21,113,168,123.04633795619998
21,114,167,125.0
21,115,166,125.0
21,116,165,125.0
21,117,164,125.0
21,118,163,125.0
21,119,162,125.0
21,120,161,124.84321517721011
21,121,160,124.99129628294577
21,122,159,124.43604314675696
21,123,158,124.49887107285583
21,124,157,123.67321055500321
21,125,156,124.93245023972463
21,126,155,124.32885901209872
21,127,154,125.0
21,128,153,125.0
21,129,152,124.39970790407013
21,130,151,124.68414258178876
21,131,150,124.0083535934063
21,132,149,124.33407972093852
21,133,148,124.64163080826869
21,134,147,124.51257754657632
21,135,146,124.94713557161373
21,136,145,124.82792176567949
21,137,144,125.0
21,138,143,124.80994214576151
21,139,142,124.83515073932784
21,140,141,122.46135657650515
21,141,140,121.84538835458368
21,142,139,120.53120666542117
21,143,138,116.92003255425303
21,144,137,115.71869636622142
21,145,136,114.64534746395735
21,146,135,113.83451701192226
21,147,134,113.32853280874532
21,148,133,114.83675668414365
21,149,132,114.11577063285483
21,150,131,112.40517240302776
21,151,130,109.06702190082332
21,152,129,108.13975648043532
21,153,128,108.28875430631265
21,154,127,104.3008081242115
21,155,126,102.57442176062395
21,156,125,101.49494019005522
21,157,124,99.17701633587176
21,158,123,100.15870070044319
21,159,122,99.31117728715391
21,160,121,99.28376096053658
21,161,120,100.45590408836964
21,162,119,100.44458322598385
21,163,118,100.72702614205804
21,164,117,101.22140957124364
21,165,116,103.15253546144167
21,166,115,99.42787719357989
21,167,114,100.97359960741011
21,168,113,101.90304739470002
21,169,112,97.28585303961978
21,170,111,96.94741392820089
21,171,110,99.28491289037754
21,172,109,97.68990085101113
21,173,108,99.12206930697837
21,174,107,99.56439249959638
21,175,106,99.5261513839531
21,176,105,107.78699455942242
21,177,104,110.68700620923732
21,178,103,112.04027236361841
21,179,102,111.1775726226597
21,180,101,109.62221218628282
21,181,100,108.16675895096085
21,182,99,106.73085049064191
21,183,98,105.70562231689948
21,184,97,105.22971776265739
21,185,96,101.8824976967716
21,186,95,101.62795517189359
21,187,94,102.19061853760246
21,188,93,104.90267608813963
21,189,92,100.91404644980582
21,190,91,95.53111605553516
21,191,90,89.83866944724204
21,192,89,83.6795767530204
21,193,88,81.93261483237796
21,194,87,82.21927506853929
21,195,86,82.18219113585462
21,196,85,80.36831407410551
21,197,84,78.84310884138841
21,198,83,80.23148360585817
21,199,82,77.59153647678507
21,200,81,77.62756410072171
21,201,80,78.05479639485071
21,202,79,78.93644657978786
21,203,78,77.14962809741752
21,204,77,79.67190960609611
21,205,76,78.50286717813967
21,206,75,76.3747137152012
21,207,74,73.23448743722273
21,208,73,72.90119689359861
21,209,72,71.57928370929628
21,210,71,70.39874547000562
21,211,70,68.71134828813462
21,212,69,68.78197505487157
21,213,68,67.05640515971461
21,214,67,66.42238873690846
21,215,66,67.11229939715179
21,216,65,65.80806816212728
21,217,64,66.01957172013128
21,218,63,66.55322890653753
21,219,62,65.83564971747681
21,220,61,63.52239563422423
21,221,60,61.473743887550484
21,222,59,60.71283481408113
21,223,58,65.58393234560322
21,224,57,62.74541062176913
21,225,56,60.380026876097396
21,226,55,62.390371286416965
21,227,54,62.22528465052275
21,228,53,61.440963279406965
21,229,52,60.21162223270246
21,230,51,54.54135833269428
21,231,50,52.176349079153816
21,232,49,51.304856154329386
21,233,48,51.520997624851034
21,234,47,50.677885120375606
21,235,46,48.87485605401104
21,236,45,49.68177471874376
21,237,44,48.85165009457894
21,238,43,49.559188360361496
21,239,42,47.84976111256147
21,240,41,46.63782164873167
21,241,40,44.64141605508226
21,242,39,38.16483038259268
21,243,38,38.78924506118073
21,244,37,37.532378115663164
21,245,36,34.47105262816041
21,246,35,34.75218821592236
21,247,34,34.11981409435337
21,248,33,34.517263041651375
21,249,32,33.72132748618532
21,250,31,32.52522540822413
21,251,30,30.876741421248944
21,252,29,29.611506098823348
21,253,28,28.742877172167752
21,254,27,29.921726000911562
21,255,26,27.544899801641336
21,256,25,27.899325236596752
21,257,24,27.075690173734532
21,258,23,25.422056375087116
21,259,22,24.868590531849993
21,260,21,24.049811499996093
21,261,20,21.441646101321446
21,262,19,20.078252909843783
21,263,18,18.250893808300617
22,40,198,124.58560386695942
22,41,197,124.75687870148363
22,42,196,124.68388352422963
22,43,195,124.57087348379886
22,44,194,124.23278736476425
22,45,193,123.8758817260211
22,46,192,123.96633009296801
22,47,191,124.42472916193843
22,48,190,124.2051592263565
22,49,189,124.02665638783301
22,50,188,123.43308005231722
22,51,187,123.57268848572815
22,52,186,123.8723207073958
22,53,185,124.30597642281532
22,54,184,124.30087482706148
22,55,183,124.31814229787344
22,56,182,124.3813332604395
22,57,181,124.56698891710147
22,58,180,124.68590321139982
22,59,179,124.73742672162639
22,60,178,125.0
22,61,177,125.0
22,62,176,124.87879671972298
22,63,175,124.9535934316469
22,64,174,125.0
22,65,173,124.36778791977576
22,66,172,124.63187911367125
22,67,171,124.2939653355727
22,68,170,124.35769272193643
22,69,169,124.37852318083398
22,70,168,124.61763178936135
22,71,167,123.83583691365735
22,72,166,123.48289937198169
22,73,165,123.6744033334738
22,74,164,124.70562012913393
22,75,163,123.68102771267968
22,76,162,123.96111004291896
22,77,161,124.57667947761854
22,78,160,124.45579583148584
22,79,159,124.58322573211674
22,80,158,124.48431349080636
22,81,157,124.33238282632817
22,82,156,124.28280951918835
22,83,155,123.87995922164632
22,84,154,122.7711163338673
22,85,153,122.74097905220886
22,86,152,120.6461925514756
22,87,151,117.358420507906
22,88,150,116.22451961425
22,89,149,117.78464569483788
22,90,148,114.59707717749251
22,91,147,114.57141665543432
22,92,146,118.84815795291757
22,93,145,119.17277576142138
22,94,144,119.70242213748023
22,95,143,119.92622993763092
22,96,142,119.82735701892521
22,97,141,120.41327977228555
22,98,140,121.45031989946149
22,99,139,120.40094137477081
22,100,138,121.67411458920529
22,101,137,121.80465187977077
22,102,136,123.20246310716577
22,103,135,122.57229310035754
22,104,134,121.73165654539821
22,105,133,121.21424822406613
22,106,132,120.9812061112207
22,107,131,122.95686466455678
22,108,130,120.7402006949361
22,109,129,122.24465052548723
22,110,128,122.35553146169235
22,111,127,122.26477055239766
22,112,126,120.15255636536908
22,113,125,120.81999814570747
22,114,124,121.24151677880758
22,115,123,122.11860875047827
22,116,122,121.51306207074441
22,117,121,121.35481799610415
22,118,120,120.38962157605314
22,119,119,121.7835695340936
23,40,443,124.11632401729979
23,41,442,123.96374900068415
23,42,441,124.05226679621076
23,43,440,124.29055658196914
23,44,439,124.72965117960533
23,45,438,124.70806648977089
23,46,437,124.68933870186433
23,47,436,124.59759049209342
23,48,435,124.51978553533036
23,49,434,124.83563311301931
23,50,433,124.69009195409834
23,51,432,125.0
23,52,431,124.86180568878876
23,53,430,125.0
23,54,429,125.0
23,55,428,125.0
23,56,427,125.0
23,57,426,124.67024449477643
23,58,425,122.29754049843746
23,59,424,123.93187912747376
23,60,423,124.57369329020688
23,61,422,124.72258790396297
23,62,421,124.33942812678045
23,63,420,124.2539651053027
23,64,419,124.07927605814191
23,65,418,124.32323654533275
23,66,417,124.35996860663383
23,67,416,124.14388076329091
23,68,415,124.53725837626496
23,69,414,124.38292551576264
23,70,413,124.26354167376918
23,71,412,124.11468778945815
23,72,411,123.7973881596701
23,73,410,123.29784521900861
23,74,409,123.6809917889558
23,75,408,123.75461260650992
23,76,407,123.87384431203776
23,77,406,124.07770554705999
23,78,405,124.24513535197278
23,79,404,124.1939318940597
23,80,403,124.39927931459938
23,81,402,124.3469273622768
23,82,401,123.97280097412673
23,83,400,123.76131743109042
23,84,399,123.62407810390118
23,85,398,123.6482802137493
23,86,397,123.72834170613079
23,87,396,123.41807855240148
23,88,395,123.74823220406691
23,89,394,123.47682278586873
23,90,393,123.45371390526884
23,91,392,122.39193326407042
23,92,391,122.2187581011294
23,93,390,122.16762511976337
23,94,389,123.52970544943764
23,95,388,123.29428138805419
23,96,387,123.34000105435246
23,97,386,123.30063272693377
23,98,385,123.38019147924538
23,99,384,123.52191195549875
23,100,383,123.69239390689816
23,101,382,123.87788271073819
23,102,381,121.81793557588244
23,103,380,124.47951163295318
23,104,379,124.3181216703583
23,105,378,124.07349789490931
23,106,377,124.08140967697649
23,107,376,123.66528586721594
23,108,375,123.91355009169223
23,109,374,124.12672754382334
23,110,373,123.25843566632304
23,111,372,124.01237419552137
23,112,371,121.6732549328716
23,113,370,120.35000021554765
23,114,369,121.44285651914242
23,115,368,121.0101986343416
23,116,367,122.06095380720589
23,117,366,122.99830647332104
23,118,365,123.92666093642598
23,119,364,124.4753564761904
23,120,363,124.60808390164537
23,121,362,124.5150141989397
23,122,361,124.38578562515622
23,123,360,124.62950099715286
23,124,359,123.94511531241604
23,125,358,124.70597958184408
23,126,357,124.74122554079432
23,127,356,124.77153602897206
23,128,355,124.32243495355777
23,129,354,124.84393450443694
23,130,353,124.75565198208938
23,131,352,124.97973257187584
23,132,351,124.80327740798137
23,133,350,124.68782168739796
23,134,349,125.0
23,135,348,125.0
23,136,347,124.71775673242568
23,137,346,124.49136642747703
23,138,345,124.60838887655424
23,139,344,124.2802916829671
23,140,343,124.5726346707068
23,141,342,124.74706270240645
23,142,341,124.7933190613529
23,143,340,124.93588890762317
23,144,339,124.58854443034403
23,145,338,124.92308417802471
23,146,337,124.83146965543403
23,147,336,124.97479234531548
23,148,335,124.70161319219291
23,149,334,124.9745743843001
23,150,333,125.0
23,151,332,124.83257870597275
23,152,331,124.6754278617332
23,153,330,124.81644513853672
23,154,329,124.92386035658222
23,155,328,124.96831506248284
23,156,327,125.0
23,157,326,124.68938631146733
23,158,325,124.7263934049548
23,159,324,125.0
23,160,323,125.0
23,161,322,124.7381323968902
23,162,321,124.9274354958774
23,163,320,124.92519901775978
23,164,319,125.0
23,165,318,125.0
23,166,317,125.0
23,167,316,125.0
23,168,315,124.25691873800335
23,169,314,124.06026687981056
23,170,313,124.5122831102834
23,171,312,124.41603759410327
23,172,311,124.49963180111638
23,173,310,124.77943344269804
23,174,309,124.92353655417476
23,175,308,124.9847119435916
23,176,307,124.43669883683197
23,177,306,124.62066661105975
23,178,305,123.84788192266836
23,179,304,123.97704506012971
23,180,303,123.97382705084834
23,181,302,124.84346697811986
23,182,301,123.11226590218001
23,183,300,124.57853934795129
23,184,299,124.80443299961934
23,185,298,125.0
23,186,297,125.0
23,187,296,124.98490706161131
23,188,295,125.0
23,189,294,124.84198543767043
23,190,293,124.42473334703797
23,191,292,124.85202115808853
23,192,291,125.0
23,193,290,124.55838655575042
23,194,289,124.88101091180242
23,195,288,124.89412598935769
23,196,287,124.87201475557504
23,197,286,125.0
23,198,285,125.0
23,199,284,125.0
23,200,283,125.0
23,201,282,125.0
23,202,281,125.0
23,203,280,125.0
23,204,279,124.95830901337254
23,205,278,125.0
23,206,277,125.0
23,207,276,124.99608933721112
23,208,275,124.83177127484058
23,209,274,124.45308631711494
23,210,273,124.64128627366814
23,211,272,124.49876887212257
23,212,271,124.36007212900995
23,213,270,124.58707475656423
23,214,269,124.78942052526003
23,215,268,124.87626602939193
23,216,267,124.52000089733065
23,217,266,124.57572008297294
23,218,265,124.96222887101955
23,219,264,124.30221445569703
23,220,263,124.0685818612182
23,221,262,124.19123867209939
23,222,261,123.83978837240807
23,223,260,124.38211749133141
23,224,259,124.60071921629431
23,225,258,124.33094138569965
23,226,257,124.86631011071104
23,227,256,124.7916242028272
23,228,255,124.59862365802607
23,229,254,124.9291494138247
23,230,253,125.0
23,231,252,125.0
23,232,251,125.0
23,233,250,125.0
23,234,249,125.0
23,235,248,124.984472317285
23,236,247,124.92994758428375
23,237,246,124.83264448929003
23,238,245,125.0
23,239,244,125.0
23,240,243,125.0
23,241,242,124.92690335533426
23,242,241,124.99504493636888
23,243,240,124.90649304192107
23,244,239,125.0
23,245,238,124.73901694833461
23,246,237,124.85150304815465
23,247,236,125.0
23,248,235,125.0
23,249,234,125.0
23,250,233,124.9559456467556
23,251,232,124.92120450901044
23,252,231,125.0
23,253,230,123.95400714793392
23,254,229,124.05540790484355
23,255,228,124.40944831684604
23,256,227,124.75315541200902
23,257,226,125.0
23,258,225,124.9521786035842
23,259,224,125.0
23,260,223,125.0
23,261,222,125.0
23,262,221,125.0
23,263,220,125.0
23,264,219,125.0
23,265,218,125.0
23,266,217,124.8729774714027
23,267,216,125.0
23,268,215,124.90212959030015
23,269,214,125.0
23,270,213,125.0
23,271,212,125.0
23,272,211,125.0
23,273,210,125.0
23,274,209,125.0
23,275,208,125.0
23,276,207,125.0
23,277,206,125.0
23,278,205,124.91109449005447
23,279,204,124.78267002933998
23,280,203,124.80627735089894
23,281,202,124.68713954250873
23,282,201,124.92245021088338
23,283,200,125.0
23,284,199,125.0
23,285,198,125.0
23,286,197,125.0
23,287,196,124.9922113460911
23,288,195,124.96009059521555
23,289,194,125.0
23,290,193,125.0
23,291,192,125.0
23,292,191,124.71102233034759
23,293,190,124.96713995660087
23,294,189,123.93324021878452
23,295,188,124.35202022328548
23,296,187,125.0
23,297,186,125.0
23,298,185,124.4695779397459
23,299,184,124.78413266818453
23,300,183,124.72368654641271
23,301,182,124.1333236920458
23,302,181,123.79438310978614
23,303,180,122.7428991986408
23,304,179,123.12346678334424
23,305,178,122.94654783729699
23,306,177,121.99273347717079
23,307,176,123.07696883757473
23,308,175,122.12270404706072
23,309,174,122.9045598548944
23,310,173,123.83703291025934
23,311,172,123.16831398547814
23,312,171,123.3769167266767
23,313,170,123.12619323464821
23,314,169,123.2265041137762
23,315,168,122.33415847295676
23,316,167,122.06630594371491
23,317,166,122.4874447327972
23,318,165,123.3237844490809
23,319,164,123.31676414337107
23,320,163,123.38095213308594
23,321,162,122.89371803004889
23,322,161,124.355090885583
23,323,160,124.07665989759539
23,324,159,122.41622457303683
23,325,158,122.84326930557008
23,326,157,122.53448381251647
23,327,156,122.34999686144783
23,328,155,122.42284636163026
23,329,154,122.08766793309817
23,330,153,123.3700316229494
23,331,152,123.15373612242882
23,332,151,122.38284338966734
23,333,150,121.60967804881025
23,334,149,122.0856253324653
23,335,148,122.4885422880401
23,336,147,122.05552376195078
23,337,146,122.16798676189269
23,338,145,121.18083963406637
23,339,144,118.7900169275145
23,340,143,118.05428262971681
23,341,142,118.26620104508541
23,342,141,114.85327853155991
23,343,140,115.95844718544642
23,344,139,116.58157512151769
23,345,138,118.12404184752627
23,346,137,115.65922209193644
23,347,136,116.33675234652412
23,348,135,116.11945104383115
23,349,134,113.5174219400292
23,350,133,113.37724758778239
23,351,132,112.87691912531201
23,352,131,110.77369451250124
23,353,130,113.8710025303952
23,354,129,110.8215741086926
23,355,128,110.33422001411373
23,356,127,108.95373728702674
23,357,126,110.76721844500698
23,358,125,110.35354465992859
23,359,124,110.91805078005925
23,360,123,111.80621683949926
23,361,122,110.99014237706243
23,362,121,116.40063210781038
23,363,120,113.35751279705319
23,364,119,115.16785352107762
23,365,118,115.618489540181
23,366,117,111.95220596517055
23,367,116,111.5756102712094
23,368,115,111.16705046760754
23,369,114,111.44633377157675
23,370,113,110.92487439635883
23,371,112,110.55649754729697
23,372,111,109.58920547527461
23,373,110,108.51479307163106
23,374,109,108.05847036466784
23,375,108,110.2102002269452
23,376,107,109.65038350520304
23,377,106,108.63083291714527
23,378,105,107.88280866963942
23,379,104,105.1719526643812
23,380,103,103.81816627499943
23,381,102,103.00714526703067
23,382,101,103.10336120125456
23,383,100,98.94654534695454
23,384,99,97.51077610563222
23,385,98,99.90028388307783
23,386,97,95.46108863581283
23,387,96,92.16701127974893
23,388,95,92.37462870067529
23,389,94,88.10335466065189
23,390,93,85.17602339093972
23,391,92,81.23734122653119
23,392,91,79.32776210248079
23,393,90,83.20882902685793
23,394,89,80.93364560265145
23,395,88,80.23761713388394
23,396,87,78.7820752876452
23,397,86,81.18118405330117
23,398,85,77.8109795971561
23,399,84,76.70484394876783
23,400,83,75.48082801417848
23,401,82,77.33580273892039
23,402,81,76.85181880924068
23,403,80,79.00684794784158
23,404,79,79.754992540607
23,405,78,75.47175585672292
24,40,444,124.7889229044525
24,41,443,124.94072624706214
24,42,442,124.95099220652597
24,43,441,124.73976510220675
24,44,440,124.57208939796924
24,45,439,124.87003075886362
24,46,438,124.69819133539357
24,47,437,124.99857677280555
24,48,436,125.0
24,49,435,125.0
24,50,434,124.88598630682458
24,51,433,124.72590723192243
24,52,432,124.36463108172988
24,53,431,124.50167804469719
24,54,430,124.58913388280726
24,55,429,124.59121976022166
24,56,428,124.19508179835515
24,57,427,124.35621951026383
24,58,426,124.07548652812369
24,59,425,124.3251035084784
24,60,424,124.02268202675644
24,61,423,123.92430580568978
24,62,422,122.80620496354042
24,63,421,123.39918015017602
24,64,420,123.54440552486635
24,65,419,123.04712618260015
24,66,418,122.87951946017355
24,67,417,122.47990331173285
24,68,416,123.06703407278431
24,69,415,122.48059622634935
24,70,414,122.68481628764044
24,71,413,121.93071247877725
24,72,412,122.22636776464773
24,73,411,122.20230868397402
24,74,410,123.05684474366815
24,75,409,121.90023543351978
24,76,408,121.5266604851827
24,77,407,122.3405112327458
24,78,406,121.95614488062449
24,79,405,122.18370211889386
24,80,404,123.01694402047079
24,81,403,123.19280442132528
24,82,402,123.0628137014358
24,83,401,123.13018496957173
24,84,400,121.17283106596483
24,85,399,121.58426538179624
24,86,398,122.59828970254333
24,87,397,123.63965511852155
24,88,396,122.86434503836207
24,89,395,122.96069637358218
24,90,394,123.26452045881642
24,91,393,123.46877741532045
24,92,392,123.77827253582406
24,93,391,123.91474043802671
24,94,390,124.58289148895219
24,95,389,123.9691191073247
24,96,388,124.0131626151549
24,97,387,124.10118834703835
24,98,386,124.10990334565756
24,99,385,123.62329658761571
24,100,384,123.76510618503633
24,101,383,124.37057970978674
24,102,382,124.30574191198104
24,103,381,124.27400607491047
24,104,380,123.85019644988257
24,105,379,124.32989052115398
24,106,378,124.21735535055919
24,107,377,124.68780585473968
24,108,376,124.40570666416076
24,109,375,124.01063114321488
24,110,374,123.90151545955126
24,111,373,124.28002826765042
24,112,372,124.34517749081164
24,113,371,123.58296970534494
24,114,370,123.91752458298274
24,115,369,123.4241464932976
24,116,368,123.61367873567531
24,117,367,124.16289263113764
24,118,366,123.32330302591978
24,119,365,123.01478564230842
24,120,364,122.64181079778191
24,121,363,122.56415158950244
24,122,362,122.81229143586049
24,123,361,120.89432671474992
24,124,360,122.43262812654248
24,125,359,122.78440061666939
24,126,358,124.20873122436008
24,127,357,124.4184237208224
24,128,356,124.08145829275388
24,129,355,124.42507334805394
24,130,354,124.41663175291572
24,131,353,124.32492988450178
24,132,352,124.66674024622279
24,133,351,124.46144067718956
24,134,350,124.66138049462805
24,135,349,124.94651614989922
24,136,348,124.75740776195971
24,137,347,124.8079921393828
24,138,346,124.76697670218638
24,139,345,124.95244415317259
24,140,344,124.81390318922392
24,141,343,124.76546445620914
24,142,342,125.0
24,143,341,124.81529549737073
24,144,340,124.93794572963378
24,145,339,124.65654956481018
24,146,338,124.58706423706123
24,147,337,124.63792343957023
24,148,336,125.0
24,149,335,125.0
24,150,334,125.0
24,151,333,125.0
24,152,332,124.05900828955313
24,153,331,124.30582816379736
24,154,330,124.15828637065349
24,155,329,124.4840698934227
24,156,328,124.84086405795131
24,157,327,125.0
24,158,326,124.97169647127778
24,159,325,125.0
24,160,324,125.0
24,161,323,124.69367519085469
24,162,322,124.9636838042096
24,163,321,124.77160484301979
24,164,320,125.0
24,165,319,125.0
24,166,318,124.79429039497998
24,167,317,124.72071368430751
24,168,316,124.55422346570941
24,169,315,124.63663052929681
24,170,314,124.65053775332697
24,171,313,124.99119234895373
24,172,312,124.79126987228828
24,173,311,125.0
24,174,310,125.0
24,175,309,125.0
24,176,308,125.0
24,177,307,125.0
24,178,306,124.71757335640861
24,179,305,124.76305540793592
24,180,304,125.0
24,181,303,125.0
24,182,302,125.0
24,183,301,125.0
24,184,300,125.0
24,185,299,124.96853484303014
24,186,298,124.84637430978789
24,187,297,124.5636842767656
24,188,296,125.0
24,189,295,125.0
24,190,294,125.0
24,191,293,125.0
24,192,292,125.0
24,193,291,125.0
24,194,290,125.0
24,195,289,125.0
24,196,288,125.0
24,197,287,125.0
24,198,286,125.0
24,199,285,125.0
24,200,284,125.0
24,201,283,125.0
24,202,282,125.0
24,203,281,125.0
24,204,280,125.0
24,205,279,125.0
24,206,278,125.0
24,207,277,125.0
24,208,276,125.0
24,209,275,125.0
24,210,274,125.0
24,211,273,125.0
24,212,272,124.8009351840795
24,213,271,124.6084250451984
24,214,270,124.78285619857891
24,215,269,124.7707424818106
24,216,268,124.90663086437104
24,217,267,124.96703763882086
24,218,266,124.27829484887741
24,219,265,124.44092564358552
24,220,264,124.45457886463464
24,221,263,124.69094680395361
24,222,262,124.43925232714605
24,223,261,124.47791803322525
24,224,260,123.7982896156291
24,225,259,124.3284672019665
24,226,258,124.7662471679526
24,227,257,124.88750549849624
24,228,256,125.0
24,229,255,125.0
24,230,254,125.0
24,231,253,124.84421658645032
24,232,252,124.89420726062136
24,233,251,124.85907970159053
24,234,250,124.73391259436197
24,235,249,124.89416718290917
24,236,248,124.7691598046168
24,237,247,124.7115556928598
24,238,246,124.62261981877373
24,239,245,124.772174664434
24,240,244,124.86013901455345
24,241,243,124.55986621613425
24,242,242,124.66139106884067
24,243,241,125.0
24,244,240,125.0
24,245,239,125.0
24,246,238,125.0
24,247,237,125.0
24,248,236,125.0
24,249,235,125.0
24,250,234,125.0
24,251,233,125.0
24,252,232,125.0
24,253,231,125.0
24,254,230,125.0
24,255,229,125.0
24,256,228,125.0
24,257,227,125.0
24,258,226,125.0
24,259,225,125.0
24,260,224,125.0
24,261,223,124.68019771321366
24,262,222,125.0
24,263,221,125.0
24,264,220,125.0
24,265,219,125.0
24,266,218,125.0
24,267,217,125.0
24,268,216,125.0
24,269,215,124.78557250534209
24,270,214,124.82499447375932
24,271,213,125.0
24,272,212,125.0
24,273,211,124.92806697754261
24,274,210,123.64462323430695
24,275,209,124.31168456965415
24,276,208,124.51972411651073
24,277,207,124.71060789751965
24,278,206,124.65645105877482
24,279,205,124.74993239293843
24,280,204,123.18222093832216
24,281,203,124.10326324476151
24,282,202,124.80172472444141
24,283,201,124.6621062090341
24,284,200,124.67640813894519
24,285,199,124.69061030181003
24,286,198,124.19701291833266
24,287,197,123.90327437635648
24,288,196,124.6953798189055
24,289,195,123.73510380441581
24,290,194,122.17488387918175
24,291,193,120.98972057491622
24,292,192,120.08011559359225
24,293,191,119.3741463487984
24,294,190,122.33400899133576
24,295,189,123.64144863027485
24,296,188,123.4010155288384
24,297,187,122.95995519471634
24,298,186,122.6925727016646
24,299,185,122.43436349098351
24,300,184,122.61993819477428
24,301,183,121.96140210372516
24,302,182,122.17094760708018
24,303,181,122.6745858579103
24,304,180,122.96447420930284
24,305,179,122.19983682052307
24,306,178,123.4826083252463
24,307,177,124.0660832351891
24,308,176,124.47680589401006
24,309,175,124.02318520103151
24,310,174,124.58903298878707
24,311,173,123.36979509928244
24,312,172,123.37244600411624
24,313,171,122.75834171960564
24,314,170,122.90925764383326
24,315,169,122.89642217771214
24,316,168,122.8791091801375
24,317,167,123.21109615972861
24,318,166,121.97155304747312
24,319,165,122.80723741206539
24,320,164,123.47466366551782
24,321,163,124.34763929861953
24,322,162,124.38106286660846
24,323,161,124.53348950864506
24,324,160,124.8232245183384
24,325,159,124.80512293353007
24,326,158,123.86835715152188
24,327,157,123.63210386965235
24,328,156,123.93325251069268
24,329,155,121.13453805535781
24,330,154,118.25549781159654
24,331,153,117.13978742666986
24,332,152,117.34798359406076
24,333,151,116.76369556553986
24,334,150,116.45089458516114
24,335,149,119.267407092757
24,336,148,120.19993099000962
24,337,147,119.1626828053214
24,338,146,118.09979454311883
24,339,145,116.64830686170974
24,340,144,116.44210351259335
24,341,143,116.614287280745
24,342,142,115.25599681721255
24,343,141,115.44494182016925
24,344,140,114.05060007389294
24,345,139,115.19546123281478
24,346,138,113.8407453438488
24,347,137,114.59187207377596
24,348,136,114.32016520021907
24,349,135,114.28532932888899
24,350,134,111.98710817474287
24,351,133,112.71115487807214
24,352,132,111.52481509835336
24,353,131,109.4807058259079
24,354,130,107.39024966529131
24,355,129,108.01470370176185
24,356,128,106.95421298159621
24,357,127,108.97128211774756
24,358,126,106.64325193096047
24,359,125,106.49970198449898
24,360,124,105.51065979241096
24,361,123,107.20010694057729
24,362,122,107.14652113060566
24,363,121,105.43109262202316
24,364,120,106.00098041972888
24,365,119,103.89630720073833
24,366,118,104.95437324572367
24,367,117,100.06550135238098
24,368,116,103.09388756244394
24,369,115,102.53998738133605
24,370,114,97.62198496527446
24,371,113,98.16384947378454
24,372,112,96.56966147995723
24,373,111,90.94030757633251
24,374,110,86.74868051587515
24,375,109,88.56286716608398
24,376,108,89.6773413263976
24,377,107,88.46536010945479
24,378,106,89.69006164457137
24,379,105,92.4420394782784
24,380,104,90.5384978761675
24,381,103,87.58581679978303
24,382,102,88.9086739291341
24,383,101,86.65258144553954
24,384,100,84.9542888477992
24,385,99,84.19729343823082
24,386,98,82.14282402496528
24,387,97,84.15177989926991
24,388,96,83.37470635630677
24,389,95,83.38762975909479
24,390,94,80.31203635562302
24,391,93,77.80354549966344
24,392,92,75.34360597458529
24,393,91,76.75911676154473
24,394,90,73.95064750370503
24,395,89,75.49287729626926
24,396,88,76.51302029530001
24,397,87,74.75904077497879
24,398,86,69.14605907942463
24,399,85,66.93231066773944
24,400,84,66.28642126053501
24,401,83,65.3646046834361
24,402,82,64.22845033136792
24,403,81,66.0049159883439
24,404,80,64.64093634043722
24,405,79,63.7364722934394
24,406,78,65.27942726030717
24,407,77,66.7973259043599
24,408,76,66.1803273968757
24,409,75,66.68031840998304
24,410,74,63.679532203799894
24,411,73,64.4088723582426
24,412,72,70.04681666110076
24,413,71,69.57394867916855
24,414,70,66.714813408423
24,415,69,63.98376854439301
24,416,68,56.76986758534471
24,417,67,58.94246320636478
24,418,66,60.874337299251735
24,419,65,61.159845725570875
24,420,64,58.344026189321525
24,421,63,58.59016241753796
24,422,62,58.938683174642364
24,423,61,59.345046245084085
24,424,60,56.04779489515279
24,425,59,54.78849871668941
24,426,58,52.119410926645145
24,427,57,53.24717241030977
24,428,56,53.86219029895884
24,429,55,53.37993900874916
24,430,54,52.097145556390764
24,431,53,53.26580815064254
24,432,52,50.35260269273312
24,433,51,48.920767215915696
24,434,50,48.79866694617227
24,435,49,45.66019904574246
24,436,48,44.45694973696159
24,437,47,40.97584596526245
24,438,46,42.94395196202495
24,439,45,40.84992661956069
24,440,44,40.0882861222698
24,441,43,40.148894189734726
24,442,42,39.31368995870595
24,443,41,42.543843122988335
24,444,40,42.86188310355881
24,445,39,38.336985522616395
24,446,38,32.66019090496373
24,447,37,29.389653382805612
24,448,36,30.468635926208815
24,449,35,28.714781828847507
24,450,34,28.13166922172349
24,451,33,26.01259861168978
24,452,32,25.860831164957272
24,453,31,25.121051138496554
24,454,30,24.868436569438977
24,455,29,24.16833197031272
24,456,28,20.92096112074843
24,457,27,21.785696206469176
24,458,26,20.95903355174385
24,459,25,19.450902014329074
24,460,24,17.826387906273364
24,461,23,18.448505185502462
24,462,22,17.06184860556253
24,463,21,18.153719145472653
24,464,20,17.486287891204263
24,465,19,15.99030536402713
24,466,18,16.525768420629326
24,467,17,15.841339890153925
24,468,16,14.12802405960505
24,469,15,13.917576214614328
24,470,14,13.899275960292027
24,471,13,14.152911834772084
24,472,12,12.800989643299996
24,473,11,12.692168398225933
24,474,10,11.012466682519914
24,475,9,10.715488006457274
25,40,187,122.08014381358197
25,41,186,122.13735457068557
25,42,185,122.13230930789146
25,43,184,122.11493544809389
25,44,183,122.9583821372673
25,45,182,123.56519014326469
25,46,181,122.10760835031084
25,47,180,122.10282058290306
25,48,179,122.29863908034791
25,49,178,122.36408208087094
25,50,177,123.24238521705536
25,51,176,122.96033832595941
25,52,175,123.28202762062867
25,53,174,123.26906574145602
25,54,173,123.62390216417984
25,55,172,123.1068279211222
25,56,171,123.71175460811747
25,57,170,123.90749528876938
25,58,169,122.69334718336263
25,59,168,120.27848033636195
25,60,167,120.99176799025125
25,61,166,118.6755605315768
25,62,165,120.96366761620408
25,63,164,120.05272133646297
25,64,163,120.20693968661001
25,65,162,119.28178977961423
25,66,161,120.00783432738682
25,67,160,120.08267002089005
25,68,159,119.1777378478944
25,69,158,119.81502816693555
25,70,157,121.05479996814745
25,71,156,120.75153420853113
25,72,155,121.04605444730248
25,73,154,121.34996333238226
25,74,153,122.26436317287006
25,75,152,121.3716482510286
25,76,151,121.44341221870921
25,77,150,121.3205278788088
25,78,149,118.94526594405937
25,79,148,118.56473260953592
25,80,147,117.94476116668727
25,81,146,116.86054608770226
25,82,145,115.87637078796013
25,83,144,115.15758310391763
25,84,143,117.84093772305116
25,85,142,115.09134530613721
25,86,141,115.6333988802649
25,87,140,115.70949471828575
25,88,139,115.84132495005984
25,89,138,115.60311959177835
25,90,137,114.75626912394316
25,91,136,110.26807898072654
25,92,135,112.29901669798075
25,93,134,114.45613124264344
25,94,133,115.32739527238157
25,95,132,114.72775599148841
25,96,131,115.91284798361139
25,97,130,112.91823112311303
25,98,129,111.9505323020188
25,99,128,108.61536942000669
25,100,127,105.08030487080099
25,101,126,98.76784753720476
25,102,125,102.15124839225078
25,103,124,105.62934324021843
25,104,123,102.89398102273941
25,105,122,99.01013161030215
25,106,121,97.70302353558301
25,107,120,98.98391774772927
25,108,119,100.86139027123701
25,109,118,99.38036202153467
25,110,117,103.36957945276367
25,111,116,99.70565446125016
25,112,115,101.18393359444161
25,113,114,102.16597519013932
25,114,113,108.8244147657721
25,115,112,108.93122398369934
25,116,111,110.28971017939446
25,117,110,108.41747275034092
25,118,109,106.13199515740192
25,119,108,106.70077248865263
25,120,107,108.76949717034734
25,121,106,110.1622450826262
25,122,105,113.03872952121198
25,123,104,113.92708843415606
25,124,103,112.9229171936625
25,125,102,111.4889131918814
25,126,101,112.835391890989
25,127,100,112.94764657149659
25,128,99,113.13271989656383
25,129,98,109.53692413052465
25,130,97,108.89398284373098
25,131,96,106.76031485165683
25,132,95,109.99787666026018
25,133,94,110.74219367998688
25,134,93,111.83891210634172
25,135,92,110.89719525863346
25,136,91,109.63164536736382
25,137,90,106.90350006894535
25,138,89,107.28692769501419
25,139,88,106.6212176516594
25,140,87,101.71789327337956
25,141,86,107.98715318981277
25,142,85,101.84116594174992
25,143,84,98.82600900474898
25,144,83,101.02542994803893
25,145,82,90.92628512423143
25,146,81,82.6877685319653
25,147,80,79.692582176157
25,148,79,74.94565868436635
25,149,78,73.22915818848543
25,150,77,69.94625085107094
25,151,76,74.70202284853187
25,152,75,61.02898927750117
25,153,74,69.91988380843321
25,154,73,67.37730451401245
25,155,72,69.54058450891029
25,156,71,69.94679616097395
25,157,70,70.82663096032447
25,158,69,71.56625199254816
25,159,68,70.33177782614172
25,160,67,71.09194727720453
25,161,66,73.59148361983159
25,162,65,65.5968524292838
25,163,64,73.96487320946024
25,164,63,76.883977283598
25,165,62,83.09132279253157
25,166,61,73.60294338549156
25,167,60,61.510354698157514
25,168,59,56.26007221934816
25,169,58,58.20059875537933
26,40,101,123.61167474342767
26,41,100,123.42172327486068
26,42,99,123.23149131478513
26,43,98,123.37081251956643
26,44,97,123.48704037166385
26,45,96,123.6892645724082
26,46,95,123.68605652440466
26,47,94,123.6682356500372
26,48,93,123.58711709954974
26,49,92,123.44979844638385
26,50,91,123.22910459333025
26,51,90,122.79113909344409
26,52,89,121.19871506899386
26,53,88,123.59252125837143
26,54,87,122.88977570464537
26,55,86,121.9255389822552
26,56,85,122.57845438710797
26,57,84,118.92819721913216
26,58,83,118.43893610011195
26,59,82,118.0954684143795
26,60,81,118.7887772384278
26,61,80,116.35357076371702
26,62,79,115.12087333462088
26,63,78,116.93556345770338
26,64,77,114.26635968506346
26,65,76,116.52723486489025
26,66,75,119.9317012877929
26,67,74,119.66247760213673
26,68,73,117.17545492097966
26,69,72,112.46493323982507
26,70,71,112.22180071519983
26,71,70,115.74928384033844
26,72,69,110.39051270889728
26,73,68,108.13593450796739
26,74,67,102.16685838030574
26,75,66,101.73962288016071
26,76,65,103.42755441298063
26,77,64,101.99428899794218
26,78,63,103.34443504321341
26,79,62,102.72988091168995
26,80,61,102.5854100379284
26,81,60,98.14420653342441
26,82,59,96.32658478440192
26,83,58,94.21472726169566
26,84,57,92.53382120820439
26,85,56,86.1543421318427
26,86,55,86.17098891438228
26,87,54,83.9058429302262
26,88,53,78.76369669117037
26,89,52,74.75658504782183
26,90,51,73.37970797725032
26,91,50,78.83959029785615
26,92,49,80.48255671569683
26,93,48,76.94817581487541
26,94,47,64.88106067450158
26,95,46,68.2539177669652
26,96,45,60.75491917335792
26,97,44,53.41203153914073
26,98,43,50.8302084950398
26,99,42,51.18774115522534
26,100,41,52.3799205941004
26,101,40,49.66249931631466
26,102,39,42.218919103925096
26,103,38,43.416196308545494
26,104,37,41.030325531733695
26,105,36,42.84576253809731
26,106,35,40.33591626611884
26,107,34,38.84537762202565
26,108,33,37.86603892112353
26,109,32,36.98029421056714
26,110,31,35.85477334589442
26,111,30,33.93471787733915
26,112,29,32.55787749737371
26,113,28,32.3936023083774
26,114,27,29.087791275591925
26,115,26,27.507322491108397
26,116,25,31.727440229956756
26,117,24,29.38970892545411
26,118,23,27.536421229604926
26,119,22,27.13208276502263
26,120,21,28.254473549785402
26,121,20,28.1093618939765
26,122,19,23.757730721086418
26,123,18,29.07201132359959
26,124,17,24.630743060562505
26,125,16,22.26040712130871
26,126,15,18.43078861777864
26,127,14,15.255060500937507
26,128,13,11.115652669627675
26,129,12,11.702717923406667
26,130,11,8.80032006776862
27,40,152,121.07608204239823
27,41,151,122.17547807600374
27,42,150,120.25630285373225
27,43,149,121.06943872981628
27,44,148,122.06186065077605
27,45,147,121.56409169335586
27,46,146,120.76952677651832
27,47,145,121.41457964190701
27,48,144,123.0152988895417
27,49,143,122.42694508159346
27,50,142,121.82378698415116
27,51,141,120.74482650482386
27,52,140,120.49848277770135
27,53,139,122.0977621009049
27,54,138,122.55987691575561
27,55,137,121.47028565716519
27,56,136,120.91638068743977
27,57,135,121.20273929788505
27,58,134,121.81148004715251
27,59,133,122.5040762850074
27,60,132,123.2074116068975
27,61,131,123.23340627871369
27,62,130,123.80588003584808
27,63,129,123.15251589782261
27,64,128,123.76146776728933
27,65,127,123.87274785311183
27,66,126,123.06185971276462
27,67,125,122.28802062434067
27,68,124,122.35906033737666
27,69,123,123.4958600912596
27,70,122,123.61446828263286
27,71,121,123.66774626033802
27,72,120,123.0525873214866
27,73,119,122.39530256154609
27,74,118,121.90759044850432
27,75,117,123.04371151345352
27,76,116,122.9924651321276
27,77,115,124.11513371969852
27,78,114,124.20352933121353
27,79,113,123.46688293626532
27,80,112,123.14989771861626
27,81,111,123.33083429107555
27,82,110,121.777368683594
27,83,109,120.93969967065532
27,84,108,122.73274280912989
27,85,107,122.08826767112308
27,86,106,118.63390605831646
27,87,105,123.39061060865951
27,88,104,123.22512565930808
27,89,103,122.61124394645233
27,90,102,123.05918612471993
27,91,101,123.18052847459097
27,92,100,121.4608455735901
27,93,99,119.68005419523189
27,94,98,119.34911395777738
27,95,97,113.8871645319059
27,96,96,110.01405090319315
27,97,95,111.2810501320347
27,98,94,105.47631508569478
27,99,93,103.5050182951678
27,100,92,103.28619836609312
27,101,91,111.74816158386781
27,102,90,114.24337340186725
27,103,89,110.59411970919604
27,104,88,110.08046776754992
28,40,174,124.46673727135808
28,41,173,121.28546954936651
28,42,172,124.35797664625892
28,43,171,124.53616596029963
28,44,170,123.87616467719013
28,45,169,124.16951299961904
28,46,168,123.72633445163817
28,47,167,124.26042502959139
28,48,166,123.73313600205623
28,49,165,124.0163956391376
28,50,164,124.06185476478686
28,51,163,123.30225454930192
28,52,162,123.88253394293031
28,53,161,123.95610729937945
28,54,160,122.37493479820844
28,55,159,124.0037957432419
28,56,158,124.34274095248186
28,57,157,124.20950708993595
28,58,156,123.68573397376807
28,59,155,124.18344355683324
28,60,154,122.93791023477266
28,61,153,122.74203348153576
28,62,152,122.49644085567508
28,63,151,122.09466202755024
28,64,150,122.40599720423427
28,65,149,121.40525843856325
28,66,148,120.64849329421321
28,67,147,120.5897044400019
28,68,146,121.39671241597219
28,69,145,120.30488007875309
28,70,144,118.400793374747
29,40,173,121.15904092688979
29,41,172,121.77344177022559
29,42,171,121.41736891633778
29,43,170,119.19089043331002
29,44,169,119.86993228991813
29,45,168,118.08215846742247
29,46,167,120.37012204007311
29,47,166,119.88518157657543
29,48,165,120.70875980479238
29,49,164,120.53575642618061
29,50,163,117.95970248064735
29,51,162,120.15040595594824
29,52,161,118.69477956721504
29,53,160,121.02650942667336
29,54,159,120.648838110101
29,55,158,120.07106830455595
29,56,157,120.24895250259512
29,57,156,120.81925862589779
29,58,155,118.66387139416298
29,59,154,116.933988256795
29,60,153,116.99250622883122
29,61,152,116.17025479257765
29,62,151,115.27159097495264
29,63,150,114.96738113543074
29,64,149,115.36208543843674
29,65,148,118.37341718824034
29,66,147,118.62717612870486
29,67,146,119.0192378328242
29,68,145,117.31596423438177
29,69,144,119.02584549339957
29,70,143,116.46458055476737
29,71,142,117.42636514580421
29,72,141,118.28467656014963
29,73,140,117.19805347061197
29,74,139,118.14100240056626
29,75,138,119.28700252292563
29,76,137,120.31219225053815
29,77,136,119.1624343771808
29,78,135,118.91921255235857
29,79,134,119.23293291221592
29,80,133,118.23296327594112
29,81,132,117.75508597160845
29,82,131,116.54539871044167
29,83,130,117.82802153200744
29,84,129,117.43761524601476
29,85,128,116.34961268231395
29,86,127,114.94958876550074
29,87,126,113.13617209159926
29,88,125,117.07755639560747
29,89,124,116.91668011356
30,40,382,124.64547958787529
30,41,381,124.71981353257522
30,42,380,124.75292690023554
30,43,379,124.64035931149805
30,44,378,125.0
30,45,377,123.95575564377029
30,46,376,123.54034861363047
30,47,375,122.93442830145734
30,48,374,123.94977879234196
30,49,373,125.0
30,50,372,124.31415430513229
30,51,371,124.8479983272741
30,52,370,124.7712664671885
30,53,369,125.0
30,54,368,125.0
30,55,367,125.0
30,56,366,125.0
30,57,365,122.35644597262277
30,58,364,120.0469545725233
30,59,363,121.48587239872916
30,60,362,124.39900682180817
30,61,361,124.91214528207061
30,62,360,124.16296252908512
30,63,359,123.56738572470645
30,64,358,122.91595473895175
30,65,357,122.53620913072854
30,66,356,122.53372620220875
30,67,355,123.88201710641445
30,68,354,123.2886862147004
30,69,353,123.87206662959929
30,70,352,123.4086208988447
30,71,351,122.95950236347241
30,72,350,123.20927118803445
30,73,349,123.12328985520212
30,74,348,124.5945437030814
30,75,347,123.83391002384457
30,76,346,124.82186162648688
30,77,345,124.90373860381496
30,78,344,124.14935915811418
30,79,343,124.90052337844855
30,80,342,124.66354981094062
30,81,341,124.64591227899746
30,82,340,124.78394112529205
30,83,339,124.70406834643885
30,84,338,124.83284654943512
30,85,337,124.65487680163614
30,86,336,124.34360134632635
30,87,335,123.51241783344398
30,88,334,123.33244401571054
30,89,333,123.11453364878531
30,90,332,122.73645361323298
30,91,331,123.76680019308512
30,92,330,123.77243235803503
30,93,329,124.03628394308598
30,94,328,123.60585473030599
30,95,327,123.51645469978345
30,96,326,123.7620836971458
30,97,325,124.82539744812648
30,98,324,124.76172762858347
30,99,323,124.89587215848584
30,100,322,124.70985822722274
30,101,321,124.15749816639627
30,102,320,125.0
30,103,319,124.62505062377357
30,104,318,124.97918975838142
30,105,317,124.9926275171935
30,106,316,125.0
30,107,315,124.40220519408018
30,108,314,124.30955191791571
30,109,313,124.29447574134693
30,110,312,123.7226486901175
30,111,311,122.78879177762686
30,112,310,122.29307737685798
30,113,309,120.6132250176969
30,114,308,120.57297071207535
30,115,307,120.39976704970049
30,116,306,119.84204089817034
30,117,305,120.89340200230919
30,118,304,121.44028410369084
30,119,303,120.98776396643267
30,120,302,120.8675283876372
30,121,301,121.8889565127592
30,122,300,122.45143078225091
30,123,299,123.38656969534674
30,124,298,122.85172685459284
30,125,297,122.3508183883203
30,126,296,122.70497484359166
30,127,295,122.56916626620699
30,128,294,120.69344193664438
30,129,293,119.5052032868914
30,130,292,122.52000289743629
30,131,291,122.31511289206756
30,132,290,117.23098305821335
30,133,289,122.13511798609963
30,134,288,118.60792428039134
30,135,287,122.21724763659995
30,136,286,119.83905725113844
30,137,285,121.54470106270142
30,138,284,121.83259738872829
30,139,283,122.56452197510458
30,140,282,122.9390066852346
30,141,281,123.84504668267562
30,142,280,124.42893226117408
30,143,279,124.4116999578122
30,144,278,124.35312471912046
30,145,277,124.20929169607246
30,146,276,123.84109564932288
30,147,275,124.18783448553981
30,148,274,124.4164166234388
30,149,273,124.12043004838296
30,150,272,123.82470389357321
30,151,271,124.30571910339701
30,152,270,124.37096600244828
30,153,269,124.48206268207213
30,154,268,124.44206700358842
30,155,267,124.5190151235417
30,156,266,124.20097233426648
30,157,265,124.33604932780929
30,158,264,124.46442056624556
30,159,263,124.54758345849194
30,160,262,124.06152104272635
30,161,261,124.255788328059
30,162,260,124.41257664555886
30,163,259,124.15282460660896
30,164,258,123.74676260218658
30,165,257,124.33111877415388
30,166,256,124.23217115033347
30,167,255,124.10302021757542
30,168,254,124.57218161194336
30,169,253,124.5485263880494
30,170,252,124.45862697659857
30,171,251,124.47452198068065
30,172,250,123.94762994245112
30,173,249,124.38011464838499
30,174,248,124.36606990841443
30,175,247,123.91635462597992
30,176,246,123.63287247368932
30,177,245,122.2164262305743
30,178,244,123.2582314614603
30,179,243,123.4957299820284
30,180,242,123.64280418024451
30,181,241,123.76581551939321
30,182,240,123.84069646235707
30,183,239,124.69086097879037
30,184,238,124.64928792107995
30,185,237,124.63781527038019
30,186,236,124.74754629664449
30,187,235,124.91807174017757
30,188,234,124.71531878437509
30,189,233,124.78867719002231
30,190,232,124.22101990763632
30,191,231,124.56088246538386
30,192,230,123.78807490644377
30,193,229,124.40765345476787
30,194,228,124.74168643133467
30,195,227,124.68315758511525
30,196,226,124.83099397512595
30,197,225,124.97882659348942
30,198,224,125.0
30,199,223,125.0
30,200,222,125.0
30,201,221,124.99792730156022
30,202,220,124.62161617112432
30,203,219,124.78150133376599
30,204,218,124.91024717944815
30,205,217,124.8782804998649
30,206,216,124.74716348882107
30,207,215,124.89209345225791
30,208,214,124.24141491156058
30,209,213,124.76341523585484
30,210,212,125.0
30,211,211,125.0
30,212,210,125.0
30,213,209,125.0
30,214,208,125.0
30,215,207,125.0
30,216,206,124.88513608195757
30,217,205,124.65794551665937
30,218,204,124.78877378234503
30,219,203,124.95813464372227
30,220,202,124.81400932499537
30,221,201,125.0
30,222,200,125.0
30,223,199,124.4711834451414
30,224,198,124.23112447635529
30,225,197,125.0
30,226,196,124.22343806219268
30,227,195,124.49967813571728
30,228,194,123.90695196615502
30,229,193,124.23709738976963
30,230,192,123.91055796282521
30,231,191,124.30901151289463
30,232,190,123.87849064663118
30,233,189,123.42719402479608
30,234,188,123.48460829206448
30,235,187,124.19681363388716
30,236,186,123.32838453359864
30,237,185,123.51982541719289
30,238,184,123.57181135022229
30,239,183,123.67179911340851
30,240,182,122.98196685118936
30,241,181,123.19007901864538
30,242,180,122.83931522056226
30,243,179,123.03989634322028
30,244,178,123.4042914870424
30,245,177,124.53660829985071
30,246,176,122.80191294865215
30,247,175,125.0
30,248,174,124.66429183022282
30,249,173,123.95092387458408
30,250,172,121.51764751917739
30,251,171,121.36921799741936
30,252,170,122.79494701575925
30,253,169,124.50199396902129
30,254,168,124.57602079783678
30,255,167,124.57361319786014
30,256,166,123.77955105609377
30,257,165,123.94722102579284
30,258,164,124.48935915714166
30,259,163,124.83747668684427
30,260,162,124.81532616198339
30,261,161,125.0
30,262,160,124.98843136793548
30,263,159,124.91477618956631
30,264,158,124.93621753873775
30,265,157,124.89579194620129
30,266,156,125.0
30,267,155,125.0
30,268,154,124.64144861766573
30,269,153,125.0
30,270,152,125.0
30,271,151,124.58101461528058
30,272,150,124.37210834245833
30,273,149,124.16886226340469
30,274,148,123.79399914604429
30,275,147,125.0
30,276,146,125.0
30,277,145,124.433277988248
30,278,144,122.7314658999488
30,279,143,124.16714223860095
30,280,142,119.9018068878961
30,281,141,121.74874792850198
30,282,140,122.9752351539475
30,283,139,122.60316004388629
30,284,138,121.87047236357321
30,285,137,120.42398321713009
30,286,136,120.41186514946546
30,287,135,120.79341018754323
30,288,134,122.51877114452861
30,289,133,118.17640604421453
30,290,132,117.75494159479098
30,291,131,112.81254788094869
30,292,130,112.52909806351812
30,293,129,117.1660504964848
30,294,128,114.88943906440862
30,295,127,114.22607551139144
30,296,126,113.81390030751578
30,297,125,112.57874652688665
30,298,124,110.80917553491915
30,299,123,110.70221611712755
30,300,122,108.08618533687991
30,301,121,108.52214831791639
30,302,120,107.91812483743375
30,303,119,111.59830195530543
30,304,118,107.67169504139432
30,305,117,106.73781145267009
30,306,116,106.45572503817715
30,307,115,105.85336193118562
30,308,114,104.3429992031414
30,309,113,104.63331084698666
30,310,112,104.20065902683515
30,311,111,98.82958903760863
30,312,110,96.58631604677643
30,313,109,93.26287734618604
30,314,108,91.10087890560114
30,315,107,90.03623911865793
30,316,106,89.80487287153127
30,317,105,92.48217789109431
30,318,104,92.29051559235225
30,319,103,92.39526370133376
30,320,102,84.41239057712647
30,321,101,88.78125666445065
30,322,100,88.46043699054468
30,323,99,85.61904139808726
30,324,98,83.68732525639697
30,325,97,83.26208704139114
30,326,96,86.03587535092784
30,327,95,87.49984371327616
30,328,94,91.07638904078267
30,329,93,87.99513339224839
30,330,92,91.2040380058142
30,331,91,86.82665692702761
30,332,90,87.84948154066433
30,333,89,88.22941309314658
31,40,191,119.2071947075238
31,41,190,118.95056409918888
31,42,189,121.51770633172869
31,43,188,121.08647263641082
31,44,187,120.94921721199765
31,45,186,121.1238460192355
31,46,185,121.17632393440616
31,47,184,121.08631429442605
31,48,183,117.97608763227316
31,49,182,119.03940905309126
31,50,181,118.72236212457943
31,51,180,116.90029587030398
31,52,179,117.66210070933276
31,53,178,116.70373180063183
31,54,177,120.67720337306723
31,55,176,120.93026625772781
31,56,175,122.33067289944807
31,57,174,122.63711300051797
31,58,173,121.95233438025332
31,59,172,121.95508178638522
31,60,171,121.38279018257694
31,61,170,121.48113568997525
31,62,169,119.08368105808869
31,63,168,118.83953173018342
31,64,167,119.60917596416652
31,65,166,118.59955195032691
31,66,165,119.06346276366219
31,67,164,118.36820516219362
31,68,163,119.20341467673438
31,69,162,119.0681202813604
31,70,161,118.80701903563705
31,71,160,115.47382565005839
31,72,159,114.75850166897101
31,73,158,113.73479740190135
31,74,157,114.2312062833953
31,75,156,115.13272750588817
31,76,155,116.50129963613003
31,77,154,117.12792893862249
31,78,153,119.0489714924998
31,79,152,116.24366734125334
31,80,151,116.7021524836416
31,81,150,116.38635051088883
31,82,149,113.72419577722587
31,83,148,112.46646950678078
31,84,147,111.10178414222119
31,85,146,111.04328751418133
31,86,145,111.98003501991712
31,87,144,111.4960876874557
31,88,143,111.07472613384562
31,89,142,109.81126151456264
31,90,141,111.2555753814497
31,91,140,110.2479206685978
31,92,139,110.2454114320222
31,93,138,109.1441990176834
31,94,137,110.66365970582774
31,95,136,112.58122300708801
31,96,135,114.84818442400228
31,97,134,114.59144014463277
31,98,133,115.78357923374159
31,99,132,118.1052703273418
31,100,131,117.62148406351616
31,101,130,118.0405572816426
31,102,129,117.3329995179345
31,103,128,117.47858647683765
31,104,127,117.21655727822198
31,105,126,115.99448491905434
31,106,125,114.10769207733816
31,107,124,112.88023124407775
31,108,123,114.48232880693848
31,109,122,111.89704078781764
31,110,121,111.86940591036426
31,111,120,109.63563032416712
31,112,119,106.15368513351811
31,113,118,108.74999258924993
31,114,117,112.66328134140667
31,115,116,113.4706925194696
31,116,115,115.62389173519571
31,117,114,113.50385457297504
31,118,113,114.1875372637567
31,119,112,113.14909710842531
31,120,111,111.85749487157082
31,121,110,113.83392192756872
31,122,109,100.89963518514358
31,123,108,101.80063531521705
31,124,107,103.07338400621025
31,125,106,100.31313716912751
31,126,105,93.59105082161025
31,127,104,93.23036747326283
31,128,103,90.26005439244295
31,129,102,89.57475301127445
31,130,101,86.23112774368757
31,131,100,85.17617636130099
31,132,99,89.12537973986275
31,133,98,89.48937317651843
31,134,97,88.12925965945301
31,135,96,89.08360194385511
31,136,95,88.17484284200154
31,137,94,88.17715609084644
31,138,93,90.23950150606413
31,139,92,92.80631162914209
31,140,91,91.9330902740587
31,141,90,88.10243839071951
31,142,89,88.69960488496469
31,143,88,91.77182814933926
31,144,87,88.39060510371817
31,145,86,86.00955530226196
31,146,85,85.00463795025937
31,147,84,83.13315250247612
31,148,83,82.00408078620507
31,149,82,81.83001259256196
31,150,81,79.06600680550122
31,151,80,78.18267904457245
31,152,79,76.54911434042504
32,40,135,112.076674135995
32,41,134,112.34343317049857
32,42,133,112.3481907921884
32,43,132,111.99720801619031
32,44,131,112.7135789226011
32,45,130,111.17938269486953
32,46,129,110.31912573899251
32,47,128,113.6845949970926
32,48,127,111.06469061873898
32,49,126,107.07261850561696
32,50,125,105.80112391986671
32,51,124,105.00552539970275
32,52,123,104.30985859289726
32,53,122,106.40140059432153
32,54,121,100.51477284680007
32,55,120,99.26965316958427
32,56,119,91.84761564766475
32,57,118,93.23243170273216
32,58,117,91.59106807734597
32,59,116,94.03192197153308
32,60,115,88.8655515397667
32,61,114,80.42165779689623
32,62,113,90.94884813512849
32,63,112,97.9834811179195
32,64,111,102.81033219866248
32,65,110,101.80749556415549
32,66,109,99.32367070339654
32,67,108,101.79686174473095
32,68,107,99.5865159172397
32,69,106,105.24214299661753
32,70,105,112.03060597251087
32,71,104,112.27196272403324
32,72,103,112.74369406475745
32,73,102,112.32303755581489
32,74,101,111.39279191490058
32,75,100,110.68528997130372
32,76,99,111.48485969217654
32,77,98,103.78760087031952
32,78,97,103.69277805167962
32,79,96,105.98358021050805
32,80,95,104.88581449384584
32,81,94,102.11072010915379
32,82,93,99.82722801417015
32,83,92,102.37077270797576
32,84,91,102.6373385406321
32,85,90,101.5749734450646
32,86,89,102.29161919334058
32,87,88,102.71084303400798
32,88,87,102.96586276186574
32,89,86,103.11782693842811
32,90,85,101.17836227756347
32,91,84,100.03872977480772
32,92,83,96.60762863758687
32,93,82,94.96742899202928
32,94,81,90.19058499118495
32,95,80,88.04888359785227
32,96,79,83.69168561475192
32,97,78,77.52731556767725
32,98,77,71.6856822328123
32,99,76,69.93678356382728
32,100,75,66.10333588881961
32,101,74,64.27116903071257
32,102,73,67.44284477550848
32,103,72,70.14634660550817
32,104,71,69.25016892210466
32,105,70,70.12890823241881
32,106,69,68.48221883220933
32,107,68,62.76726665276442
32,108,67,64.72676053383981
32,109,66,66.2716440414081
32,110,65,65.76201007011117
32,111,64,64.90609522094704
32,112,63,64.95997746998657
32,113,62,63.999139163965836
32,114,61,64.62875687094876
32,115,60,61.782564317713025
32,116,59,62.6722014987433
32,117,58,61.09124835150587
32,118,57,58.312901093747755
32,119,56,57.531457469724046
32,120,55,52.54157549558745
33,40,211,123.66241288290074
33,41,210,123.53147970711123
33,42,209,123.77697278705524
33,43,208,123.84230911620281
33,44,207,123.54827032104781
33,45,206,123.45800329229122
33,46,205,121.61331622005116
33,47,204,121.45647116731256
33,48,203,123.49538075692459
33,49,202,122.53181605859523
33,50,201,121.49017862325485
33,51,200,121.62674374041276
33,52,199,121.79587217621236
33,53,198,122.17843231495334
33,54,197,120.06998258180273
33,55,196,120.72237921987104
33,56,195,121.24409052617425
33,57,194,122.30899247599672
33,58,193,122.81840240654512
33,59,192,122.82682992742629
33,60,191,122.4803676561605
33,61,190,122.05374354283069
33,62,189,122.62593140264215
33,63,188,123.1769220139207
33,64,187,122.6261735437041
33,65,186,122.70502254847713
33,66,185,122.73718697397713
33,67,184,123.15144998399543
33,68,183,123.2934171540918
33,69,182,123.71057352046259
33,70,181,123.84219461387048
33,71,180,123.66191640474366
33,72,179,123.5995608711153
33,73,178,123.34081281279948
33,74,177,122.44902269167137
33,75,176,123.40143860781961
33,76,175,122.75944706514099
33,77,174,122.6119734869892
33,78,173,121.5272344449751
33,79,172,121.86960030885672
33,80,171,122.20741883001496
33,81,170,122.75048660595203
33,82,169,122.44679223563196
33,83,168,122.28789564971288
33,84,167,122.3001656467798
33,85,166,122.60951602064516
33,86,165,122.91912077395713
33,87,164,122.22000370920432
33,88,163,122.22834833317839
33,89,162,121.92227724536173
33,90,161,119.69946751107793
33,91,160,121.28651666741276
33,92,159,122.18379135189396
33,93,158,119.66034876237458
33,94,157,119.72568509360678
33,95,156,119.59489185343683
33,96,155,120.66606939824715
33,97,154,120.29523569711
33,98,153,121.65719817526792
33,99,152,122.43120242443027
33,100,151,122.74358427803996
33,101,150,123.08636191400967
33,102,149,122.84764992305348
33,103,148,123.06727942963457
33,104,147,122.94941088152952
33,105,146,122.871897934307
33,106,145,122.57241885095411
33,107,144,122.64997763092032
33,108,143,123.19108389555197
33,109,142,122.4166802268509
33,110,141,120.71061029618531
33,111,140,120.31789171653423
33,112,139,120.3120889941444
33,113,138,119.38170913954758
33,114,137,120.65750318236528
33,115,136,119.16830718479011
33,116,135,118.41562614707973
33,117,134,117.27072678089198
33,118,133,115.64050539826701
33,119,132,116.93070695098444
33,120,131,115.10904741209289
33,121,130,113.66916604779503
33,122,129,111.35675533202294
33,123,128,113.59810845232485
33,124,127,112.85872834611055
33,125,126,113.18028511772174
33,126,125,113.30602319282539
33,127,124,111.9812370072589
33,128,123,110.2093623396157
33,129,122,110.87011629343044
33,130,121,106.0432806651207
33,131,120,98.99437879905764
33,132,119,101.15076592240175
33,133,118,95.92869891010496
33,134,117,94.74149860431392
33,135,116,92.16075512846962
33,136,115,90.65558382149649
33,137,114,89.78620867346982
33,138,113,93.21838701782409
33,139,112,95.97842285892908
33,140,111,100.07549956700512
33,141,110,103.7036092266681
33,142,109,95.35772551522186
33,143,108,100.11936596393161
33,144,107,96.64548771226251
33,145,106,97.25585487155087
33,146,105,97.78467096025608
33,147,104,97.62452228048677
33,148,103,104.86474199018215
33,149,102,107.70573998903632
33,150,101,106.9264761360583
33,151,100,104.47752179042487
33,152,99,104.27043461911975
33,153,98,100.39570885070714
33,154,97,100.04474838686383
33,155,96,99.95737203221032
33,156,95,101.9739349093668
33,157,94,98.86500513081049
33,158,93,100.60999414128031
33,159,92,96.75628969640204
33,160,91,100.05934018235348
33,161,90,103.26645875156544
33,162,89,102.354787090601
33,163,88,102.60634320220953
33,164,87,104.89147692697958
33,165,86,103.82970707442908
33,166,85,101.4314387806975
33,167,84,100.8740747602391
33,168,83,100.73037092218163
33,169,82,101.99686966829503
33,170,81,101.26127627578249
33,171,80,105.279122288328
33,172,79,94.1663654235299
33,173,78,88.6633844132871
33,174,77,94.5366733368241
33,175,76,88.74233938022553
33,176,75,86.85851039760986
33,177,74,88.5418573671419
33,178,73,89.63183497568753
33,179,72,89.28846379401372
33,180,71,92.99566302241277
34,40,130,115.70974691102816
34,41,129,116.6208427047087
34,42,128,116.15095806157811
34,43,127,118.4647302236987
34,44,126,115.92810724168999
34,45,125,114.80057672203424
34,46,124,115.135440274306
34,47,123,115.99562776471984
34,48,122,117.38073403971256
34,49,121,116.93552306921549
34,50,120,115.48588722997674
34,51,119,114.95877186781664
34,52,118,115.35280340637104
34,53,117,115.60345923550636
34,54,116,116.04780238383688
34,55,115,115.71714097297088
34,56,114,116.75138226918608
34,57,113,116.01123371382938
34,58,112,113.42465524158928
34,59,111,112.81330461651338
34,60,110,110.04220313308255
34,61,109,110.25025647358102
34,62,108,110.7324927233459
34,63,107,110.03523472613463
34,64,106,108.41680471287063
34,65,105,107.2257143769956
34,66,104,107.59796883630156
34,67,103,106.7318986074414
34,68,102,105.64989605340998
34,69,101,102.39400314014316
34,70,100,100.54959943214814
34,71,99,102.06288032170104
34,72,98,100.86912998229732
34,73,97,101.74877313730258
34,74,96,101.926063140402
34,75,95,102.30116346749374
34,76,94,99.67580205656668
34,77,93,95.27315024694701
34,78,92,97.4675332339422
34,79,91,95.5940879861742
34,80,90,95.11873727113081
34,81,89,91.92051596440007
34,82,88,87.25053505254374
34,83,87,79.23016322486103
34,84,86,71.00902674161257
34,85,85,68.35726992594391
34,86,84,68.46826707185274
34,87,83,72.61287079095878
34,88,82,79.06255107872539
34,89,81,79.90031981744457
34,90,80,79.84783502574649
34,91,79,81.10621777564205
34,92,78,81.07557153916397
34,93,77,85.75679194595881
34,94,76,83.8057759817074
34,95,75,81.91103238524734
34,96,74,82.52797471387842
34,97,73,78.59741775661445
34,98,72,81.96328594667895
34,99,71,80.48092182698629
34,100,70,79.89902014850597
34,101,69,80.49338078810499
34,102,68,80.77773377711402
34,103,67,81.17286704445091
34,104,66,81.19545251258377
34,105,65,82.60296904550412
35,40,191,125.0
35,41,190,125.0
35,42,189,124.91595146635925
35,43,188,124.88131183065494
35,44,187,124.82683371096957
35,45,186,123.23890409140444
35,46,185,124.04107948669937
35,47,184,123.23549439890527
35,48,183,123.12793168699163
35,49,182,123.54578387765248
35,50,181,123.26160383933407
35,51,180,123.24552005062122
35,52,179,121.11495243123849
35,53,178,122.60511889269318
35,54,177,122.95498659667342
35,55,176,124.61574717922058
35,56,175,124.59395990803509
35,57,174,123.74831107297696
35,58,173,124.22652479723311
35,59,172,124.14601509657194
35,60,171,125.0
35,61,170,124.39204780480799
35,62,169,124.69854648412559
35,63,168,124.91843054934137
35,64,167,124.73432389331913
35,65,166,124.5053510372663
35,66,165,124.02855628268085
35,67,164,124.06738712386652
35,68,163,124.0855798085316
35,69,162,124.02308825178613
35,70,161,123.48879391665022
35,71,160,122.49464055837228
35,72,159,122.3803920261737
35,73,158,122.5007096265114
35,74,157,122.91120681708321
35,75,156,122.50803484787741
35,76,155,123.46687838861567
35,77,154,123.90795613070075
35,78,153,123.38322819858416
35,79,152,123.90840038248705
35,80,151,124.15413641261524
35,81,150,123.3837766003227
35,82,149,123.82151822985409
35,83,148,123.8432805148377
35,84,147,123.68691337771492
35,85,146,120.92215083251696
35,86,145,122.2417838483596
35,87,144,122.87530619259653
35,88,143,122.9586948242079
35,89,142,123.4711902784459
35,90,141,122.16941235094829
35,91,140,122.73510385613656
35,92,139,123.914032872167
35,93,138,124.33021524927386
35,94,137,124.52714288418682
35,95,136,123.54595361020485
35,96,135,122.4176498027096
35,97,134,121.59605333512017
35,98,133,123.8716988700705
35,99,132,122.64875966406888
35,100,131,122.99184187592198
35,101,130,123.59567160308114
35,102,129,122.47509465698373
35,103,128,123.7283343388701
35,104,127,122.35896181857763
35,105,126,122.18716954489972
35,106,125,121.48902425160583
35,107,124,120.94773509558291
35,108,123,121.3759593118829
35,109,122,118.51691049852892
35,110,121,116.09971361158466
35,111,120,116.5751966792977
35,112,119,118.16096588814767
35,113,118,116.36282599154544
35,114,117,113.3701749064419
35,115,116,112.12542912330824
35,116,115,115.46081792055763
35,117,114,118.43403181825391
35,118,113,115.38417839793502
35,119,112,115.98620814897177
35,120,111,117.06183079339436
35,121,110,113.10226578507599
35,122,109,114.18354454382657
35,123,108,114.27094807920324
35,124,107,114.87238016601854
35,125,106,107.33029395531918
35,126,105,112.37963542828783
35,127,104,104.80606563118789
35,128,103,108.2769681399935
35,129,102,107.5485936848805
35,130,101,103.92740249235038
35,131,100,101.17745139938455
35,132,99,109.3599199934136
35,133,98,114.71963305870109
35,134,97,112.60747252164396
35,135,96,110.2490695738237
35,136,95,109.72254581659675
35,137,94,107.04568021484513
35,138,93,112.22799345314712
35,139,92,114.80699053500621
35,140,91,114.57334288990387
35,141,90,110.09959304694654
35,142,89,103.25356764795364
35,143,88,100.87891096758307
35,144,87,98.97047196741971
36,40,187,123.3410690238803
36,41,186,123.32990539533893
36,42,185,123.40292749703242
36,43,184,123.09927935009861
36,44,183,122.97210829248212
36,45,182,123.04729135902579
36,46,181,122.96518673750217
36,47,180,122.84304084670818
36,48,179,124.09513803210433
36,49,178,123.48314074122251
36,50,177,123.38176841890316
36,51,176,124.17030630108425
36,52,175,123.57469322150831
36,53,174,123.41500400078164
36,54,173,123.8902547070033
36,55,172,123.90486520928656
36,56,171,123.92840977262287
36,57,170,123.99842540968373
36,58,169,123.92246330626227
36,59,168,124.39107337111898
36,60,167,124.52884749724794
36,61,166,124.26208958082373
36,62,165,124.65514430684806
36,63,164,124.32422637065784
36,64,163,124.39992939223293
36,65,162,124.31134912640877
36,66,161,123.99635034818922
36,67,160,124.08302083770039
36,68,159,123.6349494592527
36,69,158,123.81702281094128
36,70,157,123.89781510200056
36,71,156,123.66830372495801
36,72,155,122.74879825841785
36,73,154,122.52047555355973
36,74,153,120.9829293200186
36,75,152,120.72974347194395
36,76,151,118.44224896695651
36,77,150,115.23718018024351
36,78,149,113.384778764505
36,79,148,114.4999843065305
36,80,147,115.56787600375264
36,81,146,118.50054078512595
36,82,145,116.52656320493446
36,83,144,116.12992324664589
36,84,143,120.74597640774255
36,85,142,119.9157742281715
36,86,141,120.0737372123439
36,87,140,120.7837748333111
36,88,139,117.20734070392551
36,89,138,117.39228738277944
36,90,137,117.6016824732839
37,40,152,123.15124415832695
37,41,151,123.49114062759367
37,42,150,123.79758713166305
37,43,149,123.14030387416099
37,44,148,123.30778634715955
37,45,147,123.39060264154179
37,46,146,123.6782542972758
37,47,145,123.36239796274965
38,40,115,122.0591431698654
38,41,114,123.9311227728002
38,42,113,123.20573386540119
38,43,112,122.29135108585017
38,44,111,123.1017800974414
38,45,110,123.123250983585
38,46,109,123.30764813810606
38,47,108,122.55974359597617
38,48,107,121.30969821019326
38,49,106,120.65910173236571
38,50,105,118.74424047230127
38,51,104,118.26152252091397
38,52,103,117.695950248718
38,53,102,118.15361243064628
38,54,101,117.98546067897493
38,55,100,116.06513249130971
38,56,99,111.16309667151026
38,57,98,112.5310589444524
38,58,97,114.22577465547893
38,59,96,110.11599177039409
38,60,95,111.1380881573909
38,61,94,107.67280463024503
38,62,93,106.12196661092568
38,63,92,103.59891097515816
38,64,91,104.32351384592826
38,65,90,104.265428167517
38,66,89,103.97387691720502
38,67,88,105.42155141158594
38,68,87,105.6909969820065
38,69,86,102.8537399039458
38,70,85,105.29233282752097
38,71,84,105.0701682316781
38,72,83,101.16159669462483
38,73,82,97.93663452863828
38,74,81,98.42294124583475
38,75,80,105.33920422004641
38,76,79,105.73570145048527
38,77,78,103.02377755463647
38,78,77,106.23609547213071
38,79,76,106.61192983341328
38,80,75,105.27596484367803
38,81,74,102.18935588760107
38,82,73,99.13176229080257
38,83,72,92.72251212504509
38,84,71,95.31257821216519
38,85,70,99.29791498301205
38,86,69,98.61463463477722
38,87,68,93.47846079789781
38,88,67,92.26921791239286
38,89,66,85.9173700382128
38,90,65,83.08396304574477
38,91,64,79.56770891364701
38,92,63,77.73828757509469
38,93,62,73.42308157623039
38,94,61,73.11603624624554
38,95,60,62.985798991940946
38,96,59,57.10792224069331
38,97,58,47.57111215735476
38,98,57,48.238189173284425
38,99,56,50.40353923002325
38,100,55,48.161564718371324
38,101,54,48.59209409580307
38,102,53,45.078506260706106
38,103,52,45.4049126294274
38,104,51,43.97253396705175
38,105,50,44.36704675347557
38,106,49,46.307502634630126
38,107,48,50.38779580493829
38,108,47,48.91850072087889
38,109,46,45.18481070128735
38,110,45,43.66563914554695
38,111,44,43.18839617011794
38,112,43,44.437724544639806
38,113,42,46.106495011421536
38,114,41,47.11395191429316
38,115,40,47.42158642015964
38,116,39,49.7632814016065
38,117,38,44.70198271078569
38,118,37,40.935376322054566
38,119,36,38.49343432058569
38,120,35,36.75718168638368
38,121,34,34.228233727399555
38,122,33,34.136723306386884
38,123,32,31.882871022631
38,124,31,32.03111260167752
38,125,30,33.98184632183582
38,126,29,31.469306105072306
38,127,28,29.376727375309134
38,128,27,30.98398033148797
38,129,26,31.42962381703426
38,130,25,31.610440021223738
38,131,24,29.758880945547336
38,132,23,29.044990143796788
38,133,22,25.74142955657945
39,40,278,124.14325797047621
39,41,277,124.18225912108622
39,42,276,124.29002223143237
39,43,275,124.48317391007453
39,44,274,124.57792429945835
39,45,273,124.75666607935251
39,46,272,124.84288469474279
39,47,271,125.0
39,48,270,124.96510805957143
39,49,269,124.79260446911755
39,50,268,124.8863694220021
39,51,267,124.48100576632734
39,52,266,123.85043675910761
39,53,265,124.14585933508076
39,54,264,123.32183673945374
39,55,263,124.14051760980271
39,56,262,123.74415787550012
39,57,261,125.0
39,58,260,123.82137716223636
39,59,259,124.5779711478711
39,60,258,124.99019536930808
39,61,257,124.98476936140408
39,62,256,124.8884984187388
39,63,255,124.89468792964789
39,64,254,124.84199756164938
39,65,253,124.7720959025896
39,66,252,124.47302660787645
39,67,251,124.38311529372395
39,68,250,124.42689440874524
39,69,249,124.62391528787714
39,70,248,124.79725783590739
39,71,247,124.22660707517645
39,72,246,124.3751016552649
39,73,245,123.64573330925754
39,74,244,125.0
39,75,243,124.08691572755416
39,76,242,123.58524687572029
39,77,241,123.74249768911221
39,78,240,123.36149720868814
39,79,239,121.38455291049674
39,80,238,120.61698589718483
39,81,237,119.46523658647422
39,82,236,116.42869256944681
39,83,235,115.92441548689591
39,84,234,115.50064638603742
39,85,233,114.0877553848841
39,86,232,114.42266980026133
39,87,231,114.75249206354727
39,88,230,114.75727313145146
39,89,229,114.70378357826442
39,90,228,115.22791436722028
39,91,227,113.72457440697417
39,92,226,112.43157445906047
39,93,225,113.32254508269403
39,94,224,115.00221579798482
39,95,223,114.80155689227826
39,96,222,114.36696873606235
39,97,221,113.4827382122281
39,98,220,111.09926569947723
39,99,219,113.1303204615671
39,100,218,116.57987219302777
39,101,217,114.66042209902292
39,102,216,114.26963962380997
39,103,215,114.76249178879901
39,104,214,112.52984102367591
39,105,213,109.87946666013181
39,106,212,112.31321423809817
39,107,211,110.45754679921603
39,108,210,113.49636407227746
39,109,209,113.03686872617114
39,110,208,116.36558443611003
39,111,207,115.17615490947915
39,112,206,120.03811844191719
39,113,205,119.51502156691811
39,114,204,122.37207450516843
39,115,203,122.75341486953792
39,116,202,122.54028449699966
39,117,201,122.72248716336152
39,118,200,122.12267746956167
39,119,199,121.37438213970425
39,120,198,121.79732163342197
39,121,197,121.66799666793776
39,122,196,121.85962648041016
39,123,195,121.18996368055141
39,124,194,122.19225062754448
39,125,193,119.14962709699593
39,126,192,119.09484900312981
39,127,191,119.24590387129588
39,128,190,118.91410884770701
39,129,189,120.23290593792278
39,130,188,120.11761774798066
39,131,187,120.14316625299729
39,132,186,120.83589135140147
39,133,185,122.73294568323934
39,134,184,122.665789684993
39,135,183,121.8090001360627
39,136,182,122.66975825072365
39,137,181,122.09795107424776
39,138,180,122.24802739054246
39,139,179,123.12474216747658
39,140,178,123.2669638411594
39,141,177,123.46452529768354
39,142,176,123.52773367126852
39,143,175,123.54164970432265
39,144,174,123.93461801169963
39,145,173,123.67448575688385
39,146,172,123.66374609089308
39,147,171,123.28418299014172
39,148,170,123.46675057779406
39,149,169,122.75668442046461
39,150,168,122.03877911348975
39,151,167,121.82872571811387
39,152,166,122.01590143229637
39,153,165,120.54187102472028
39,154,164,121.47931442198163
39,155,163,121.8372835037236
39,156,162,121.3988218663467
39,157,161,121.62929241177306
39,158,160,121.44300942349489
39,159,159,120.30477716992786
39,160,158,119.2866153352497
39,161,157,119.93599774934123
39,162,156,120.59496803556173
39,163,155,121.49964817132084
39,164,154,123.729584367983
39,165,153,123.27709561434871
39,166,152,122.19313926516864
39,167,151,121.60289145302866
39,168,150,119.91014782077087
39,169,149,121.1230606347988
39,170,148,120.80769586274337
39,171,147,119.97908794209326
39,172,146,122.26006849159043
39,173,145,121.35408359739358
39,174,144,121.62191960821768
39,175,143,120.80108506736694
39,176,142,119.97536252052751
39,177,141,119.38035804669892
39,178,140,117.74191309419405
39,179,139,119.82405477229045
39,180,138,120.16212828234814
39,181,137,121.92173142255962
39,182,136,122.36794838553777
39,183,135,123.27241441705647
39,184,134,122.67320057580355
39,185,133,121.55635961335285
39,186,132,118.20926849101136
39,187,131,117.6272429615971
39,188,130,117.3721517916217
39,189,129,116.40544087228994
39,190,128,114.19722967211531
39,191,127,116.18722731288607
39,192,126,117.37048379705782
39,193,125,113.92048614114938
39,194,124,111.77674350794656
39,195,123,110.6871106634207
39,196,122,107.97558661484898
39,197,121,107.3998549473354
39,198,120,107.69956323433806
39,199,119,107.14572038063407
39,200,118,109.81013450304332
39,201,117,110.15968322580625
39,202,116,108.85987017181864
39,203,115,109.29008802345271
39,204,114,110.88111854462932
39,205,113,109.50937062573206
39,206,112,109.03376357048315
39,207,111,110.54491933890333
39,208,110,113.62289934707809
39,209,109,112.49242475963862
39,210,108,107.5177654984715
39,211,107,109.36421492341336
39,212,106,106.48895964808324
39,213,105,104.43612795417158
39,214,104,108.23277513419464
39,215,103,110.10144474428401
39,216,102,106.82129580864276
39,217,101,105.883842389623
39,218,100,103.69133512740027
39,219,99,107.81253014274256
39,220,98,105.21718170959727
39,221,97,109.02650495443797
39,222,96,109.69374667453839
39,223,95,110.76154652444811
39,224,94,106.28858971496382
39,225,93,102.02626039434729
39,226,92,97.32785092938985
39,227,91,94.633484700527
39,228,90,93.00430752875567
39,229,89,92.40651968044581
39,230,88,86.98008162547669
39,231,87,85.44257794028691
39,232,86,86.63893543754494
39,233,85,82.17619957181182
39,234,84,80.47876621110578
39,235,83,82.05868827515002
39,236,82,82.34278236379234
39,237,81,73.83788383750812
39,238,80,74.4711986582409
39,239,79,71.28702323932006
39,240,78,71.28542083221953
39,241,77,69.61772222018894
39,242,76,71.46025133866851
39,243,75,69.79191055145876
39,244,74,70.46065331258757
39,245,73,71.61161054457014
39,246,72,70.59333824838595
39,247,71,70.19776412315022
39,248,70,68.38640200299736
39,249,69,66.18059111411918
39,250,68,65.67368451204932
39,251,67,66.28815766427311
39,252,66,66.7631425627628
39,253,65,64.2680555021129
39,254,64,64.87504841870722
39,255,63,63.7552714333253
39,256,62,61.71547723931949
39,257,61,62.7884215762693
39,258,60,61.38028141304979
39,259,59,61.636527983693824
39,260,58,60.379535749958016
39,261,57,60.951805965709724
39,262,56,61.57144304128744
39,263,55,61.66463781514621
39,264,54,61.72119356172509
39,265,53,59.922796849915805
39,266,52,57.463315555787666
39,267,51,55.60692892500762
39,268,50,53.23910581292701
39,269,49,53.30162478335563
39,270,48,53.943825017312065
39,271,47,52.829999184826775
39,272,46,51.43504165827832
39,273,45,51.69944222417947
39,274,44,49.96467154792042
39,275,43,49.656590773786974
39,276,42,44.45670765833502
39,277,41,46.255635952846234
39,278,40,42.789286250909555
39,279,39,41.41499548055562
39,280,38,40.02519709318595
39,281,37,37.562874277173165
39,282,36,36.93395397608269
39,283,35,35.913011288337614
39,284,34,34.351837102946405
39,285,33,32.56914626383011
39,286,32,31.814644720681475
39,287,31,31.137095726493396
39,288,30,29.877589297127365
39,289,29,29.752890882896335
39,290,28,27.569000685357345
39,291,27,27.13082899624768
39,292,26,25.414356173727292
39,293,25,22.802457326253776
39,294,24,21.697672781283636
39,295,23,19.87959580438815
39,296,22,19.44982016643111
39,297,21,19.320853666028157
39,298,20,17.97897882859426
39,299,19,16.75600201423159
39,300,18,16.48650742084324
39,301,17,15.715260238712641
39,302,16,14.77082523037894
39,303,15,13.789079973983647
39,304,14,12.980530761482871
39,305,13,12.933753193837235
39,306,12,10.863892810931699
39,307,11,11.310165110015078
39,308,10,8.569913731156156
39,309,9,9.826509907052277
39,310,8,7.987654432901001
40,40,314,124.75718334490082
40,41,313,124.73754621122355
40,42,312,124.76264651578126
40,43,311,124.79936398062725
40,44,310,124.09489977897174
40,45,309,123.84509414843038
40,46,308,123.19511154179972
40,47,307,123.17225516681071
40,48,306,123.23341455305626
40,49,305,124.34224732359729
40,50,304,123.86561557723101
40,51,303,123.37126949046889
40,52,302,124.40367517758133
40,53,301,124.07364781392339
40,54,300,124.43472652714652
40,55,299,124.7783365869226
40,56,298,124.36483855710836
40,57,297,124.56614891634416
40,58,296,124.32825402908014
40,59,295,124.3964064501084
40,60,294,124.53003119298296
40,61,293,124.4369225292039
40,62,292,124.26939891962827
40,63,291,124.04584457165461
40,64,290,123.5824536520648
40,65,289,123.71274344580013
40,66,288,124.28251799754821
40,67,287,124.44764831847573
40,68,286,124.47074447925368
40,69,285,124.2820471455118
40,70,284,124.40406381891651
40,71,283,124.3646647954603
40,72,282,124.11960917199801
40,73,281,123.96232306238585
40,74,280,124.24533275864047
40,75,279,123.17242660016956
40,76,278,123.27691315199624
40,77,277,123.18367429805058
40,78,276,123.4490826047542
40,79,275,123.23412782965465
40,80,274,123.41738405660678
40,81,273,123.28976844571285
40,82,272,123.37602553108914
40,83,271,124.03066070658204
40,84,270,123.94258718964173
40,85,269,123.73609189436633
40,86,268,123.15604868218044
40,87,267,123.36949916220715
40,88,266,123.77829703561514
40,89,265,123.81362661745953
40,90,264,124.13604536167648
40,91,263,123.9804783440647
40,92,262,123.70126605435325
40,93,261,123.69005804312218
40,94,260,123.30414892278134
40,95,259,122.56661281599699
40,96,258,122.65465893211605
40,97,257,123.975391381359
40,98,256,121.78862193268023
40,99,255,120.90476160266068
40,100,254,121.18446307016228
40,101,253,120.91602161671085
40,102,252,120.5696315595229
40,103,251,120.04149266743423
40,104,250,121.66334459353354
40,105,249,122.07729263381279
40,106,248,121.76798199332949
40,107,247,121.84237097346666
40,108,246,121.72855790814344
40,109,245,121.00691285185343
40,110,244,120.46277986593712
40,111,243,120.48869018974194
40,112,242,120.35855950447535
40,113,241,119.73040578038703
40,114,240,119.9040843131022
40,115,239,119.93227421683663
40,116,238,121.47627401694265
40,117,237,123.22639027286496
40,118,236,122.46287091905886
40,119,235,123.38329362668165
40,120,234,122.93723095113722
40,121,233,123.32982748289423
40,122,232,123.34445476424204
40,123,231,123.03826456712503
40,124,230,123.07129126609253
40,125,229,122.93968760570662
40,126,228,123.4479699733558
40,127,227,123.52907131873869
40,128,226,123.44659827578042
40,129,225,122.84238205623996
40,130,224,122.08482528168895
40,131,223,122.60014543707638
40,132,222,122.64043043139435
40,133,221,122.3661278171243
40,134,220,121.54606717017819
40,135,219,121.97459448184418
40,136,218,122.16759875100429
40,137,217,122.52276890722959
40,138,216,122.63452410043598
40,139,215,122.5910019543358
40,140,214,122.9352718618235
40,141,213,122.75574863911346
40,142,212,123.12120279906476
40,143,211,123.43635961289567
40,144,210,124.03570333895448
40,145,209,124.15172579294212
40,146,208,123.69543274713494
40,147,207,123.66614606307547
40,148,206,123.85466644856153
40,149,205,123.48530632459378
40,150,204,122.68294632723425
40,151,203,122.57870753214118
40,152,202,122.09469048401917
40,153,201,121.69484756599563
40,154,200,118.57967993154492
40,155,199,119.55012798870607
40,156,198,117.96266000433084
40,157,197,117.98658280944184
40,158,196,117.35457187529227
40,159,195,117.1517385874556
40,160,194,114.8086940651262
40,161,193,116.87629884081892
40,162,192,115.84596990486826
40,163,191,116.78223326748208
40,164,190,120.01439164403564
40,165,189,122.03368509300142
40,166,188,122.42596549868996
40,167,187,122.1210991211625
40,168,186,122.16568822471866
40,169,185,122.64835857786811
40,170,184,122.49891043708342
40,171,183,123.16444789172348
40,172,182,123.77692755517893
40,173,181,124.38615347137042
40,174,180,123.98134553126117
40,175,179,124.47137346450862
40,176,178,124.10573810110894
40,177,177,124.50336405904451
40,178,176,124.58536765076367
40,179,175,124.63987507473449
40,180,174,124.3072361159918
40,181,173,124.43990060979894
40,182,172,124.61515808387784
40,183,171,124.40670986520531
40,184,170,124.50195809194452
40,185,169,124.09572405831798
40,186,168,124.2625313670614
40,187,167,124.38737461430924
40,188,166,124.8464710853383
40,189,165,124.78658440211285
40,190,164,124.23753193358397
40,191,163,124.84430949752667
40,192,162,124.81247858069153
40,193,161,124.82220076885643
40,194,160,124.84960427214861
40,195,159,124.83130871389213
40,196,158,124.79223842786794
40,197,157,124.99470782538683
40,198,156,124.60828658887115
40,199,155,124.67857690449534
40,200,154,124.35103311555865
40,201,153,123.5835755700281
40,202,152,124.36297191337185
40,203,151,123.60376682768688
40,204,150,124.9626517906614
40,205,149,125.0
40,206,148,124.88685725209385
40,207,147,123.6660029173826
40,208,146,123.92545771370106
40,209,145,124.12447539381449
40,210,144,123.57137927793286
40,211,143,123.64267895404569
40,212,142,123.68936508220462
40,213,141,124.18731691437023
40,214,140,122.43668181015313
40,215,139,122.49474329371773
40,216,138,121.38984840401723
40,217,137,116.61944331474987
40,218,136,116.41889441518401
40,219,135,116.33139994811157
40,220,134,120.49560380889389
40,221,133,120.6027373857218
40,222,132,123.36174079423579
40,223,131,119.91149017307754
40,224,130,121.86578535031268
40,225,129,118.36073193664798
40,226,128,116.75927712915318
40,227,127,119.32691238056188
40,228,126,121.14644486537976
40,229,125,116.8875412788729
40,230,124,113.58240825826988
40,231,123,115.82662174328517
40,232,122,115.7800881599783
40,233,121,114.54311161057835
40,234,120,113.88933359581375
40,235,119,113.84391736317843
40,236,118,115.58499083594796
40,237,117,114.66603498633658
40,238,116,113.48305593302435
40,239,115,113.87051976737109
40,240,114,114.83969306004653
40,241,113,117.14073161263445
40,242,112,121.15308195798809
40,243,111,118.19797419374018
40,244,110,119.83376781450316
40,245,109,122.3709739781302
40,246,108,121.66613781648883
40,247,107,116.93396622943484
40,248,106,117.89544304654609
40,249,105,115.1974532840276
40,250,104,112.2065105054868
40,251,103,110.67067064940659
40,252,102,109.54137591503877
40,253,101,107.97208680104535
40,254,100,105.11533286169009
40,255,99,100.93097727214781
40,256,98,97.54723921074243
40,257,97,93.92327427555708
40,258,96,89.00583005881796
40,259,95,90.55599598917826
40,260,94,90.73596538083754
40,261,93,91.91520845583183
40,262,92,90.22642473781872
40,263,91,87.80103225938461
40,264,90,90.39533626195077
40,265,89,85.33351983864085
40,266,88,82.41056286278288
40,267,87,83.13355190173257
40,268,86,85.40023341661251
40,269,85,79.65233471792558
40,270,84,75.1682628224923
40,271,83,76.52323747755162
40,272,82,81.28913379574676
40,273,81,80.40484926381643
40,274,80,77.8512858557164
40,275,79,75.69902850089505
40,276,78,76.17043337626731
40,277,77,72.25005304255413
40,278,76,74.8704173734136
40,279,75,76.97058215063302
40,280,74,75.76302734637206
40,281,73,76.7218998683903
40,282,72,78.030871838149
40,283,71,76.59439042977755
40,284,70,77.1665186237926
40,285,69,75.73751753210811
40,286,68,73.76975851065816
40,287,67,73.25464229283517
40,288,66,70.2509607938477
40,289,65,70.65222968771813
40,290,64,70.10734939365409
40,291,63,69.81574224520752
40,292,62,69.96863610295503
40,293,61,63.89971290060655
40,294,60,63.78904920765707
40,295,59,61.553258808428225
40,296,58,61.22585107392105
40,297,57,58.35062848799212
40,298,56,57.97127693675551
40,299,55,53.690983698634184
40,300,54,52.26312094169805
40,301,53,52.36775116152662
40,302,52,50.05809900439401
40,303,51,49.512795092894635
40,304,50,50.72585046786669
40,305,49,47.63995317307821
40,306,48,46.89774112249701
40,307,47,43.80813502620343
40,308,46,43.960035602945574
40,309,45,43.904654604154615
40,310,44,41.145429962910434
40,311,43,41.378075574040444
40,312,42,39.5785054629208
40,313,41,38.08227490670433
41,40,192,121.75984737808417
41,41,191,122.24303537875556
41,42,190,122.1580950918451
41,43,189,122.51965524226077
41,44,188,122.85395657401185
41,45,187,124.20626583588746
41,46,186,123.43041187726169
41,47,185,122.56044623118046
41,48,184,122.95052146450261
41,49,183,122.76258615067391
41,50,182,122.25202681231778
41,51,181,123.9304560039773
41,52,180,124.0881534696787
41,53,179,124.36868503878264
41,54,178,124.43755798298704
41,55,177,124.14352116528893
41,56,176,123.98852005022002
41,57,175,123.66171272685114
41,58,174,123.59782858507205
41,59,173,123.05017056392848
41,60,172,123.57915494195281
41,61,171,122.81886608698252
41,62,170,123.04518531277634
41,63,169,123.12727146244347
41,64,168,123.08065425502554
41,65,167,122.66738373889405
41,66,166,122.53342380454221
41,67,165,122.20809347901562
41,68,164,122.32717589798622
41,69,163,122.21836429839001
41,70,162,122.730718637101
41,71,161,122.14780304490682
41,72,160,123.29960039078658
41,73,159,123.15739726993169
41,74,158,123.06950502859684
41,75,157,122.94192290860087
41,76,156,122.65543140243048
41,77,155,123.29296887339399
41,78,154,123.6057628070838
41,79,153,123.19863768806125
41,80,152,123.06498906503151
41,81,151,122.87805042615543
41,82,150,122.67852062300628
41,83,149,123.273862255214
41,84,148,123.71908720807699
41,85,147,123.614677537793
41,86,146,122.75204196536856
41,87,145,122.36676189144873
41,88,144,123.31670330673197
41,89,143,123.61349987026588
41,90,142,123.43829413039927
41,91,141,123.8523780492207
41,92,140,123.71611780053883
41,93,139,123.55399707928484
41,94,138,123.57526026861986
41,95,137,122.85063882703932
41,96,136,121.41987738245169
41,97,135,121.01721120673925
41,98,134,120.84013999261879
41,99,133,121.86939995703571
41,100,132,123.01851670658431
41,101,131,122.31665222570713
42,40,162,116.97798063990604
42,41,161,117.63288946800137
42,42,160,114.85007974830117
42,43,159,113.51506100945991
42,44,158,116.23699430676501
42,45,157,115.27966073344759
42,46,156,116.18752181704892
42,47,155,118.47906571178702
42,48,154,116.42983409165845
42,49,153,115.68313790722335
42,50,152,115.60305985642485
42,51,151,114.10620262329948
42,52,150,114.77008387878243
42,53,149,114.54438476102567
42,54,148,109.93265632206233
42,55,147,104.55167816240271
42,56,146,103.42581278352964
42,57,145,102.63641638094956
42,58,144,105.11056871461206
42,59,143,100.21715566782795
42,60,142,99.6594487300714
42,61,141,96.92150336633543
42,62,140,93.81514620559219
42,63,139,91.8827963874457
42,64,138,90.05686827854765
42,65,137,90.4801348953171
42,66,136,88.4148991621376
42,67,135,88.46876593428075
42,68,134,86.45530596926885
42,69,133,88.75355373081584
42,70,132,89.8154149508158
42,71,131,90.5354397631499
42,72,130,88.76358993420101
42,73,129,92.50509903832656
42,74,128,94.23143849729513
42,75,127,95.09423406567123
42,76,126,93.91505040289809
42,77,125,97.09048984231292
42,78,124,95.19171076748904
42,79,123,94.04424206763474
42,80,122,91.58627565092733
42,81,121,92.55725248275564
42,82,120,93.95387028015938
42,83,119,92.57652991125653
42,84,118,93.49422693522195
42,85,117,97.71247694423485
42,86,116,98.00431045573342
42,87,115,97.16010356167027
43,40,221,124.81431698725217
43,41,220,124.64202319246249
43,42,219,124.52820620316932
43,43,218,124.01970696439078
43,44,217,124.12568336777467
43,45,216,124.19428604865311
43,46,215,124.30073453559739
43,47,214,124.20892097728898
43,48,213,124.5549183420003
43,49,212,124.50956089977367
43,50,211,124.50817327004859
43,51,210,124.51096330503559
43,52,209,125.0
43,53,208,124.53616160609401
43,54,207,125.0
43,55,206,124.54918695028566
43,56,205,124.6555282998126
43,57,204,124.69785886013311
43,58,203,124.67696001304648
43,59,202,124.75167128127487
43,60,201,124.3185290364746
43,61,200,124.28519448117692
43,62,199,124.26321544251606
43,63,198,124.2315968475671
43,64,197,123.41388375388479
43,65,196,123.73059826494386
43,66,195,123.03730700583148
43,67,194,122.97803813821625
43,68,193,123.03706090468978
43,69,192,123.57741887215596
43,70,191,123.7266540195815
43,71,190,123.82739523436612
43,72,189,124.18632330144237
43,73,188,123.95976031816605
43,74,187,123.61545137074447
43,75,186,123.83363786665487
43,76,185,123.14122259210387
43,77,184,122.38017081688423
43,78,183,121.96638257318229
43,79,182,121.90694211214345
43,80,181,122.01750394334164
43,81,180,122.56194417783018
43,82,179,122.5531160520218
43,83,178,124.02344912315175
43,84,177,124.83232599328656
43,85,176,125.0
43,86,175,125.0
43,87,174,124.92319422575027
43,88,173,124.86476480081825
43,89,172,124.8350176099013
43,90,171,124.33695896097397
43,91,170,124.21494771549371
43,92,169,123.60565386044314
43,93,168,123.17403615369633
43,94,167,123.30968427809222
43,95,166,122.21934809398304
43,96,165,121.35566728127569
43,97,164,121.35995041432585
43,98,163,121.55655977940356
43,99,162,122.3045518523216
43,100,161,121.97797157880932
43,101,160,122.61380351662734
43,102,159,122.40221593862972
43,103,158,122.64222375307675
43,104,157,123.05805857859002
43,105,156,123.73688556942153
43,106,155,123.57058957916254
43,107,154,122.261246721904
43,108,153,122.75296940813536
43,109,152,123.09865608848513
43,110,151,123.10531097838519
43,111,150,122.87165839662711
43,112,149,123.4430200055607
43,113,148,123.24361994446059
43,114,147,123.94869018356582
43,115,146,123.76746939511288
43,116,145,122.26692010466404
43,117,144,122.1596233048312
43,118,143,122.40884539935243
43,119,142,122.86675611703103
43,120,141,123.17223472163431
43,121,140,123.23016365132702
43,122,139,123.07416513798172
43,123,138,123.09559315966662
43,124,137,123.7466514093302
43,125,136,123.6069101026306
43,126,135,122.51356962005437
43,127,134,122.95778983266582
43,128,133,122.15520668712522
43,129,132,121.68956140472636
43,130,131,121.55171128061892
43,131,130,118.49769756871132
43,132,129,115.25409079607243
43,133,128,112.51385679663431
44,40,175,119.73673338707228
44,41,174,118.45003314125111
44,42,173,117.34513894214491
44,43,172,120.3096138611917
44,44,171,121.3033828763823
44,45,170,121.25964115693225
44,46,169,122.91709954648893
44,47,168,122.58113481373168
44,48,167,122.71533820836314
44,49,166,121.7337922824417
44,50,165,121.90086652133417
44,51,164,121.59168755622139
44,52,163,120.94531334101416
44,53,162,121.6935510992304
44,54,161,121.8087969134969
44,55,160,120.77651176692993
44,56,159,121.2621991693332
44,57,158,121.2270077406321
44,58,157,120.8736927318039
44,59,156,120.82194833420856
44,60,155,120.16093533290565
44,61,154,119.62304973359909
44,62,153,120.06792625921067
44,63,152,119.38762064242337
44,64,151,117.75856268005273
44,65,150,117.22325658566771
44,66,149,118.0291217673026
44,67,148,119.2241532304742
44,68,147,118.91457523103008
44,69,146,119.89776064721445
44,70,145,118.80334445654827
44,71,144,116.87584162349846
44,72,143,116.07052163493083
44,73,142,118.10317774384839
44,74,141,118.10253610126823
44,75,140,117.7970683539445
44,76,139,114.61853257429425
44,77,138,114.46463086224426
44,78,137,117.43922682333626
44,79,136,117.0491585309756
44,80,135,117.0509921419727
44,81,134,116.56790152553125
44,82,133,114.80837075673887
44,83,132,112.36335342938688
44,84,131,111.92562488524746
44,85,130,112.6891388588391
44,86,129,110.7742722958493
44,87,128,107.5432241689646
44,88,127,106.30899186420385
44,89,126,104.52190095518374
44,90,125,107.1411538773526
44,91,124,110.15951240991708
44,92,123,110.11076198861997
44,93,122,113.01683861046243
44,94,121,111.92838554839719
44,95,120,110.11160239714008
44,96,119,108.94252930684007
44,97,118,103.86327139230664
44,98,117,100.98435981247495
44,99,116,94.98532885216784
44,100,115,91.85640736854813
44,101,114,90.73556626572778
44,102,113,89.27224929308312
44,103,112,87.00440026384734
44,104,111,81.68998094687717
44,105,110,81.8448916861501
44,106,109,85.86642122643235
44,107,108,91.92846475812793
44,108,107,99.99707830743449
44,109,106,94.98517901628813
44,110,105,90.07097171274779
44,111,104,91.58134715513418
44,112,103,82.68913315603922
44,113,102,88.38050144299065
44,114,101,86.71500543851465
44,115,100,84.75396532961275
44,116,99,80.88456452331604
44,117,98,75.6892361819084
44,118,97,68.39222925686349
44,119,96,69.38803788775337
44,120,95,67.33099620175207
44,121,94,70.30525073044257
44,122,93,67.308816835649
44,123,92,71.64274168653156
44,124,91,76.78659871664416
44,125,90,78.92697400271516
44,126,89,79.41958611582675
44,127,88,80.77322540822095
44,128,87,80.13109072193673
44,129,86,83.66237794903358
44,130,85,81.14157952511944
44,131,84,85.24043785388007
44,132,83,83.60142751197967
44,133,82,87.0985240759754
44,134,81,87.49268132923544
44,135,80,87.05604305568897
44,136,79,79.39677385397391
44,137,78,77.01463169629838
44,138,77,74.80602442926332
44,139,76,76.76980622381885
44,140,75,79.15401656879098
44,141,74,80.69784401548807
44,142,73,81.8029373717782
44,143,72,83.69192467365423
44,144,71,88.94771273317066
44,145,70,84.42335690375612
44,146,69,81.10616791508897
45,40,159,124.81787104840664
45,41,158,124.6904282740677
45,42,157,124.22625320621411
45,43,156,124.49540602038999
45,44,155,124.63672293963421
45,45,154,124.28074336663533
45,46,153,124.21339468638956
45,47,152,123.52598743119705
45,48,151,123.74660598734967
45,49,150,124.02305426266136
45,50,149,123.83780923484868
45,51,148,122.64761199212326
45,52,147,122.58655150196053
45,53,146,122.79057741786951
45,54,145,123.48926184390541
45,55,144,123.07515341046668
45,56,143,122.46433629500615
45,57,142,119.97024241402812
45,58,141,120.8004039273246
45,59,140,119.15933934119695
45,60,139,117.7437291052533
45,61,138,121.31002600287373
45,62,137,118.91081419178445
45,63,136,119.3405250487485
45,64,135,119.23919774010278
45,65,134,118.26423446304112
45,66,133,122.49709322058072
45,67,132,122.87703772292073
45,68,131,123.4314440460929
45,69,130,123.29904347674395
45,70,129,123.43252935249629
45,71,128,122.86638960670217
45,72,127,122.38755220181147
45,73,126,121.87346138035093
45,74,125,122.29568925263312
45,75,124,119.7827516259049
45,76,123,119.27693930323093
45,77,122,120.54463724085804
45,78,121,120.22874776168786
45,79,120,119.17923151262346
45,80,119,119.55842227835865
45,81,118,121.05385581390784
45,82,117,120.68061983457409
45,83,116,121.2741988585382
45,84,115,121.48371926420879
45,85,114,122.4123905136298
45,86,113,122.56710023928969
45,87,112,121.34968641508908
45,88,111,121.85547345887682
46,40,147,124.54455603034467
46,41,146,124.6302094055739
46,42,145,124.5744070033969
46,43,144,124.59824158318631
46,44,143,124.66596715461918
46,45,142,124.66748621193
46,46,141,124.89399999083571
46,47,140,124.80165805404572
46,48,139,124.53845378547996
46,49,138,124.50191508508267
46,50,137,124.54668595939339
46,51,136,124.71912899020833
46,52,135,124.70789297024062
46,53,134,124.78787062637711
46,54,133,124.45969720346119
46,55,132,124.47398642797472
46,56,131,124.45638346668719
46,57,130,124.30698860275922
46,58,129,124.1103618579123
46,59,128,124.36645352725633
46,60,127,124.29274050593361
46,61,126,124.12482878289603
46,62,125,124.37945336602237
46,63,124,124.24985277362231
46,64,123,123.81711156249118
46,65,122,122.01155965138749
46,66,121,122.37068058193157
46,67,120,121.3307734014102
46,68,119,121.71605498833603
46,69,118,122.6038930418296
46,70,117,122.88498447527229
46,71,116,122.81548754729434
46,72,115,122.21948709649675
46,73,114,122.67084032470112
46,74,113,122.91325251186325
46,75,112,123.31286684391245
46,76,111,122.53536572912353
46,77,110,118.72694994411668
46,78,109,116.34385428836103
46,79,108,115.78334555060513
46,80,107,110.70294605183656
46,81,106,107.40269385292503
46,82,105,110.06853275876807
46,83,104,103.58175959333045
46,84,103,106.04126667117939
46,85,102,107.60091389843328
46,86,101,109.44450311721339
46,87,100,102.23830396597634
46,88,99,104.88794043115041
46,89,98,103.44665443295119
46,90,97,105.8052073039893
46,91,96,108.07072304349359
46,92,95,109.73154222134474
46,93,94,107.55665705019966
46,94,93,114.44583740151302
46,95,92,112.08778275755886
46,96,91,113.38641607349959
46,97,90,111.92737745192964
46,98,89,109.83154545829841
46,99,88,112.14945982864191
46,100,87,112.04387954597053
46,101,86,108.54868583769245
46,102,85,108.87542697420832
46,103,84,106.24883334390415
46,104,83,103.88728316094657
46,105,82,100.38766500599951
46,106,81,99.2561788755211
46,107,80,100.93639143574322
46,108,79,97.22872726226515
46,109,78,98.60080082554583
46,110,77,97.82760730635695
46,111,76,98.9493281258849
46,112,75,98.08970361541611
46,113,74,99.91348132999693
46,114,73,98.07177739403332
46,115,72,92.87826664105422
46,116,71,82.05537147994846
46,117,70,77.66078939026704
46,118,69,76.8842460460248
46,119,68,70.88615843683456
46,120,67,64.22214127819771
46,121,66,59.96284394560883
46,122,65,62.535976158671
46,123,64,60.89205645353728
46,124,63,59.15404617149012
46,125,62,61.032435571579725
46,126,61,60.675706470588054
46,127,60,59.29347580800605
46,128,59,58.85951608982418
46,129,58,58.40401583102535
46,130,57,58.60630373449325
46,131,56,57.843576833759855
46,132,55,59.41649443159969
46,133,54,57.99837723365768
46,134,53,57.930657354023154
46,135,52,56.7444502161721
46,136,51,52.000740042575266
46,137,50,48.22715136991425
46,138,49,47.94765450310122
46,139,48,48.3641134524313
46,140,47,47.78468520577198
46,141,46,45.10726076770458
46,142,45,43.16656764471146
46,143,44,43.83734660628022
46,144,43,43.40099720565736
46,145,42,42.397314867879174
46,146,41,41.74461193896579
46,147,40,42.141996566948436
46,148,39,40.73730263439084
46,149,38,39.9665427209218
46,150,37,39.12253820507987
46,151,36,38.58270903320383
46,152,35,36.14293685539869
46,153,34,35.57347581587483
46,154,33,33.57205011322867
46,155,32,32.44124659708591
46,156,31,32.32230915663924
46,157,30,29.757790308478278
46,158,29,29.083700011388615
46,159,28,28.814120678739958
46,160,27,26.870603253200464
46,161,26,26.664395610898083
46,162,25,26.008813541754424
46,163,24,23.730035065496196
46,164,23,24.223387386968543
46,165,22,22.524879665503793
46,166,21,21.860940687670862
46,167,20,21.416739370343244
46,168,19,21.289006430368428
46,169,18,19.502772767847098
46,170,17,19.627518732986836
46,171,16,18.998647976967746
46,172,15,18.494032159727777
46,173,14,16.120557725552807
46,174,13,15.505681455048649
46,175,12,14.623663962616122
46,176,11,12.01551592012433
46,177,10,10.799718230168732
46,178,9,8.988959427852198
46,179,8,8.587760182149328
46,180,7,7.738734328086888
47,40,153,122.40328686868828
47,41,152,122.11194579460098
47,42,151,122.82371851642083
47,43,150,122.22294959431525
47,44,149,122.18218437610173
47,45,148,122.60622127056504
47,46,147,118.69248949619936
47,47,146,117.2258312271046
47,48,145,114.91084547465371
47,49,144,114.43555905593658
47,50,143,117.17477460771619
47,51,142,111.43776319899783
47,52,141,115.04444335956197
47,53,140,116.12983981102866
47,54,139,116.72100374466925
47,55,138,118.39532218563846
47,56,137,120.22365813236982
48,40,194,123.43588216089766
48,41,193,122.41512486205731
48,42,192,122.9074357553436
48,43,191,122.99369390555731
48,44,190,121.77936341813664
48,45,189,120.6591519879438
48,46,188,120.92683467789753
48,47,187,121.62354248303035
48,48,186,121.33158933662392
48,49,185,119.61475545350467
48,50,184,119.63117603119153
48,51,183,120.65876460881964
48,52,182,120.35577544057213
48,53,181,120.66507579159406
48,54,180,119.70994681743852
48,55,179,119.62939821645676
48,56,178,120.12640643004804
48,57,177,121.77361910368026
48,58,176,121.16288528253986
48,59,175,121.646034810705
48,60,174,120.4867675846711
48,61,173,118.83892583805175
48,62,172,117.68655082985701
48,63,171,117.7850462990936
48,64,170,115.18528560066548
48,65,169,114.9478683249097
48,66,168,113.0720048460446
48,67,167,112.4388513524334
48,68,166,108.93185379990925
48,69,165,107.41702206505535
48,70,164,108.14831473713666
48,71,163,102.36844935506747
48,72,162,105.63040464599642
48,73,161,102.67122628428389
48,74,160,106.48837059331242
48,75,159,105.1314647663068
48,76,158,106.14171633351081
48,77,157,105.51511844127927
48,78,156,106.13305376304561
48,79,155,112.86840943798833
48,80,154,113.3273284900075
48,81,153,113.95126497229768
48,82,152,115.86250403769688
48,83,151,113.20942042437053
48,84,150,113.3860387508938
48,85,149,117.45671352091992
48,86,148,116.14882954161135
48,87,147,115.05339293803503
48,88,146,115.2238171895323
48,89,145,116.79862726843862
48,90,144,115.74691995704447
48,91,143,117.223917791896
48,92,142,116.82301684362774
48,93,141,117.50422039108065
48,94,140,116.25362803139583
48,95,139,114.6762504457914
48,96,138,113.63690991518939
48,97,137,112.45842563369456
48,98,136,112.76781416072919
48,99,135,111.18395975895899
48,100,134,109.2418386776568
48,101,133,107.50776651061398
48,102,132,106.52228618749356
48,103,131,108.90227209362729
48,104,130,107.03686278331497
48,105,129,104.35946435443384
48,106,128,103.14108882571918
48,107,127,104.37110828533275
48,108,126,101.83186888492497
48,109,125,100.00666788678998
48,110,124,98.73553992193375
48,111,123,94.18219107012646
48,112,122,92.08622413985566
48,113,121,82.93153701645781
48,114,120,80.55230296702955
48,115,119,78.74922840413103
48,116,118,76.15566832122065
48,117,117,74.37972908890018
48,118,116,79.06626309932602
48,119,115,84.20154914984386
48,120,114,89.25627633152055
48,121,113,90.7390792855894
48,122,112,90.20493870512556
48,123,111,89.7625762210873
48,124,110,93.77665707464358
48,125,109,93.25419450594812
48,126,108,92.21927474261685
48,127,107,98.55871139921376
48,128,106,97.52366173412449
48,129,105,92.27630212705458
48,130,104,88.87027582489313
48,131,103,94.48883092662511
48,132,102,97.28779002907041
48,133,101,93.5246442346282
48,134,100,93.33525575542683
48,135,99,94.66084528197197
48,136,98,89.8881660160695
48,137,97,90.73120260811112
48,138,96,89.34980127892636
48,139,95,93.02548925158895
48,140,94,90.15615867738893
48,141,93,91.76328589054346
48,142,92,99.25970270126027
48,143,91,106.46659567352782
48,144,90,102.96781052280105
48,145,89,106.49159347092221
48,146,88,105.55564903941107
48,147,87,106.68075830377423
48,148,86,108.63686750083843
48,149,85,103.32685521271469
48,150,84,102.65697511975824
48,151,83,101.51279983756355
48,152,82,100.16347491332124
48,153,81,99.3309754339003
48,154,80,97.05141069777528
48,155,79,94.1709582561636
48,156,78,94.41502696838921
48,157,77,90.4766388328699
48,158,76,88.1365764329722
48,159,75,86.26666425010305
48,160,74,82.87506929505423
48,161,73,80.75355470120192
48,162,72,81.06533618096
48,163,71,81.75799499979301
48,164,70,81.15557211476634
48,165,69,76.61452563094608
48,166,68,76.52953076412177
48,167,67,77.27501606614382
48,168,66,69.75245819675257
48,169,65,62.80314345399044
48,170,64,61.86495530558717
48,171,63,53.2320547845042
48,172,62,57.39450637300325
48,173,61,66.24587420002032
48,174,60,57.30184077998956
48,175,59,52.27918123861167
48,176,58,53.69007117060369
48,177,57,51.92829736115465
48,178,56,49.17747789990129
48,179,55,51.492481607252536
49,40,306,124.23436259412955
49,41,305,124.31325853131636
49,42,304,124.32576286681419
49,43,303,124.34196918210704
49,44,302,124.92904283488693
49,45,301,124.96203931175884
49,46,300,125.0
49,47,299,124.92804102522607
49,48,298,124.95314285818142
49,49,297,125.0
49,50,296,125.0
49,51,295,124.36596293698423
49,52,294,124.88933815374668
49,53,293,124.91021104130692
49,54,292,125.0
49,55,291,124.9196335673171
49,56,290,124.64059140712928
49,57,289,121.8720715789596
49,58,288,122.90278963503599
49,59,287,124.39239034763355
49,60,286,125.0
49,61,285,124.97660316491852
49,62,284,124.51483184508054
49,63,283,124.37242105389171
49,64,282,124.3287489346109
49,65,281,123.5484619530421
49,66,280,123.90017009811417
49,67,279,123.7999232857648
49,68,278,124.77696136502323
49,69,277,124.24686932328149
49,70,276,124.87017109198041
49,71,275,124.74678198932119
49,72,274,124.92298922423444
49,73,273,124.80274434645888
49,74,272,124.89970187069665
49,75,271,124.64223455455297
49,76,270,124.45199100345472
49,77,269,124.82201330540259
49,78,268,124.96231696369671
49,79,267,124.89829472374245
49,80,266,124.93267896486535
49,81,265,125.0
49,82,264,123.887464754539
49,83,263,124.43853781340465
49,84,262,123.72489148144442
49,85,261,123.97193533772074
49,86,260,124.041636081274
49,87,259,124.39823930793109
49,88,258,124.34858628939955
49,89,257,124.33333606652322
49,90,256,124.64250062960676
49,91,255,124.71194652581329
49,92,254,121.86534687112737
49,93,253,124.50721617344993
49,94,252,121.24052857794507
49,95,251,123.10735921271714
49,96,250,122.86752173286806
49,97,249,122.35500369557016
49,98,248,122.13100999820423
49,99,247,122.71100585164235
49,100,246,122.03318181689457
49,101,245,121.87354477949324
49,102,244,124.85534854699341
49,103,243,124.51753295826828
49,104,242,122.82790700265188
49,105,241,124.60542915153773
49,106,240,124.73006757062998
49,107,239,124.71388298200091
49,108,238,124.16588559525873
49,109,237,124.69351288637793
49,110,236,125.0
49,111,235,123.78413363368145
49,112,234,125.0
49,113,233,124.46496878648128
49,114,232,122.33903169356813
49,115,231,120.73868473788059
49,116,230,122.95978405844143
49,117,229,123.98517788712849
49,118,228,124.54182393694634
49,119,227,124.42627263806327
49,120,226,124.79959599507053
49,121,225,124.64901277246237
49,122,224,124.55920976087774
49,123,223,124.66646119236742
49,124,222,124.40056385499838
49,125,221,124.38416510728047
49,126,220,123.95049565706294
49,127,219,124.44788169743805
49,128,218,124.40691418837068
49,129,217,124.91268410867272
49,130,216,124.57653995149579
49,131,215,124.50225708711204
49,132,214,124.24290824381265
49,133,213,124.03383762706807
49,134,212,123.51672499560753
49,135,211,123.50815842214222
49,136,210,121.06625900582152
49,137,209,121.90524895640979
49,138,208,120.79571895148871
49,139,207,120.26969646295254
49,140,206,120.2875516357121
49,141,205,122.05364742063887
49,142,204,121.07327645480242
49,143,203,122.18302514100753
49,144,202,123.04794170462455
49,145,201,123.37551922189273
49,146,200,124.74281570723272
49,147,199,123.17086588534686
49,148,198,122.396669639815
49,149,197,120.83956463885815
49,150,196,120.80868448527934
49,151,195,118.36944896132266
49,152,194,118.2298109269444
49,153,193,119.31198095356088
49,154,192,117.72952047834815
49,155,191,118.12368863742839
49,156,190,117.20436833848431
49,157,189,115.29229715361433
49,158,188,115.55889575031117
49,159,187,116.21110541281604
49,160,186,117.06408457678967
49,161,185,119.01707127320519
49,162,184,122.3257065671202
49,163,183,121.75473288094068
49,164,182,123.28000722022834
49,165,181,122.74728996448809
49,166,180,123.23230151666439
49,167,179,122.95401694244815
49,168,178,123.29509177506547
49,169,177,123.37877428968365
49,170,176,123.1606942955209
49,171,175,123.45712619461644
49,172,174,123.75542861192122
49,173,173,123.71348385807721
49,174,172,123.13875505788243
49,175,171,121.81615381297505
49,176,170,122.04978219593826
49,177,169,123.61717606885155
49,178,168,123.42956397272792
49,179,167,123.59149294526318
49,180,166,122.39997322837064
49,181,165,123.53855445699577
49,182,164,122.73598332162135
49,183,163,123.41591478326819
49,184,162,123.75029590432736
49,185,161,123.99331431532677
49,186,160,124.17134255831674
49,187,159,123.53134422919022
49,188,158,122.7631616340766
49,189,157,123.5988225382151
49,190,156,122.73215219099072
49,191,155,123.03290329026217
49,192,154,123.99043790308136
49,193,153,124.16222113885351
49,194,152,123.80837343765917
49,195,151,123.48112244376968
49,196,150,123.59696891206484
49,197,149,123.22742743597706
49,198,148,123.91151989074964
49,199,147,123.59864493807567
49,200,146,123.55987765144664
49,201,145,123.35980873919888
49,202,144,122.43104167141985
49,203,143,123.84423454409766
49,204,142,123.60180765935843
49,205,141,122.85740418490848
49,206,140,123.13845149710818
49,207,139,122.26017906319642
49,208,138,122.18845049687525
49,209,137,122.61617938096293
49,210,136,123.19806628503937
49,211,135,123.54903594640768
50,40,118,120.63379680440619
50,41,117,121.51903663462528
50,42,116,121.55441307267103
50,43,115,121.00746010747233
50,44,114,121.35415421363683
50,45,113,121.45686223290335
50,46,112,121.39127780513238
50,47,111,122.22090371810103
50,48,110,122.24648030618927
50,49,109,121.4774388937593
50,50,108,120.67786865711733
50,51,107,120.17410413986083
50,52,106,121.28458990558633
50,53,105,122.70590711514774
50,54,104,122.5520136279899
50,55,103,122.48339827490871
50,56,102,122.63730407361909
50,57,101,121.14840521105066
50,58,100,119.25730275989756
50,59,99,118.87448517347244
50,60,98,117.34433893384495
50,61,97,116.6942855754491
50,62,96,115.52978451736057
50,63,95,117.2810253363748
50,64,94,115.61547172885693
50,65,93,111.77734827360361
50,66,92,111.16118042948332
50,67,91,113.19503692205552
50,68,90,111.22107808564454
50,69,89,112.58322389611602
50,70,88,113.58945106384212
50,71,87,110.5874934136601
50,72,86,107.72738484311643
50,73,85,106.10287171489787
50,74,84,105.95728102762797
50,75,83,104.65750107066978
50,76,82,105.1506069943019
50,77,81,93.41458559912925
50,78,80,93.30763799779805
50,79,79,90.14055628624797
50,80,78,90.77683754269958
50,81,77,90.01441367657569
50,82,76,89.52006615984752
50,83,75,85.34668239935857
50,84,74,83.61321972880425
50,85,73,83.20090646473142
50,86,72,80.71433164369353
50,87,71,74.6112962894154
50,88,70,73.38630812330635
50,89,69,68.35654880112543
50,90,68,55.92931064270071
50,91,67,58.45173767602554
50,92,66,53.50698105961688
50,93,65,47.47163854416014
50,94,64,49.65072239431498
50,95,63,51.50227270034902
50,96,62,57.43426164835601
50,97,61,54.707595477712026
50,98,60,56.26699797578611
50,99,59,53.13496806338075
50,100,58,47.3802269374037
50,101,57,49.832002513772025
50,102,56,44.58964380398477
50,103,55,48.67527391028912
50,104,54,46.77773955542608
50,105,53,42.77861661625253
50,106,52,44.88605314696487
50,107,51,46.038345765663664
50,108,50,47.72134828708997
50,109,49,49.52697014009071
50,110,48,48.16026874363847
50,111,47,47.29198472778143
50,112,46,47.06728921988818
50,113,45,48.215833985812864
50,114,44,48.73232795363819
50,115,43,49.748556301055466
50,116,42,54.08346590680509
50,117,41,52.41486220595807
50,118,40,52.295183750963474
50,119,39,53.18761226612176
50,120,38,54.492641521891755
50,121,37,53.429966392864486
50,122,36,53.27936537722469
50,123,35,48.647888820472474
50,124,34,46.79485654869582
50,125,33,46.16285108654827
50,126,32,43.10312446028132
50,127,31,42.91664544517994
50,128,30,39.57744909190184
50,129,29,36.91400280941916
50,130,28,35.24672783470072
50,131,27,35.53115577551645
50,132,26,32.913183610169405
50,133,25,32.07532196273973
50,134,24,29.76777259130199
50,135,23,27.529233214656017
50,136,22,25.99804498658528
50,137,21,28.554575151596772
50,138,20,27.562092664444297
50,139,19,25.336040171647046
50,140,18,26.36968077744503
50,141,17,23.563692601063345
50,142,16,19.233412055557714
50,143,15,19.073556584434293
50,144,14,17.725516792387207
50,145,13,16.574889614162263
50,146,12,16.690048119653426
50,147,11,14.887963636745058
51,40,156,121.31061247624217
51,41,155,121.78551954704146
51,42,154,121.44319979048984
51,43,153,121.20390625554508
51,44,152,121.33051782857628
51,45,151,122.19266728614235
51,46,150,121.7615473270024
51,47,149,121.18181061419557
51,48,148,121.76722889454456
51,49,147,121.48097772920448
51,50,146,121.58283484650136
51,51,145,120.70695968758744
51,52,144,121.41926580201454
51,53,143,122.68235515893183
51,54,142,122.6112631172729
51,55,141,121.71884542978475
51,56,140,121.9014528831718
51,57,139,121.70959411629067
51,58,138,121.0383851963746
51,59,137,120.45256949958613
51,60,136,119.28676044347995
51,61,135,119.7939910401243
51,62,134,117.87811224104425
51,63,133,117.59457485385047
51,64,132,112.92776246889761
51,65,131,111.51920161842244
51,66,130,110.77071967402834
51,67,129,110.49550193928587
51,68,128,106.75392012058265
51,69,127,108.26621201192698
51,70,126,108.09352201208387
51,71,125,107.6348061867983
51,72,124,107.10184869131493
51,73,123,110.9093937553785
51,74,122,110.0354681320934
51,75,121,112.05509356863998
51,76,120,111.28197518921168
51,77,119,108.89395311317551
51,78,118,104.07932139335561
51,79,117,107.10967480919786
51,80,116,101.25001966073782
51,81,115,99.80017824676096
51,82,114,103.87474888237537
51,83,113,102.38314373323274
51,84,112,100.3807110773055
51,85,111,100.89984159553339
51,86,110,100.0326118090635
51,87,109,100.66572033581386
51,88,108,101.70554181753307
51,89,107,101.2634504282978
51,90,106,102.02935423735528
51,91,105,100.95165481018549
51,92,104,100.00294205827524
51,93,103,108.31149151627741
51,94,102,109.68207349454345
51,95,101,108.86037321425826
51,96,100,102.55777842706401
51,97,99,100.02288964566714
51,98,98,105.44586429430427
51,99,97,103.88024449118953
51,100,96,103.83916187797436
51,101,95,104.00124007886339
51,102,94,102.4856233255544
51,103,93,104.78136657373614
51,104,92,101.31091137663692
51,105,91,105.18169588453688
51,106,90,104.3413427474465
51,107,89,96.82552721624003
51,108,88,89.87291949661079
51,109,87,88.62675362528542
51,110,86,86.8153142706976
51,111,85,81.65993401276216
51,112,84,81.56567311543648
51,113,83,78.65318630577738
51,114,82,81.05394070743111
51,115,81,82.64481493147898
51,116,80,71.88931375734879
51,117,79,72.83428545488437
51,118,78,72.44884402764797
52,38,120,122.62060965347641
53,40,155,122.05051480536972
53,41,154,121.31174062243963
53,42,153,121.58605882642289
53,43,152,121.79900738618139
53,44,151,121.99573225370332
53,45,150,121.70954233610107
53,46,149,120.28039200987087
53,47,148,119.6285490817311
53,48,147,120.6615597964736
53,49,146,120.59867302793543
53,50,145,121.20904734392272
53,51,144,120.57520025650985
53,52,143,119.99865299125719
53,53,142,120.731630095506
53,54,141,119.6608162190469
53,55,140,120.03061501051207
53,56,139,120.32862137864002
53,57,138,119.10536130346617
53,58,137,121.64534154036798
53,59,136,120.33454892328231
53,60,135,120.78090730997454
53,61,134,120.99697068135666
53,62,133,120.23802209182168
53,63,132,120.04453153970613
53,64,131,119.75662697798231
53,65,130,118.39686014145481
53,66,129,116.73623871691396
53,67,128,117.74434252351307
53,68,127,117.53465886834819
53,69,126,114.93654127493889
53,70,125,116.58623904198292
53,71,124,115.42704188335621
53,72,123,116.24270224228462
53,73,122,112.28866056642019
53,74,121,108.83170004022354
53,75,120,108.32118279429635
53,76,119,103.62727269294327
53,77,118,105.81951451053789
53,78,117,102.49596357401876
53,79,116,94.65179985112829
53,80,115,94.50689753558157
53,81,114,95.32732136013286
53,82,113,95.95640648362962
53,83,112,92.3360478108246
53,84,111,91.02682808513273
53,85,110,85.32225363062602
53,86,109,87.59842010537062
53,87,108,86.33490255766247
53,88,107,85.9406242047902
53,89,106,85.37189113350931
53,90,105,87.53879213044752
53,91,104,89.8842984846761
53,92,103,87.87833614889705
53,93,102,83.32070738342284
53,94,101,88.43016981739709
53,95,100,90.86218739101139
53,96,99,93.92093871506856
53,97,98,97.45030918061934
53,98,97,99.70121929792624
53,99,96,100.01714571427208
53,100,95,103.88533811501016
53,101,94,103.34147832868248
53,102,93,100.6213850804078
53,103,92,99.35502396749322
53,104,91,95.18979636450759
53,105,90,94.37183615141453
53,106,89,95.48074344377429
53,107,88,97.6895366540706
53,108,87,104.23973457725833
54,40,97,118.72743432878103
54,41,96,120.878928972929
54,42,95,120.26042625758879
54,43,94,119.3467150443955
54,44,93,115.38235850314321
54,45,92,118.8296570852387
54,46,91,117.12082394574557
54,47,90,118.94636894463048
54,48,89,117.57876654338028
54,49,88,117.33979385333598
54,50,87,119.50653757326279
55,40,218,123.94601556154512
55,41,217,123.52149531684647
55,42,216,123.24302462503914
55,43,215,123.36447742251463
55,44,214,122.45238538382614
55,45,213,122.45514239305794
55,46,212,121.52013268616949
55,47,211,121.33217918020259
55,48,210,122.60578167236196
55,49,209,123.53323971714619
55,50,208,123.86973706156184
55,51,207,123.23608094626141
55,52,206,121.892029905772
55,53,205,120.67878183745191
55,54,204,119.8059913167348
55,55,203,120.28621349538297
55,56,202,121.71836281077701
55,57,201,120.88135259117094
55,58,200,122.13095895426139
55,59,199,122.83674804491599
55,60,198,123.1579505224483
55,61,197,123.00895219362316
55,62,196,123.80568431861045
55,63,195,122.32150610021003
55,64,194,122.61943307631944
55,65,193,122.34388677935904
55,66,192,121.32165247500089
55,67,191,120.9003779436312
55,68,190,120.71925960549781
55,69,189,120.12646642782502
55,70,188,119.61309820948745
55,71,187,118.57613830518987
55,72,186,116.96288453675999
55,73,185,117.7403345912609
55,74,184,116.59606876123068
55,75,183,115.8358201552472
55,76,182,116.08044263884513
55,77,181,115.72924565255232
55,78,180,114.90682950062182
55,79,179,116.93469113841665
55,80,178,116.86686079553928
55,81,177,117.85782742981426
55,82,176,117.84599741449583
55,83,175,118.8410477879495
55,84,174,119.68117923234884
55,85,173,118.06933476844665
55,86,172,119.81125752497942
55,87,171,117.57206431718507
55,88,170,117.47349475469062
55,89,169,116.91240157800412
55,90,168,113.40826729495029
55,91,167,112.5403544636298
55,92,166,112.82514799749353
55,93,165,113.6283333433781
55,94,164,112.04020216498458
55,95,163,114.6106495788261
55,96,162,110.98554099662122
55,97,161,111.15785276653713
55,98,160,109.06376980296108
55,99,159,107.76838066490934
55,100,158,109.77020216730375
55,101,157,109.1231169861131
55,102,156,104.03124627635293
55,103,155,105.98754154817013
55,104,154,103.83617210124666
55,105,153,106.1900159132191
55,106,152,103.70602193191378
55,107,151,107.77925002574554
55,108,150,103.96468448064533
55,109,149,103.99604016912588
55,110,148,103.86713523876378
55,111,147,103.17439883530352
55,112,146,99.99593334233114
55,113,145,95.24022593406872
55,114,144,92.469086637851
55,115,143,92.6214554831922
55,116,142,96.5344346955358
55,117,141,95.20170584230789
55,118,140,95.41110007625944
55,119,139,93.81902947380757
55,120,138,91.27039208289366
55,121,137,90.60292497316715
55,122,136,93.25128215000781
55,123,135,88.70959480839753
55,124,134,91.68309589751004
55,125,133,95.61538603350778
55,126,132,99.77460738903386
55,127,131,108.8626544624124
55,128,130,112.21747216107062
55,129,129,111.8862714997804
55,130,128,107.84094786518963
55,131,127,107.11639452208695
55,132,126,105.31663372389056
55,133,125,103.62929291949843
55,134,124,103.49105447900222
55,135,123,102.48280678028603
55,136,122,103.53764092891885
55,137,121,102.43173039884744
55,138,120,101.98721021916734
55,139,119,104.63667122069118
55,140,118,108.39564594630117
55,141,117,105.71681139283211
55,142,116,109.15821247674592
55,143,115,109.66837600240953
55,144,114,113.71297901185824
55,145,113,112.97284942275226
55,146,112,105.9375774140939
55,147,111,105.13579631448194
55,148,110,102.16085980605331
55,149,109,101.86890887966624
55,150,108,101.85528260472144
55,151,107,98.8732573702306
55,152,106,103.49560916689646
55,153,105,106.68588450620558
55,154,104,101.57067276689588
55,155,103,109.22930401371332
55,156,102,108.18986830950541
55,157,101,107.46088299498686
55,158,100,107.8540609493077
55,159,99,108.5053045181099
55,160,98,108.33773751250084
55,161,97,109.01793842467737
55,162,96,110.57986548856493
55,163,95,107.45588463781763
55,164,94,106.93802842535945
55,165,93,111.52657363204482
55,166,92,112.62218111019874
55,167,91,112.65554415783112
55,168,90,111.62820037114838
55,169,89,110.05092104407649
55,170,88,108.18048070382325
55,171,87,106.05014110313611
55,172,86,102.99892502006773
55,173,85,103.84773063046161
55,174,84,100.63690907025293
55,175,83,100.85743237162416
55,176,82,101.41167004278704
55,177,81,93.50951577374167
55,178,80,93.07952358408394
55,179,79,90.31893149416828
55,180,78,87.19883411240596
55,181,77,81.30141172974686
55,182,76,83.57330668364801
55,183,75,83.675250838132
55,184,74,81.08719542173193
55,185,73,72.6683175404746
55,186,72,72.95667382835288
55,187,71,75.47671506103075
55,188,70,64.06502799873279
55,189,69,61.31991524881679
55,190,68,57.44488341812813
55,191,67,57.388107130145784
55,192,66,51.1295007762055
55,193,65,54.33623591760893
55,194,64,57.521627397278394
55,195,63,57.402438579961654
55,196,62,55.107484131611244
55,197,61,59.462229904557134
55,198,60,63.6437162193325
55,199,59,58.87584584522024
55,200,58,57.26408284538836
55,201,57,51.998686856759406
55,202,56,54.71955135427788
55,203,55,52.076352365236325
56,40,215,122.59067830053354
56,41,214,122.67008545557312
56,42,213,121.41556178126883
56,43,212,122.38263885386039
56,44,211,121.05951536326714
56,45,210,122.77065454529519
56,46,209,122.61604239895772
56,47,208,122.87995077276406
56,48,207,121.80896338419527
56,49,206,122.34930868558304
56,50,205,122.34341423442872
56,51,204,121.81618554659222
56,52,203,121.18201840486651
56,53,202,120.23363292112853
56,54,201,121.15161194281924
56,55,200,121.49094505636175
56,56,199,120.87823507434729
56,57,198,120.5400829904071
56,58,197,122.06659541012334
56,59,196,122.41388091207074
56,60,195,120.37522057189462
56,61,194,121.1940344141245
56,62,193,120.38755341553875
56,63,192,121.60552056064392
56,64,191,122.24598171277532
56,65,190,121.00999842820035
56,66,189,122.32681083271044
56,67,188,121.0201229769106
56,68,187,118.73911518745274
56,69,186,117.6410050260449
56,70,185,119.70271667287511
56,71,184,117.29386857657423
56,72,183,115.11497574704168
56,73,182,116.64091877593654
56,74,181,116.11278437848753
56,75,180,116.0532052603453
56,76,179,116.61950789648152
56,77,178,116.41228244275797
56,78,177,115.54786905284091
56,79,176,116.75305055488079
56,80,175,116.35766355111417
56,81,174,115.97718605025281
56,82,173,115.11194510962929
56,83,172,113.70157551623257
56,84,171,113.43629456373219
56,85,170,114.87950982490224
56,86,169,114.96244704733672
56,87,168,114.02591886214339
56,88,167,115.28970830362942
56,89,166,113.5289500689168
56,90,165,112.3613075072696
56,91,164,112.35936030125102
56,92,163,114.40097261358363
56,93,162,111.20667484258959
56,94,161,112.59615741362379
56,95,160,113.72082956397688
56,96,159,116.36914991094295
56,97,158,116.14900615562232
56,98,157,116.77312125929913
56,99,156,116.34528442878464
56,100,155,112.45621608851536
56,101,154,113.29058497140053
56,102,153,114.27005301893745
56,103,152,116.91993579776623
56,104,151,114.68926434926718
56,105,150,116.08407707207756
56,106,149,116.65109224172333
56,107,148,117.71482109235313
56,108,147,117.81631804059802
56,109,146,115.61669464348509
56,110,145,114.93259767424377
56,111,144,117.88639248957055
56,112,143,115.70882647385727
56,113,142,112.48818179694703
56,114,141,114.04482626732047
56,115,140,113.51625270920908
56,116,139,113.97196282878139
56,117,138,113.10318204553487
56,118,137,113.0291379705934
56,119,136,111.1786261886478
56,120,135,104.82882082303995
56,121,134,107.70537949063839
56,122,133,108.0850791622438
56,123,132,106.01543576665425
56,124,131,103.11990484151099
56,125,130,101.68748964824039
56,126,129,104.03864033108414
56,127,128,99.8306679022727
56,128,127,98.91245789910727
56,129,126,98.98744556818613
56,130,125,97.79254877039256
56,131,124,97.55666313585735
56,132,123,97.79650728106505
56,133,122,91.33046095743607
56,134,121,94.19171888716954
56,135,120,95.437216133878
56,136,119,102.2102463944727
56,137,118,104.91448361181756
56,138,117,106.94184572034214
56,139,116,108.7271005270218
56,140,115,108.72676963576123
56,141,114,100.60248316842723
56,142,113,101.06241482174104
56,143,112,97.46800995303504
56,144,111,98.66257204221355
56,145,110,95.66336525109858
56,146,109,93.83720984469049
56,147,108,92.68799160097342
56,148,107,91.36256085929753
56,149,106,92.03664627235378
56,150,105,93.00699893136876
56,151,104,91.12793479363151
56,152,103,98.82674626527037
56,153,102,97.2504068248253
56,154,101,99.37845557487418
56,155,100,101.75470018182814
56,156,99,99.6469180822529
56,157,98,101.57661162470487
56,158,97,100.24835023052734
56,159,96,98.63236992834517
56,160,95,100.48383115466115
56,161,94,100.67478015353537
56,162,93,98.67430827551127
57,40,206,124.01916046203428
57,41,205,123.72563757975351
57,42,204,123.78198117868604
57,43,203,123.46822165968432
57,44,202,123.98392804736503
57,45,201,124.42992913319704
57,46,200,124.58042787288791
57,47,199,124.36948178821973
57,48,198,123.96877147702642
57,49,197,123.61495749649146
57,50,196,123.53156959781408
57,51,195,123.55862271179903
57,52,194,123.6094116516067
57,53,193,123.97187966373416
57,54,192,123.83321304320026
57,55,191,123.27545103378256
57,56,190,123.16512468589866
57,57,189,122.34027140664128
57,58,188,122.41489526551761
57,59,187,121.75669237019602
57,60,186,122.39491869480437
57,61,185,121.44074498927942
57,62,184,122.00418025692574
57,63,183,118.53959269518765
57,64,182,120.92057446437533
57,65,181,121.46798225149428
57,66,180,120.94499967636654
57,67,179,120.13032953768645
57,68,178,120.98193744582893
57,69,177,120.77974472492085
57,70,176,120.84141678668057
57,71,175,120.25404867313375
57,72,174,119.80589538317601
57,73,173,120.1058989842491
57,74,172,119.96078333425764
57,75,171,119.41614157525643
57,76,170,120.06143704802108
57,77,169,120.64996611504534
57,78,168,121.12054233194786
57,79,167,118.58307321854478
57,80,166,118.01459541947986
57,81,165,116.8821676098642
57,82,164,115.86409268512989
57,83,163,115.87375472280857
57,84,162,114.63830665148986
57,85,161,115.87808000920552
57,86,160,114.57512539542861
57,87,159,111.99240341568641
57,88,158,111.59433184106003
57,89,157,109.35870507197208
57,90,156,108.46842855776828
57,91,155,112.51793423972683
57,92,154,113.61875388643733
57,93,153,114.28836309978358
57,94,152,114.96726960753708
57,95,151,113.2537837197373
57,96,150,112.5429239679973
57,97,149,111.50411381683776
57,98,148,110.93806749588198
57,99,147,112.77632157584814
57,100,146,111.04359176778574
57,101,145,108.86654385007216
57,102,144,108.11271095769729
57,103,143,107.89593212942603
57,104,142,107.27047157110158
57,105,141,108.76068958685816
57,106,140,109.62337934996293
57,107,139,108.79714163393639
57,108,138,108.58504519241623
57,109,137,107.88518971352602
57,110,136,108.0229245012174
57,111,135,106.14157827281227
57,112,134,110.43370995448373
57,113,133,108.17177343255014
57,114,132,111.46274904663474
57,115,131,112.4016639624729
57,116,130,112.88288296106143
57,117,129,112.29423494131385
57,118,128,111.76546559938609
57,119,127,111.8384793144624
57,120,126,112.97510907895766
57,121,125,117.0120113104715
57,122,124,115.26105476836511
57,123,123,116.2079848909857
57,124,122,117.12673605376418
57,125,121,116.90143507254729
57,126,120,115.61314308115794
57,127,119,115.11917535996857
57,128,118,115.2469286701861
57,129,117,113.4507198819265
57,130,116,110.51653286552484
57,131,115,105.47385175543734
57,132,114,102.79795604935148
57,133,113,105.57072796142793
57,134,112,102.34933030422843
57,135,111,96.15398232835038
57,136,110,91.12335387338766
57,137,109,90.02770940064345
57,138,108,89.92954195939403
57,139,107,89.14598174047815
57,140,106,88.05054811290714
57,141,105,82.83002346394564
57,142,104,79.89152055268545
57,143,103,79.57917041628437
57,144,102,82.17897983352375
57,145,101,85.15096467742299
57,146,100,89.47073059116467
57,147,99,86.5786762181515
57,148,98,84.9070617432513
57,149,97,81.62828229781297
57,150,96,76.52398784908434
57,151,95,81.4733480297333
57,152,94,82.39245211989251
57,153,93,83.29919437971097
57,154,92,80.3903537199864
57,155,91,77.64703238387918
57,156,90,80.77367912539029
57,157,89,82.0051666334009
57,158,88,76.3968963612212
58,40,119,123.18953773768715
58,41,118,123.76014642887577
58,42,117,123.33619067990759
58,43,116,123.57908716263265
58,44,115,123.36153014140683
58,45,114,123.01305362870625
58,46,113,122.53092266333917
58,47,112,122.21118354519665
58,48,111,122.56087090697602
58,49,110,122.41761083423171
58,50,109,123.33099771200398
58,51,108,123.42196216837316
58,52,107,123.11206732061504
58,53,106,120.90980531079467
58,54,105,121.52979372374654
58,55,104,119.00521567347621
58,56,103,120.1905771122405
58,57,102,118.41023434624321
58,58,101,120.12887431316325
58,59,100,117.79165645822167
58,60,99,116.01554071135074
58,61,98,111.7023432004936
58,62,97,111.08779724161619
58,63,96,113.85875875389448
58,64,95,111.02829514077354
58,65,94,111.09295807996907
58,66,93,112.43219010595504
58,67,92,110.91605368554318
58,68,91,110.7231839086634
58,69,90,108.6958098271399
58,70,89,107.89432857299582
58,71,88,107.57974265881288
58,72,87,112.00671536938876
58,73,86,106.9093519763043
58,74,85,107.25122798675568
58,75,84,103.04625635203004
58,76,83,102.37025789453337
58,77,82,98.7956532004304
58,78,81,95.96318248661467
58,79,80,95.13522627916026
58,80,79,95.6167748989818
58,81,78,95.38728049083173
58,82,77,97.18990136120607
58,83,76,97.92068715583724
58,84,75,96.8945943745919
58,85,74,95.70434064196064
58,86,73,93.53050247719054
58,87,72,93.22413178512339
58,88,71,94.61184723625954
58,89,70,93.6296021236763
58,90,69,90.21703971670203
58,91,68,90.96464330477835
58,92,67,94.21904560484488
58,93,66,90.422182348658
58,94,65,94.68680347748644
58,95,64,92.30329305003795
58,96,63,88.65529412662046
58,97,62,84.83337080454174
58,98,61,93.6057401771913
58,99,60,91.17262974822737
58,100,59,88.61046774807579
58,101,58,82.48261725693669
58,102,57,78.94168070324395
58,103,56,81.31597054017828
58,104,55,68.78288906683198
58,105,54,67.10600550834044
58,106,53,68.45621247097722
58,107,52,65.56786101837827
58,108,51,60.407273719927346
58,109,50,52.482744811365016
58,110,49,48.94146773040116
58,111,48,51.70213509084844
58,112,47,58.227232381140084
58,113,46,52.00642738430179
58,114,45,51.804731530433926
58,115,44,48.436355832000196
58,116,43,45.35262495807986
58,117,42,42.707688546210555
58,118,41,42.29291763941423
58,119,40,41.65803355142346
59,40,158,120.3058636297805
59,41,157,121.3732354566091
59,42,156,121.0356483252757
59,43,155,121.42937472020157
59,44,154,119.11410452022139
59,45,153,114.98652388895044
59,46,152,112.39334070453057
59,47,151,114.89114198542421
59,48,150,114.62054027516052
59,49,149,109.17937176608294
59,50,148,111.71469911797492
59,51,147,113.00266419229243
59,52,146,114.8944102509555
59,53,145,113.46706997891593
59,54,144,113.14703355408878
59,55,143,113.4882350098749
59,56,142,117.08392309642657
59,57,141,118.67784498325037
59,58,140,119.96808875404929
59,59,139,118.82423034028963
59,60,138,118.33935299256379
59,61,137,116.25908339041658
59,62,136,115.94213673153632
59,63,135,114.38561177602668
59,64,134,115.93570441072845
59,65,133,117.84023469163033
59,66,132,116.54869386533493
59,67,131,115.63029408486717
59,68,130,118.85527091800354
59,69,129,118.39305733989887
59,70,128,118.87148751940211
59,71,127,118.70632050813482
59,72,126,120.20025326226951
59,73,125,115.57882683284674
59,74,124,109.3344314273804
59,75,123,108.38736075291138
59,76,122,103.56179008050478
59,77,121,96.05658998019899
59,78,120,94.35412260224251
59,79,119,94.34574404165892
59,80,118,95.51491411406312
59,81,117,97.48650456112634
59,82,116,98.55877148642625
59,83,115,99.13217748194933
59,84,114,92.83013045665079
59,85,113,95.12380092423416
59,86,112,92.4174856268805
59,87,111,88.54602410863856
59,88,110,87.10329873005477
59,89,109,81.0939133668474
59,90,108,84.43456261189672
59,91,107,70.2066233395141
59,92,106,68.84894743237439
59,93,105,67.17407089672062
59,94,104,67.07734642273417
59,95,103,70.21296619996056
59,96,102,62.97938004843694
59,97,101,68.1063184295395
59,98,100,71.52085184986096
59,99,99,76.0119641014366
59,100,98,72.83988760839469
59,101,97,67.50812110851908
59,102,96,66.39667436367908
59,103,95,65.79297411131537
59,104,94,64.28706278835732
59,105,93,68.50528362275357
59,106,92,62.30037759850657
59,107,91,65.08551918861275
59,108,90,80.65011800003913
59,109,89,86.33863152270283
59,110,88,89.60139061363998
59,111,87,94.90463700565768
59,112,86,89.12636662456012
59,113,85,76.97056053771345
59,114,84,72.51616449142222
59,115,83,61.88720898122514
59,116,82,62.214318795997656
59,117,81,59.95375674981997
59,118,80,68.93370531565512
59,119,79,66.71565658204258
59,120,78,60.5719492486522
59,121,77,59.554190158954356
59,122,76,73.28635818689406
59,123,75,77.53341230984717
59,124,74,78.58295772077108
59,125,73,78.98979929340305
59,126,72,75.59965124758924
59,127,71,73.4908656470692
59,128,70,73.45666472009081
59,129,69,73.95512326245893
59,130,68,71.11108074202137
59,131,67,68.14553830450419
59,132,66,69.39399533205702
59,133,65,70.4645461705828
59,134,64,69.85755489365096
59,135,63,68.09523327574891
59,136,62,67.04578618347847
59,137,61,70.34885730718409
59,138,60,68.63898698521052
59,139,59,64.26609102585894
59,140,58,61.594302568508674
59,141,57,59.59702089833759
59,142,56,55.89169034479765
59,143,55,53.96634430604005
59,144,54,54.7932211903355
59,145,53,54.01156262799896
59,146,52,50.134210174949644
59,147,51,50.02103885190343
59,148,50,49.868446162851825
59,149,49,46.84774335219357
60,40,200,122.75912804120405
60,41,199,122.27291601331092
60,42,198,123.22187713344621
60,43,197,122.86246709342572
60,44,196,122.91486565711566
60,45,195,123.43898327195603
60,46,194,123.48518357508613
60,47,193,123.06109817955932
60,48,192,122.32743090461732
60,49,191,121.38397160894573
60,50,190,121.25831756394807
60,51,189,120.69262403496595
60,52,188,119.6844153999267
60,53,187,119.84118610703308
60,54,186,120.53901549678014
60,55,185,121.30183317714307
60,56,184,118.32074769334483
60,57,183,117.67104285205771
60,58,182,116.87674682403045
60,59,181,118.36570597985403
60,60,180,118.51490769894616
60,61,179,120.53776014904471
60,62,178,119.63774340386499
60,63,177,118.51139625787489
60,64,176,118.25238850653443
60,65,175,118.48552770532669
60,66,174,119.76644451455152
60,67,173,120.35273960913364
60,68,172,121.35083006273751
60,69,171,122.19804523560614
60,70,170,121.21526487203063
60,71,169,120.89475563498587
60,72,168,120.3647430782887
60,73,167,121.41910344942625
60,74,166,119.5987353314852
60,75,165,115.46146823046053
60,76,164,112.74465401915049
60,77,163,112.96589681838452
60,78,162,116.24398281667354
60,79,161,117.63778732984768
60,80,160,115.7785736124884
60,81,159,118.72646201218058
60,82,158,119.66725035959465
60,83,157,118.92623066330495
60,84,156,120.86444892676919
60,85,155,121.10271895952303
60,86,154,121.57085321112895
60,87,153,121.48122585958765
60,88,152,119.72410997209886
60,89,151,120.03438911208022
60,90,150,119.27506839264493
60,91,149,117.9978567437515
60,92,148,116.65255857832378
60,93,147,116.48374607836794
60,94,146,118.07246146527552
60,95,145,114.3037379764979
60,96,144,113.20424105198839
60,97,143,113.25955911023368
60,98,142,111.1358269225355
60,99,141,110.5771907969227
60,100,140,108.81498567125739
60,101,139,110.59944933104991
60,102,138,107.9309130791268
60,103,137,106.8633081345838
60,104,136,107.44799842002283
60,105,135,110.26888831158976
60,106,134,112.8099900057272
60,107,133,111.20700175660517
60,108,132,111.23349653870781
60,109,131,110.25236541052789
60,110,130,111.05046310628228
60,111,129,111.21552317454056
60,112,128,113.79464581515728
61,40,167,124.0658889219051
61,41,166,123.96700468795854
61,42,165,123.90165969171423
61,43,164,124.30380423871732
61,44,163,124.43143838134989
61,45,162,124.47199781877839
61,46,161,124.42924237197809
61,47,160,124.44221218295263
61,48,159,124.30488786066604
61,49,158,124.24474763583868
61,50,157,124.42256669935198
61,51,156,124.41712888649784
61,52,155,124.4857273230115
61,53,154,124.36641895564742
61,54,153,124.27078028333119
61,55,152,124.26923252936139
61,56,151,124.24500880858099
61,57,150,123.9363479707999
61,58,149,123.77572016735564
61,59,148,123.60964773106929
61,60,147,123.97390756858337
61,61,146,123.17215781022435
61,62,145,123.53766228651398
61,63,144,123.61867664135437
61,64,143,124.44106177699143
61,65,142,124.36876643549355
61,66,141,124.15883064924404
61,67,140,124.3667910851588
61,68,139,124.12024504550732
61,69,138,124.31125774616919
61,70,137,124.3134820722224
61,71,136,124.44500571880465
61,72,135,124.6152876133801
61,73,134,124.45808672434549
61,74,133,124.49391132783079
61,75,132,124.31199376681519
61,76,131,123.54164654504888
61,77,130,123.42229146437921
61,78,129,123.88930118191522
62,40,242,123.90352264379933
62,41,241,124.52454473467259
62,42,240,124.61862838783887
62,43,239,125.0
62,44,238,124.66168040007949
62,45,237,121.24711440667639
62,46,236,121.34432998780659
62,47,235,124.12573403094441
62,48,234,124.0549717168571
62,49,233,125.0
62,50,232,125.0
62,51,231,124.77870932912191
62,52,230,124.56078018752623
62,53,229,124.6299257722989
62,54,228,124.84773732617761
62,55,227,124.57938078277658
62,56,226,123.24182014506937
62,57,225,124.18238061858494
62,58,224,123.92791162495195
62,59,223,124.32605955205592
62,60,222,123.53619211570339
62,61,221,122.28281849470743
62,62,220,123.00372811865728
62,63,219,124.20905726357918
62,64,218,123.71217343824571
62,65,217,124.01197210847093
62,66,216,123.98350458486712
62,67,215,123.90009609138144
62,68,214,123.85955816683654
62,69,213,124.2878736584438
62,70,212,122.9319387043194
62,71,211,124.08064180632826
62,72,210,124.67857383591618
62,73,209,124.82316894561757
62,74,208,125.0
62,75,207,125.0
62,76,206,125.0
62,77,205,124.63363782692834
62,78,204,122.77398033845031
62,79,203,123.9382630699567
62,80,202,123.85968481909869
62,81,201,125.0
62,82,200,123.78860091657154
62,83,199,118.8961986996612
62,84,198,121.9250619936549
62,85,197,120.60257472960019
62,86,196,122.13382396977778
62,87,195,123.39526226034599
62,88,194,123.38566901702254
62,89,193,123.57650597315663
62,90,192,123.70894795691609
62,91,191,123.48530467562624
62,92,190,123.46521850190011
62,93,189,123.51765586517556
62,94,188,123.62462174749942
62,95,187,123.64460222880902
62,96,186,122.96830957974356
62,97,185,121.96996210971915
62,98,184,122.26878079825273
62,99,183,122.08264009266034
62,100,182,121.61766090254969
62,101,181,120.04895784931722
62,102,180,121.12381129234032
62,103,179,121.89279918531254
62,104,178,121.17583283979968
62,105,177,122.39047785413317
62,106,176,123.31246708261496
62,107,175,122.61651617977665
62,108,174,122.58831344044
62,109,173,123.11031972409593
62,110,172,123.01707891734031
62,111,171,123.18874867388976
62,112,170,121.23007438982728
62,113,169,121.66025192821992
62,114,168,122.74940404584021
62,115,167,122.62685659461752
62,116,166,122.06787078148614
62,117,165,121.56792600291462
62,118,164,122.37707986217553
62,119,163,123.00832478383454
62,120,162,123.95723816142753
62,121,161,123.31287571980673
62,122,160,123.38006015142841
62,123,159,123.6125406949792
62,124,158,123.4570932330528
62,125,157,123.43677738496027
62,126,156,121.63659359180802
62,127,155,122.7565319962652
62,128,154,123.05930496034696
62,129,153,122.29787977254165
62,130,152,123.35958313794339
62,131,151,124.52359403441
62,132,150,122.8447786592535
62,133,149,123.18583220141184
62,134,148,121.77344347877016
62,135,147,120.74899634639804
62,136,146,120.62686355310848
62,137,145,118.54883214383034
62,138,144,115.88780784090751
62,139,143,115.72855220976412
62,140,142,116.39313185086628
62,141,141,116.88331108455989
62,142,140,117.46821999821975
62,143,139,117.81617978147895
62,144,138,117.54123350326763
62,145,137,116.16663906585819
62,146,136,120.3959169925173
62,147,135,115.65630166854552
62,148,134,115.47853332788344
62,149,133,118.80963324669663
62,150,132,116.84585709991791
62,151,131,117.1423017343872
62,152,130,116.49869651190338
62,153,129,117.11258931712479
62,154,128,119.04357804032743
62,155,127,122.1316858270107
62,156,126,121.24276044064287
62,157,125,121.85493156654468
62,158,124,121.07693820190924
62,159,123,120.08141642176933
62,160,122,119.07249859642279
62,161,121,119.06975594651429
62,162,120,118.21173989208415
62,163,119,118.87933294083558
62,164,118,119.87501088047387
62,165,117,120.61712256950878
62,166,116,120.29533039212566
62,167,115,118.94347716658763
62,168,114,117.5408732050269
62,169,113,113.47494854481823
62,170,112,115.29403842973852
62,171,111,117.89747839919407
62,172,110,115.3093341587111
62,173,109,113.29195461227236
62,174,108,112.89791275444713
62,175,107,109.15886864947177
62,176,106,107.27135121492257
62,177,105,104.344947191579
62,178,104,102.28755168915441
62,179,103,97.1388911992707
62,180,102,93.73647369732817
62,181,101,89.82058389054802
62,182,100,90.56612066292655
62,183,99,92.0978103173762
62,184,98,89.45420743991173
62,185,97,90.69109386075363
62,186,96,91.53947206105593
62,187,95,93.58119494834457
62,188,94,92.09187247565725
62,189,93,80.84387735361737
62,190,92,85.8016729472107
62,191,91,84.72479531626277
62,192,90,82.80698176700257
62,193,89,80.68336070896157
62,194,88,82.56899273778141
62,195,87,85.11732342171916
62,196,86,88.42095600980757
62,197,85,84.1442083559284
62,198,84,86.49197681206073
62,199,83,83.13260902823265
62,200,82,79.93225211080428
62,201,81,79.57452535419273
62,202,80,76.40592853643476
62,203,79,76.13929135347846
62,204,78,78.67749070429214
62,205,77,79.42500959660298
62,206,76,79.83466154421481
62,207,75,80.48437019011548
62,208,74,79.43618368100081
62,209,73,77.59471283976296
62,210,72,74.76440771616987
62,211,71,74.86542868719374
62,212,70,77.10808120066693
62,213,69,74.87338580100048
62,214,68,70.64997537851744
62,215,67,68.28378052858059
62,216,66,64.7376257127863
62,217,65,62.68430371890946
62,218,64,62.30759094300301
62,219,63,60.15933433569195
62,220,62,56.83491352501109
62,221,61,55.222229966214556
62,222,60,54.77879277886008
62,223,59,58.5397798397627
62,224,58,57.459532377444766
63,40,214,125.0
63,41,213,125.0
63,42,212,125.0
63,43,211,125.0
63,44,210,125.0
63,45,209,125.0
63,46,208,125.0
63,47,207,125.0
63,48,206,125.0
63,49,205,125.0
63,50,204,125.0
63,51,203,125.0
63,52,202,125.0
63,53,201,124.8645752023094
63,54,200,124.8842507048177
63,55,199,125.0
63,56,198,125.0
63,57,197,125.0
63,58,196,124.66109543779751
63,59,195,124.70646696814055
63,60,194,124.56849751467621
63,61,193,124.3881967542182
63,62,192,124.62730380481531
63,63,191,124.57565211875351
63,64,190,124.4084896417236
63,65,189,123.5107616349986
63,66,188,123.35498793650873
63,67,187,123.27796420327252
63,68,186,122.74579731472737
63,69,185,123.2882640625917
63,70,184,123.438321251614
63,71,183,123.0684766073374
63,72,182,124.6065401304468
63,73,181,124.55864797592986
63,74,180,124.76190056710158
63,75,179,124.32595793674732
63,76,178,124.33363460379584
63,77,177,124.52491188404453
63,78,176,124.84226269921533
63,79,175,123.99407290006869
63,80,174,123.72894221926794
63,81,173,123.80689853777018
63,82,172,123.52194047657215
63,83,171,123.6179396411055
63,84,170,124.0781115919198
63,85,169,124.09734175732208
63,86,168,124.3329559735482
63,87,167,124.19691216888825
63,88,166,123.35115489674814
63,89,165,122.52289703899731
63,90,164,122.54197865850946
63,91,163,121.34832188373238
63,92,162,122.90491349075717
63,93,161,123.43256885822888
63,94,160,123.45717870092588
63,95,159,123.47463337151062
63,96,158,124.44441361912132
63,97,157,124.5004113196637
63,98,156,124.39996549801879
63,99,155,123.57118595443654
63,100,154,123.63136723719319
63,101,153,124.07878501238709
63,102,152,123.63968436743852
63,103,151,124.01610626710276
63,104,150,124.28066430198155
63,105,149,123.99376315091814
63,106,148,123.67359005199037
63,107,147,123.57817214264175
63,108,146,123.99778998354445
63,109,145,124.07448687572301
63,110,144,124.11193748102772
63,111,143,123.97285005256165
63,112,142,124.2879922425757
63,113,141,124.03994601675535
63,114,140,123.94054108323999
63,115,139,124.1480150503323
63,116,138,124.97444238859099
63,117,137,124.3534868728931
63,118,136,124.48826341367229
63,119,135,124.27456412978866
63,120,134,123.50737700030831
63,121,133,123.16233156724024
63,122,132,123.28763238119276
63,123,131,122.67834980178921
63,124,130,122.18618046614085
63,125,129,117.9032703574332
63,126,128,118.53604587655269
63,127,127,118.99916258817449
63,128,126,116.27981054970496
63,129,125,116.83873463309655
63,130,124,116.87956185662955
63,131,123,116.87822507848199
63,132,122,118.82060140732469
63,133,121,119.33603062178902
63,134,120,119.39825833053214
63,135,119,119.33682562709103
63,136,118,120.52479843334652
63,137,117,119.33620942586855
64,40,259,124.68564007257277
64,41,258,124.82117775877927
64,42,257,124.6740985700154
64,43,256,124.7164427077174
64,44,255,124.62092566230413
64,45,254,124.80124489730935
64,46,253,124.6840649840264
64,47,252,124.56554160925805
64,48,251,124.64159181427974
64,49,250,124.70161033333639
64,50,249,124.6218582223122
64,51,248,124.67609686614048
64,52,247,124.7738561452103
64,53,246,124.83585323392266
64,54,245,124.7952422335433
64,55,244,124.73279754257902
64,56,243,125.0
64,57,242,124.61554553433905
64,58,241,124.36156158212087
64,59,240,124.94790857628398
64,60,239,124.96569999828213
64,61,238,125.0
64,62,237,125.0
64,63,236,124.72516120323266
64,64,235,124.47649675710599
64,65,234,124.38328612767879
64,66,233,123.30414902426097
64,67,232,122.91843462693126
64,68,231,124.0648201359449
64,69,230,124.22348254283588
64,70,229,124.51265151502957
64,71,228,125.0
64,72,227,124.74756495969422
64,73,226,125.0
64,74,225,124.7076665994077
64,75,224,125.0
64,76,223,125.0
64,77,222,124.68789856538721
64,78,221,124.7509785195474
64,79,220,124.62045213549706
64,80,219,123.8015007509665
64,81,218,123.62654052315196
64,82,217,123.70061752187729
64,83,216,123.92625684383933
64,84,215,123.42627957161393
64,85,214,124.12911342043185
64,86,213,123.24828478442723
64,87,212,124.79191881567917
64,88,211,124.16260284441674
64,89,210,124.35508797401643
64,90,209,124.31343327748415
64,91,208,124.381904210969
64,92,207,124.77131266120838
64,93,206,124.42321561955748
64,94,205,124.56278505030751
64,95,204,124.76709544873799
64,96,203,124.66607738898784
64,97,202,123.6328063073808
64,98,201,124.39874516456501
64,99,200,124.45520123071731
64,100,199,124.55679895588312
64,101,198,124.53538196029724
64,102,197,124.56113934212652
64,103,196,124.11582096682392
64,104,195,123.25344057548574
64,105,194,123.65858050598285
64,106,193,121.36964218621591
64,107,192,122.24964474321257
64,108,191,120.66262726306792
64,109,190,119.05731470100851
64,110,189,119.28470652619968
64,111,188,118.48313410267691
64,112,187,119.26192184434572
64,113,186,119.84390583492743
64,114,185,116.58946581405866
64,115,184,117.03409961906603
64,116,183,121.32707237728175
64,117,182,119.70845292330495
64,118,181,118.95820259893213
64,119,180,120.8628194288967
64,120,179,120.03343144537178
64,121,178,119.2951039463152
64,122,177,119.14836272094428
64,123,176,118.91561374307197
64,124,175,120.70329730108536
64,125,174,118.3690069281938
64,126,173,118.29618510937442
64,127,172,118.09738835249281
64,128,171,119.20662275520232
64,129,170,118.58760508926628
64,130,169,119.30607217729718
64,131,168,115.65597007845841
64,132,167,116.79463656011654
64,133,166,116.18257323064414
64,134,165,116.06981909641337
64,135,164,116.15386277170484
64,136,163,120.84359875345943
64,137,162,121.23834008959906
64,138,161,122.62570269696926
64,139,160,121.28918279414013
64,140,159,118.38767594593129
64,141,158,119.17108460427036
64,142,157,118.90175474021049
64,143,156,117.11736393864118
64,144,155,114.06311862917511
64,145,154,112.66903584633754
64,146,153,112.24234480824111
64,147,152,113.24739648860071
64,148,151,112.37400906534998
64,149,150,113.33667452421776
64,150,149,110.3346179113527
64,151,148,108.30862799064369
64,152,147,108.08097707273578
64,153,146,107.92620592854672
64,154,145,108.15595934593975
64,155,144,105.78115271201281
64,156,143,111.00799186864549
64,157,142,108.927620410965
64,158,141,110.30283370760903
64,159,140,111.57118830480702
64,160,139,118.56951164987368
64,161,138,116.93361354930073
64,162,137,115.6045921934394
64,163,136,117.30805967868027
64,164,135,117.86254523668939
64,165,134,119.93800809872835
64,166,133,118.72214272101674
64,167,132,119.79520119971401
64,168,131,119.97306237476495
64,169,130,122.18882368816696
64,170,129,122.16512091808485
64,171,128,121.73269296354343
64,172,127,123.00344939976596
64,173,126,119.1905095909286
64,174,125,120.0495420648698
64,175,124,120.75709273685676
64,176,123,120.30075723692494
64,177,122,121.79849931939737
64,178,121,122.08940152295787
64,179,120,121.19728530157506
64,180,119,121.70512974469312
64,181,118,120.42215121245782
64,182,117,116.23388392770235
64,183,116,116.48362829360761
64,184,115,113.1952409061328
64,185,114,110.2761488430753
64,186,113,109.18348736100506
64,187,112,108.28568859793936
64,188,111,108.88868960955224
64,189,110,105.6794951077918
64,190,109,101.7156780046459
64,191,108,101.65426571946765
64,192,107,101.1816298599812
64,193,106,102.01162462298774
64,194,105,100.96992378616055
64,195,104,107.81634094042005
64,196,103,108.6079622661452
64,197,102,105.25943929170876
64,198,101,101.68599983139616
64,199,100,99.54903383300908
64,200,99,94.2346546283469
64,201,98,94.3026120662148
64,202,97,94.28666504123197
64,203,96,96.37898641290019
64,204,95,96.28358327012816
64,205,94,96.76759206882167
64,206,93,94.43224572179246
64,207,92,90.95888187373353
64,208,91,92.8289094273573
64,209,90,95.77508604887493
64,210,89,97.8931480567233
64,211,88,93.68403224683716
64,212,87,95.9372605222309
64,213,86,91.09153669435484
64,214,85,89.04113347869259
64,215,84,85.56995654886394
64,216,83,87.5059982869339
64,217,82,85.78399236529694
64,218,81,84.81881215759873
64,219,80,82.76942294591231
64,220,79,80.68216585953519
64,221,78,78.29107598380475
64,222,77,77.56084532618587
64,223,76,75.49446215894451
64,224,75,72.7638086685696
64,225,74,71.55787184321179
64,226,73,69.71229304251818
64,227,72,70.27117043943045
64,228,71,69.25763546343526
64,229,70,70.07521549473259
64,230,69,66.65124579736943
64,231,68,68.30899459339898
64,232,67,66.55073375936988
64,233,66,64.56066423152556
64,234,65,63.38265196998868
64,235,64,62.858863950964164
64,236,63,61.3036886760498
64,237,62,59.94984591518607
64,238,61,59.920822120800906
64,239,60,60.55082336521771
64,240,59,58.285972456036916
64,241,58,58.599568755348656
64,242,57,56.77742960988529
64,243,56,56.97288379108605
64,244,55,56.19213623362418
64,245,54,52.57816342547743
64,246,53,51.4473239745044
64,247,52,50.02219470546537
64,248,51,49.10132326358713
64,249,50,51.21980530680659
64,250,49,51.596462033668004
64,251,48,50.00152088010053
64,252,47,48.59055115050869
64,253,46,48.57338930551667
64,254,45,47.765957327903834
64,255,44,46.592427068976505
64,256,43,44.51590357606371
64,257,42,44.043183413262
64,258,41,41.32162299165247
64,259,40,41.98914283862206
64,260,39,42.83979809055217
64,261,38,43.19693982067961
64,262,37,39.57428665435773
64,263,36,38.808561013507
64,264,35,36.93047177615098
64,265,34,35.69708746136701
64,266,33,34.09281872690229
64,267,32,33.483375014628976
64,268,31,32.78815259911615
64,269,30,31.786712905466203
64,270,29,30.86329527863918
64,271,28,30.254152405367027
65,40,154,123.97939531880525
65,41,153,124.25155938959574
65,42,152,123.82223304081671
65,43,151,123.91947806973884
65,44,150,124.09012632014615
65,45,149,124.11189364181061
65,46,148,124.26045460075761
65,47,147,124.06294601164183
65,48,146,123.77106871637476
65,49,145,123.84514175990361
65,50,144,123.66465307217743
65,51,143,123.67441083506303
65,52,142,123.76545727918426
65,53,141,123.72752465092489
65,54,140,123.57737124378014
65,55,139,123.79751795195912
65,56,138,123.33937364461983
65,57,137,123.77653728565747
65,58,136,122.4953084025696
65,59,135,120.03449931239976
65,60,134,120.27011798205791
65,61,133,120.55181153235196
65,62,132,119.84660042740447
65,63,131,118.63351740606129
65,64,130,118.42830982750186
65,65,129,118.52895021354225
65,66,128,119.10398944789439
65,67,127,116.7530982163392
65,68,126,116.10647942224176
65,69,125,116.01867263734195
65,70,124,116.40526633305998
65,71,123,117.11387510992054
65,72,122,118.17953081451294
65,73,121,115.60341016586645
65,74,120,117.30066637431477
65,75,119,119.96748218842546
65,76,118,119.4302147911371
65,77,117,119.84515347577349
65,78,116,119.71760862073089
65,79,115,120.04169498977868
66,40,169,118.45904876493941
66,41,168,118.49420970470646
66,42,167,118.94209323496747
66,43,166,118.62766626599475
66,44,165,117.77197878958856
66,45,164,118.62782448321666
66,46,163,118.67241759707778
66,47,162,119.6962132681831
66,48,161,120.00760581490789
66,49,160,119.62493628713857
66,50,159,119.33628723738244
66,51,158,119.77642518175979
66,52,157,120.63361699840323
66,53,156,118.93264192771828
66,54,155,118.21489204977826
66,55,154,118.27657393002852
66,56,153,118.99881386395072
66,57,152,120.7384119698139
66,58,151,118.30066799244784
66,59,150,113.88468719649367
66,60,149,114.36905505877749
66,61,148,114.77337400550296
66,62,147,114.94775527751675
66,63,146,113.56977339325707
66,64,145,115.46058656626413
66,65,144,108.3240268011686
66,66,143,105.66092960394975
66,67,142,105.55688051150663
66,68,141,117.01305049557004
66,69,140,106.24940600313097
66,70,139,107.83396358400971
66,71,138,114.08960605778175
66,72,137,116.76903867083084
66,73,136,117.3829571829375
66,74,135,116.45424371868042
66,75,134,115.51848617496077
66,76,133,117.0654135524103
66,77,132,118.59111609471964
66,78,131,116.37644270062763
66,79,130,116.91811583990608
66,80,129,115.76641289867224
66,81,128,115.56819710935451
66,82,127,115.898805780782
66,83,126,117.08864346121375
66,84,125,117.91502721024787
66,85,124,118.09528208746556
66,86,123,117.2248044108624
66,87,122,117.0545316074109
66,88,121,115.4907873249636
66,89,120,114.56997433134991
66,90,119,110.81417071476383
66,91,118,110.33327348019836
66,92,117,111.15693195437606
66,93,116,110.19610206462045
66,94,115,111.15476029244209
66,95,114,107.8637491827971
66,96,113,105.86107702148382
66,97,112,104.51663565658981
66,98,111,92.97596659593651
66,99,110,89.47298784879496
66,100,109,86.46020112639917
66,101,108,86.42972700626959
66,102,107,88.90075378706199
66,103,106,90.02876733834094
66,104,105,82.53731021068909
66,105,104,79.68386870424085
66,106,103,79.6158515758192
66,107,102,80.86294394777212
66,108,101,81.18866681150143
66,109,100,84.79393433387658
66,110,99,85.01604103764026
66,111,98,87.22902980051032
66,112,97,84.05087968526485
66,113,96,83.76153738601033
66,114,95,82.57609751221261
66,115,94,85.37797147364773
66,116,93,87.12260407082127
66,117,92,88.88605868076753
66,118,91,89.59743113486357
66,119,90,90.84771848214646
66,120,89,96.42929684227309
66,121,88,97.28774221326145
66,122,87,102.68361791291224
67,40,238,124.46368208209495
67,41,237,124.25117490026031
67,42,236,124.21981124888774
67,43,235,124.55726324052789
67,44,234,124.14271420240635
67,45,233,124.86415410866209
67,46,232,124.96047641610647
67,47,231,124.74741586321197
67,48,230,124.57115879422585
67,49,229,124.82544833095395
67,50,228,124.91119824359191
67,51,227,124.83833847485903
67,52,226,124.45425228039977
67,53,225,124.37427717405183
67,54,224,124.79583471847201
67,55,223,124.87949394423495
67,56,222,124.86905622625518
67,57,221,124.79250309618894
67,58,220,124.83020029332006
67,59,219,124.84806997827866
67,60,218,124.85409524971631
67,61,217,124.78426004721784
67,62,216,124.28370402868487
67,63,215,124.32359185574839
67,64,214,124.33946837887518
67,65,213,124.23685852584504
67,66,212,124.36157359105076
67,67,211,124.23416458209493
67,68,210,123.9377575747635
67,69,209,124.31982634026198
67,70,208,124.2154632057495
67,71,207,124.75183153619378
67,72,206,124.48649085439789
67,73,205,124.11314935813121
67,74,204,124.13474709420962
67,75,203,123.93275994468114
67,76,202,122.26583005465343
67,77,201,121.04183477353695
67,78,200,119.84955075396076
67,79,199,120.82468085573714
67,80,198,121.40125255298663
67,81,197,120.53371759024034
67,82,196,119.84856294834871
67,83,195,122.43920221785666
67,84,194,120.90734151278126
67,85,193,121.95877582694834
67,86,192,122.7608391193316
67,87,191,122.49265697290973
67,88,190,122.00657733951678
67,89,189,123.0618148148483
67,90,188,123.69858265383198
67,91,187,123.89141524596637
67,92,186,122.87416193502781
67,93,185,122.75052090079247
67,94,184,123.40078976085728
67,95,183,122.15898302102741
67,96,182,122.3364691203492
67,97,181,121.37279571555314
67,98,180,120.81328564011358
67,99,179,122.77973082225292
67,100,178,123.5889751069673
67,101,177,123.1663920496924
67,102,176,123.39098560628722
67,103,175,123.2304660256283
67,104,174,123.0508209344408
67,105,173,122.56803969035961
67,106,172,122.53492603953471
67,107,171,122.57514299473013
67,108,170,122.58791276147514
67,109,169,122.66942421260903
67,110,168,122.98011394685464
67,111,167,123.4864095918497
67,112,166,123.5147007414473
67,113,165,123.60804362773692
67,114,164,124.15217241177615
67,115,163,122.3106522019192
67,116,162,122.68769410042339
67,117,161,121.79659650462222
67,118,160,122.50948102164944
67,119,159,122.4536630436946
67,120,158,122.58367774293227
67,121,157,121.11956329632311
67,122,156,120.87078884167167
67,123,155,121.0942489605654
67,124,154,118.6735644527983
67,125,153,118.68062456491437
67,126,152,121.11670512597905
67,127,151,122.33046281180927
67,128,150,121.4422818145835
67,129,149,119.80843802219394
67,130,148,122.12894691683512
67,131,147,122.1823957385839
67,132,146,121.6004204209492
67,133,145,121.17440779725712
67,134,144,120.6157813674217
67,135,143,117.3848511988968
67,136,142,116.61001814405277
67,137,141,117.3064782563076
67,138,140,116.59231045903701
67,139,139,116.46110412408552
67,140,138,116.53531998005425
67,141,137,119.27079397242122
67,142,136,118.8626846751001
67,143,135,116.0839890003486
67,144,134,117.17679991978133
67,145,133,116.50731470691873
67,146,132,117.07492466004894
67,147,131,115.08698660555903
67,148,130,115.84281156499411
67,149,129,117.03952037616496
67,150,128,112.33548099369531
67,151,127,112.20530296236842
67,152,126,114.66018552913764
67,153,125,116.48328099205006
67,154,124,117.24988126543914
67,155,123,116.23195840522983
67,156,122,117.20891721652043
67,157,121,118.88553317303918
67,158,120,119.41233111378696
67,159,119,118.5383455704488
67,160,118,117.41719898220919
67,161,117,115.83964544222377
67,162,116,113.94901354610874
67,163,115,115.34506924616912
67,164,114,114.73906035559217
67,165,113,114.24708934362471
67,166,112,115.73399946327913
67,167,111,115.50549341185638
67,168,110,116.06042854164937
67,169,109,112.9043394752195
67,170,108,112.57465933433974
67,171,107,109.31471819258309
67,172,106,104.09295539375003
67,173,105,98.77433118078287
67,174,104,100.96426105467025
67,175,103,100.73943786718945
67,176,102,98.25003946084811
67,177,101,108.56350297172037
67,178,100,105.37538719189477
67,179,99,97.8056155475071
67,180,98,98.22190299969061
67,181,97,95.88586297140344
67,182,96,96.33013591976494
67,183,95,95.64553380424657
67,184,94,97.25788458696638
67,185,93,98.09629332462251
67,186,92,97.24506492403725
68,40,251,122.7144459753464
68,41,250,122.94317245991598
68,42,249,123.72513019173536
68,43,248,124.24030310428961
68,44,247,124.66174628360693
68,45,246,124.3410040388118
68,46,245,124.56156176483312
68,47,244,124.48532549154378
68,48,243,124.28010480822753
68,49,242,124.76357333426664
68,50,241,124.88572898781362
68,51,240,124.78938418158356
68,52,239,124.63679053640337
68,53,238,124.28116985606748
68,54,237,124.69084053421399
68,55,236,125.0
68,56,235,125.0
68,57,234,124.4544603358771
68,58,233,124.43035850558815
68,59,232,124.69695857612379
68,60,231,122.71128557775234
68,61,230,122.68855281410922
68,62,229,124.26909113699534
68,63,228,124.12526762772539
68,64,227,124.70518747454302
68,65,226,124.95225891296303
68,66,225,125.0
68,67,224,125.0
68,68,223,124.62589680689157
68,69,222,124.3794553662298
68,70,221,124.69822851052135
68,71,220,124.90025149681573
68,72,219,124.7013105803573
68,73,218,124.27027314521473
68,74,217,124.5537868717692
68,75,216,124.46977746386825
68,76,215,124.42178032620214
68,77,214,124.39846623985207
68,78,213,124.54015807406999
68,79,212,124.58720805982352
68,80,211,124.7937833541204
68,81,210,124.18481076966802
68,82,209,124.18342716136787
68,83,208,124.37954473884098
68,84,207,122.49313970664572
68,85,206,123.80263026593975
68,86,205,123.43656222928126
68,87,204,123.72115826477813
68,88,203,123.91665610870606
68,89,202,124.31640902877496
68,90,201,124.18601707217407
68,91,200,124.55833793260535
68,92,199,124.2804961009902
68,93,198,124.41463145201975
68,94,197,124.08826219754934
68,95,196,124.23344159417326
68,96,195,124.85317897737144
68,97,194,124.87059155540827
68,98,193,124.12868874827475
68,99,192,124.59736066890292
68,100,191,125.0
68,101,190,125.0
68,102,189,125.0
68,103,188,124.87477762585586
68,104,187,125.0
68,105,186,124.96973725777366
68,106,185,125.0
68,107,184,125.0
68,108,183,120.75696379142617
68,109,182,124.59634016652481
68,110,181,124.36689521951496
68,111,180,123.79585584189533
68,112,179,124.96219062213666
68,113,178,124.03813377887062
68,114,177,123.05274204859447
68,115,176,122.2701101819853
68,116,175,122.66968344640381
68,117,174,123.54402400097476
68,118,173,123.16715587121794
68,119,172,121.7368046702654
68,120,171,122.10140822655438
68,121,170,121.21905231768966
68,122,169,120.98285392154786
68,123,168,119.20627500341527
68,124,167,117.73636477893949
68,125,166,117.37661798894348
68,126,165,120.31563857147472
68,127,164,120.39142318116464
68,128,163,117.20898245699505
68,129,162,118.66433137060773
68,130,161,116.72351543285039
68,131,160,114.5891598525213
68,132,159,117.39691185378348
68,133,158,119.32265093021707
68,134,157,116.08120151542511
68,135,156,119.39831971931396
68,136,155,115.43077389664838
68,137,154,118.00487481854972
68,138,153,122.49597553403524
68,139,152,122.04821406042427
68,140,151,122.8174104527311
68,141,150,121.91606710926172
68,142,149,122.72267675632351
68,143,148,123.01598723342126
68,144,147,122.14779935960377
68,145,146,121.74643403225606
68,146,145,123.22388311603001
68,147,144,123.26861241123433
68,148,143,122.50865851311463
68,149,142,123.15338448986554
68,150,141,123.02826462447871
68,151,140,123.34203999203544
68,152,139,123.73098060844029
68,153,138,120.2895539585771
68,154,137,118.61730019231587
68,155,136,120.92201963369689
68,156,135,119.73256671452634
68,157,134,122.48591967242766
68,158,133,121.04757702065226
68,159,132,122.62141083698297
68,160,131,122.80877186767924
68,161,130,122.16644775924102
68,162,129,122.51697743313483
68,163,128,122.57461576060462
68,164,127,120.88668038222048
68,165,126,119.81359994423121
68,166,125,120.61902162607578
68,167,124,122.54565638660608
68,168,123,120.4687846633349
68,169,122,120.19551305089016
68,170,121,119.13725454209333
68,171,120,117.13526550992056
68,172,119,116.69525805325667
68,173,118,117.50104185318119
68,174,117,118.61736475511964
68,175,116,119.04035806435164
68,176,115,118.36743524593356
68,177,114,119.12731757554761
68,178,113,118.4082001924208
68,179,112,116.07881275190127
68,180,111,116.75869878881358
68,181,110,114.29306912628381
68,182,109,114.40635360370422
68,183,108,113.12697690830396
68,184,107,113.68830432421879
68,185,106,111.11313457058309
68,186,105,114.63623124621154
68,187,104,112.15782405741638
68,188,103,112.64481495707555
69,40,165,124.26504636859141
69,41,164,124.4551495300467
69,42,163,124.41706012323723
69,43,162,124.17436231015041
69,44,161,124.45422742584563
69,45,160,124.61192375769622
69,46,159,124.18747190573343
69,47,158,124.55799031017591
69,48,157,124.10514382456904
69,49,156,123.85048057192571
69,50,155,123.9189531779987
69,51,154,124.69992522347644
69,52,153,125.0
69,53,152,124.92136512082236
69,54,151,124.80338299599049
69,55,150,124.46237261885412
69,56,149,124.32965279237027
69,57,148,124.44642519816058
69,58,147,124.58855066984876
69,59,146,124.32646682130058
69,60,145,123.96053651837084
69,61,144,124.39447027486946
69,62,143,124.17870361708319
69,63,142,123.7915412163764
69,64,141,123.58409546820977
69,65,140,123.56997486215094
69,66,139,122.01277455616116
69,67,138,120.24289542507415
69,68,137,119.52987725497255
69,69,136,119.32951635518984
69,70,135,122.00615502435633
69,71,134,117.62644927124082
69,72,133,118.89924663459786
69,73,132,118.94936454097854
69,74,131,119.24417765223711
69,75,130,121.95163175115903
69,76,129,122.22860028286354
69,77,128,121.08278243852718
69,78,127,121.88606780831768
69,79,126,122.9608152706827
69,80,125,121.51623661455494
69,81,124,120.61625776131604
69,82,123,121.43529027431171
69,83,122,122.82750314427368
69,84,121,123.03478154638938
69,85,120,122.67323521596572
69,86,119,119.94921651326875
69,87,118,120.35454723359145
69,88,117,120.17346431938292
69,89,116,120.79420444344743
69,90,115,120.70621315378105
69,91,114,120.93921171986928
69,92,113,121.46947626635685
69,93,112,121.60080648480297
69,94,111,119.06331711956955
69,95,110,118.87531821271725
69,96,109,119.33159682904768
69,97,108,118.80778705138901
69,98,107,119.49508531647419
69,99,106,119.59124353960205
69,100,105,119.16007867158129
69,101,104,117.78117447932229
69,102,103,116.179175367798
69,103,102,116.00829309774588
69,104,101,115.16140379202704
69,105,100,114.7633433339389
70,40,107,120.86624080457396
70,41,106,123.28937031082549
70,42,105,122.95956861901205
70,43,104,123.81472657399806
70,44,103,123.6340648784287
70,45,102,124.22156133572452
70,46,101,123.45121309885096
70,47,100,122.50348434228549
70,48,99,123.02175530538369
70,49,98,121.81530101134703
70,50,97,122.05259858488267
70,51,96,122.67076134725843
70,52,95,122.31150907672665
70,53,94,121.49326799819146
70,54,93,121.573613251279
70,55,92,121.27369992254252
70,56,91,121.39403279627135
70,57,90,121.4411594318094
70,58,89,121.43719475015598
70,59,88,118.49856255229258
70,60,87,116.17253184504463
70,61,86,118.54541429030994
70,62,85,119.93894259338893
70,63,84,120.63736115245462
70,64,83,120.87235262001224
70,65,82,121.35731623568925
70,66,81,121.70758333972236
70,67,80,120.84146057764438
70,68,79,119.70483866849501
70,69,78,121.46724280841201
70,70,77,120.51082603946848
70,71,76,116.4445699335885
70,72,75,115.02623843563954
70,73,74,114.5967054269692
70,74,73,113.10930718476936
70,75,72,109.42011907897053
70,76,71,111.78937346289425
70,77,70,103.65023011306346
70,78,69,97.90169685784366
70,79,68,101.80687842549438
70,80,67,87.99148158938826
70,81,66,86.81617822176725
70,82,65,84.22383459904091
70,83,64,82.71660062966895
70,84,63,86.23289834913581
71,40,362,124.24513331264703
71,41,361,124.13610037815823
71,42,360,124.16778816668204
71,43,359,123.85156716020157
71,44,358,124.24972953229035
71,45,357,124.43984708469128
71,46,356,123.9114861110231
71,47,355,123.8393344246968
71,48,354,122.85132595424132
71,49,353,122.53963967658453
71,50,352,123.29059241304947
71,51,351,122.717567017721
71,52,350,123.02926533988435
71,53,349,123.99007722535211
71,54,348,124.04137353869258
71,55,347,124.46150030138114
71,56,346,124.47578908623731
71,57,345,124.52651608748141
71,58,344,124.27787518147298
71,59,343,124.43797190220849
71,60,342,124.21338339051292
71,61,341,124.07775673803812
71,62,340,123.78063008853046
71,63,339,123.81216237612811
71,64,338,124.18338948062491
71,65,337,124.32924892568661
71,66,336,124.43315037129005
71,67,335,124.2860117687808
71,68,334,124.07377064090122
71,69,333,124.12382628790647
71,70,332,124.09129660205966
71,71,331,124.15648139931591
71,72,330,124.13088561395614
71,73,329,124.1991719620201
71,74,328,124.07938341052478
71,75,327,123.95034027879191
71,76,326,123.52199908731787
71,77,325,123.10584004114602
71,78,324,123.96111697554528
71,79,323,123.65450659513783
71,80,322,124.023672493801
71,81,321,123.46371725283274
71,82,320,123.20970583506545
71,83,319,122.66628822549828
71,84,318,122.00365748443213
71,85,317,122.21437390365237
71,86,316,121.6074759162213
71,87,315,121.46085264547932
71,88,314,120.85558482696857
71,89,313,119.85902581429718
71,90,312,119.5706775250201
71,91,311,118.65225167084878
71,92,310,118.22481839147542
71,93,309,121.29666897346783
71,94,308,121.06112801630837
71,95,307,122.94903940437621
71,96,306,123.23110719437261
71,97,305,123.19967454805155
71,98,304,123.06852401125272
71,99,303,123.36931681466064
71,100,302,122.58354782574965
71,101,301,123.20097926566069
71,102,300,122.79377968884572
71,103,299,123.24990930394233
71,104,298,123.12884640811502
71,105,297,123.01647852395597
71,106,296,123.3515046040333
71,107,295,123.26755379116491
71,108,294,123.02136812873195
71,109,293,122.9261538298262
71,110,292,123.33443161249966
71,111,291,123.84167740061523
71,112,290,124.14185234670015
71,113,289,124.18594225252096
71,114,288,124.52480873933393
71,115,287,124.8407713894413
71,116,286,124.6843169410879
71,117,285,124.78049643638931
71,118,284,124.75829649242101
71,119,283,124.88616307730926
71,120,282,124.62739834572349
71,121,281,124.53818646819433
71,122,280,125.0
71,123,279,125.0
71,124,278,125.0
71,125,277,125.0
71,126,276,124.94797002261218
71,127,275,124.78828776880479
71,128,274,125.0
71,129,273,124.96852732087515
71,130,272,125.0
71,131,271,125.0
71,132,270,125.0
71,133,269,125.0
71,134,268,124.98368763895763
71,135,267,125.0
71,136,266,125.0
71,137,265,124.53596015050283
71,138,264,124.58365944541063
71,139,263,124.60334838274991
71,140,262,124.2073035071407
71,141,261,124.66720723896071
71,142,260,124.97601994839256
71,143,259,124.66080605451273
71,144,258,125.0
71,145,257,124.69116513743012
71,146,256,124.57947138222472
71,147,255,124.03686328942223
71,148,254,123.60875950762794
71,149,253,123.81401184757082
71,150,252,123.70039706815146
71,151,251,123.89722016929757
71,152,250,124.26478430869142
71,153,249,124.30545086258479
71,154,248,124.03968831602738
71,155,247,123.99951690593343
71,156,246,124.27041881594944
71,157,245,124.37646891971093
71,158,244,124.79945944801474
71,159,243,125.0
71,160,242,124.63538153612339
71,161,241,124.47342853166231
71,162,240,125.0
71,163,239,125.0
71,164,238,124.97580708641534
71,165,237,124.54011114770412
71,166,236,124.56731595257975
71,167,235,124.64738695884053
71,168,234,124.78048700537546
71,169,233,124.91697369940567
71,170,232,124.79769831706415
71,171,231,124.83249342862558
71,172,230,125.0
71,173,229,124.74330105403348
71,174,228,124.51868525668144
71,175,227,125.0
71,176,226,125.0
71,177,225,125.0
71,178,224,125.0
71,179,223,125.0
71,180,222,125.0
71,181,221,125.0
71,182,220,125.0
71,183,219,125.0
71,184,218,125.0
71,185,217,125.0
71,186,216,125.0
71,187,215,125.0
71,188,214,125.0
71,189,213,125.0
71,190,212,125.0
71,191,211,125.0
71,192,210,125.0
71,193,209,125.0
71,194,208,125.0
71,195,207,125.0
71,196,206,125.0
71,197,205,125.0
71,198,204,125.0
71,199,203,125.0
71,200,202,125.0
71,201,201,125.0
71,202,200,125.0
71,203,199,125.0
71,204,198,124.83468453478173
71,205,197,124.92627629593622
71,206,196,125.0
71,207,195,125.0
71,208,194,125.0
71,209,193,125.0
71,210,192,125.0
71,211,191,124.9708952121178
71,212,190,124.69821452914034
71,213,189,124.29086864420674
71,214,188,124.6941917915113
71,215,187,124.42623306536056
71,216,186,124.09535941668253
71,217,185,123.86943202664436
71,218,184,122.7918523276997
71,219,183,122.03798437714916
71,220,182,122.22095597083381
71,221,181,123.05571310160201
71,222,180,123.90515942836541
71,223,179,124.79488334271677
71,224,178,124.72247993693165
71,225,177,124.44758308906589
71,226,176,124.4569137499573
71,227,175,124.06170480243557
71,228,174,122.96673090035117
71,229,173,123.24790446642702
71,230,172,123.60394197817749
71,231,171,124.20531749166369
71,232,170,123.37606788515546
71,233,169,122.79636130243334
71,234,168,121.71890987723012
71,235,167,121.20703009300779
71,236,166,120.4083426844123
71,237,165,121.1749453536209
71,238,164,120.3688278635803
71,239,163,120.42789726659817
71,240,162,122.49351762392321
71,241,161,123.95604065793911
71,242,160,122.76305254569536
71,243,159,122.825862475203
71,244,158,122.01553317651394
71,245,157,122.65409441129586
71,246,156,119.2986892924344
71,247,155,118.89705846918395
71,248,154,121.47788829157304
71,249,153,123.81030823567922
71,250,152,122.49950321671453
71,251,151,122.92116391734478
71,252,150,120.79196770441982
71,253,149,121.00595142879902
71,254,148,120.70177330893107
71,255,147,121.06168244188261
71,256,146,120.65425930338918
71,257,145,119.33750596284735
71,258,144,119.27887251924975
71,259,143,120.50672318720974
71,260,142,119.9187694335036
71,261,141,121.95191127348102
71,262,140,123.27001848133119
71,263,139,122.76064563878622
71,264,138,121.43822528315121
71,265,137,121.56010327549251
71,266,136,121.15729523587939
71,267,135,119.15971089389033
71,268,134,118.54900233840593
71,269,133,118.8195317650177
71,270,132,120.22846699698282
71,271,131,115.50860674136534
71,272,130,115.87433585390802
71,273,129,119.12808775273689
71,274,128,118.70744250246761
71,275,127,115.79221686315324
71,276,126,115.27845787033152
71,277,125,115.0402263824406
71,278,124,113.1440271830759
71,279,123,114.29779265379247
71,280,122,113.5906879608871
71,281,121,112.83013863839898
71,282,120,111.92798602044886
71,283,119,114.18546325606722
71,284,118,114.26065076466827
71,285,117,113.19403592077174
71,286,116,112.32704712732826
71,287,115,112.76175565212506
71,288,114,110.70543245802949
71,289,113,107.02175622247155
71,290,112,103.03107693080683
71,291,111,101.05714910432208
71,292,110,100.69328530356061
71,293,109,100.5825267504398
71,294,108,96.87685065371878
71,295,107,96.94810108094612
71,296,106,97.09183996799084
71,297,105,95.24860390866814
71,298,104,93.73667035406187
71,299,103,93.97830037420576
71,300,102,93.28968172384828
71,301,101,94.39252714143541
71,302,100,91.93239100057758
71,303,99,85.70899446894569
71,304,98,88.49461998940988
71,305,97,89.8381677843004
71,306,96,90.90102972526756
71,307,95,93.90385466249876
71,308,94,98.15135071818489
71,309,93,99.83797205432286
71,310,92,92.79849470689553
71,311,91,88.65696918616811
71,312,90,95.1424869519116
71,313,89,95.6028314790795
71,314,88,97.89554024050297
71,315,87,90.49981873394148
71,316,86,92.14835331551376
71,317,85,95.41603386365972
71,318,84,94.34816701011425
71,319,83,94.04020649578993
71,320,82,93.92367806930002
71,321,81,93.74420419561548
71,322,80,98.10763334384264
71,323,79,99.11834609485851
71,324,78,97.42543962863857
71,325,77,94.6948045220702
71,326,76,89.9845933316582
71,327,75,84.42317721278499
71,328,74,86.1656545694303
71,329,73,85.13638570016063
71,330,72,84.75220725449962
71,331,71,80.8701204493714
71,332,70,80.67760986578807
71,333,69,80.89618859321394
71,334,68,78.00560520463685
71,335,67,76.14598763282585
71,336,66,73.99265315087708
71,337,65,73.53828927501726
71,338,64,71.89249891758672
71,339,63,72.33470178517844
71,340,62,72.19646377306721
71,341,61,71.35596622075369
71,342,60,66.71160444373537
71,343,59,64.10497623952853
71,344,58,62.9843387836832
71,345,57,60.10412515118574
71,346,56,61.8071628514646
71,347,55,62.01438890644678
71,348,54,60.43279308419896
71,349,53,60.34407803603581
71,350,52,56.85658147853755
71,351,51,55.11211999546104
71,352,50,56.10238010595644
71,353,49,53.71489316674568
71,354,48,51.29421396426169
71,355,47,51.70824038254764
71,356,46,49.091593484812066
71,357,45,49.44136740032611
71,358,44,47.44943892647767
71,359,43,48.73933127035636
71,360,42,50.18139935263036
71,361,41,48.5806509994029
71,362,40,47.36108713952339
71,363,39,44.812229722734855
71,364,38,42.71229167670565
71,365,37,42.52388367465109
71,366,36,40.31744791890928
71,367,35,35.23551700714134
72,40,237,123.66367844262759
72,41,236,123.86525684299994
72,42,235,123.70285626227277
72,43,234,124.32814684916809
72,44,233,124.52799706765467
72,45,232,124.78431083885948
72,46,231,124.80018824488835
72,47,230,124.83719246492377
72,48,229,125.0
72,49,228,125.0
72,50,227,124.9298310712719
72,51,226,124.91867223196246
72,52,225,124.70651226973246
72,53,224,124.81696146947777
72,54,223,124.2797070592787
72,55,222,124.09720406181765
72,56,221,124.51557618371555
72,57,220,124.68070673848491
72,58,219,122.56935168299593
72,59,218,123.18287787061985
72,60,217,124.16981723809849
72,61,216,124.494707117846
72,62,215,124.30161761225625
72,63,214,124.4827126781994
72,64,213,124.5332929710269
72,65,212,124.37437477082347
72,66,211,124.10135220953775
72,67,210,124.23262482249092
72,68,209,124.23541061574119
72,69,208,124.29875551234093
72,70,207,123.84193391511806
72,71,206,123.80526302076207
72,72,205,124.6642053100955
72,73,204,123.9797717840683
72,74,203,124.24912540351858
72,75,202,123.800897383175
72,76,201,123.41733725197382
72,77,200,123.77828674627774
72,78,199,123.56982321076094
72,79,198,123.38196078693079
72,80,197,122.57055279034637
72,81,196,123.24872871864144
72,82,195,123.24762748603425
72,83,194,122.04166355549671
72,84,193,123.3627127549006
72,85,192,122.84696208085947
72,86,191,122.4215281075119
72,87,190,123.38926412397477
72,88,189,123.70111915652691
72,89,188,124.11157893527286
72,90,187,124.38473893809967
72,91,186,124.44744061939906
72,92,185,124.42966470836686
72,93,184,124.55960763531473
72,94,183,124.34034015188078
72,95,182,123.97507613112197
72,96,181,124.04663954513714
72,97,180,124.12639351407785
72,98,179,124.1740188594039
72,99,178,124.05143513373676
72,100,177,124.39850982380307
72,101,176,124.13759241324733
72,102,175,123.91747666397654
72,103,174,123.7739376409867
72,104,173,123.42953297600849
72,105,172,122.97648301216384
72,106,171,123.14224568617189
72,107,170,123.53606644289955
72,108,169,123.66505790636873
72,109,168,122.79205784809263
72,110,167,122.40034739109724
72,111,166,121.67233594241563
72,112,165,120.18486582961754
72,113,164,121.5706340955729
72,114,163,122.37797182894093
72,115,162,121.3179197984583
72,116,161,121.42776593357237
72,117,160,121.56720462829571
72,118,159,120.39793936837575
72,119,158,117.86405176214359
72,120,157,119.26775370830151
72,121,156,120.00887993126905
72,122,155,117.39122450319047
72,123,154,113.11644061089967
72,124,153,112.59815044886443
72,125,152,110.97297929978811
72,126,151,107.81563079910703
72,127,150,110.68706281969442
72,128,149,113.40409829637935
72,129,148,113.03339121019611
72,130,147,113.08474696375555
72,131,146,113.69004014098127
72,132,145,114.24788537100837
72,133,144,119.24327298203153
72,134,143,115.00434438928097
72,135,142,119.4457416648132
72,136,141,116.01079016525736
72,137,140,115.67597610869927
72,138,139,116.67731990424724
72,139,138,114.2329550071913
72,140,137,114.68814027312163
72,141,136,111.92548379586522
72,142,135,112.49556656354687
72,143,134,114.05123441592465
72,144,133,112.34806545841874
72,145,132,111.15176055465622
72,146,131,114.24269645129596
72,147,130,113.26425563327342
72,148,129,113.96787281616616
72,149,128,110.62476773309842
72,150,127,112.50273324349286
72,151,126,112.63032788632884
72,152,125,113.13732882083336
72,153,124,111.68359958998738
72,154,123,107.88579115380792
72,155,122,108.881117962371
72,156,121,108.05609725893444
72,157,120,106.15231708135208
72,158,119,108.7385576525673
72,159,118,117.73250860288678
72,160,117,115.46917648087421
72,161,116,117.57563191697761
72,162,115,112.44825542131494
72,163,114,113.0562815578968
72,164,113,112.59365762905723
72,165,112,112.63092522478902
72,166,111,113.5107639478654
72,167,110,114.81229863272007
72,168,109,116.71405266874663
72,169,108,115.36999970322279
72,170,107,117.1131082892699
72,171,106,114.4320012953593
72,172,105,113.74183631974174
72,173,104,114.52792164332811
72,174,103,113.31889849536705
72,175,102,115.98634288199892
72,176,101,108.54170253833412
72,177,100,105.30359539969251
72,178,99,105.50918918010015
72,179,98,104.03222762208506
72,180,97,101.59000040695352
72,181,96,104.28918826433679
72,182,95,103.08597222573854
72,183,94,102.09613176098006
72,184,93,99.99139274200816
72,185,92,99.80327628677624
72,186,91,97.22993276891279
72,187,90,92.09098671570207
72,188,89,90.96393226518941
72,189,88,89.1627525969107
72,190,87,88.91667638930137
72,191,86,89.24893522014534
72,192,85,84.51597953297062
72,193,84,82.71844573744332
72,194,83,80.10130184720005
72,195,82,75.56870153631604
72,196,81,77.2434315305409
72,197,80,76.66080876754158
72,198,79,78.3413820923223
72,199,78,84.02148179047163
72,200,77,82.65098058251095
72,201,76,81.84781825967596
72,202,75,79.81136658502507
72,203,74,78.13840126223977
72,204,73,77.96614909385178
72,205,72,76.17378556539343
72,206,71,76.39691754426943
72,207,70,72.12848028746568
72,208,69,70.95048426719364
72,209,68,70.62629417532247
72,210,67,71.52721926540764
72,211,66,71.04987817227291
72,212,65,67.427767944783
72,213,64,66.21478475695545
72,214,63,66.11451580501276
72,215,62,64.75858535808447
72,216,61,61.7708654317277
72,217,60,59.5640763092847
72,218,59,55.520950269839105
72,219,58,54.72744475313551
72,220,57,53.11656159623499
72,221,56,54.90588926590746
72,222,55,55.873205205122524
72,223,54,53.990043053025076
72,224,53,55.451830970056086
72,225,52,54.71759529961693
72,226,51,54.451803430259744
72,227,50,52.471301465941124
72,228,49,52.762273428089856
72,229,48,48.649124871700565
72,230,47,49.323380895500286
72,231,46,48.29280025658056
72,232,45,49.14693482650997
73,40,168,124.33993193024305
73,41,167,124.56970815502982
73,42,166,124.46001417496291
73,43,165,124.6222940152721
73,44,164,124.26230311869375
73,45,163,124.23873767412367
73,46,162,124.1085181520769
73,47,161,124.6310128208092
73,48,160,124.52940074134165
73,49,159,124.51269865219729
73,50,158,124.42355131358508
73,51,157,124.12216872007463
73,52,156,123.80754588784808
73,53,155,123.76710201239132
73,54,154,123.9877515942589
73,55,153,122.44647522072188
73,56,152,123.56381624957885
73,57,151,123.60590900411644
73,58,150,123.35178239587974
73,59,149,123.80574654752103
73,60,148,123.49404805219649
73,61,147,123.39097757908486
73,62,146,123.74420846512348
73,63,145,123.89779549640977
73,64,144,124.21596080839615
73,65,143,123.63583410170298
73,66,142,123.85984121439773
73,67,141,124.10214214373397
73,68,140,124.12080841065261
73,69,139,123.91235920691207
73,70,138,123.87755151075842
73,71,137,123.93322101788932
73,72,136,123.34606277010478
73,73,135,122.5484429766947
73,74,134,123.41415410581189
73,75,133,124.29556015049042
73,76,132,123.19754055562771
73,77,131,123.08559412432629
73,78,130,122.6575435411763
73,79,129,122.86940168712269
73,80,128,122.04096869099536
73,81,127,123.0494103451303
73,82,126,123.46109075758244
73,83,125,121.86975347242085
73,84,124,122.0125646852
73,85,123,121.03599546012407
73,86,122,119.76071915563713
73,87,121,119.76874931981965
73,88,120,118.55761572366191
73,89,119,115.51000153200692
73,90,118,114.78766841222081
73,91,117,113.81825571228647
73,92,116,111.76532897214753
73,93,115,107.79421276600644
73,94,114,105.10710507128016
73,95,113,105.96260763920846
73,96,112,104.65925236214184
73,97,111,104.36041872262331
73,98,110,108.89005175507526
73,99,109,111.62141599096307
73,100,108,113.63594536719432
73,101,107,116.23133201284287
73,102,106,115.16408053262421
73,103,105,116.64291813678895
73,104,104,112.49776077288563
73,105,103,112.85557610185154
73,106,102,114.95080740208596
73,107,101,116.07252238508718
73,108,100,118.67400450143941
73,109,99,118.18146551895094
74,40,145,124.79742423225804
74,41,144,124.88875067780096
74,42,143,124.88775483220977
74,43,142,125.0
74,44,141,124.96573619590467
74,45,140,124.59650404153217
74,46,139,124.83278687030045
74,47,138,124.93505375518134
74,48,137,124.9567982220174
74,49,136,125.0
74,50,135,124.9332445551031
74,51,134,125.0
74,52,133,124.87467702433557
74,53,132,124.99727318201701
74,54,131,124.92611347949385
74,55,130,124.55692726100841
74,56,129,124.65455134991876
74,57,128,124.68495107961655
74,58,127,124.66872250532964
74,59,126,125.0
74,60,125,123.7831964505764
74,61,124,121.7346498436263
74,62,123,123.8300433927026
74,63,122,123.85029440799258
74,64,121,124.2549704133612
74,65,120,124.72454506618726
74,66,119,124.65376536109567
74,67,118,124.68184508251619
74,68,117,124.46156769988401
75,40,196,123.64045298562483
75,41,195,123.42509363316023
75,42,194,123.92269639900995
75,43,193,123.97329445436242
75,44,192,124.11990863578183
75,45,191,124.01666451420604
75,46,190,124.4566193256693
75,47,189,123.63127745723781
75,48,188,122.89937199588556
75,49,187,123.37703296562648
75,50,186,123.79513788477414
75,51,185,123.39074500648246
75,52,184,123.39717821487787
75,53,183,123.43578430832213
75,54,182,123.23946320392531
75,55,181,123.77568800201325
75,56,180,123.50526543338114
75,57,179,123.11932076505687
75,58,178,123.02905987903662
75,59,177,123.1974509788454
75,60,176,122.02702593504804
75,61,175,122.51330666382216
75,62,174,122.622369495545
75,63,173,122.33637227541459
75,64,172,122.34698543237525
75,65,171,122.47974424450891
75,66,170,123.23546355349058
75,67,169,123.75231280847797
75,68,168,124.09398648229435
75,69,167,124.03556071251853
75,70,166,123.23150682227822
75,71,165,123.99896612037583
75,72,164,123.6568975160007
75,73,163,123.02568744027386
75,74,162,122.82977651052738
75,75,161,122.36848421715567
75,76,160,123.02163337426967
75,77,159,122.82652123103486
75,78,158,123.50179089228905
75,79,157,123.53274738827147
75,80,156,122.84228201988779
75,81,155,122.93176946859886
75,82,154,122.75728472236858
75,83,153,122.49102951676305
75,84,152,122.38509574524488
75,85,151,122.64279861448301
75,86,150,123.06122473715607
75,87,149,122.911927424428
75,88,148,122.8345200264023
75,89,147,122.18128060584293
75,90,146,122.31829608450568
75,91,145,122.36888259770755
75,92,144,122.87268982824675
75,93,143,123.13500164341116
75,94,142,122.69544480778355
75,95,141,122.57374255519935
75,96,140,122.55834645761263
75,97,139,122.5091729852608
75,98,138,122.23644124378255
75,99,137,121.47512183507985
75,100,136,121.69882666753237
75,101,135,121.63614968289002
75,102,134,119.8055507783114
75,103,133,118.97521978155484
75,104,132,117.17435355430416
75,105,131,116.0475013974858
75,106,130,117.89074565515966
75,107,129,117.8978734540897
75,108,128,117.99507614321563
75,109,127,116.99674912739019
75,110,126,116.00839954272396
75,111,125,117.84567552961835
75,112,124,118.5896119727559
75,113,123,119.46199572271001
75,114,122,118.32444605330963
75,115,121,117.51762803553484
75,116,120,117.68923043665109
75,117,119,115.28129484908223
75,118,118,114.88700888220433
75,119,117,114.06357154021188
75,120,116,111.94608695090028
75,121,115,112.65727577977724
75,122,114,110.74450555083499
75,123,113,110.13464386532496
75,124,112,105.27559429422035
75,125,111,100.79934911681633
75,126,110,101.83507175310586
75,127,109,103.50082675238698
75,128,108,102.77512201694506
75,129,107,102.72669891095454
75,130,106,106.3388119493199
75,131,105,107.54719902928986
75,132,104,107.29730854953216
75,133,103,105.72547377192737
75,134,102,107.95383090303994
75,135,101,109.92670612824878
75,136,100,111.18422655281043
75,137,99,109.78491806546845
75,138,98,108.80937456537146
75,139,97,102.17632394088149
75,140,96,101.83571449402832
75,141,95,100.2774208301675
75,142,94,102.96940547557489
75,143,93,99.71143191773712
75,144,92,99.37772995834514
75,145,91,93.5895000532353
75,146,90,92.95903425903143
75,147,89,92.23386734513585
75,148,88,92.94231377287957
75,149,87,88.6394606961396
75,150,86,91.58931318442629
75,151,85,95.25880251841654
75,152,84,94.85668332599036
75,153,83,93.50925148072335
75,154,82,89.8735228621929
75,155,81,86.59063314763108
75,156,80,82.32507225047767
75,157,79,83.00320878321953
75,158,78,81.15020932703885
75,159,77,79.11066663935514
75,160,76,78.33154961196985
75,161,75,81.84302752291563
75,162,74,74.72598190837391
75,163,73,73.24982497754266
75,164,72,70.16920119991735
75,165,71,66.46345281554738
75,166,70,66.7304273736251
75,167,69,67.08994032114725
75,168,68,65.28074981131081
75,169,67,64.91848106872129
75,170,66,61.72565925033322
75,171,65,64.15384172030113
75,172,64,64.50940566993819
75,173,63,59.40256774802839
75,174,62,61.10587772147346
75,175,61,62.69116703115968
75,176,60,61.59553414826954
75,177,59,62.242887803294025
75,178,58,60.455780376825
75,179,57,58.42628277364179
75,180,56,58.17564611793394
75,181,55,58.35614203896784
75,182,54,53.81428658129673
75,183,53,52.09256734285034
75,184,52,49.81000411681079
75,185,51,48.77772808171303
75,186,50,50.36593347097809
75,187,49,47.83677731348463
75,188,48,50.1461095600293
75,189,47,47.85517955254275
75,190,46,47.188031593765274
75,191,45,45.69320086287901
76,40,167,123.8278371459107
76,41,166,123.53947020499703
76,42,165,122.934025438471
76,43,164,122.86332018081453
76,44,163,122.401028309168
76,45,162,122.15137958218722
76,46,161,123.55927563159993
76,47,160,123.42085467790321
76,48,159,123.24588872174665
76,49,158,123.05490873314754
76,50,157,123.43729438025656
76,51,156,123.49460016580733
76,52,155,123.66674996546132
76,53,154,121.41469790252589
76,54,153,120.73629662757554
76,55,152,119.02063059087354
76,56,151,117.57381697812501
76,57,150,114.96282941795516
76,58,149,115.01520119896124
76,59,148,117.32066262727264
76,60,147,121.11417767050621
76,61,146,121.74067926877271
76,62,145,123.44676906721403
76,63,144,123.70811168746059
76,64,143,122.87561859904326
76,65,142,123.03335568916943
76,66,141,123.24223456881371
76,67,140,121.64118130698091
76,68,139,121.6284297333444
76,69,138,123.08654705305909
76,70,137,123.45861164616448
76,71,136,123.38253787238466
76,72,135,122.91100009329182
76,73,134,123.37722087701927
76,74,133,123.48706864600503
76,75,132,123.96153047308135
76,76,131,123.50856137670104
76,77,130,123.05358706501984
76,78,129,122.22764046926582
76,79,128,119.5309557352603
76,80,127,118.10028868963303
76,81,126,122.48045821560342
76,82,125,121.88559994721774
76,83,124,122.01548269171685
76,84,123,122.78033798945282
76,85,122,122.86242674039812
76,86,121,123.38701495348198
76,87,120,122.66417834773499
76,88,119,123.45636269744898
76,89,118,122.35833471763475
76,90,117,122.28915554715745
76,91,116,122.28395376281037
76,92,115,122.54007489026769
76,93,114,121.79216697312178
76,94,113,120.1272486228705
76,95,112,120.00652611724826
76,96,111,120.59008635205748
76,97,110,116.87193595784208
76,98,109,115.96370192910074
76,99,108,117.59993019708389
76,100,107,118.56547048802756
76,101,106,119.38815370609888
76,102,105,119.1362791005742
76,103,104,119.29344496061836
76,104,103,117.7977526147445
76,105,102,113.3066298063346
76,106,101,117.39028494433572
76,107,100,115.2846411713372
76,108,99,115.66520119532606
76,109,98,114.27650785389105
76,110,97,115.14994227717406
76,111,96,114.12694526260591
76,112,95,114.27315945667553
76,113,94,113.29522568401524
76,114,93,115.02403977146636
76,115,92,110.07411966925642
76,116,91,113.32529590556939
76,117,90,112.51325148375159
76,118,89,103.28092433904294
76,119,88,106.07140574727246
76,120,87,94.67365692624122
76,121,86,94.22293640438664
76,122,85,90.594403580859
76,123,84,87.78744130578679
76,124,83,85.10209719146337
76,125,82,77.8728782222476
76,126,81,79.23030292969987
76,127,80,77.43975960087766
76,128,79,76.61198220852452
76,129,78,67.61681448705879
76,130,77,70.69636996543386
76,131,76,73.10680022131794
76,132,75,69.06630280361094
76,133,74,69.55250243675633
76,134,73,66.61080315317236
76,135,72,59.88081935880559
76,136,71,61.70936105561428
76,137,70,61.82652497989544
76,138,69,64.33127394204908
76,139,68,75.12173745364939
76,140,67,67.04802664738327
76,141,66,66.77824551704458
76,142,65,75.262827777917
76,143,64,79.58218004404729
76,144,63,79.87350460388929
76,145,62,71.57199594845875
76,146,61,71.68023786346956
76,147,60,70.60998034459112
76,148,59,73.99325155729109
76,149,58,76.07816631439812
76,150,57,78.33000223331717
76,151,56,76.62331749560613
76,152,55,74.24445232036537
76,153,54,74.33027803120441
76,154,53,73.36791055085325
76,155,52,63.247603657817656
76,156,51,64.74787596278838
76,157,50,63.365619061726946
76,158,49,58.88861619107256
76,159,48,55.83123592791124
76,160,47,55.48604002002306
76,161,46,56.523882962988736
76,162,45,56.02212276592343
76,163,44,58.09799385011247
76,164,43,52.74850619025608
76,165,42,48.554073422453
76,166,41,46.48884219523141
76,167,40,46.749871678282005
76,168,39,45.717132624216696
76,169,38,45.32062517366472
76,170,37,42.5096175549447
76,171,36,41.187586798839476
76,172,35,41.87154995615741
76,173,34,41.08478870775319
76,174,33,41.95083656554641
76,175,32,30.828655973699906
76,176,31,30.46207605479892
76,177,30,26.753268657121325
76,178,29,28.729873473325444
76,179,28,24.419977944074414
76,180,27,25.82361347287938
77,40,427,124.0149849716182
77,41,426,123.94515291523736
77,42,425,124.37214103659363
77,43,424,124.15480912633838
77,44,423,124.28230623759043
77,45,422,124.12448021290469
77,46,421,124.15324076718676
77,47,420,124.35841169038855
77,48,419,124.13621676988461
77,49,418,124.1249557984128
77,50,417,123.5731913363044
77,51,416,123.5640364304181
77,52,415,123.59226154976506
77,53,414,123.62128640281773
77,54,413,123.81181271339409
77,55,412,123.72719372275618
77,56,411,123.80636445338004
77,57,410,123.8113476125024
77,58,409,124.26055402485159
77,59,408,124.3601901872238
77,60,407,124.18990398003635
77,61,406,124.15247221162903
77,62,405,124.11638600995597
77,63,404,123.92400654859273
77,64,403,123.89438521913027
77,65,402,123.59811619095157
77,66,401,123.59464763752314
77,67,400,123.72405652814257
77,68,399,123.83763808752249
77,69,398,124.05245534035936
77,70,397,123.8178139099932
77,71,396,123.86594001336948
77,72,395,123.64383248402376
77,73,394,123.83957681073946
77,74,393,123.7004379946082
77,75,392,124.1655422575713
77,76,391,124.27608407677477
77,77,390,123.82084548084046
77,78,389,123.87221442707836
77,79,388,123.31597583710214
77,80,387,123.03827758923404
77,81,386,122.74903977994633
77,82,385,122.52065228135277
77,83,384,122.58521814674616
77,84,383,122.57815169335336
77,85,382,122.30531798504256
77,86,381,122.51013914624491
77,87,380,122.84637203482475
77,88,379,122.44625178648587
77,89,378,122.94099950443123
77,90,377,121.58684323352296
77,91,376,121.32372151422123
77,92,375,120.68891899123858
77,93,374,121.90487317939893
77,94,373,121.87266494361197
77,95,372,122.21449100255288
77,96,371,122.61974317334268
77,97,370,122.59069308288095
77,98,369,122.44861581445923
77,99,368,122.35434548480757
77,100,367,123.02849786140837
77,101,366,123.34301162374152
77,102,365,123.22251372713393
77,103,364,122.99708603165502
77,104,363,122.72878775127597
77,105,362,123.11850296182334
77,106,361,123.26405102560796
77,107,360,123.57542971311204
77,108,359,123.10712527715305
77,109,358,123.4860355311018
77,110,357,123.78725733654494
77,111,356,123.98230252682711
77,112,355,123.9859892860336
77,113,354,124.14260656030746
77,114,353,123.79547546178603
77,115,352,124.10547915494044
77,116,351,124.08392896181022
77,117,350,124.1216284547265
77,118,349,124.22485160231133
77,119,348,124.12368976921314
77,120,347,124.11519685803148
77,121,346,124.27829272148956
77,122,345,124.34659962460857
77,123,344,124.36319887160704
77,124,343,123.95782308194691
77,125,342,123.46383743375829
77,126,341,123.97662536674949
77,127,340,123.75004054843211
77,128,339,123.96308297966115
77,129,338,124.13103708285684
77,130,337,124.15435108044727
77,131,336,123.71525952831334
77,132,335,123.66190652493779
77,133,334,123.35741614191033
77,134,333,122.75641842168537
77,135,332,123.34497931122422
77,136,331,123.39437928101276
77,137,330,123.78990430951852
77,138,329,123.58676542621102
77,139,328,123.83981868829102
77,140,327,124.49800640031455
77,141,326,123.76388949642497
77,142,325,123.90324498058035
77,143,324,124.59794017879207
77,144,323,124.4271191608938
77,145,322,124.44814846768631
77,146,321,124.60679069697713
77,147,320,124.61671782691707
77,148,319,124.61850303240647
77,149,318,124.79311426822171
77,150,317,124.82285502374657
77,151,316,125.0
77,152,315,124.87473199455813
77,153,314,124.88533191579408
77,154,313,124.59441933419399
77,155,312,124.56510358921977
77,156,311,124.73149734648773
77,157,310,124.7820901821636
77,158,309,125.0
77,159,308,124.61967955633764
77,160,307,124.56703565782756
77,161,306,124.87288275566694
77,162,305,124.84629575909507
77,163,304,124.87779581166697
77,164,303,124.82031153636876
77,165,302,124.50853547447633
77,166,301,124.0696883136361
77,167,300,124.02042699520123
77,168,299,123.93851655398092
77,169,298,124.11891442658623
77,170,297,124.32647576274249
77,171,296,124.70434163859092
77,172,295,123.79475108133497
77,173,294,123.71862034623584
77,174,293,124.28900881121626
77,175,292,123.36415369144225
77,176,291,123.48672826965378
77,177,290,123.73698854684116
77,178,289,123.78488049761384
77,179,288,123.63668195996226
77,180,287,123.75592596779643
77,181,286,124.09826222774029
77,182,285,123.6698405414378
77,183,284,123.76546729377026
77,184,283,123.60560518736793
77,185,282,123.2217243649738
77,186,281,123.20222810012282
77,187,280,122.77369738306545
77,188,279,122.94654877124889
77,189,278,122.86046494297409
77,190,277,123.82523501782791
77,191,276,124.21089308117479
77,192,275,123.9863972054835
77,193,274,123.56274002432176
77,194,273,123.38019075461547
77,195,272,123.31174693123162
77,196,271,123.7518526458693
77,197,270,123.60338887025739
77,198,269,123.43865646028655
77,199,268,125.0
77,200,267,124.64223855092638
77,201,266,124.30397027513163
77,202,265,124.32629099407546
77,203,264,124.46415999590369
77,204,263,124.44772803537201
77,205,262,124.36651754101307
77,206,261,124.12043519129796
77,207,260,123.31943540764046
77,208,259,122.64445814093135
77,209,258,119.80349896124807
77,210,257,123.19994022379136
77,211,256,123.27597085706884
77,212,255,123.41098064500764
77,213,254,124.10560102253088
77,214,253,123.61302337952999
77,215,252,123.77442944005382
77,216,251,124.38803641791849
77,217,250,123.61534264793147
77,218,249,124.36653477162733
77,219,248,123.55196424758827
77,220,247,123.39575250185763
77,221,246,123.63007599541092
77,222,245,124.29444977855962
77,223,244,124.42709481657711
77,224,243,125.0
77,225,242,125.0
77,226,241,125.0
77,227,240,124.9987550322494
77,228,239,125.0
77,229,238,124.12003887967613
77,230,237,125.0
77,231,236,125.0
77,232,235,124.60866773237683
77,233,234,124.69184656949257
77,234,233,124.0331621634164
77,235,232,125.0
77,236,231,124.56194226766992
77,237,230,125.0
77,238,229,124.45596764061739
77,239,228,124.75742901525031
77,240,227,124.8366390478516
77,241,226,125.0
77,242,225,125.0
77,243,224,125.0
77,244,223,125.0
77,245,222,125.0
77,246,221,125.0
77,247,220,125.0
77,248,219,125.0
77,249,218,125.0
77,250,217,125.0
77,251,216,125.0
77,252,215,125.0
77,253,214,125.0
77,254,213,125.0
77,255,212,125.0
77,256,211,125.0
77,257,210,125.0
77,258,209,125.0
77,259,208,125.0
77,260,207,125.0
77,261,206,125.0
77,262,205,125.0
77,263,204,125.0
77,264,203,125.0
77,265,202,125.0
77,266,201,125.0
77,267,200,125.0
77,268,199,125.0
77,269,198,125.0
77,270,197,125.0
77,271,196,125.0
77,272,195,124.88374311106577
77,273,194,125.0
77,274,193,125.0
77,275,192,124.95555055434443
77,276,191,125.0
77,277,190,124.66483718084567
77,278,189,125.0
77,279,188,125.0
77,280,187,125.0
77,281,186,124.63656381607592
77,282,185,125.0
77,283,184,125.0
77,284,183,125.0
77,285,182,125.0
77,286,181,124.79355198768826
77,287,180,124.14373776559674
77,288,179,123.95156253622355
77,289,178,124.50836699342207
77,290,177,124.43363663379891
77,291,176,123.80188352515717
77,292,175,124.60629999307835
77,293,174,124.28609739427046
77,294,173,123.28847923142696
77,295,172,122.69619755279953
77,296,171,123.10968915160007
77,297,170,122.96497846471655
77,298,169,123.77498772061077
77,299,168,123.90373302702221
77,300,167,125.0
77,301,166,124.99926757094008
77,302,165,124.1384216707563
77,303,164,123.8019667445451
77,304,163,123.20926002398055
77,305,162,123.98808800300623
77,306,161,124.51600524369132
77,307,160,125.0
77,308,159,124.60495756252168
77,309,158,123.86286623534662
77,310,157,124.02092500080602
77,311,156,124.08167114193819
77,312,155,122.04266090789429
77,313,154,121.67579545003008
77,314,153,121.37836205470147
77,315,152,120.95839139021419
77,316,151,121.33367902221337
77,317,150,120.72668134385103
77,318,149,120.96851128244433
77,319,148,120.79473790586933
77,320,147,121.07950550307545
77,321,146,121.38543882543271
77,322,145,121.47299542822822
77,323,144,121.29833919525947
77,324,143,121.41199943067585
77,325,142,121.34358436500564
77,326,141,121.26681592428747
77,327,140,121.00898092229897
77,328,139,121.59369943296767
77,329,138,125.0
77,330,137,121.59612671499914
77,331,136,122.47821094942013
77,332,135,123.7562639139947
77,333,134,121.21347400528742
77,334,133,124.74216022129633
77,335,132,121.46078895777302
77,336,131,122.06780582634094
77,337,130,122.24453449805137
77,338,129,124.36253666998205
77,339,128,122.3343880884178
77,340,127,121.56490464724064
77,341,126,118.30628699256494
77,342,125,117.8581727449533
77,343,124,117.73395233058132
77,344,123,118.10509038069317
77,345,122,120.88944223942602
77,346,121,118.29488714824168
77,347,120,115.90354233918244
77,348,119,118.26373164406
77,349,118,118.59513361744327
77,350,117,116.83074119789481
77,351,116,114.67055950688359
77,352,115,115.23175344959509
77,353,114,112.5399052640943
77,354,113,109.52649149691439
77,355,112,107.42409851376073
77,356,111,103.31515335926397
77,357,110,104.09964651786942
77,358,109,102.8990047908486
77,359,108,104.05689448016679
77,360,107,103.22658567824443
77,361,106,104.20274759805753
77,362,105,105.09949694353602
77,363,104,103.933235735779
77,364,103,104.66261095973408
77,365,102,103.87259720571168
77,366,101,103.38744772398522
77,367,100,103.24848401857847
77,368,99,102.85635329888356
77,369,98,104.7957413455901
77,370,97,105.17723167668848
77,371,96,105.31148072400575
77,372,95,106.99037970844572
77,373,94,103.7713500767853
77,374,93,103.18191662927487
77,375,92,97.72124088141035
77,376,91,98.52108677907341
77,377,90,92.5699648310578
77,378,89,90.61231340134003
77,379,88,87.3350794545772
77,380,87,91.01799346915374
77,381,86,88.57092392379562
78,40,259,124.13958366564461
78,41,258,123.90730192820254
78,42,257,123.63738225087391
78,43,256,124.39920796479913
78,44,255,123.7583640591447
78,45,254,123.90974439550153
78,46,253,124.27955959133146
78,47,252,124.52932883999475
78,48,251,124.26380887413055
78,49,250,124.78278615840333
78,50,249,123.77491084025648
78,51,248,124.15429520183794
78,52,247,124.42969841404324
78,53,246,124.22408698119867
78,54,245,124.25491314146481
78,55,244,123.75724249117097
78,56,243,124.0180889309305
78,57,242,124.09699862908943
78,58,241,124.1771397126416
78,59,240,124.02312377605307
78,60,239,124.1459167011894
78,61,238,123.78480143775009
78,62,237,124.36881933512343
78,63,236,123.95680089231014
78,64,235,123.94441707366539
78,65,234,123.99259467735973
78,66,233,123.44328488774191
78,67,232,123.59209690090447
78,68,231,123.21905347459493
78,69,230,122.66418487711113
78,70,229,123.50260061749043
78,71,228,123.1277893343254
78,72,227,123.001122913242
78,73,226,123.15704812767686
78,74,225,123.8027897520218
78,75,224,123.73038945104986
78,76,223,123.51015236843749
78,77,222,123.4361490039957
78,78,221,123.31936146661491
78,79,220,123.33401107992381
78,80,219,123.31602244095735
78,81,218,122.72615277478289
78,82,217,122.45798355952107
78,83,216,122.43479857191139
78,84,215,122.55612865022398
78,85,214,122.72043838182492
78,86,213,122.39019959929763
78,87,212,122.78157484799962
78,88,211,123.2956197708007
78,89,210,122.34022946852676
78,90,209,121.22801540080368
78,91,208,122.12650363161194
78,92,207,122.16523061609485
78,93,206,121.93246151254442
78,94,205,121.63432151380664
78,95,204,121.4407777984865
78,96,203,122.09964744767905
78,97,202,122.38383367127062
78,98,201,121.5164636732293
78,99,200,121.80933575218046
78,100,199,122.10070008755737
78,101,198,122.43699360633056
78,102,197,122.699501104896
78,103,196,123.5662606496057
78,104,195,123.37137160703692
78,105,194,122.96738220172645
78,106,193,122.74426611158061
78,107,192,123.82566336720366
78,108,191,124.40927598155281
78,109,190,123.31528310052637
78,110,189,122.8900169089426
78,111,188,122.8858030035852
78,112,187,123.22739444875594
78,113,186,123.01433853289058
78,114,185,122.61374013448953
78,115,184,123.12410128779709
78,116,183,123.26125931599802
78,117,182,123.57289503732403
78,118,181,123.41662203265227
78,119,180,123.42629637007352
78,120,179,123.26228067508792
78,121,178,123.79089549854365
78,122,177,123.72416695763219
78,123,176,123.60331959408136
78,124,175,123.60743296009373
78,125,174,123.47047485311958
78,126,173,123.32913871386765
78,127,172,123.4230009508775
78,128,171,122.77753792031274
78,129,170,122.5382255910385
78,130,169,123.1201601222302
78,131,168,123.48190002838896
78,132,167,123.43375596322846
78,133,166,123.55163881881302
78,134,165,122.83753588600715
78,135,164,123.21961293078199
78,136,163,122.96082299767954
78,137,162,122.08962436770388
78,138,161,121.86074278330459
78,139,160,119.40009546034699
78,140,159,116.83883226156411
78,141,158,115.52045495681298
78,142,157,115.0005610721853
78,143,156,117.75805807178197
78,144,155,119.07580093969463
78,145,154,120.31576140602317
78,146,153,122.82047089461139
78,147,152,122.33785381316461
78,148,151,122.80022247935679
78,149,150,122.4906067847582
78,150,149,122.01682945792496
78,151,148,123.73094646866295
78,152,147,123.17034042086289
78,153,146,123.36161832545496
78,154,145,120.35029302170159
78,155,144,121.0569188673174
78,156,143,121.5204729521358
78,157,142,121.09994519769938
78,158,141,121.10724226110631
78,159,140,124.20750582679733
78,160,139,123.68663767251303
78,161,138,123.38430308881647
78,162,137,120.82273824732937
78,163,136,120.28663523012156
78,164,135,123.81587840060355
78,165,134,123.54387641099314
78,166,133,121.79570858234628
78,167,132,123.02957804090883
78,168,131,122.45893599358166
78,169,130,121.24708178791238
78,170,129,120.6994686321454
78,171,128,120.69715430758961
78,172,127,119.75804403399297
78,173,126,119.97159745983845
78,174,125,119.3474729141906
78,175,124,118.39716585488819
78,176,123,113.94012659812657
78,177,122,114.28671679018312
78,178,121,110.74207470975077
78,179,120,105.11923819795419
78,180,119,104.39471299301803
78,181,118,106.00644974881382
78,182,117,101.4437959521006
78,183,116,100.70311592081487
78,184,115,99.39296363190755
78,185,114,98.8127210158568
78,186,113,98.13691003568975
78,187,112,98.25293810647644
78,188,111,100.27395556848786
78,189,110,100.62579639590777
78,190,109,100.81627541513758
78,191,108,99.47739111711131
78,192,107,94.20631276080493
78,193,106,94.38282974905677
78,194,105,94.27866765316395
78,195,104,100.46704040630428
78,196,103,104.83377692353594
78,197,102,102.44724767023624
78,198,101,102.89438611954677
78,199,100,106.47216612462947
78,200,99,107.15211295700462
78,201,98,107.77038342554411
78,202,97,107.88546913755494
78,203,96,104.91019260727593
78,204,95,104.15529064484551
78,205,94,103.71492576248309
78,206,93,107.33897877813949
78,207,92,106.69884668545001
78,208,91,107.8229636763343
78,209,90,105.80540731782818
78,210,89,104.67813746618287
78,211,88,105.54394789271194
78,212,87,106.32505971339108
78,213,86,103.84240716700243
78,214,85,104.82355402702693
78,215,84,101.38587736579709
78,216,83,100.42946923588595
78,217,82,100.9662796669628
78,218,81,98.30365682077904
78,219,80,96.73905282880025
78,220,79,92.71437587706471
78,221,78,90.87096690339072
78,222,77,88.06333052727109
78,223,76,82.6006471048901
78,224,75,77.23408062549802
78,225,74,80.4627740974498
78,226,73,77.06031155147207
78,227,72,78.33882150227967
78,228,71,77.26789224266298
78,229,70,74.30166921430188
78,230,69,75.13949441050414
78,231,68,71.1402132197187
78,232,67,72.66631777534216
78,233,66,72.03751260951455
78,234,65,71.60374025739043
78,235,64,69.39943467682906
78,236,63,67.71689080184507
78,237,62,66.56866265435664
78,238,61,62.97336547884005
78,239,60,61.83276323373909
78,240,59,61.27924469252545
78,241,58,61.607237929254275
78,242,57,60.81804667619758
78,243,56,58.68674093076598
78,244,55,57.768630896875194
78,245,54,54.720731929434066
78,246,53,58.23500509154556
78,247,52,60.42255837806677
78,248,51,57.07256843609501
78,249,50,56.79356274198081
78,250,49,51.776415509434514
78,251,48,49.30190150468811
78,252,47,47.685175380046566
78,253,46,48.56116541404222
78,254,45,47.43547685603494
78,255,44,48.54497258882989
78,256,43,48.08317652650126
78,257,42,44.89244067279432
78,258,41,40.85092343239346
78,259,40,41.347835238787184
78,260,39,41.1870917992163
78,261,38,37.93864564787951
78,262,37,35.357903388063384
78,263,36,34.84626020404784
78,264,35,33.51794382099607
78,265,34,32.27948504303828
78,266,33,31.430175902525725
78,267,32,30.567666045783106
78,268,31,32.18516349122744
78,269,30,30.483867833178067
78,270,29,29.485304141531675
78,271,28,29.7786620659374
78,272,27,29.014021253126494
78,273,26,27.13091630400032
78,274,25,26.831095875167904
78,275,24,24.16285190818692
78,276,23,24.309672162138437
78,277,22,22.711915405459195
78,278,21,22.539746842858424
78,279,20,20.4237750918405
79,40,148,121.67616534578227
79,41,147,121.39716445041886
79,42,146,121.76459626414628
79,43,145,120.21406491934538
79,44,144,120.42245154435975
79,45,143,119.9623203049787
79,46,142,120.77790126993207
79,47,141,121.18306554552134
79,48,140,119.74179072140814
79,49,139,120.79308708275926
79,50,138,119.50484051723518
79,51,137,120.24710635187884
79,52,136,120.26205253513955
79,53,135,121.63111697641776
79,54,134,121.4408633162247
79,55,133,122.88763237313617
79,56,132,123.36180603899021
79,57,131,119.38979365330344
79,58,130,119.65934599898426
79,59,129,119.8794902361011
79,60,128,120.35381691009445
79,61,127,119.19597454357641
79,62,126,119.86288151382493
79,63,125,119.28115971625482
79,64,124,120.16161433002044
79,65,123,119.39718327839941
79,66,122,120.10595275986142
79,67,121,119.358724920343
79,68,120,115.55195262601117
79,69,119,115.4719281201892
79,70,118,113.89374442670714
79,71,117,113.3986988334047
79,72,116,115.25002216047997
79,73,115,117.85160965525962
79,74,114,116.16360860219052
79,75,113,117.27370749486761
79,76,112,115.57146696196152
79,77,111,113.41193844476592
79,78,110,114.69977813558575
79,79,109,112.21610908989781
79,80,108,109.32205032432854
79,81,107,111.79641071400053
79,82,106,113.0025119182292
79,83,105,114.27770966672739
79,84,104,111.17203253605469
79,85,103,103.97970449358881
79,86,102,108.12375330571939
79,87,101,108.78321278103057
79,88,100,109.49810967872128
79,89,99,111.39716936963544
79,90,98,111.7212526341301
79,91,97,111.1956006660794
79,92,96,109.76344336814948
79,93,95,110.25165385446893
79,94,94,109.74539842373099
79,95,93,109.94281457201525
79,96,92,108.1626334961058
79,97,91,103.17309853069082
79,98,90,103.33311329113096
79,99,89,109.02121814516624
79,100,88,111.66911368549655
79,101,87,108.75149890469388
79,102,86,110.20067053708141
79,103,85,109.356066907584
79,104,84,107.95208769181342
79,105,83,107.18836282466972
79,106,82,106.61893232470382
79,107,81,107.83419250913494
79,108,80,100.71882235030465
79,109,79,99.92861465546648
79,110,78,100.86248214349382
79,111,77,99.78599980907228
79,112,76,97.3983877796068
79,113,75,98.5972586367133
79,114,74,91.25892768474421
79,115,73,84.88716325728632
79,116,72,74.31199723860063
79,117,71,71.14854158512307
79,118,70,67.68836199083303
79,119,69,69.35039238130443
79,120,68,71.47310198696039
79,121,67,73.69417109505105
79,122,66,71.51891502546206
79,123,65,64.58525269275628
79,124,64,61.89129251840641
79,125,63,66.28773906945077
79,126,62,66.63324992710153
79,127,61,63.44521894178014
79,128,60,65.5543275278875
79,129,59,59.67684274556633
79,130,58,61.8977883743025
79,131,57,52.04576608242837
79,132,56,59.340772294222596
79,133,55,58.96840982910764
79,134,54,63.23722340208266
79,135,53,63.455972757561426
79,136,52,62.06853136632717
79,137,51,55.85373872526323
79,138,50,57.06160633644479
79,139,49,56.76610460569383
79,140,48,51.40193020552816
79,141,47,46.51101740590376
79,142,46,49.064586201525586
79,143,45,53.72845404656767
79,144,44,54.29904948578376
79,145,43,53.958594940928975
79,146,42,57.32603702193166
79,147,41,58.12805386751353
79,148,40,50.67797407585081
79,149,39,47.2797908200225
79,150,38,49.801003192082774
79,151,37,49.65419682137572
79,152,36,49.659456964046406
79,153,35,43.29946848684229
79,154,34,43.50402695242746
79,155,33,36.667193114546464
79,156,32,33.66840108324177
79,157,31,32.86207311331406
79,158,30,28.196356346856348
79,159,29,28.539779316352572
79,160,28,29.591852060149957
79,161,27,30.66769193913293
79,162,26,31.718479239089294
79,163,25,29.241667914292044
79,164,24,28.550511777864898
79,165,23,26.716751781273807
79,166,22,26.56736707549561
79,167,21,24.948110683951242
79,168,20,23.37126763737122
79,169,19,22.703815850606993
79,170,18,22.149853829843874
80,40,178,125.0
80,41,177,125.0
80,42,176,125.0
80,43,175,124.82404311879219
80,44,174,125.0
80,45,173,124.85336543676272
80,46,172,124.8754927050724
80,47,171,124.63851598455335
80,48,170,124.68742942799726
80,49,169,124.92749975104476
80,50,168,124.97755049467895
80,51,167,124.84559108478966
80,52,166,124.52434625839209
80,53,165,124.74965218543159
80,54,164,125.0
80,55,163,125.0
80,56,162,125.0
80,57,161,124.79354316217254
80,58,160,119.4234896689919
80,59,159,118.41854758947883
80,60,158,120.00099445017543
80,61,157,113.64412129702978
80,62,156,117.96210407176923
80,63,155,118.05273657830273
80,64,154,122.92457071584737
80,65,153,124.4089933178875
80,66,152,124.62932085848533
80,67,151,125.0
80,68,150,124.55912634766167
80,69,149,123.00955139751537
80,70,148,124.63647160847171
80,71,147,123.53905733968827
80,72,146,122.04886553241161
80,73,145,122.76046606451695
80,74,144,123.61853196296602
80,75,143,123.01792698900432
80,76,142,120.93149367005071
80,77,141,121.90815449888142
80,78,140,122.13893748295304
80,79,139,123.3034827689134
80,80,138,122.61930038445891
80,81,137,122.92656055416063
80,82,136,123.41349522497003
80,83,135,121.24267656632932
80,84,134,121.52811152994272
80,85,133,123.67087678483949
81,40,130,124.49254071955085
81,41,129,124.56896849571606
81,42,128,124.29550402850342
81,43,127,124.33676663943292
81,44,126,124.5092568495179
81,45,125,124.51964061766542
81,46,124,124.28003704838417
81,47,123,124.28109638796573
81,48,122,124.69441586271357
81,49,121,124.3625706579455
81,50,120,124.20286163289605
81,51,119,123.92584304229636
81,52,118,124.27642768762634
81,53,117,124.277132960261
81,54,116,124.04399962917353
81,55,115,124.29382911512039
81,56,114,124.6443112365594
81,57,113,124.46096727492971
81,58,112,123.51795042836135
81,59,111,123.34470181108136
81,60,110,123.21450493205876
81,61,109,123.96168117791619
81,62,108,122.14061940138765
81,63,107,122.12666347871046
81,64,106,123.45563898716985
81,65,105,123.81457373559046
81,66,104,123.00486541327206
81,67,103,123.2200782070961
81,68,102,121.9697514373411
81,69,101,122.33194402976602
81,70,100,121.29877320483834
81,71,99,120.68059457473993
81,72,98,122.22122176707684
81,73,97,122.78457920423855
81,74,96,122.3859191276575
81,75,95,121.35442483444064
81,76,94,119.00880659038057
81,77,93,118.9748303437247
81,78,92,116.48036069136647
81,79,91,117.05416279637325
81,80,90,113.8364345304656
81,81,89,113.32241029579826
81,82,88,112.41272230655932
81,83,87,112.40954894587206
81,84,86,111.9920172777199
81,85,85,104.50498740582059
81,86,84,103.17326685970691
81,87,83,102.97078274187177
81,88,82,103.60202084156423
81,89,81,99.20591988307496
81,90,80,96.56339250055434
81,91,79,95.63370834310139
81,92,78,98.71531354433094
81,93,77,94.70483126892174
81,94,76,87.25398178051023
81,95,75,90.0369644099367
81,96,74,95.29776445982003
81,97,73,90.29351944908214
81,98,72,86.06783728565811
81,99,71,87.65017792392989
81,100,70,88.53631679704804
81,101,69,86.8088212876624
81,102,68,80.4998108176816
81,103,67,80.5699857519599
81,104,66,77.35120481454157
81,105,65,81.55079311721525
81,106,64,71.59565588645374
81,107,63,75.224528801225
81,108,62,74.46718867571806
81,109,61,70.1144430654862
81,110,60,72.54302909263652
81,111,59,70.29242524959174
81,112,58,70.9276066385105
81,113,57,67.99128456895721
81,114,56,65.68438448043756
81,115,55,65.08349935240263
81,116,54,60.2589946913598
81,117,53,61.694715718153006
81,118,52,62.35375205967716
81,119,51,59.04508724158977
81,120,50,59.250616003570414
81,121,49,58.883508760446105
81,122,48,56.90347790366694
81,123,47,57.706686231721534
81,124,46,54.83790568810211
81,125,45,50.45433223562743
81,126,44,50.14774685266989
81,127,43,49.6598542918884
81,128,42,48.44500501180912
81,129,41,42.52129583333395
81,130,40,43.628256029915725
81,131,39,41.077873207488565
81,132,38,41.00606545266852
81,133,37,40.77601270021647
81,134,36,39.51095201831466
81,135,35,38.30154092152799
81,136,34,36.67219199066339
81,137,33,34.81076235627319
81,138,32,33.471423984464494
81,139,31,32.86526197307492
81,140,30,32.403892757503186
81,141,29,31.964169460055118
81,142,28,30.09244066953389
81,143,27,29.012790569286135
81,144,26,26.54869390310658
81,145,25,25.831925188926583
81,146,24,26.213018961044632
81,147,23,26.24957168275031
81,148,22,25.128477170589807
81,149,21,23.30720834238324
81,150,20,22.65405391478324
81,151,19,21.003106523954827
81,152,18,21.139395820532357
81,153,17,19.20662795222836
81,154,16,17.532830814813348
81,155,15,16.54276886995699
82,40,160,124.83293876629372
82,41,159,124.81172857538515
82,42,158,124.75759047666806
82,43,157,124.82243453831728
82,44,156,124.45393003823654
82,45,155,124.63142619188761
82,46,154,124.68281927650355
82,47,153,124.65045219150858
82,48,152,124.63562909518876
82,49,151,124.61460527756472
82,50,150,124.70557862218024
82,51,149,124.67350373201947
82,52,148,124.64184390525446
82,53,147,124.69203615353409
82,54,146,124.69062266453233
82,55,145,124.1468911500696
82,56,144,123.88440574030719
82,57,143,123.784759319886
82,58,142,123.60039904389384
82,59,141,123.81911292071837
82,60,140,122.57873048364146
82,61,139,122.81949967169048
82,62,138,122.6879472204939
82,63,137,122.03244720013788
82,64,136,122.38470470065572
82,65,135,123.12899340438395
82,66,134,123.37111220780181
82,67,133,122.18957435575473
82,68,132,122.81787390807895
82,69,131,123.9625001111954
82,70,130,123.1092424689281
82,71,129,123.3942991056434
82,72,128,122.6166735822124
82,73,127,120.27028638411352
82,74,126,119.39726692195741
82,75,125,119.23039315584785
82,76,124,119.1308260011433
82,77,123,118.53402721645688
82,78,122,118.65421839115227
82,79,121,119.63389773461833
82,80,120,121.29591517442167
82,81,119,121.21479093642975
82,82,118,120.81084055205241
82,83,117,120.50483956918629
82,84,116,121.21062851322083
82,85,115,121.13770611538712
82,86,114,121.92474220457999
82,87,113,124.13131337669307
82,88,112,122.78555060312911
82,89,111,123.44342724289393
82,90,110,123.89082470534674
82,91,109,123.35961018128424
82,92,108,122.49274549310428
82,93,107,121.2530033166898
82,94,106,121.21488922069575
82,95,105,119.38350395757851
82,96,104,116.93348453703838
82,97,103,113.71066221880952
82,98,102,111.87810030728062
82,99,101,111.1247118986663
82,100,100,116.24074049649107
82,101,99,114.59423804756463
82,102,98,115.02867618147805
82,103,97,112.58173068742707
82,104,96,112.84592043180422
82,105,95,109.43108786973436
82,106,94,108.08629130651889
82,107,93,107.14308320556142
82,108,92,100.25411095382697
82,109,91,110.79368362718756
82,110,90,108.19292956271651
82,111,89,112.15956980522151
82,112,88,105.95920030553495
82,113,87,101.20091932731152
82,114,86,97.98715789843695
82,115,85,97.63656422175526
82,116,84,100.81391519796807
82,117,83,101.57054801938166
82,118,82,95.52155523918374
82,119,81,90.02333995461406
82,120,80,94.78562604213829
82,121,79,93.00368253818843
82,122,78,91.59724739502876
82,123,77,90.0188381368722
82,124,76,90.52762343995744
82,125,75,91.3569235451397
82,126,74,94.7861962048417
82,127,73,92.56231817229838
82,128,72,92.09095752300126
82,129,71,86.60005597863906
82,130,70,88.20546647189718
82,131,69,84.83022929604817
82,132,68,80.09749018007759
82,133,67,75.99626591656533
82,134,66,77.71280810382225
82,135,65,74.63680521168482
82,136,64,74.44452500107948
82,137,63,70.03971387104752
82,138,62,71.07212275275866
82,139,61,68.06671818243822
82,140,60,70.94728840137233
82,141,59,70.14978421111016
82,142,58,67.87232975752286
82,143,57,64.88555408578074
82,144,56,66.78363070276212
82,145,55,62.78283275355683
82,146,54,62.95296908353081
82,147,53,60.930862991114964
82,148,52,60.17757067353942
82,149,51,59.270024023793496
82,150,50,57.47548613682994
82,151,49,54.0494029206199
82,152,48,52.47882631738727
82,153,47,51.430283984445225
82,154,46,49.83291396637492
82,155,45,48.76740431975953
82,156,44,47.31377060974049
82,157,43,46.41982908936754
82,158,42,43.49899961259091
82,159,41,42.7254397192864
82,160,40,41.03361543699404
82,161,39,37.86936209962152
82,162,38,38.32454599524144
82,163,37,38.58119128185237
82,164,36,37.24160838701951
82,165,35,36.33379601715737
82,166,34,33.474884258936584
82,167,33,31.28764956477956
82,168,32,29.320067516005878
82,169,31,30.460020288269565
82,170,30,31.10172718339885
82,171,29,29.34621421150242
82,172,28,26.804006503571735
82,173,27,26.188050856015316
82,174,26,25.534468319000784
82,175,25,25.622894717059005
82,176,24,24.334718705364864
82,177,23,24.2799606340921
82,178,22,23.97035324411361
82,179,21,22.900250268276835
82,180,20,22.299757732293102
82,181,19,22.296869023018854
82,182,18,23.324442048699435
82,183,17,21.94658816028403
82,184,16,23.022004978782995
82,185,15,21.626173243769507
82,186,14,18.454648661488683
82,187,13,17.230405443545497
82,188,12,16.18693809582631
82,189,11,11.916411714840496
82,190,10,10.302385110370098
82,191,9,10.061786567290483
82,192,8,8.901613922105987
82,193,7,7.51353268738918
82,194,6,5.6309207684265825
83,40,273,123.5955256017036
83,41,272,122.3265280012213
83,42,271,122.88125397608536
83,43,270,122.65534376381206
83,44,269,123.38225733869263
83,45,268,122.89255068012775
83,46,267,122.62063754009208
83,47,266,123.1868495041887
83,48,265,124.03307711735975
83,49,264,122.95570404446491
83,50,263,123.92762528635382
83,51,262,123.72276090701075
83,52,261,122.79439931914959
83,53,260,123.11779270613197
83,54,259,123.87176933116237
83,55,258,123.52125078784121
83,56,257,122.07934981172772
83,57,256,122.32992423130123
83,58,255,122.92971534522889
83,59,254,120.87100966502827
83,60,253,119.41401950179733
83,61,252,120.49070361122864
83,62,251,119.49226098477777
83,63,250,120.04672688494476
83,64,249,119.85739736525814
83,65,248,118.73972134979832
83,66,247,120.1770561443667
83,67,246,118.18570956860711
83,68,245,119.04490422883941
83,69,244,118.19283054730505
83,70,243,118.30985709421131
83,71,242,116.93703722646204
83,72,241,118.17652277429696
83,73,240,118.26231711892493
83,74,239,117.94377333576972
83,75,238,117.6997963128249
83,76,237,118.86331356745123
83,77,236,116.17964876544491
83,78,235,117.98346570803972
83,79,234,117.14933578320728
83,80,233,117.2482632650303
83,81,232,118.80588075343908
83,82,231,118.6332855340134
83,83,230,117.10460582954971
83,84,229,117.37759390208123
83,85,228,115.67753655851519
83,86,227,111.46768488863285
83,87,226,113.16656066855393
83,88,225,109.92651938769322
83,89,224,103.3068945869251
83,90,223,106.3642780048619
83,91,222,102.24238996880976
83,92,221,107.03205830218934
83,93,220,108.76655974423625
83,94,219,111.25987833898095
83,95,218,111.89570825760275
83,96,217,113.27869658376473
83,97,216,109.40474086121185
83,98,215,107.94895511792107
83,99,214,106.50662635361074
83,100,213,99.271746576505
83,101,212,96.36502999903352
83,102,211,100.58925557059004
83,103,210,98.08391542814142
83,104,209,101.3330269007242
83,105,208,102.91616586485208
83,106,207,98.73911530566227
83,107,206,95.86710085104465
83,108,205,94.21234278096941
83,109,204,90.76999068952206
83,110,203,92.3302568719862
83,111,202,96.2975894339592
83,112,201,100.56046891965536
83,113,200,103.00109748603035
83,114,199,109.83073050351096
83,115,198,107.45821611692645
83,116,197,112.8812567882482
83,117,196,111.93982347153995
83,118,195,114.64884083844326
83,119,194,115.59038902682454
83,120,193,115.09652883274627
83,121,192,116.86379665118314
83,122,191,116.82121293275577
83,123,190,116.46365365883912
83,124,189,116.85028093538114
83,125,188,118.0533357111363
83,126,187,118.22560191227899
83,127,186,118.90853250362616
83,128,185,118.51398717914137
83,129,184,119.46900711245502
83,130,183,118.93029024389483
83,131,182,118.94582823019547
83,132,181,117.62632050597294
83,133,180,117.98775461062536
83,134,179,121.73930787003209
83,135,178,121.73416954647699
83,136,177,121.24504043850135
83,137,176,120.19649281310868
83,138,175,121.60482516183319
83,139,174,121.70471416629265
83,140,173,121.11715361470284
83,141,172,118.29030245407492
83,142,171,118.81922907459145
83,143,170,119.74377905913585
83,144,169,118.70725680261864
83,145,168,116.49666281068573
83,146,167,113.84565730675372
83,147,166,112.41916889665617
83,148,165,110.61322174814886
83,149,164,106.78012523952907
83,150,163,104.84953789534505
83,151,162,104.7689045588273
83,152,161,106.40572334485019
83,153,160,104.7668907806065
83,154,159,103.6756732678937
83,155,158,101.26798687170725
83,156,157,103.71930508299107
83,157,156,106.29531472597412
83,158,155,104.90068014672542
83,159,154,104.53558067458206
83,160,153,104.67924612026215
83,161,152,100.7668953566316
83,162,151,96.57963789075917
83,163,150,94.71605717466775
83,164,149,93.89812478060382
83,165,148,100.4858985201613
83,166,147,107.62617004309811
83,167,146,109.91676276691811
83,168,145,112.94542957788477
84,40,140,121.2499214965454
84,41,139,119.81805491047157
84,42,138,120.40612016504814
84,43,137,119.65548171137652
84,44,136,118.90321132272155
84,45,135,118.77795785563222
84,46,134,119.39695478497718
84,47,133,118.2277245424504
84,48,132,119.14466807334236
84,49,131,119.65671635718992
84,50,130,119.34861646532914
84,51,129,119.92201613386631
84,52,128,121.16853026629414
84,53,127,119.58622341515199
84,54,126,118.91392508796031
84,55,125,116.13427387783074
84,56,124,115.16828255653671
84,57,123,116.06210860329227
84,58,122,115.25702580007444
84,59,121,114.84991559979738
84,60,120,114.62057906671333
84,61,119,115.85353615794892
84,62,118,114.64967715627404
84,63,117,112.72318295804119
84,64,116,111.91530722068904
84,65,115,109.68814738129694
84,66,114,108.8528997348181
84,67,113,105.58896249004704
84,68,112,104.85843992913722
84,69,111,104.4043824823149
84,70,110,101.94678233592259
84,71,109,97.31217810711556
84,72,108,95.08536216027365
84,73,107,91.97973555660542
84,74,106,90.50138628224094
84,75,105,89.91925117138257
84,76,104,89.96312945059441
85,40,134,120.53135627688155
85,41,133,120.26129739608804
85,42,132,120.65670125025892
85,43,131,122.18098422839367
85,44,130,121.09130049888635
85,45,129,121.63981211692939
85,46,128,120.57766448257006
85,47,127,122.41397060324408
85,48,126,123.51311238888596
85,49,125,123.79682215130913
85,50,124,123.94060925590347
85,51,123,123.88896911704785
85,52,122,124.23445915235109
85,53,121,124.10393773474429
85,54,120,123.98231318240379
85,55,119,124.1554458192058
85,56,118,124.16140236297893
85,57,117,124.21429937542317
85,58,116,124.45092511131887
85,59,115,124.65706803363318
85,60,114,124.8494296589238
85,61,113,124.6288547059666
85,62,112,124.27241420650333
85,63,111,124.25560224518742
85,64,110,123.93246152734537
85,65,109,123.21898119493966
85,66,108,122.81057345653139
85,67,107,123.9400240873779
85,68,106,123.28113593965273
85,69,105,124.06993978872433
85,70,104,124.08620573034975
85,71,103,124.03489792850607
85,72,102,123.70747965893031
85,73,101,122.44926281950973
85,74,100,122.8981974134256
85,75,99,120.92325933811317
85,76,98,120.45235697504545
85,77,97,119.37642353555236
85,78,96,118.58658163224786
85,79,95,113.24225764570238
85,80,94,114.04723513560646
85,81,93,114.25671311727402
85,82,92,111.27061533113942
85,83,91,109.30308210366428
85,84,90,103.61488799150193
85,85,89,97.33196191099887
85,86,88,98.86421534714128
85,87,87,100.16383555853997
85,88,86,103.03472508799106
85,89,85,101.05728788240471
85,90,84,96.20768371986824
85,91,83,94.28357815603121
85,92,82,99.44027855460519
85,93,81,94.93389944343949
85,94,80,101.25632856623051
85,95,79,102.83894924458039
85,96,78,93.39630939167884
85,97,77,95.5618003771784
85,98,76,97.02035138080906
85,99,75,96.5219530174927
85,100,74,93.36128110709328
85,101,73,95.28340758391019
85,102,72,91.77617152652591
85,103,71,93.0681874495457
85,104,70,91.55145933739163
85,105,69,88.7516400543426
85,106,68,88.96599237849887
85,107,67,88.46407608117357
85,108,66,90.31375831788338
85,109,65,90.77170051104866
85,110,64,88.69910101991775
85,111,63,84.67003730708713
85,112,62,82.41465712713273
85,113,61,79.05484872718169
85,114,60,76.7918850386387
85,115,59,71.11759022705905
85,116,58,67.79503032446681
85,117,57,64.14093086244688
85,118,56,63.7279417012784
86,40,159,123.34000460354123
86,41,158,122.4983675248211
86,42,157,120.34427429396561
86,43,156,120.1561062958724
86,44,155,119.87857769825791
86,45,154,119.26736059888084
86,46,153,118.89690053620454
86,47,152,119.39787514317892
86,48,151,119.38562807604639
86,49,150,119.99483199299718
86,50,149,120.62176496218054
86,51,148,116.87064163955907
86,52,147,118.24585242527775
86,53,146,121.42612817793471
86,54,145,121.02095034661619
86,55,144,119.91802227754594
86,56,143,118.32006221905075
86,57,142,116.79932304164385
86,58,141,115.60469849229231
86,59,140,115.94010142697876
86,60,139,115.62334132355576
86,61,138,116.03816811445293
86,62,137,117.03258192139506
86,63,136,117.87734085723363
86,64,135,119.34274205248249
86,65,134,119.43861147769677
86,66,133,116.67462470356502
86,67,132,113.90338022617871
86,68,131,116.27121139265839
86,69,130,117.09611119850209
86,70,129,114.77088736268115
86,71,128,115.01670055958928
86,72,127,114.72698020545995
86,73,126,112.60860283014472
86,74,125,113.630172817407
86,75,124,112.63668096581927
86,76,123,113.58667802617524
86,77,122,114.27720817941236
86,78,121,112.94373785379238
86,79,120,110.13959678319031
86,80,119,106.94561089276172
86,81,118,107.10703463270895
86,82,117,102.66416219576513
86,83,116,100.86840851766615
86,84,115,96.22449071547808
86,85,114,93.66258622204731
86,86,113,89.7959823915235
86,87,112,88.60378869189377
86,88,111,91.80943527652988
86,89,110,86.3393045878716
86,90,109,86.54725652783071
86,91,108,83.43964587198889
86,92,107,81.20523913412438
86,93,106,84.86949195665136
86,94,105,86.29609359506085
86,95,104,80.62424486896877
86,96,103,70.51178802562055
86,97,102,75.24282648902525
86,98,101,73.60164971656862
86,99,100,77.22347067068749
86,100,99,69.23755512948006
86,101,98,70.16918610376595
86,102,97,73.12286646180564
86,103,96,72.43062426454208
86,104,95,74.30385660070246
86,105,94,68.27895394491793
86,106,93,72.90157319898475
86,107,92,74.72332859829073
86,108,91,71.93217838323774
86,109,90,74.0585111918445
86,110,89,70.10742262470146
86,111,88,68.97146732878674
86,112,87,68.3821254694873
86,113,86,68.74707941502258
86,114,85,68.00923969441081
86,115,84,69.04869741963749
86,116,83,73.29180051937595
86,117,82,72.85947214402012
86,118,81,71.42103904401594
86,119,80,67.70346205072883
86,120,79,62.885930463748146
86,121,78,63.50458331300674
86,122,77,62.43408740954329
86,123,76,58.62530331112464
86,124,75,56.941117749721464
86,125,74,57.02943870696287
86,126,73,55.122909856364345
86,127,72,54.68652371856913
86,128,71,56.819751666975165
86,129,70,54.78202760344124
86,130,69,57.639937291877715
86,131,68,57.576295985990285
86,132,67,57.26213810609294
86,133,66,55.01467440044807
86,134,65,57.578883395399046
86,135,64,57.2182414806472
86,136,63,57.03315827824102
86,137,62,55.95413810946462
86,138,61,56.05015233736516
86,139,60,55.51087974270138
86,140,59,56.99539726480835
86,141,58,53.31997657433983
86,142,57,54.343668352621904
86,143,56,51.93599494914869
86,144,55,53.04161036930614
86,145,54,51.14122638480768
86,146,53,52.14440662470989
86,147,52,49.67877776326364
86,148,51,48.518030013136205
86,149,50,46.22891196325534
86,150,49,44.96033849831389
86,151,48,42.45411738018733
86,152,47,39.863815883769476
86,153,46,41.567603254903695
86,154,45,40.969548768904616
86,155,44,42.27470901176246
86,156,43,42.67386419336529
86,157,42,43.6305082018887
86,158,41,43.389308767874
86,159,40,42.72352953376838
86,160,39,39.683669681595845
86,161,38,39.814180106583464
86,162,37,36.559781442426726
86,163,36,36.74765238119164
86,164,35,36.010907504361825
86,165,34,33.67098927962091
86,166,33,31.70633504504195
86,167,32,29.855151483577284
86,168,31,27.737953355773367
86,169,30,27.453227825530917
86,170,29,26.36914654803872
86,171,28,23.845464369268086
86,172,27,24.09296288757521
86,173,26,23.68927861356284
86,174,25,22.81671340589331
87,40,246,124.3962671090876
87,41,245,124.41705950620664
87,42,244,124.1291709495173
87,43,243,124.42670230778077
87,44,242,124.6677762850291
87,45,241,124.5116314474445
87,46,240,124.72961987382692
87,47,239,124.86263933977466
87,48,238,124.95114030648577
87,49,237,124.83298320385114
87,50,236,124.2413196939634
87,51,235,124.75979843157347
87,52,234,124.27993308690735
87,53,233,124.32819950047399
87,54,232,124.23922439864913
87,55,231,124.78652052811196
87,56,230,124.40860950536967
87,57,229,124.76873938398373
87,58,228,124.66851260539313
87,59,227,124.46619110602279
87,60,226,124.72402979506688
87,61,225,124.75451846071948
87,62,224,125.0
87,63,223,125.0
87,64,222,124.9892201219252
87,65,221,125.0
87,66,220,125.0
87,67,219,125.0
87,68,218,124.62289367043951
87,69,217,124.77770151352112
87,70,216,124.44175278510698
87,71,215,124.78896776340284
87,72,214,124.75069424991793
87,73,213,124.3339621449236
87,74,212,124.37282717064105
87,75,211,125.0
87,76,210,124.33164948338137
87,77,209,124.72154636776995
87,78,208,124.49599305295551
87,79,207,124.3830334382398
87,80,206,123.58614112253889
87,81,205,122.76134117272706
87,82,204,123.98852085413952
87,83,203,124.29008691919296
87,84,202,123.91430150588306
87,85,201,123.89837200812516
87,86,200,124.0220062051828
87,87,199,122.83098763755675
87,88,198,122.94606129368178
87,89,197,122.91573577326967
87,90,196,123.01706995782123
87,91,195,122.69609134460043
87,92,194,122.44112500108413
87,93,193,121.26669604532522
87,94,192,120.98419422883431
87,95,191,122.81460537563464
87,96,190,123.19313329723312
87,97,189,122.66397241479967
87,98,188,122.69851891500386
87,99,187,122.03511507143551
87,100,186,122.19793636525165
87,101,185,120.04949067166471
87,102,184,121.00308892214913
87,103,183,122.00033683587152
87,104,182,120.77468493883998
87,105,181,121.32875034131236
87,106,180,121.39817614614651
87,107,179,120.18584894091023
87,108,178,121.59459687754337
87,109,177,123.2397888124203
87,110,176,123.17395993738558
87,111,175,122.33027879675132
87,112,174,123.07204105425451
87,113,173,122.83301008996392
87,114,172,122.55398669837612
87,115,171,122.85908173587991
87,116,170,122.07682385615581
87,117,169,122.92670576552669
87,118,168,122.57099834205711
87,119,167,120.60209373185432
87,120,166,118.82806038300058
87,121,165,119.57184292582276
87,122,164,120.46557871561208
87,123,163,118.83368074343265
87,124,162,121.78217337989642
87,125,161,121.98051193755221
87,126,160,121.86190223692364
87,127,159,121.63942393839797
87,128,158,122.49787244799177
87,129,157,122.84967630285809
87,130,156,122.9062513924379
87,131,155,123.4788767019484
87,132,154,122.36236618013497
87,133,153,122.87984487353357
87,134,152,122.38555795721928
87,135,151,123.32025236295802
87,136,150,121.9970406752954
87,137,149,121.12624101512192
87,138,148,122.3399140854275
87,139,147,122.88112029518277
87,140,146,122.07859836892209
87,141,145,121.93330196088456
87,142,144,122.63700561162509
87,143,143,122.3157849188793
87,144,142,120.35561806387035
87,145,141,119.81737102432794
87,146,140,120.0480304790585
87,147,139,120.47938931753976
87,148,138,120.26265304116197
87,149,137,122.57664213105326
87,150,136,122.57187954167688
87,151,135,123.50266693506589
87,152,134,123.47291589801709
87,153,133,124.27352750315694
87,154,132,123.59419810993262
87,155,131,124.07708881430617
87,156,130,123.64323488440803
87,157,129,122.89713354134446
87,158,128,118.18024281775342
87,159,127,116.94985649903816
87,160,126,117.50531085199265
87,161,125,118.33454274587532
87,162,124,118.24806892680252
87,163,123,117.95972974643803
87,164,122,118.38814519532389
87,165,121,119.88220757505704
87,166,120,118.0021252127333
87,167,119,118.73689703239708
87,168,118,120.27401042348998
87,169,117,118.76266051127952
87,170,116,118.70245517239374
87,171,115,120.9093663399558
87,172,114,121.33389652347552
87,173,113,120.93681224281065
87,174,112,121.03031426567836
87,175,111,121.60030233322215
87,176,110,121.86535720649923
87,177,109,121.16587889956917
87,178,108,121.95902396381886
87,179,107,118.75572298541411
87,180,106,118.0899449949772
87,181,105,115.89147390480187
87,182,104,114.32929863898102
87,183,103,111.99389610462035
87,184,102,113.04761584678033
87,185,101,109.54707451518586
87,186,100,108.94165259620164
87,187,99,104.01185378249903
87,188,98,103.97851369225472
87,189,97,103.36407664131862
87,190,96,101.92731335939717
87,191,95,97.15252560373827
87,192,94,98.81205516015035
87,193,93,100.78350807334752
87,194,92,102.35652845917002
87,195,91,102.60106183397347
87,196,90,98.84335822874264
87,197,89,99.67447494822206
87,198,88,97.29255112778992
87,199,87,98.66467219518304
87,200,86,99.19564291878145
87,201,85,93.15332434861544
87,202,84,97.77838387895818
87,203,83,95.79234879309898
87,204,82,91.71398105806617
87,205,81,94.1229033165524
87,206,80,94.58619957389783
87,207,79,93.26306822138787
87,208,78,96.14885269503253
87,209,77,98.86414545851929
87,210,76,99.72437635081279
87,211,75,100.70341418540269
87,212,74,93.91201973566847
87,213,73,90.20344171632632
87,214,72,83.15689319624519
87,215,71,82.61106257389837
87,216,70,82.10595545184178
87,217,69,83.45384023689715
87,218,68,77.15086894499221
88,40,145,123.04101681704293
88,41,144,122.83735012643028
89,40,121,124.7326106752183
89,41,120,124.50487276896625
89,42,119,124.53985506520246
89,43,118,124.37656704477209
89,44,117,124.10871511740453
89,45,116,124.17947013625354
89,46,115,124.10624483991958
89,47,114,123.93126319384493
89,48,113,123.87763230352722
89,49,112,123.23988739284752
89,50,111,123.03682279241475
89,51,110,122.09110090615664
89,52,109,121.98619492183752
89,53,108,121.27934928562385
89,54,107,120.57020408453235
89,55,106,118.4982459314295
89,56,105,116.07518998734591
89,57,104,117.38689290755083
89,58,103,117.17901581597522
89,59,102,117.9253199342963
89,60,101,118.07140443045154
89,61,100,116.0154148336544
89,62,99,116.07298840082561
89,63,98,117.41325587216714
89,64,97,115.69316465446519
89,65,96,114.76351532705554
89,66,95,113.05523819793234
89,67,94,116.40238012100986
89,68,93,115.00939715814583
89,69,92,114.05343786127271
89,70,91,111.77378478100476
89,71,90,105.70883541715389
89,72,89,99.50715546431745
89,73,88,100.27146859046084
89,74,87,102.43192996245153
89,75,86,98.92928799074423
89,76,85,104.06246129090476
89,77,84,97.0629508813922
89,78,83,95.61610187638794
89,79,82,97.95510842139008
89,80,81,99.76422113302817
89,81,80,99.04326464284418
89,82,79,96.51159320574018
89,83,78,93.9146791382396
89,84,77,93.53201893584873
89,85,76,93.04196437383325
89,86,75,96.93196083888148
89,87,74,98.2846885490639
89,88,73,96.69405969911202
89,89,72,88.8209806434692
89,90,71,84.64443410958316
89,91,70,80.3442225552738
89,92,69,74.26925343899296
89,93,68,75.24444967145462
89,94,67,73.21940804544991
89,95,66,74.91789972101273
89,96,65,72.99521411874383
89,97,64,70.86056450108744
89,98,63,73.19790411346985
89,99,62,78.05069246547573
89,100,61,79.51948285186876
89,101,60,75.02943211007172
89,102,59,71.60621634958227
89,103,58,78.0797680423687
89,104,57,72.73047845710016
89,105,56,72.83309238177424
89,106,55,69.17577405774783
89,107,54,70.70208419821816
89,108,53,69.01720621219374
89,109,52,67.15853014926047
89,110,51,65.37623494150867
89,111,50,58.00333374710489
89,112,49,56.19458230169488
89,113,48,57.47947305310007
89,114,47,56.776597341952126
89,115,46,55.06696281491391
89,116,45,52.71602272671106
89,117,44,49.0718695590291
89,118,43,48.993117427869635
89,119,42,47.05500837605099
89,120,41,45.13165418198186
90,40,217,123.59619673429651
90,41,216,123.80130745512021
90,42,215,122.49463995453738
90,43,214,122.42390421338801
90,44,213,121.78251311232899
90,45,212,122.25720399513683
90,46,211,122.20873611108877
90,47,210,122.72279587068493
90,48,209,122.26296242814195
90,49,208,122.50450230969798
90,50,207,120.6372107306087
90,51,206,121.49228203257405
90,52,205,122.52995854674155
90,53,204,123.40339207980094
90,54,203,121.79879216282583
90,55,202,122.23324518677464
90,56,201,124.18070482588433
90,57,200,120.74843207713104
90,58,199,119.67274226737304
90,59,198,118.6356594865028
90,60,197,120.42587754975673
90,61,196,122.37208241070783
90,62,195,121.32994638272991
90,63,194,123.0821519313398
90,64,193,122.06205927264337
90,65,192,121.67312415778144
90,66,191,121.95165465810013
90,67,190,120.35227777400095
90,68,189,120.31302419249226
90,69,188,121.354505705222
90,70,187,121.19441779869513
90,71,186,122.41892791452403
90,72,185,122.38143680447118
90,73,184,121.45250362524203
90,74,183,123.54502288198506
90,75,182,125.0
90,76,181,123.64243916524488
90,77,180,122.71249879509881
90,78,179,124.04788071687594
90,79,178,124.1171593261188
90,80,177,124.02449584058138
90,81,176,124.0714579141297
90,82,175,122.25159762324341
90,83,174,121.51304236562144
90,84,173,120.63678639217451
90,85,172,119.18685159228016
90,86,171,118.0067256924222
90,87,170,119.31160275634201
90,88,169,118.68458113834402
90,89,168,119.2224681461823
90,90,167,115.78149519368618
90,91,166,117.16075844234635
90,92,165,120.19006491936138
90,93,164,122.75833904847053
90,94,163,120.22386037014849
90,95,162,119.32790380745053
90,96,161,119.27267138818073
90,97,160,120.12017213569729
90,98,159,117.32202082948477
90,99,158,117.07061860304054
90,100,157,115.85331168100855
90,101,156,115.56575870435952
90,102,155,115.44706158005708
90,103,154,114.40907137475273
90,104,153,113.98284746654954
90,105,152,112.66982663667147
90,106,151,108.06700519667802
90,107,150,114.61583852745221
90,108,149,111.88671183809382
90,109,148,111.79239687726744
90,110,147,112.52000607004587
90,111,146,110.0840439940103
90,112,145,108.46760162440063
90,113,144,108.34932851395965
90,114,143,111.23708497911895
90,115,142,111.58979762778894
90,116,141,111.1223499993126
90,117,140,111.91438390655712
90,118,139,115.95569970011567
90,119,138,115.16343801901029
90,120,137,115.03532633799729
90,121,136,116.97406148074754
90,122,135,116.98504795740882
90,123,134,113.94954103305966
90,124,133,111.7484905065583
90,125,132,108.36230117891647
90,126,131,110.41298401442515
90,127,130,110.07982989152593
90,128,129,110.07718355064081
90,129,128,108.3656043394403
90,130,127,110.77871534615988
90,131,126,111.1008018814095
90,132,125,111.8397634826361
90,133,124,111.07454100476969
90,134,123,106.1773281608319
90,135,122,107.06072476428332
90,136,121,104.96875714748256
90,137,120,107.22050129621837
90,138,119,108.23962165766956
90,139,118,108.9428413109996
90,140,117,107.74070450567865
90,141,116,106.05230436131639
90,142,115,111.13090359165905
90,143,114,113.40489747626299
90,144,113,110.88657344381988
90,145,112,111.99887056722471
90,146,111,109.74476600875632
90,147,110,111.97957793232021
90,148,109,113.29181355698799
90,149,108,110.77898443438013
90,150,107,112.02980548641459
90,151,106,106.37513140506135
90,152,105,101.46583020985474
90,153,104,103.23798157176176
90,154,103,103.54248058392821
90,155,102,102.00919065317366
90,156,101,103.38697611235891
90,157,100,102.85745021128528
90,158,99,100.28310631338174
90,159,98,96.67702901419214
90,160,97,97.83774995083621
90,161,96,97.87627750678033
90,162,95,95.71675842138568
90,163,94,95.17156880357368
90,164,93,94.241940823535
90,165,92,90.92137236651762
90,166,91,89.65145246862573
90,167,90,89.02414105363741
90,168,89,89.63013020193121
90,169,88,89.33994214423856
90,170,87,92.98061036968704
90,171,86,90.30818085774004
90,172,85,87.60582076011853
90,173,84,85.15705836991762
90,174,83,82.07393859074024
90,175,82,79.1969941210034
90,176,81,76.0732396717595
90,177,80,73.72536701982182
90,178,79,74.75096209769646
90,179,78,74.1547385105716
90,180,77,75.91449490098276
90,181,76,74.55774311004697
90,182,75,76.39129541935111
90,183,74,70.19289535881104
90,184,73,70.00957360238695
90,185,72,63.32151621394519
90,186,71,62.54293958137224
90,187,70,60.9628895963327
90,188,69,62.06891638256728
90,189,68,63.82594434016042
90,190,67,61.01335650969884
90,191,66,66.52670593763122
90,192,65,63.80197983715588
90,193,64,67.35161975228263
90,194,63,60.53095294332984
90,195,62,58.806906044370706
90,196,61,57.24000375131709
90,197,60,54.252763573348176
90,198,59,54.51407950233143
90,199,58,54.09102960462341
90,200,57,59.137196512914315
90,201,56,57.669522821882865
90,202,55,58.63433232055348
90,203,54,61.14367266382412
90,204,53,61.03645760861507
90,205,52,57.55821566604669
90,206,51,58.47595546879592
91,40,97,122.02196397896938
91,41,96,122.14327440829598
91,42,95,121.53475944178935
91,43,94,122.1757177744519
91,44,93,122.22195182515182
91,45,92,121.91770455981009
91,46,91,121.01418725901684
91,47,90,119.10727109286194
91,48,89,120.1436353809339
91,49,88,117.28183823768988
91,50,87,116.7687159101001
91,51,86,116.05795560404843
91,52,85,112.66926281367878
91,53,84,96.6605960783567
91,54,83,94.8793412155584
91,55,82,96.8539434028902
91,56,81,104.56433536587446
92,40,240,124.41765791958912
92,41,239,124.21651525002443
92,42,238,124.10028118943256
92,43,237,123.8305374959258
92,44,236,124.11704744319316
92,45,235,123.98149567869152
92,46,234,124.0972582051806
92,47,233,124.01241463971682
92,48,232,123.90690400149893
92,49,231,123.99853556015077
92,50,230,124.2370141703401
92,51,229,124.39453243235832
92,52,228,124.18578857205837
92,53,227,124.26210590848974
92,54,226,124.22323191123311
92,55,225,124.32568127580427
92,56,224,123.88627101468185
92,57,223,123.85106691795073
92,58,222,123.80390710258777
92,59,221,123.8295249011318
92,60,220,123.32676097867189
92,61,219,122.52286525184817
92,62,218,122.82044732499159
92,63,217,122.43330063507733
92,64,216,122.48871523663526
92,65,215,122.8056097107224
92,66,214,122.58082441918174
92,67,213,123.31896963626451
92,68,212,122.80991785531587
92,69,211,123.77638540969232
92,70,210,124.29246314019784
92,71,209,124.592918682363
92,72,208,124.58896862190011
92,73,207,124.24790295678244
92,74,206,123.9729608814234
92,75,205,124.75420145584886
92,76,204,123.7491293635021
92,77,203,123.68011319050586
92,78,202,123.23401055141471
92,79,201,123.64037718574204
92,80,200,123.52835915444011
92,81,199,123.57844600625286
92,82,198,122.8783462902793
92,83,197,122.52396352404432
92,84,196,123.38881686304165
92,85,195,123.73318940707131
92,86,194,124.26844938339096
92,87,193,123.49094060577241
92,88,192,121.16472459431611
92,89,191,122.38046598951118
92,90,190,122.27925394732367
92,91,189,122.4114211563491
92,92,188,124.52884118788484
92,93,187,124.10683496197572
92,94,186,124.73289526790252
92,95,185,124.22494507178153
92,96,184,124.3684250381024
92,97,183,124.23584786372211
92,98,182,124.28212734701472
92,99,181,124.57587737144313
92,100,180,124.30966409307584
92,101,179,124.1380402575685
92,102,178,123.66879213683117
92,103,177,122.88029984030422
92,104,176,122.27092320711718
92,105,175,123.06066819598053
92,106,174,120.3768578224142
92,107,173,123.01149981179154
92,108,172,124.02362872837095
92,109,171,124.01574734536835
92,110,170,123.96500358993612
92,111,169,124.26381811811528
92,112,168,124.4404422094415
92,113,167,124.40584181974319
92,114,166,124.67401218984483
92,115,165,124.51012088896607
92,116,164,124.41332851004245
92,117,163,123.92920122107964
92,118,162,124.06767351890161
92,119,161,124.31001621444648
92,120,160,123.45116938693498
92,121,159,123.28067713838031
92,122,158,123.55485326276813
92,123,157,123.74331464888743
92,124,156,123.83420838697103
92,125,155,124.16326345940183
92,126,154,124.08522634734445
92,127,153,123.31160470034371
92,128,152,121.24848350285839
92,129,151,121.29911956931448
92,130,150,118.80773112371189
92,131,149,121.16013790040488
92,132,148,119.65393174285047
92,133,147,120.44990391799062
92,134,146,121.13181445363196
92,135,145,120.83412211519321
92,136,144,120.73473924519011
92,137,143,120.51601374810406
92,138,142,121.36353349402955
92,139,141,120.09781018774335
92,140,140,120.57974785711494
92,141,139,119.65636979524164
92,142,138,117.62686154367915
92,143,137,116.61417383950626
92,144,136,116.10522321291705
92,145,135,115.27530114610863
92,146,134,118.07246707627071
92,147,133,117.24471668028139
92,148,132,114.47347803516325
92,149,131,109.13579690619841
92,150,130,110.26460948729843
92,151,129,110.87148482735124
92,152,128,109.1386078797481
92,153,127,108.72398276331313
92,154,126,110.00362178347925
92,155,125,113.6844546994806
92,156,124,112.53296121205238
92,157,123,112.41869335861512
92,158,122,111.4803918571865
92,159,121,112.10767900006482
92,160,120,111.83279507283352
92,161,119,113.25211060811822
92,162,118,116.20362980291766
92,163,117,118.68708675965794
92,164,116,113.86747529243648
92,165,115,117.0372332814903
92,166,114,115.75304070353457
92,167,113,117.51509290739632
92,168,112,114.28147316032914
92,169,111,117.77293243842814
92,170,110,111.89270872615765
92,171,109,114.84342780248983
92,172,108,113.90182561210847
92,173,107,114.57758830279988
92,174,106,117.52494386627312
92,175,105,115.78169751828676
92,176,104,117.11073506962836
92,177,103,117.64987624940733
92,178,102,122.25676770763849
92,179,101,117.63912842276247
92,180,100,118.6984952535644
92,181,99,116.7992135344482
92,182,98,114.74238233320395
92,183,97,110.15606350795183
92,184,96,112.65361857894015
92,185,95,112.46405896613861
92,186,94,116.00012765580823
92,187,93,112.16114047670877
92,188,92,104.42645545936455
92,189,91,99.86452579719054
92,190,90,95.6703371055979
92,191,89,90.47584117687128
92,192,88,83.27649812714336
92,193,87,75.99121997261787
92,194,86,71.51605430837861
92,195,85,68.53996394971844
92,196,84,71.28041019445077
92,197,83,64.72901670502155
92,198,82,63.949163779407456
92,199,81,63.07516736164503
92,200,80,62.14348734088306
92,201,79,61.30367444874474
92,202,78,63.683259867116
92,203,77,63.10636962512397
92,204,76,62.0507482361214
92,205,75,63.79290579558116
92,206,74,64.85748968747656
92,207,73,65.83265717608828
92,208,72,64.54122094088909
92,209,71,65.33680329580892
92,210,70,66.08218798409551
92,211,69,64.43772556521716
92,212,68,62.69443444105569
92,213,67,62.63461560746724
92,214,66,61.035088183314535
92,215,65,57.8813012823804
92,216,64,57.14708359056469
92,217,63,57.42137227269714
92,218,62,58.99321253196632
92,219,61,57.797252507276745
92,220,60,57.18258211736101
92,221,59,55.63850288317167
92,222,58,55.59711075197744
92,223,57,54.36949542056048
92,224,56,55.0920956888898
92,225,55,52.70191624376674
92,226,54,53.37895735511486
92,227,53,52.57362231279815
92,228,52,53.7149603119395
92,229,51,51.29674220813442
92,230,50,49.06107426380292
92,231,49,48.6249228019479
92,232,48,47.056098534807475
92,233,47,45.798693836977534
92,234,46,43.23791663717196
92,235,45,42.318299310566516
92,236,44,41.04951921000402
92,237,43,42.010007988242094
92,238,42,41.78144041241927
92,239,41,41.676047078332566
92,240,40,40.245873829787065
92,241,39,39.20454308556499
92,242,38,40.11046569138859
92,243,37,39.24075604663644
92,244,36,37.15041415400685
92,245,35,34.217909488948806
92,246,34,34.23692095853327
92,247,33,32.09370390169003
92,248,32,32.11282291153694
92,249,31,30.96647925830186
92,250,30,31.349395244642306
92,251,29,30.207740577908314
92,252,28,30.61572731331043
92,253,27,28.18561156819398
92,254,26,26.25413446372106
92,255,25,24.919179679474027
92,256,24,24.24236914068399
92,257,23,22.84547799794936
92,258,22,22.2294531236387
92,259,21,22.73161646592721
92,260,20,21.15071656049056
92,261,19,20.305731172762954
92,262,18,17.699444507858637
92,263,17,17.049831844217877
92,264,16,16.3583965128033
92,265,15,14.832810864648383
92,266,14,14.210780389756437
93,40,185,124.38194318581486
93,41,184,124.40118737402699
93,42,183,124.67371008514394
93,43,182,124.75212207986799
93,44,181,124.79927554272902
93,45,180,124.97435942286708
93,46,179,124.7863551998582
93,47,178,124.7477510974465
93,48,177,124.73564031883461
93,49,176,124.87527866343213
93,50,175,124.55330376480805
93,51,174,124.77927572424869
93,52,173,124.50127448277229
93,53,172,124.20569504154491
93,54,171,124.34484523806674
93,55,170,124.32789544113635
93,56,169,124.4941995520362
93,57,168,124.35687506578884
93,58,167,124.09843164818042
93,59,166,123.9399904192868
93,60,165,123.69800112631756
93,61,164,124.1169075843933
93,62,163,123.67443169413502
93,63,162,124.49448667868919
93,64,161,124.43760856207919
93,65,160,124.38647418811388
93,66,159,123.80897316297978
93,67,158,123.68948600597399
93,68,157,123.32956297503291
93,69,156,123.6252332407729
93,70,155,124.16144814524868
93,71,154,123.87230084658668
93,72,153,124.54561969806626
93,73,152,123.65828952056779
93,74,151,123.27415683250157
93,75,150,123.84086890847503
93,76,149,124.22269045755414
93,77,148,124.31407064282678
93,78,147,124.20091845426654
93,79,146,124.29146942776526
93,80,145,123.43350414100253
93,81,144,121.20017419656322
93,82,143,122.49512077881965
93,83,142,123.69871891091364
93,84,141,123.5177720331437
93,85,140,123.67127471063912
93,86,139,122.61385752195568
93,87,138,120.92780252650704
93,88,137,121.67859777381437
93,89,136,123.19253695707017
93,90,135,121.61038255166848
93,91,134,121.85541644921415
93,92,133,121.27501054000308
93,93,132,121.06640113524739
93,94,131,120.81140398681484
93,95,130,120.73195281786627
93,96,129,121.73180089592464
93,97,128,120.91418318991816
93,98,127,121.17441634925166
93,99,126,120.86332598408879
93,100,125,120.13649233690435
93,101,124,121.55679706411874
93,102,123,121.2936561800311
93,103,122,119.56372053933524
93,104,121,119.38492745149524
93,105,120,116.07304172784544
93,106,119,114.3549152008122
93,107,118,114.00315363736728
93,108,117,112.43472154192753
93,109,116,110.81860751665198
93,110,115,109.2980039332238
93,111,114,111.56690344043344
93,112,113,112.98201769012189
93,113,112,112.11576225572901
93,114,111,116.23193684661925
93,115,110,118.93758518456393
93,116,109,119.79878223456657
93,117,108,120.29902880153996
93,118,107,116.68518844908454
93,119,106,112.32378012241585
93,120,105,109.50916061791466
93,121,104,106.85809015393335
93,122,103,112.06850814003892
93,123,102,115.49395902915299
93,124,101,114.8771184799023
93,125,100,111.53309496391084
93,126,99,106.88426087959435
93,127,98,106.74841773080601
93,128,97,105.93810415280143
93,129,96,104.49381935721243
93,130,95,101.39992001844693
93,131,94,104.61583398040577
93,132,93,103.44140817292867
93,133,92,103.45916410466165
93,134,91,104.11977944050695
93,135,90,103.2250930312434
93,136,89,102.8414854097781
93,137,88,97.90903745799295
93,138,87,100.95710908341135
93,139,86,94.60659041630011
93,140,85,88.07730752455848
93,141,84,88.47464961133733
93,142,83,94.76611243069532
93,143,82,93.49138334863365
93,144,81,87.93670307458888
93,145,80,82.06420556569017
93,146,79,87.89010361522458
93,147,78,85.57244748607306
93,148,77,84.41011904343193
93,149,76,76.71207726341535
93,150,75,76.80378805478908
93,151,74,79.96116521904761
93,152,73,80.09844597521008
93,153,72,79.88161386902567
93,154,71,78.3069617365147
93,155,70,78.15913782330804
93,156,69,78.28922240913099
93,157,68,72.31775220927679
93,158,67,70.11948043982974
94,40,303,124.97887900174794
94,41,302,124.89664681061906
94,42,301,125.0
94,43,300,125.0
94,44,299,125.0
94,45,298,125.0
94,46,297,124.94356146592142
94,47,296,124.44730252931706
94,48,295,124.00775288414808
94,49,294,123.84429172876105
94,50,293,124.39439101750871
94,51,292,123.99736045778832
94,52,291,122.65572845805838
94,53,290,124.02328368858214
94,54,289,124.24484997711724
94,55,288,124.22785412723294
94,56,287,124.133528445419
94,57,286,123.94296071061189
94,58,285,123.93966931088491
94,59,284,123.92219064939754
94,60,283,123.96582776753453
94,61,282,123.82433616889732
94,62,281,124.18929983113681
94,63,280,124.3518953784852
94,64,279,124.22953978733952
94,65,278,124.12635919394619
94,66,277,124.21575243601687
94,67,276,123.86847672603902
94,68,275,124.23689736426417
94,69,274,124.17314834120245
94,70,273,123.97830265042926
94,71,272,123.65961725505841
94,72,271,123.76311699834788
94,73,270,123.80469228755163
94,74,269,124.22529489419779
94,75,268,124.35722706669995
94,76,267,123.8227130281675
94,77,266,123.66735473522208
94,78,265,123.49973442211643
94,79,264,122.82350749960092
94,80,263,122.74272438830155
94,81,262,122.34734666419166
94,82,261,123.07532030678942
94,83,260,123.28311666464597
94,84,259,122.9227829789736
94,85,258,123.16775204214525
94,86,257,123.17931365809022
94,87,256,123.23252573528285
94,88,255,123.32494341476362
94,89,254,123.25649164365402
94,90,253,123.69482820300198
94,91,252,123.06538219354367
94,92,251,123.08791755461698
94,93,250,123.27472283103984
94,94,249,123.7729235793731
94,95,248,124.76374166050678
94,96,247,124.756945993902
94,97,246,124.56853219257323
94,98,245,124.52707300734232
94,99,244,124.0885507554357
94,100,243,123.69273291310262
94,101,242,123.4548040180826
94,102,241,123.48749704374133
94,103,240,124.14802425991962
94,104,239,124.15031742477763
94,105,238,124.41458632153274
94,106,237,124.7695291582487
94,107,236,125.0
94,108,235,124.78388909756022
94,109,234,124.84948604894025
94,110,233,124.62582508416844
94,111,232,124.31198383527449
94,112,231,124.1237095824238
94,113,230,124.54021581464568
94,114,229,124.62224055380301
94,115,228,124.20292307924336
94,116,227,123.53058776698444
94,117,226,124.24655331422171
94,118,225,124.30118217522946
94,119,224,121.72300136093219
94,120,223,123.22295527943561
94,121,222,124.64325485546925
94,122,221,124.25230487213366
94,123,220,124.73620388716648
94,124,219,124.50782128007017
94,125,218,124.77425945459487
94,126,217,124.97292001254576
94,127,216,124.67993896638063
94,128,215,123.91725188175559
94,129,214,122.54866678666991
94,130,213,123.14884110132189
94,131,212,122.57842778186189
94,132,211,121.95047978874516
94,133,210,121.29540586882268
94,134,209,119.37040600531147
94,135,208,121.85560049562064
94,136,207,123.19579094750526
94,137,206,123.61677596864916
94,138,205,123.54394384696107
94,139,204,123.73752249621461
94,140,203,123.13186819479506
94,141,202,123.20337289240877
94,142,201,122.61317331402348
94,143,200,122.23156378144368
94,144,199,121.91523023303904
94,145,198,123.61161755253292
94,146,197,124.26298560542767
94,147,196,124.5219115130428
94,148,195,125.0
94,149,194,125.0
94,150,193,124.66171950066503
94,151,192,123.95498363154837
94,152,191,124.14040868033698
94,153,190,124.13510888718343
94,154,189,123.97505940315605
94,155,188,123.80455816386504
94,156,187,124.30683932587115
94,157,186,125.0
94,158,185,124.56863226849289
94,159,184,125.0
94,160,183,123.36439138915804
94,161,182,123.81127320505779
94,162,181,125.0
94,163,180,124.97603258512277
94,164,179,124.66274615114554
94,165,178,124.81621146830514
94,166,177,125.0
94,167,176,125.0
94,168,175,125.0
94,169,174,124.76014151904467
94,170,173,124.30371894022248
94,171,172,124.49949063659346
94,172,171,124.36413238360092
94,173,170,123.97063537916715
94,174,169,122.78124447977545
94,175,168,123.29321301395443
94,176,167,123.65206677143942
94,177,166,123.55007312800112
94,178,165,123.5006961044547
94,179,164,124.4903960080629
94,180,163,124.17007189126318
94,181,162,123.66321399716563
94,182,161,124.12219722491616
94,183,160,123.57156842979569
94,184,159,123.99251761750799
94,185,158,123.84996687370077
94,186,157,123.12343943955061
94,187,156,123.88834679003708
94,188,155,125.0
94,189,154,124.7613264830039
94,190,153,123.24629747557373
94,191,152,123.64430877321303
94,192,151,123.51673393951683
94,193,150,122.30880918405427
94,194,149,121.40335430019249
94,195,148,121.9402037116204
94,196,147,120.82825045045968
94,197,146,119.01577503690805
94,198,145,120.46482010649319
94,199,144,121.92528799245744
94,200,143,122.0028875050186
94,201,142,122.35113931262006
94,202,141,123.70097156174232
94,203,140,121.32577822954099
94,204,139,115.64559353272845
94,205,138,113.92314627240448
94,206,137,110.67810821886184
94,207,136,111.47480428530005
94,208,135,114.4379840704045
94,209,134,117.19856557042993
94,210,133,116.31052640516675
94,211,132,115.80962457151466
94,212,131,114.07135940934496
94,213,130,118.29987200311848
94,214,129,115.63421393558453
94,215,128,116.95490073290915
94,216,127,113.76583392679163
94,217,126,114.1492430179908
94,218,125,114.60453667405609
94,219,124,114.2973561648675
94,220,123,112.0275346828611
94,221,122,113.51416012845155
94,222,121,112.628459988188
94,223,120,113.61546506216091
94,224,119,112.39508693433089
94,225,118,112.10565667386797
94,226,117,108.39803463764311
94,227,116,109.85270547322571
94,228,115,109.30321535768157
94,229,114,111.05340329040719
94,230,113,105.62351662130628
94,231,112,108.79647894923367
94,232,111,104.02973085953383
94,233,110,101.49450840057744
94,234,109,100.45244032968154
94,235,108,96.66177417915391
94,236,107,99.94332103567828
94,237,106,103.10167830822088
94,238,105,99.97851801735429
94,239,104,102.39223489697586
94,240,103,102.7141212053341
94,241,102,104.5745191136958
94,242,101,105.54561707525846
94,243,100,107.56308605872582
94,244,99,102.67708694522325
94,245,98,98.1870165614672
94,246,97,100.82500062826048
94,247,96,96.6791881076038
94,248,95,94.57145108149558
94,249,94,94.76556746711302
94,250,93,96.51871353498524
94,251,92,92.43448017239078
94,252,91,88.22763055502955
94,253,90,90.36539709888015
94,254,89,87.79949176887128
94,255,88,84.68015230202542
94,256,87,84.04490138037295
94,257,86,80.84429278157725
94,258,85,79.84119019043861
94,259,84,84.2244453540375
94,260,83,83.59088081196344
94,261,82,85.96406258038337
94,262,81,84.9554445793803
94,263,80,85.96736582902665
94,264,79,85.17018495507496
94,265,78,83.00830707490869
94,266,77,81.60872026605048
94,267,76,82.92891213008541
94,268,75,80.32546328415543
94,269,74,80.3318814795565
94,270,73,74.7993105548319
94,271,72,78.2232100631388
94,272,71,76.55265684281935
94,273,70,73.24416999192545
94,274,69,74.18769896001271
94,275,68,72.67444996544528
94,276,67,74.57876083266254
94,277,66,70.34726216207042
94,278,65,69.44923589508053
94,279,64,66.37205028674377
94,280,63,65.51989590437803
94,281,62,66.33054984604738
94,282,61,65.75660221720973
94,283,60,62.35804384647917
94,284,59,59.720732822841
94,285,58,58.19688790655362
94,286,57,55.287843946539866
94,287,56,53.265849113496714
94,288,55,52.29387387744985
94,289,54,52.524758749275065
94,290,53,50.5827128029567
94,291,52,51.84758543889027
94,292,51,50.35951985012951
94,293,50,48.43842488434452
94,294,49,49.18853249130277
94,295,48,45.54001675526975
94,296,47,44.71482790871464
94,297,46,41.11756533615231
94,298,45,40.2802055113056
94,299,44,39.04419203488514
94,300,43,39.02730437884647
94,301,42,38.605913143262555
94,302,41,37.458629494495206
94,303,40,38.23083249093099
94,304,39,36.6730930129171
94,305,38,35.808388525374085
94,306,37,33.80456187226087
94,307,36,36.31660236172265
94,308,35,37.41226518346635
94,309,34,35.10402646534086
94,310,33,33.71230004986472
94,311,32,32.5558723125042
94,312,31,31.611481483295286
94,313,30,30.29916594970957
94,314,29,28.06302710000143
94,315,28,28.691709250465674
94,316,27,27.304593482457378
94,317,26,25.724990647093776
94,318,25,25.260554702753048
94,319,24,23.275928564625854
94,320,23,21.47846655252767
94,321,22,21.383070367465585
94,322,21,19.15292380805497
94,323,20,17.645173188750675
94,324,19,15.665086990036308
94,325,18,16.13724756570197
94,326,17,15.009347544327923
94,327,16,14.959046567518236
94,328,15,15.056340137319896
94,329,14,13.25936926160152
94,330,13,12.066194633914481
94,331,12,12.753040623378801
94,332,11,10.22471371563404
94,333,10,8.112031801673536
95,40,300,124.80458071983585
95,41,299,124.85671933268674
95,42,298,124.73880737780541
95,43,297,124.67778623695617
95,44,296,124.67228475266623
95,45,295,124.5583440836536
95,46,294,124.6590492885073
95,47,293,124.55468076279735
95,48,292,124.47724714843015
95,49,291,124.28622636793429
95,50,290,124.38884081577042
95,51,289,124.51938756700255
95,52,288,124.37506730668628
95,53,287,124.52128443615413
95,54,286,124.50548955499536
95,55,285,124.67232793984698
95,56,284,124.44213435645918
95,57,283,124.70688889786545
95,58,282,124.81967683359709
95,59,281,124.80274509912756
95,60,280,124.7835075623577
95,61,279,124.76705313867257
95,62,278,124.31691206952608
95,63,277,124.44035017949807
95,64,276,124.47084530352957
95,65,275,124.33690128183655
95,66,274,124.62031983887019
95,67,273,124.02202691339268
95,68,272,124.19759401078872
95,69,271,124.21304819716191
95,70,270,124.46925311045064
95,71,269,124.65829802404562
95,72,268,124.40828623367685
95,73,267,124.22256404033895
95,74,266,124.11667848304974
95,75,265,124.32129215547576
95,76,264,124.07624399901876
95,77,263,124.18877876437003
95,78,262,123.94225384873928
95,79,261,124.00003547524508
95,80,260,123.54288357181403
95,81,259,124.32477089061868
95,82,258,123.51617325171912
95,83,257,123.79979160043611
95,84,256,123.35928041330493
95,85,255,124.00576915137572
95,86,254,124.28565551590934
95,87,253,123.47405700822108
95,88,252,123.43205231828264
95,89,251,123.66984364569862
95,90,250,122.66256080720427
95,91,249,123.18116991944714
95,92,248,122.83912514545455
95,93,247,122.60720567453222
95,94,246,122.71544699312489
95,95,245,122.86832458955645
95,96,244,123.50358499850256
95,97,243,123.85098736098226
95,98,242,123.90178334005726
95,99,241,123.76052717571733
95,100,240,123.66141943994006
95,101,239,123.95334824490226
95,102,238,123.92727926695414
95,103,237,124.04799856271788
95,104,236,124.05418756137726
95,105,235,123.99609475041777
95,106,234,124.04343970814435
95,107,233,124.4604410296908
95,108,232,123.51981325728399
95,109,231,123.21599232393795
95,110,230,124.10385584934403
95,111,229,124.42678927197106
95,112,228,124.3532912819505
95,113,227,124.27149848832784
95,114,226,123.92924547516463
95,115,225,123.71282073879726
95,116,224,123.83558360971335
95,117,223,123.56783694044162
95,118,222,123.70361712866287
95,119,221,124.11134367737081
95,120,220,123.96711925744987
95,121,219,124.41149397435504
95,122,218,124.38285672224453
95,123,217,124.24937207242678
95,124,216,124.03687688855312
95,125,215,124.30055435690714
95,126,214,124.31937706231469
95,127,213,124.25401836969058
95,128,212,124.53848876735739
95,129,211,124.67085358831528
95,130,210,124.89094529918643
95,131,209,124.81222114687765
95,132,208,124.7867616092686
95,133,207,123.90718185168839
95,134,206,124.19930585154718
95,135,205,124.90377428972202
95,136,204,124.82017362341539
95,137,203,124.53227795690592
95,138,202,124.47828399818161
95,139,201,124.2275425976623
95,140,200,124.31174181246422
95,141,199,124.35763860650046
95,142,198,124.439020202866
95,143,197,124.75484583314218
95,144,196,124.69314863897692
95,145,195,124.43551672152142
95,146,194,124.41173571108605
95,147,193,124.5543292297125
95,148,192,124.62868726774406
95,149,191,124.8302679666197
95,150,190,124.78705975518164
95,151,189,124.63086840583881
95,152,188,125.0
95,153,187,125.0
95,154,186,124.96632330474617
95,155,185,124.59768901030137
95,156,184,124.58185261545827
95,157,183,124.42505822694321
95,158,182,124.44144454996601
95,159,181,123.16215206338339
95,160,180,122.51945744680606
95,161,179,121.32912553036641
95,162,178,121.03702884600997
95,163,177,120.93034977400254
95,164,176,123.68775913712395
95,165,175,123.40008744092711
95,166,174,123.60107774709866
95,167,173,123.20491069368384
95,168,172,124.41883445795035
95,169,171,122.93764620911739
95,170,170,123.03563748460785
95,171,169,120.55802180431809
95,172,168,124.32418132806761
95,173,167,124.12363270274179
95,174,166,124.59917823930482
95,175,165,124.67848035644514
95,176,164,124.81836790884866
95,177,163,124.896395228909
95,178,162,124.5214800302767
95,179,161,124.62102347303397
95,180,160,125.0
95,181,159,125.0
95,182,158,124.84039784072078
95,183,157,125.0
95,184,156,125.0
95,185,155,125.0
95,186,154,125.0
95,187,153,125.0
95,188,152,125.0
95,189,151,124.67189457709476
95,190,150,125.0
95,191,149,125.0
95,192,148,124.77524599687273
95,193,147,123.24998058482981
95,194,146,122.69527341722366
95,195,145,123.98522357638245
95,196,144,124.12519820475711
95,197,143,123.43406593038254
95,198,142,123.20524287548899
95,199,141,122.00392239229899
95,200,140,121.17515045857552
95,201,139,120.32798515683146
95,202,138,118.18709401931434
95,203,137,113.23702857121975
95,204,136,115.65735965239364
95,205,135,113.46763067520041
95,206,134,114.00965112160304
95,207,133,114.22652806173198
95,208,132,108.73618011800126
95,209,131,103.25261888296248
95,210,130,98.72219696379099
95,211,129,96.69621309693989
95,212,128,99.54397622709644
95,213,127,99.53378999620861
96,40,431,124.29775036293759
96,41,430,124.20176821401992
96,42,429,124.12529750875821
96,43,428,123.79716835845349
96,44,427,124.44049874377987
96,45,426,124.08164355984215
96,46,425,123.72348682924815
96,47,424,123.75108204543785
96,48,423,123.2267645886559
96,49,422,123.41207890734914
96,50,421,124.00885826576942
96,51,420,124.29327663524242
96,52,419,124.13952426610211
96,53,418,124.45127724042078
96,54,417,124.20618727926886
96,55,416,124.16966110023688
96,56,415,123.75753824094946
96,57,414,124.44125109472972
96,58,413,123.72470402753213
96,59,412,124.09935857664864
96,60,411,122.94579144946127
96,61,410,122.82124666012824
96,62,409,122.7420157074601
96,63,408,121.95347899909208
96,64,407,121.79839346995844
96,65,406,119.08680728200551
96,66,405,122.12464065415512
96,67,404,121.40605615767525
96,68,403,117.65185332790062
96,69,402,118.66835511668957
96,70,401,119.0608971896082
96,71,400,117.27709397151317
96,72,399,119.00057032149127
96,73,398,117.18186110027166
96,74,397,117.89241633868345
96,75,396,115.46758669280797
96,76,395,120.5849384517862
96,77,394,120.68480382640368
96,78,393,120.1018156318126
96,79,392,121.30338090845098
96,80,391,122.22421582651103
96,81,390,123.47641412106665
96,82,389,122.72192827628731
96,83,388,120.2833279036798
96,84,387,120.82503269823005
96,85,386,120.87432075287055
96,86,385,120.59214959535916
96,87,384,120.96362417720971
96,88,383,121.05371406882114
96,89,382,123.02501903492293
96,90,381,122.24050513719031
96,91,380,123.83820347919536
96,92,379,123.8037793100429
96,93,378,122.11174857517307
96,94,377,123.92395252974262
96,95,376,121.62976573040771
96,96,375,120.8346104046563
96,97,374,123.98039122382941
96,98,373,123.33321428041239
96,99,372,123.96659873167802
96,100,371,123.91331084361258
96,101,370,123.85068868085634
96,102,369,123.81012526644088
96,103,368,124.35554579545874
96,104,367,125.0
96,105,366,123.9661503939804
96,106,365,124.8496195396933
96,107,364,124.8548145986814
96,108,363,124.06341591057324
96,109,362,124.08993939676364
96,110,361,124.16681816189816
96,111,360,124.05637951717816
96,112,359,123.6293129665774
96,113,358,123.47478547437082
96,114,357,123.21732250885921
96,115,356,124.06313022370591
96,116,355,123.25681497888486
96,117,354,123.46906092363707
96,118,353,124.5203753862371
96,119,352,123.75771700092258
96,120,351,122.98596730852717
96,121,350,122.6299747185449
96,122,349,123.98251250531995
96,123,348,123.87290109853672
96,124,347,124.82096490133969
96,125,346,125.0
96,126,345,125.0
96,127,344,123.73515141690763
96,128,343,124.4179972533376
96,129,342,123.71597955943446
96,130,341,124.00681125316547
96,131,340,124.27350847349038
96,132,339,124.4897863518124
96,133,338,124.22677099444407
96,134,337,124.39908432647957
96,135,336,124.05903112556081
96,136,335,124.71725660839016
96,137,334,124.68057790468023
96,138,333,125.0
96,139,332,124.99205582623523
96,140,331,124.60624306078381
96,141,330,124.66311400339657
96,142,329,124.5466065800367
96,143,328,125.0
96,144,327,124.91959050186901
96,145,326,125.0
96,146,325,125.0
96,147,324,125.0
96,148,323,124.36555445032951
96,149,322,124.4413830555336
96,150,321,123.82222722376605
96,151,320,124.44675204636847
96,152,319,123.85870183308108
96,153,318,119.2067406892958
96,154,317,119.3059502494207
96,155,316,120.35983542603466
96,156,315,120.87269208077144
96,157,314,120.28197042039582
96,158,313,120.60274945070418
96,159,312,117.03466543785945
96,160,311,119.0786449997903
96,161,310,120.2194114161285
96,162,309,120.51522094121214
96,163,308,120.7012286765797
96,164,307,120.52002092754549
96,165,306,120.86604500387908
96,166,305,121.35725144512901
96,167,304,120.67243417033974
96,168,303,124.02041048524848
96,169,302,123.90545871656529
96,170,301,125.0
96,171,300,124.5446599892339
96,172,299,124.38571246048484
96,173,298,124.88264064192552
96,174,297,124.74415744084702
96,175,296,125.0
96,176,295,125.0
96,177,294,125.0
96,178,293,125.0
96,179,292,125.0
96,180,291,125.0
96,181,290,125.0
96,182,289,125.0
96,183,288,125.0
96,184,287,125.0
96,185,286,120.31076776261823
96,186,285,120.45288834355509
96,187,284,125.0
96,188,283,125.0
96,189,282,125.0
96,190,281,125.0
96,191,280,125.0
96,192,279,125.0
96,193,278,125.0
96,194,277,125.0
96,195,276,125.0
96,196,275,125.0
96,197,274,125.0
96,198,273,125.0
96,199,272,125.0
96,200,271,125.0
96,201,270,125.0
96,202,269,125.0
96,203,268,125.0
96,204,267,125.0
96,205,266,125.0
96,206,265,125.0
96,207,264,125.0
96,208,263,125.0
96,209,262,125.0
96,210,261,125.0
96,211,260,125.0
96,212,259,124.95112613800985
96,213,258,124.19764935383245
96,214,257,123.30422484099142
96,215,256,123.54749948587438
96,216,255,122.42694651497655
96,217,254,122.53694621711979
96,218,253,123.97818212353675
96,219,252,124.796775883858
96,220,251,125.0
96,221,250,125.0
96,222,249,125.0
96,223,248,125.0
96,224,247,125.0
96,225,246,125.0
96,226,245,125.0
96,227,244,125.0
96,228,243,125.0
96,229,242,125.0
96,230,241,125.0
96,231,240,125.0
96,232,239,125.0
96,233,238,125.0
96,234,237,125.0
96,235,236,125.0
96,236,235,125.0
96,237,234,125.0
96,238,233,125.0
96,239,232,125.0
96,240,231,125.0
96,241,230,125.0
96,242,229,125.0
96,243,228,125.0
96,244,227,125.0
96,245,226,125.0
96,246,225,125.0
96,247,224,125.0
96,248,223,124.78470824292638
96,249,222,124.92162773090378
96,250,221,125.0
96,251,220,124.98657156561434
96,252,219,125.0
96,253,218,125.0
96,254,217,125.0
96,255,216,125.0
96,256,215,124.66969319811686
96,257,214,124.6026057247854
96,258,213,125.0
96,259,212,124.60964223911087
96,260,211,124.70571884996717
96,261,210,125.0
96,262,209,122.63860163427807
96,263,208,124.85142313633412
96,264,207,124.7782079671087
96,265,206,122.30607917561306
96,266,205,122.2742774669725
96,267,204,122.03418154520587
96,268,203,121.88707784293425
96,269,202,122.59318401516342
96,270,201,123.8226381449978
96,271,200,123.37497562078713
96,272,199,124.10505732990447
96,273,198,124.39106700714831
96,274,197,122.29856995469069
96,275,196,122.08195382628949
96,276,195,118.9452756400912
96,277,194,120.09036538185805
96,278,193,119.6719450831236
96,279,192,118.81499318854677
96,280,191,118.98027210100977
96,281,190,119.42757490834987
96,282,189,118.71702990169351
96,283,188,118.60436967731
96,284,187,119.01790135638885
96,285,186,122.00864070308597
96,286,185,123.16161998402421
96,287,184,120.43276078545706
96,288,183,120.61923997351508
96,289,182,120.87493381857482
96,290,181,119.5838378920902
96,291,180,120.31805450801338
96,292,179,119.61928299513357
96,293,178,119.33132082167245
96,294,177,119.05574282927597
96,295,176,119.41989626844688
96,296,175,120.22663075691764
96,297,174,120.1614026205767
96,298,173,119.62465019373201
96,299,172,121.53001347206836
96,300,171,120.3624977380907
96,301,170,119.95505455589597
96,302,169,119.38542936303418
96,303,168,121.16621677781404
96,304,167,118.04581830937022
96,305,166,118.01355481013326
96,306,165,117.88362463263039
96,307,164,117.16741960316747
96,308,163,118.58124656387861
96,309,162,120.47619079378453
96,310,161,121.18179823865782
96,311,160,118.19753052881609
96,312,159,118.1304355733987
96,313,158,115.6438505790695
96,314,157,117.30301929537293
96,315,156,118.36579086986814
96,316,155,113.46669541886774
96,317,154,112.33456733816715
96,318,153,112.02432403119482
96,319,152,113.8077641782948
96,320,151,115.21442794448356
96,321,150,115.81637180520318
96,322,149,112.36614117194796
96,323,148,118.59504759123058
96,324,147,118.79924939515236
96,325,146,118.0328083115795
96,326,145,120.38602536232472
96,327,144,121.05274145963396
96,328,143,123.71204036462103
96,329,142,125.0
96,330,141,123.85033356235807
96,331,140,125.0
96,332,139,124.86640707704171
96,333,138,124.90222695154013
96,334,137,125.0
96,335,136,125.0
96,336,135,125.0
96,337,134,124.08069243642746
96,338,133,123.25562091621786
96,339,132,120.88605227701638
96,340,131,116.50707105790045
96,341,130,120.92351806767032
96,342,129,117.94780988490854
96,343,128,120.15331101260477
96,344,127,119.53856467971747
96,345,126,115.89877288129145
96,346,125,115.5929960628854
96,347,124,118.7112985604079
96,348,123,116.55995958490334
96,349,122,114.28597335595111
96,350,121,116.40557312886678
96,351,120,114.4469635220783
96,352,119,113.4360416746967
96,353,118,108.6365909397505
96,354,117,113.70764646900696
96,355,116,113.22725656233632
96,356,115,110.6579579916195
96,357,114,113.6032474472504
96,358,113,117.31609650412528
97,40,178,124.39298988554881
97,41,177,124.44154224530294
97,42,176,124.54437648426227
97,43,175,124.50408587667263
97,44,174,124.46839824711928
97,45,173,123.91614275904301
97,46,172,124.18742600888315
97,47,171,123.91840232575439
97,48,170,124.05982719764594
97,49,169,124.00605292531606
97,50,168,123.88301317009467
97,51,167,124.3715915354096
97,52,166,123.60838527515907
97,53,165,122.66916360346058
97,54,164,122.50802076898168
97,55,163,118.78371428709542
97,56,162,120.29069685496236
97,57,161,118.77869256889937
97,58,160,119.84641775834191
97,59,159,116.77730508062791
97,60,158,120.40878909893833
97,61,157,119.60073759112251
97,62,156,120.37741220409292
97,63,155,120.00655952154918
97,64,154,114.33682457490504
97,65,153,120.73368890817281
97,66,152,121.206482411261
97,67,151,120.97084529043406
97,68,150,122.09932070795192
97,69,149,123.31617298843898
97,70,148,123.18188339909935
97,71,147,121.61105482389414
97,72,146,120.2390230024902
97,73,145,119.11072607498278
97,74,144,121.4680332915155
97,75,143,122.41250164087319
97,76,142,122.83023728070611
97,77,141,123.66367111634665
97,78,140,124.19366786333893
97,79,139,123.71642559369045
97,80,138,120.92185512968393
97,81,137,123.32819223129447
97,82,136,123.83251195830667
97,83,135,123.82961039438433
97,84,134,123.64352220724713
97,85,133,123.79311763167205
97,86,132,124.18951851736819
97,87,131,123.78249052283488
97,88,130,124.12718011474082
97,89,129,123.39935897987486
97,90,128,123.58521064123869
97,91,127,123.48096325937445
97,92,126,123.62440232723884
97,93,125,122.64040062229132
97,94,124,123.25051895104673
97,95,123,123.14616537578357
98,40,159,121.83693872679464
98,41,158,122.80880229609153
98,42,157,122.32727978281136
98,43,156,122.53120895720457
98,44,155,122.65952173132109
98,45,154,122.03771583969132
98,46,153,122.33503124679162
98,47,152,121.83643906936152
98,48,151,122.19508806127482
98,49,150,122.10295633709987
98,50,149,122.22333241016239
98,51,148,121.7918850376048
98,52,147,121.97307426355272
98,53,146,121.23641472543405
98,54,145,122.21700389032517
98,55,144,121.64337607737593
98,56,143,122.03084307066243
98,57,142,122.11653087661165
98,58,141,121.12935808494217
98,59,140,120.72384205706348
98,60,139,118.35859610798428
98,61,138,120.15974252867261
98,62,137,109.81525502497406
98,63,136,115.49638001687012
98,64,135,115.20245859731594
98,65,134,112.84645412356186
98,66,133,109.60513527615544
98,67,132,104.39950259657044
98,68,131,101.67922379034721
98,69,130,101.43266280089155
98,70,129,102.89032241124917
98,71,128,98.58928537577378
98,72,127,96.17995849527192
98,73,126,95.50395753446007
98,74,125,90.96262900694188
98,75,124,94.09221754281504
98,76,123,98.49838505364052
98,77,122,99.81975204604208
98,78,121,104.80455398576758
98,79,120,104.50450071049316
98,80,119,104.68655648491304
98,81,118,109.33759961601604
98,82,117,110.1670520984292
98,83,116,111.15575829133361
98,84,115,109.43796780496344
98,85,114,108.78880983659882
98,86,113,106.18836395516435
98,87,112,106.03727741896454
98,88,111,104.40112115710869
98,89,110,108.10183158501358
98,90,109,104.13825970672453
98,91,108,102.09370089084402
98,92,107,102.59165293961364
98,93,106,103.08992757719372
98,94,105,98.97829569482786
98,95,104,99.37525234351425
98,96,103,96.93029164204091
98,97,102,94.6202586030282
98,98,101,90.63489951622745
98,99,100,86.50686292964369
98,100,99,86.37197760885167
98,101,98,85.32193356844647
98,102,97,87.3887800660516
98,103,96,83.15180275007938
98,104,95,83.08583905847877
98,105,94,77.14401158865806
98,106,93,71.11299637942247
98,107,92,72.47041433836785
98,108,91,72.40006299197822
98,109,90,78.47896673675672
98,110,89,83.77848652044136
98,111,88,80.83950461082739
98,112,87,74.93872050799078
98,113,86,76.91889206578841
98,114,85,75.40353016642462
98,115,84,75.18970322906677
98,116,83,74.5515807530793
98,117,82,78.04606044833555
98,118,81,76.72125561315656
98,119,80,79.48253179060812
98,120,79,83.48922403297587
98,121,78,83.24743908101593
98,122,77,85.00019991797197
98,123,76,84.74211761598063
98,124,75,83.02288673798179
98,125,74,80.09817250449184
98,126,73,79.00576150073475
98,127,72,75.66036087536793
98,128,71,75.18811549850622
98,129,70,76.26186734544059
98,130,69,78.00772314009438
98,131,68,80.71574618604515
98,132,67,80.61205475647598
98,133,66,82.16501341933781
98,134,65,82.4880353499284
98,135,64,81.45030340205678
98,136,63,77.58814594415708
98,137,62,76.28513579272828
98,138,61,72.49438910947129
98,139,60,70.81977782469612
98,140,59,68.174688106109
98,141,58,61.670139632117525
98,142,57,61.01209516348408
98,143,56,57.837082788653845
98,144,55,54.61046160089926
98,145,54,53.38784032269921
98,146,53,52.18485993241464
98,147,52,54.89871384792835
98,148,51,53.60352513821057
98,149,50,56.556401398899126
98,150,49,55.641989870729745
98,151,48,51.4366729837868
98,152,47,48.40464595079396
98,153,46,46.68734119902894
98,154,45,44.70924869372861
98,155,44,42.797970588420554
98,156,43,42.49327298268747
98,157,42,41.9367165582825
98,158,41,41.23124915622735
98,159,40,36.911023381323105
98,160,39,35.33300368664285
98,161,38,33.63537326249414
98,162,37,32.19182744876261
98,163,36,33.625596499586706
98,164,35,32.594871068630695
98,165,34,31.726850115075216
98,166,33,31.144265371138694
98,167,32,31.878872273843825
98,168,31,32.415245237001365
98,169,30,32.99993463234095
98,170,29,31.54494045446819
98,171,28,29.55123081139747
98,172,27,27.97652419935396
98,173,26,27.154609770461242
98,174,25,26.31825551548161
98,175,24,24.00550350011367
98,176,23,23.245905575022096
98,177,22,21.51513313562645
98,178,21,22.129561996010146
98,179,20,20.068150380641157
98,180,19,18.959936640021407
98,181,18,16.153905136558016
98,182,17,15.309022129974801
99,40,257,124.3967138388338
99,41,256,124.2595298442528
99,42,255,124.2436231569545
99,43,254,124.10293522163286
99,44,253,123.8965590388635
99,45,252,123.46944163345489
99,46,251,122.39961166722668
99,47,250,123.88333985147034
99,48,249,123.65976683687882
99,49,248,124.09074572784093
99,50,247,122.91036043113127
99,51,246,122.98730672750762
99,52,245,122.78819503340581
99,53,244,122.94730414970516
99,54,243,123.90683367962586
99,55,242,123.36990513001486
99,56,241,121.21360038686944
99,57,240,120.18180694238445
99,58,239,121.93475279597679
99,59,238,122.83901295309059
99,60,237,123.41036755741322
99,61,236,122.66842510868162
99,62,235,122.44200552661337
99,63,234,123.11465530569178
99,64,233,123.4704329349232
99,65,232,122.44245264475609
99,66,231,122.08394110488618
99,67,230,121.61651222021744
99,68,229,122.92682754363352
99,69,228,122.28061685574244
99,70,227,122.83538673843952
99,71,226,122.42263152865425
99,72,225,122.51055016659781
99,73,224,122.57684903232258
99,74,223,122.69352567248342
99,75,222,122.60805324555724
99,76,221,122.85995171927328
99,77,220,122.70293164473105
99,78,219,123.18971764274333
99,79,218,123.47863025863126
99,80,217,123.63014537238692
99,81,216,123.58058820390997
99,82,215,123.9000223007542
99,83,214,123.74791115206236
99,84,213,123.45485795230711
99,85,212,123.63586151011944
99,86,211,123.36920915458796
99,87,210,123.5266025988767
99,88,209,123.32666159239085
99,89,208,123.06779615618532
99,90,207,121.7911979201236
99,91,206,121.85060969313285
99,92,205,121.37171176512209
99,93,204,121.79169497264866
99,94,203,122.8711270000039
99,95,202,123.63606126427578
99,96,201,123.33934008009095
99,97,200,123.35678784206425
99,98,199,123.39703903307732
99,99,198,122.84127671676265
99,100,197,123.7800374156832
99,101,196,123.49862819712988
99,102,195,123.32951295980457
99,103,194,123.33686353150122
99,104,193,123.47756553803072
99,105,192,123.3677582676467
99,106,191,123.46015302136273
99,107,190,123.38488046547228
99,108,189,123.28995917177528
99,109,188,122.92679224837138
99,110,187,122.33672319139188
99,111,186,121.99727391765833
99,112,185,121.91787209867138
99,113,184,121.07498217970988
99,114,183,121.1314411646342
99,115,182,120.73091056788917
99,116,181,121.51053696554483
99,117,180,121.1752728364433
99,118,179,122.06879970041432
99,119,178,121.32386557177722
99,120,177,121.94435636056048
99,121,176,122.83585195916633
99,122,175,123.20792613718517
99,123,174,123.473503644586
99,124,173,122.90343585905202
99,125,172,122.14526761369669
99,126,171,120.33554182237783
99,127,170,121.57015533932662
99,128,169,121.28539675462946
99,129,168,119.7262047792689
99,130,167,120.44223750716219
99,131,166,119.29618674618251
99,132,165,118.80138685616825
99,133,164,118.24362044621185
99,134,163,119.67079855129397
99,135,162,119.56542971946065
99,136,161,121.37858693448507
99,137,160,122.15432470063513
99,138,159,122.93670645369465
99,139,158,122.57330581195971
99,140,157,122.02360721288133
99,141,156,121.63598416331051
99,142,155,119.41875792654022
99,143,154,119.85828045206586
99,144,153,121.89589890773073
99,145,152,118.44949571513361
99,146,151,120.11884031362379
99,147,150,121.87678152077244
99,148,149,121.05101231443919
99,149,148,121.66974756375909
99,150,147,118.70132473326257
99,151,146,121.25720123695866
99,152,145,121.23349952306702
99,153,144,120.93592393094394
99,154,143,121.86180058851886
99,155,142,121.25074009502983
99,156,141,122.51303523618884
99,157,140,122.27247531835837
99,158,139,122.24382104553816
99,159,138,120.05573698287861
99,160,137,120.42414911134253
99,161,136,121.55598009395236
99,162,135,123.15364471617409
99,163,134,123.4696761843683
99,164,133,122.38563886272821
99,165,132,123.27445396769389
99,166,131,120.34263198900237
99,167,130,122.27557803755602
99,168,129,123.30171244368415
99,169,128,123.79135905980851
99,170,127,124.06454001344842
99,171,126,121.0106344451379
99,172,125,121.00396223316793
99,173,124,119.54361418716215
99,174,123,120.11480386625205
99,175,122,118.84400777438077
99,176,121,119.90313727332125
99,177,120,120.66247777433406
99,178,119,121.99178238148542
99,179,118,122.47626904988655
99,180,117,120.31885112468723
99,181,116,119.95648549159324
99,182,115,118.2836795066614
99,183,114,119.79222330404335
99,184,113,121.2813316296111
99,185,112,120.4150023766415
99,186,111,117.36852241382837
99,187,110,111.94606863997326
99,188,109,112.17008449265136
99,189,108,109.74294694975038
99,190,107,107.95001363009439
99,191,106,106.55473783222415
99,192,105,104.4269845326848
99,193,104,105.04056881863895
99,194,103,108.35674228168092
99,195,102,105.62527176399377
99,196,101,106.39091954453582
99,197,100,99.9825805781469
99,198,99,95.912247016293
99,199,98,89.7140659663736
99,200,97,89.35558447083667
99,201,96,87.1675530349834
99,202,95,91.81844091179914
99,203,94,92.18786061780759
99,204,93,90.90277138127499
99,205,92,89.16769076213052
99,206,91,89.77989365250937
99,207,90,91.62207925585372
99,208,89,89.70562103801504
99,209,88,90.62234324255552
99,210,87,86.84976747632835
99,211,86,85.31851261954913
99,212,85,83.07570921898014
99,213,84,78.4430986404382
99,214,83,77.3530203985071
99,215,82,76.56730953791724
99,216,81,75.226289085346
99,217,80,75.91720463579193
99,218,79,81.09868749383124
99,219,78,79.79354172767052
99,220,77,75.44447963291145
99,221,76,74.56762832492106
99,222,75,75.88952731404214
99,223,74,78.76987774812218
99,224,73,86.89880601937455
99,225,72,77.88559116218154
99,226,71,80.12316697290206
99,227,70,76.29408924962961
99,228,69,75.11326566063286
99,229,68,70.45873734668947
99,230,67,67.76286736812433
99,231,66,66.68397582028987
99,232,65,66.09201658072223
99,233,64,66.82929692616739
99,234,63,63.5613766152609
99,235,62,60.68780658904341
99,236,61,61.221257717018105
99,237,60,58.95136579539707
99,238,59,61.976807994193535
99,239,58,55.79936043758116
99,240,57,55.98939854996706
99,241,56,56.33734785914004
99,242,55,57.151698977788804
99,243,54,54.26797549877725
99,244,53,50.97788952736762
99,245,52,47.786383781932244
99,246,51,49.351011446901225
99,247,50,49.04965865817317
99,248,49,49.7589045370449
99,249,48,48.55893332644166
99,250,47,48.10659146599787
99,251,46,46.197966934915925
99,252,45,46.20402378713593
99,253,44,46.19044459594819
99,254,43,45.00812719833567
99,255,42,43.59369428286993
99,256,41,41.87195460593502
99,257,40,39.971516365583966
99,258,39,38.968271051382445
99,259,38,39.5068032865847
99,260,37,37.96289605304599
99,261,36,37.85922156097952
99,262,35,37.09944949393366
99,263,34,38.53054021083764
99,264,33,37.20114744829225
99,265,32,35.308704098212
99,266,31,33.16073690542507
99,267,30,30.61051599373635
99,268,29,29.99066054499776
99,269,28,29.342605352478145
99,270,27,28.852994781583106
99,271,26,29.057057300781956
99,272,25,28.025206231787827
99,273,24,27.060524360122155
99,274,23,25.505857670563444
99,275,22,23.931653071917083
99,276,21,23.345408756796886
99,277,20,23.195098587159947
99,278,19,22.066896653064966
99,279,18,21.99718458988562
99,280,17,20.76813707392573
99,281,16,20.091700283649896
99,282,15,18.17472886267896
99,283,14,16.691614600904312
99,284,13,15.078654836215359
99,285,12,13.780968905692404
99,286,11,13.574199157439779
99,287,10,13.164766445957039
99,288,9,10.743188023865795
99,289,8,10.384545810622793
100,40,235,124.50615566439043
100,41,234,124.58311336329803
100,42,233,124.60177009100272
100,43,232,124.71333446759178
100,44,231,123.9115330586023
100,45,230,124.3301668223975
100,46,229,124.7239598914166
100,47,228,124.85452988884317
100,48,227,124.92272385700451
100,49,226,124.07277590984161
100,50,225,123.67325062418183
100,51,224,124.65738010553189
100,52,223,124.86603285675838
100,53,222,124.83205442100709
100,54,221,125.0
100,55,220,124.9942088595703
100,56,219,124.63799928542596
100,57,218,124.52112852629125
100,58,217,124.88055474263903
100,59,216,124.75924726137856
100,60,215,124.61559743958594
100,61,214,125.0
100,62,213,125.0
100,63,212,125.0
100,64,211,124.759222570286
100,65,210,123.98788160190063
100,66,209,124.49437354197197
100,67,208,123.92418557898755
100,68,207,124.25576018668457
100,69,206,124.09625957323166
100,70,205,124.10215606276023
100,71,204,123.43003200472558
100,72,203,122.88226780711702
100,73,202,118.84043446551178
100,74,201,117.94409453376556
100,75,200,117.69212480619787
100,76,199,118.11683415284011
100,77,198,119.06965181341423
100,78,197,121.59919284462885
100,79,196,121.0763122463297
100,80,195,121.1350427685265
100,81,194,123.01709596253174
100,82,193,123.74773656562508
100,83,192,123.15974676771796
100,84,191,123.04140140976872
100,85,190,122.96277477423283
100,86,189,121.2571353840882
100,87,188,120.41574304039868
100,88,187,120.6589870137133
100,89,186,121.61003862085445
100,90,185,121.39523363867019
100,91,184,119.87479387710059
100,92,183,115.42152918887403
100,93,182,115.44394439366565
100,94,181,115.1625632537033
100,95,180,115.63766994240635
100,96,179,113.26690274360482
100,97,178,113.6773193004297
100,98,177,114.03324651223465
100,99,176,118.27503432485784
100,100,175,124.65530591284497
100,101,174,124.41895128373194
100,102,173,124.53096004543349
100,103,172,124.87489506592499
100,104,171,124.60913221172436
100,105,170,124.68955252865484
100,106,169,124.4289014740279
100,107,168,124.02638200682536
100,108,167,117.54843730297524
100,109,166,117.64093729225472
100,110,165,124.29183460258858
100,111,164,122.67500974544576
100,112,163,120.79962238076757
100,113,162,118.74555317750271
100,114,161,117.9652295448945
100,115,160,118.01915246180971
100,116,159,115.65196160974594
100,117,158,117.0173876153511
100,118,157,121.5962111867864
100,119,156,118.91953286330849
100,120,155,117.19904257743258
100,121,154,121.13382342363931
100,122,153,121.86256100060655
100,123,152,122.53825507940425
100,124,151,122.22085226548353
100,125,150,122.84387089097018
100,126,149,122.38822061078247
100,127,148,121.40146812932454
100,128,147,121.51542062891605
100,129,146,121.50043352748858
100,130,145,118.53166657349372
100,131,144,120.90796565011229
100,132,143,120.61851702048796
100,133,142,119.32064722931173
100,134,141,118.98191333607848
100,135,140,118.48348042959358
100,136,139,122.90997546327218
100,137,138,122.3330032590968
100,138,137,120.34997378102966
100,139,136,120.85351727953903
100,140,135,122.78643860568715
100,141,134,121.8997036529874
100,142,133,120.15485104640635
100,143,132,115.9082824934594
100,144,131,116.01394266094101
100,145,130,118.72920666608786
100,146,129,118.95512605592265
100,147,128,110.57048137862981
100,148,127,107.14003538994592
100,149,126,109.97056375130441
100,150,125,112.34519939019424
100,151,124,110.48343208016053
100,152,123,110.50637111312622
100,153,122,108.82598648222182
100,154,121,105.63203374645357
100,155,120,103.66018958030301
100,156,119,106.06707914093684
100,157,118,106.53025237691257
100,158,117,107.34646796159893
100,159,116,110.44261599467526
100,160,115,108.37994425924943
100,161,114,109.46288794805092
100,162,113,111.5085587824268
100,163,112,112.49753737183835
100,164,111,114.32270013440794
100,165,110,115.09187862245784
100,166,109,114.60906102301364
100,167,108,114.09182434547697
100,168,107,111.66503116023858
100,169,106,114.02004321337895
100,170,105,112.49012300033147
100,171,104,113.89838828783644
100,172,103,113.25776077039222
100,173,102,113.29079689888373
100,174,101,114.97686160151224
100,175,100,111.95281139580084
100,176,99,111.8803520555887
100,177,98,112.62802102726087
100,178,97,106.43838583490658
100,179,96,105.7423563739056
100,180,95,106.61590479387569
100,181,94,108.52478719468317
100,182,93,103.60229627692259
100,183,92,99.90717448410811
100,184,91,97.4242523414359
100,185,90,92.62074960896703
100,186,89,89.49809060123633
100,187,88,87.15089401007745
100,188,87,85.443479605326
100,189,86,88.22038949175692
100,190,85,83.9233129771338
100,191,84,81.82971437469399
100,192,83,76.35447740844853
100,193,82,72.02684334298533
100,194,81,69.66937654809757
100,195,80,67.78196836787498
100,196,79,67.45216391915596
100,197,78,68.18067923498252
100,198,77,67.48313771336237
100,199,76,65.9113755727657
100,200,75,65.60024975296561
100,201,74,65.49256717496618
100,202,73,66.87241752281813
100,203,72,67.32858128095835
100,204,71,68.75598784060958
100,205,70,67.85270163428926
100,206,69,66.44736515801995
100,207,68,63.8389833670885
100,208,67,60.90035765816048
100,209,66,60.67934691282682
100,210,65,61.517078604499005
100,211,64,59.573262856768636
100,212,63,60.14337193478226
100,213,62,61.41776259228238
100,214,61,61.65100369798172
100,215,60,57.50964176558382
100,216,59,58.065702642476865
100,217,58,57.87620026324119
100,218,57,53.54837223328413
100,219,56,55.458385408725164
100,220,55,56.984787633083116
100,221,54,58.702381623497175
100,222,53,57.76016455555923
100,223,52,54.16392716821743
100,224,51,53.06317380137145
100,225,50,51.41327095425139
100,226,49,51.60254733176814
100,227,48,49.60099535844671
100,228,47,47.11043729235731
100,229,46,46.344471814446344
100,230,45,43.99700462168253
100,231,44,41.07638842309254
100,232,43,41.969710243846464
100,233,42,41.3816165321787
100,234,41,39.468219177129185
100,235,40,37.59934684590854
100,236,39,37.83881742032311
100,237,38,36.327714864715645
100,238,37,35.91069720932118
100,239,36,32.792528999283896
100,240,35,32.27241699263214
100,241,34,30.197701520475572
100,242,33,30.28469023194405
100,243,32,28.971252557128974
100,244,31,27.6930859398542
100,245,30,28.93057091620684
100,246,29,27.57073282640502
100,247,28,27.22108601011149
