unit,cycle,true_rul,pred_rul
1,40,212,124.79190500069927
1,41,211,124.42306445276208
1,42,210,123.40321661435144
1,43,209,123.55455500749648
1,44,208,124.17635040946668
1,45,207,123.70226696580968
1,46,206,123.36764834467948
1,47,205,124.51348083949742
1,48,204,124.1389738432943
1,49,203,123.75087106499731
1,50,202,124.09111816309759
1,51,201,124.1457920747526
1,52,200,124.05548464681527
1,53,199,124.54513044649428
1,54,198,125.0
1,55,197,125.0
1,56,196,125.0
1,57,195,124.82659561097287
1,58,194,124.43666359492656
1,59,193,124.520277904232
1,60,192,123.97290255442726
1,61,191,123.97212832663192
1,62,190,123.67766629996532
1,63,189,123.3441218642736
1,64,188,124.12984012186715
1,65,187,123.88155895131801
1,66,186,123.14323783719612
1,67,185,123.67009481691926
1,68,184,123.69393887977043
1,69,183,121.00441250983062
1,70,182,123.52334719845032
1,71,181,121.04564515120182
1,72,180,120.09541960551968
1,73,179,120.75962575437934
1,74,178,124.141646255045
1,75,177,122.30061196951901
1,76,176,124.32732416633522
1,77,175,123.98018298714169
1,78,174,123.18144116837175
1,79,173,122.92566169919263
1,80,172,121.8494675764326
1,81,171,120.7796658389706
1,82,170,122.81372807311693
1,83,169,122.51338896619323
1,84,168,122.16302581133229
1,85,167,121.6593542355306
1,86,166,121.68204399734657
1,87,165,122.44064099481153
1,88,164,121.37734699382203
1,89,163,121.78193008137795
1,90,162,121.2346973319203
1,91,161,121.8459619616184
1,92,160,121.77986942772233
1,93,159,121.38281284164694
1,94,158,121.09935981673564
1,95,157,120.81823886546594
1,96,156,119.67482491588765
1,97,155,117.259738929512
1,98,154,119.55530944666106
1,99,153,116.3995543709933
1,100,152,119.99231260506451
1,101,151,119.54624035009456
1,102,150,118.96336975818724
1,103,149,120.44656238708463
1,104,148,121.64554679980628
1,105,147,121.52348460348631
1,106,146,122.31754274901974
1,107,145,123.33069733384593
1,108,144,122.64728800275527
1,109,143,123.22100385108637
1,110,142,121.92572565016138
1,111,141,123.99820200352931
1,112,140,123.21682868762002
1,113,139,124.60801211499205
1,114,138,124.36972085121057
1,115,137,123.71912155882565
1,116,136,120.80631949344763
1,117,135,123.18402852010794
1,118,134,120.91463937596475
1,119,133,119.00657867377583
1,120,132,117.56595406651886
1,121,131,120.02294067016959
1,122,130,120.22519943930429
1,123,129,119.29085402482661
1,124,128,119.98242256487886
1,125,127,116.27333527233873
1,126,126,117.28710545550564
1,127,125,118.49296216048756
1,128,124,117.60269430527737
1,129,123,120.34798222724208
1,130,122,121.4331002972091
1,131,121,120.59319530308366
1,132,120,121.7140753805859
1,133,119,121.59242359089382
1,134,118,121.21137511524336
1,135,117,122.53927229321334
1,136,116,121.03396048143867
1,137,115,120.71865568258613
1,138,114,120.39100437586347
1,139,113,119.94263813638273
1,140,112,119.85447868342125
1,141,111,121.16524922306954
1,142,110,118.57230722418034
1,143,109,117.91398103414994
1,144,108,120.55312593544458
1,145,107,121.07352492642376
1,146,106,119.09628833418547
1,147,105,118.8770591128937
1,148,104,118.31801621055367
1,149,103,117.76886289718705
1,150,102,115.7695111997128
1,151,101,119.17101246240934
1,152,100,119.75618201332557
1,153,99,119.22243974240328
1,154,98,120.37213232201631
1,155,97,121.54834553080423
1,156,96,119.67939504303172
1,157,95,118.42202054297061
1,158,94,113.89704188445856
1,159,93,117.62497236241362
1,160,92,115.1428049097172
1,161,91,116.51104129728637
1,162,90,115.40492540082866
1,163,89,111.65688107462978
1,164,88,113.6731165427997
1,165,87,105.75565169907654
1,166,86,112.62469217078025
1,167,85,109.60332232406358
1,168,84,112.80238260817168
1,169,83,113.53020484643116
1,170,82,107.61604650407074
1,171,81,103.82652799659931
1,172,80,107.46801627066547
1,173,79,102.70163651213615
1,174,78,103.52079193132249
1,175,77,99.17887587608269
1,176,76,95.46318146248365
1,177,75,90.39824073647739
1,178,74,92.90974423616338
1,179,73,89.44404069000166
1,180,72,93.20084897962909
1,181,71,94.07197995834002
1,182,70,91.43249611774141
1,183,69,97.41086086240168
1,184,68,97.51536967185936
1,185,67,89.21673691273332
1,186,66,77.92571879090231
1,187,65,74.5286059893308
1,188,64,69.03240125397352
1,189,63,73.10390450323213
1,190,62,74.8192730714571
1,191,61,67.0885830815703
1,192,60,66.17040260258214
1,193,59,59.77584236831038
1,194,58,60.255409148395074
1,195,57,61.136057863430295
1,196,56,59.81068767788683
1,197,55,58.7891649670641
1,198,54,56.67956553659961
1,199,53,51.71756123791471
1,200,52,53.969935626051296
1,201,51,54.983610941616064
1,202,50,54.27459597234889
1,203,49,53.7427409519332
1,204,48,50.44243453763457
1,205,47,47.91309004784617
1,206,46,51.83913510412837
1,207,45,50.56064915340992
1,208,44,48.484412887251914
1,209,43,48.25070671988432
1,210,42,50.31925644087056
1,211,41,46.92839863083442
1,212,40,47.38174558027973
1,213,39,47.77803820373665
1,214,38,46.97223168972194
1,215,37,43.81291908595786
1,216,36,42.061605299399616
1,217,35,41.090007250767925
1,218,34,40.542826920330924
1,219,33,41.34253892060946
1,220,32,37.862640026711745
1,221,31,37.30784075978241
1,222,30,35.56942471651743
1,223,29,33.69357678776407
1,224,28,32.267027883438814
1,225,27,32.4020696938487
1,226,26,29.54740380858803
1,227,25,27.990107635511613
1,228,24,27.717967830623465
1,229,23,28.629052578235388
1,230,22,27.32668465909733
2,40,152,125.0
2,41,151,124.15432941574079
2,42,150,122.82661178756715
2,43,149,121.88734625152952
2,44,148,121.53660161043706
2,45,147,122.75003245708331
2,46,146,123.66603275298127
2,47,145,123.811078637905
2,48,144,122.37835212261265
2,49,143,122.72644623157026
2,50,142,123.62576270372347
2,51,141,123.2785921339912
2,52,140,123.33061800793055
2,53,139,123.37725598479174
2,54,138,123.01252747402599
2,55,137,123.18263041903865
2,56,136,122.26483389574366
2,57,135,122.65292699152295
2,58,134,121.70546220920677
2,59,133,122.72396282897566
2,60,132,122.85729612422818
2,61,131,122.8247301580142
2,62,130,122.91087444110163
2,63,129,122.84180249506159
2,64,128,122.41045543295091
2,65,127,122.2993209157033
2,66,126,122.71587754237322
2,67,125,121.87046891321019
2,68,124,120.90477392286178
2,69,123,120.93740972703091
2,70,122,120.35437767852784
2,71,121,119.56383054085222
2,72,120,118.5985749512836
2,73,119,112.93992329127119
2,74,118,111.90300923859652
2,75,117,112.4677617904768
2,76,116,111.78446459896419
2,77,115,108.67016516343597
2,78,114,112.63424718188179
2,79,113,110.48550651584391
2,80,112,113.99394680437538
2,81,111,114.01128299866176
2,82,110,109.54402155234169
2,83,109,107.00955668293074
2,84,108,114.97099943976983
2,85,107,114.05253378978199
2,86,106,115.4201542528076
2,87,105,113.50283672428287
2,88,104,112.77389850277504
2,89,103,112.70559352013001
2,90,102,107.96456907138466
2,91,101,108.50870136671787
2,92,100,108.27364512838403
2,93,99,105.94071059966765
2,94,98,110.87179347017121
2,95,97,109.87816011807892
2,96,96,113.18801272830086
2,97,95,114.65941461925516
2,98,94,114.1693043548027
2,99,93,114.9561369342569
2,100,92,117.00450233155298
2,101,91,115.94971184413109
2,102,90,116.23486461088191
2,103,89,117.69475431107236
2,104,88,114.18242901249505
2,105,87,113.38358740928226
2,106,86,113.6817868448014
2,107,85,114.09108689330395
2,108,84,109.795076101289
2,109,83,107.73004993933813
2,110,82,107.78107585011412
2,111,81,105.22953571730173
2,112,80,96.27721103074089
2,113,79,86.47489316061171
2,114,78,93.57573256173944
2,115,77,86.04356042168843
2,116,76,83.61577276222567
2,117,75,79.67796017771843
2,118,74,79.97950068927969
2,119,73,77.94839456745336
2,120,72,82.99674821057253
2,121,71,75.68009566141276
2,122,70,76.78994781640775
2,123,69,73.90469836987717
2,124,68,71.86843970777987
2,125,67,74.65239229983419
2,126,66,79.52936156556842
2,127,65,74.71044789525612
2,128,64,79.15560177369731
2,129,63,74.23001117016969
2,130,62,65.18018735572359
2,131,61,60.4246663296816
2,132,60,60.44215692193069
2,133,59,60.25607443220018
2,134,58,66.57641997536383
2,135,57,57.61987026175652
2,136,56,55.86248354187248
2,137,55,62.18632459258021
2,138,54,59.17952028110503
2,139,53,63.30925243358615
2,140,52,76.2573324040707
2,141,51,77.33728693308328
2,142,50,72.15377263282892
2,143,49,67.72883456665328
2,144,48,59.79751289619617
2,145,47,61.365225195811675
2,146,46,61.38551398677125
2,147,45,61.76588226346364
2,148,44,52.72888728707626
2,149,43,47.38648787349594
2,150,42,41.26882450826464
2,151,41,36.18298739435495
2,152,40,34.27277783987658
2,153,39,31.998728029284706
3,40,208,125.0
3,41,207,125.0
3,42,206,125.0
3,43,205,125.0
3,44,204,125.0
3,45,203,125.0
3,46,202,125.0
3,47,201,124.90981389573324
3,48,200,123.09554136461759
3,49,199,122.80294785412713
3,50,198,124.36663017887682
3,51,197,123.38382674488551
3,52,196,122.91091779214432
3,53,195,123.48430786701863
3,54,194,124.57217137326458
3,55,193,123.13246763093304
3,56,192,124.22760927222467
3,57,191,123.70368926524773
3,58,190,125.0
3,59,189,125.0
3,60,188,125.0
3,61,187,125.0
3,62,186,124.86244164539633
3,63,185,125.0
3,64,184,124.41816452256731
3,65,183,124.81225717889315
3,66,182,125.0
3,67,181,125.0
3,68,180,124.90120206715542
3,69,179,125.0
3,70,178,125.0
3,71,177,125.0
3,72,176,125.0
3,73,175,125.0
3,74,174,125.0
3,75,173,125.0
3,76,172,124.97348781781649
3,77,171,124.91206873311936
3,78,170,124.93346231722438
3,79,169,124.63121239533038
3,80,168,124.30545458994564
3,81,167,125.0
3,82,166,124.47897979649262
3,83,165,124.82354123181327
3,84,164,125.0
3,85,163,125.0
3,86,162,125.0
3,87,161,124.9484116066894
3,88,160,124.80749127714077
3,89,159,124.01524300550946
3,90,158,124.3603522632318
3,91,157,124.08046018060705
3,92,156,123.51746880325405
3,93,155,123.8605651830672
3,94,154,124.28048121816869
3,95,153,124.33379318133353
3,96,152,124.63231238538327
3,97,151,123.2079941605336
3,98,150,122.92298848920808
3,99,149,121.93199843866705
3,100,148,121.51109082749872
3,101,147,119.42223344272487
3,102,146,120.04807045090988
3,103,145,117.70996313758404
3,104,144,114.35164624861358
3,105,143,112.30588094185933
3,106,142,111.95660441441787
3,107,141,112.79189116693973
3,108,140,115.24251809240789
3,109,139,117.98071085866601
3,110,138,117.41134288122683
3,111,137,118.14195856321427
3,112,136,116.81008277741923
3,113,135,118.8478470203203
3,114,134,118.27857929525855
3,115,133,116.26818859215916
3,116,132,114.12316696797158
3,117,131,114.6804937027754
3,118,130,112.38220421520023
3,119,129,109.75418340637091
3,120,128,108.47323670385742
3,121,127,109.37433187463984
3,122,126,105.38707983419752
3,123,125,109.16387340579175
3,124,124,106.16459045156824
3,125,123,113.10271426918743
3,126,122,112.42493537950884
3,127,121,113.51549241560988
3,128,120,117.56405645553586
3,129,119,118.1482276895506
3,130,118,119.37471894173026
3,131,117,119.27292714524928
3,132,116,118.76856463260609
3,133,115,120.16252090091757
3,134,114,120.61569400229115
3,135,113,119.2831979491023
3,136,112,119.39904749362039
3,137,111,119.00300089582174
3,138,110,121.0495037279393
3,139,109,120.80714144917312
3,140,108,120.29576381153271
3,141,107,116.48470340253525
4,40,243,124.48490246135374
4,41,242,124.6858903220388
4,42,241,124.38367295595236
4,43,240,124.18301346158489
4,44,239,124.32822046895461
4,45,238,124.284476854567
4,46,237,124.32592253246524
4,47,236,124.65460623557945
4,48,235,124.96408859317185
4,49,234,124.88364484494849
4,50,233,124.42785120845096
4,51,232,124.33199262335029
4,52,231,124.14847115212234
4,53,230,124.14532789969144
4,54,229,124.57626003950249
4,55,228,125.0
4,56,227,124.73749388263406
4,57,226,125.0
4,58,225,125.0
4,59,224,125.0
4,60,223,124.82125530830027
4,61,222,125.0
4,62,221,123.72476982003462
4,63,220,124.47827872685949
4,64,219,124.7955902531765
4,65,218,124.30936048961422
4,66,217,124.12412899166208
4,67,216,124.40292687046284
4,68,215,124.47554087509226
4,69,214,124.94454658575766
4,70,213,124.2321253354578
4,71,212,124.37057658623911
4,72,211,124.16306495897767
4,73,210,124.19737701164007
4,74,209,124.58640566408138
4,75,208,121.95011817655367
4,76,207,122.27391520792803
4,77,206,120.68425566448371
4,78,205,119.91166436380227
4,79,204,114.91076089847094
4,80,203,115.8923752113783
4,81,202,114.5943743003317
4,82,201,115.88314435398914
4,83,200,117.80201899002036
4,84,199,117.15645201937451
4,85,198,120.8885359105887
4,86,197,123.65640131004893
4,87,196,122.03827185318244
4,88,195,122.9876053156413
4,89,194,122.93103641903141
4,90,193,122.57635939091494
4,91,192,122.85481545200773
4,92,191,124.82905454374088
4,93,190,124.42082794605662
4,94,189,124.86714976548075
4,95,188,125.0
4,96,187,125.0
4,97,186,124.99932884713854
4,98,185,124.88726482217675
4,99,184,123.67216884679016
4,100,183,123.86182136773556
4,101,182,122.72925314734952
4,102,181,124.29249821120465
4,103,180,123.20335632261228
4,104,179,121.43763526581543
4,105,178,123.6244158408873
4,106,177,121.15611251311402
4,107,176,120.73734180633531
4,108,175,120.21092741717572
4,109,174,119.21223904725503
4,110,173,120.10947577547257
4,111,172,117.05317672139168
4,112,171,118.51026165240788
4,113,170,119.70192687983926
4,114,169,117.15030186027184
4,115,168,117.83228704785873
4,116,167,120.32308305621339
4,117,166,119.6991706733172
4,118,165,119.57662985800114
4,119,164,119.66689338800816
4,120,163,121.69692760019629
4,121,162,122.93481241588992
4,122,161,122.97297848775288
4,123,160,123.39894098188489
4,124,159,123.50793093773629
4,125,158,123.18525622249035
4,126,157,122.47669038562591
4,127,156,122.19463709840755
4,128,155,122.45015808617364
4,129,154,122.97267590259875
4,130,153,121.76063511190932
4,131,152,121.51536677896414
4,132,151,122.1830016876365
4,133,150,122.7336557837628
4,134,149,122.44961825086705
4,135,148,123.073263706153
4,136,147,123.31852888660453
4,137,146,124.36257116359062
4,138,145,124.61187777273302
4,139,144,125.0
4,140,143,125.0
4,141,142,124.45849037018482
4,142,141,125.0
4,143,140,124.86654691762135
4,144,139,124.72503315285874
4,145,138,124.68659528534295
4,146,137,124.76794898162711
4,147,136,124.49646338990698
4,148,135,124.91252574455245
4,149,134,124.93119472634051
4,150,133,124.33868417544247
4,151,132,122.88494781524484
4,152,131,122.97756021905096
4,153,130,124.02515855293152
4,154,129,122.32375255356122
4,155,128,122.25999752421286
4,156,127,121.82339957700088
4,157,126,122.24510620104638
4,158,125,119.04226245335957
4,159,124,120.0565416529108
4,160,123,120.20388702302456
4,161,122,116.22916767840195
4,162,121,117.65842699380337
4,163,120,115.18801372947644
4,164,119,119.6482725618564
4,165,118,116.99552948550456
4,166,117,115.6262539830688
4,167,116,116.9054239071156
4,168,115,115.9712661479821
4,169,114,111.82965958652869
4,170,113,110.04685796897404
4,171,112,112.13721922135892
4,172,111,113.19943294887362
4,173,110,112.14417996306082
4,174,109,106.34316431301336
4,175,108,102.93080929676127
4,176,107,105.91199536982299
4,177,106,103.25793645308347
4,178,105,99.74979584573748
4,179,104,100.70602983675889
4,180,103,106.5322418588272
4,181,102,107.10358084410835
4,182,101,113.57779552132556
4,183,100,107.31059404845087
4,184,99,105.41037413442632
4,185,98,102.14335882743076
4,186,97,99.82958579675065
4,187,96,97.51141489356539
4,188,95,97.96287767160737
4,189,94,96.57960234818806
4,190,93,100.42733415756082
4,191,92,97.88584840137324
4,192,91,100.85713081188777
4,193,90,106.57632896860066
4,194,89,98.72062203449643
4,195,88,105.09442104114373
4,196,87,108.64245955464645
4,197,86,107.3678839215851
4,198,85,101.99685902415396
4,199,84,100.77954209961538
4,200,83,96.46315693456395
4,201,82,93.08574236650333
4,202,81,91.20984335838536
4,203,80,88.04039770397304
4,204,79,91.63394505594583
4,205,78,94.39027563542206
4,206,77,93.18456281797984
4,207,76,94.53297499735908
4,208,75,91.97629519408594
5,40,160,121.93717706259213
5,41,159,121.9496258530927
5,42,158,122.60133496840868
5,43,157,122.75616490069524
5,44,156,120.47885145423874
5,45,155,121.67741952173657
5,46,154,121.43226993952493
5,47,153,121.19835386087155
5,48,152,122.16620124984031
5,49,151,123.16609055075301
5,50,150,123.43311806058074
5,51,149,115.43124720413496
6,40,184,124.95253341227848
6,41,183,124.89631139495268
6,42,182,124.24056055124848
6,43,181,124.319806191522
6,44,180,124.3829143000112
6,45,179,124.54066843443277
6,46,178,124.28748684269883
6,47,177,124.14506393985742
6,48,176,124.99762995161532
6,49,175,125.0
6,50,174,124.86878830483752
6,51,173,124.2595323664431
6,52,172,124.36472801248914
6,53,171,124.21473256530464
6,54,170,124.00220004796444
6,55,169,123.04409313332735
6,56,168,123.09366696451863
6,57,167,123.24609694864091
6,58,166,122.1805477607237
6,59,165,121.82836539608223
6,60,164,120.87562169695761
6,61,163,121.13578194801285
6,62,162,121.6021344554123
6,63,161,123.76367977636289
6,64,160,122.71521917826902
6,65,159,121.89584166707941
6,66,158,123.57034962667237
6,67,157,122.94550947821469
6,68,156,123.19450291116436
6,69,155,123.94202251888392
6,70,154,123.6440494214859
6,71,153,123.36898944967339
6,72,152,124.1533118926775
6,73,151,124.36509401182771
6,74,150,123.84207428294073
6,75,149,124.40464056734504
6,76,148,124.52627075649963
6,77,147,124.06325985583295
6,78,146,123.52590370151539
6,79,145,123.76085505409041
6,80,144,123.70975829688804
6,81,143,123.48656085479263
6,82,142,123.45910344921427
6,83,141,123.39661191950243
6,84,140,123.2777587932209
6,85,139,122.58900210791566
6,86,138,122.30331067271104
6,87,137,121.9466121652769
6,88,136,122.86311435365587
6,89,135,122.34437062271486
6,90,134,121.94319214229478
6,91,133,122.33853397811447
6,92,132,123.10813675925064
6,93,131,122.84869083345738
6,94,130,122.24667054008793
6,95,129,121.62672538315476
6,96,128,121.48102891296512
6,97,127,120.73739974092783
6,98,126,122.37288065793551
6,99,125,122.76026104745068
6,100,124,124.17670708693839
6,101,123,123.08943595944322
6,102,122,122.74155841343614
6,103,121,123.09725730726896
6,104,120,121.98843263983562
6,105,119,120.12446727334543
6,106,118,122.31551922895554
6,107,117,121.88862341662107
6,108,116,121.65850303743636
6,109,115,121.35591574157903
6,110,114,121.14208215628958
6,111,113,121.78359563687562
6,112,112,122.1689944845123
6,113,111,121.33594320001981
6,114,110,121.16983289681586
6,115,109,121.1632737558959
6,116,108,122.46207289699858
6,117,107,119.3969931724657
6,118,106,117.49700758022053
6,119,105,118.81789810377792
6,120,104,116.28404014640122
6,121,103,114.83452757554659
6,122,102,115.22817496649137
6,123,101,113.61691828297674
6,124,100,112.277506745967
6,125,99,116.24824791413285
6,126,98,113.73162071084681
6,127,97,114.5174125611083
6,128,96,119.76970464209546
6,129,95,119.54409419056181
6,130,94,119.15657249898939
6,131,93,118.74364373470289
6,132,92,117.40974621144163
6,133,91,115.74532369175817
6,134,90,113.08055558601363
6,135,89,108.02339173984248
6,136,88,108.90968175942224
6,137,87,107.70383988299511
6,138,86,102.84413240344887
6,139,85,101.16264355528534
6,140,84,102.06369526085476
6,141,83,101.21156210009089
6,142,82,99.31372820361523
6,143,81,95.57492448938753
6,144,80,93.10328087433285
6,145,79,90.58600748257945
6,146,78,86.69029969724855
7,40,108,123.21646888382705
7,41,107,120.59797772246634
7,42,106,120.72454989997928
7,43,105,121.0315806044996
7,44,104,120.72562377805897
7,45,103,117.80410754603932
7,46,102,117.23281939517793
7,47,101,117.09986088923267
7,48,100,115.3502329711079
7,49,99,116.17210762993008
7,50,98,110.26806163211138
7,51,97,114.81798515582588
7,52,96,115.6514990368841
7,53,95,113.75788217778234
7,54,94,114.42402440294285
8,40,222,124.75731695539383
8,41,221,124.28443027275259
8,42,220,122.6154247316893
8,43,219,124.16205999516515
8,44,218,122.8546743485233
8,45,217,123.64032051338569
8,46,216,121.83836641985775
8,47,215,123.78456942376937
8,48,214,122.84626084560776
8,49,213,122.09993286453707
8,50,212,120.8222603772258
8,51,211,121.09229317013373
8,52,210,120.76130273721716
8,53,209,119.99625749955695
8,54,208,119.41066708725702
8,55,207,118.52410914547349
8,56,206,119.0067396303803
8,57,205,118.02574155745842
8,58,204,117.85431237582176
8,59,203,118.03660390277443
8,60,202,118.87988627312154
8,61,201,117.07143348178822
8,62,200,118.63703415976727
8,63,199,116.23647278487337
8,64,198,114.85430020095455
8,65,197,112.73241127411993
8,66,196,108.46930120653658
8,67,195,103.4239685565472
8,68,194,101.91583188816554
8,69,193,103.60856615115563
8,70,192,105.86173642173497
8,71,191,106.00035846915793
8,72,190,114.75406075736348
8,73,189,115.8164140768857
8,74,188,115.21741701332516
8,75,187,115.23142657031953
8,76,186,115.20523996341964
8,77,185,112.35066308953225
8,78,184,107.96259092043067
8,79,183,109.21343852377379
8,80,182,110.1995995265824
8,81,181,106.54304215840956
8,82,180,107.27307129741212
8,83,179,109.42606938038972
8,84,178,111.19169126818403
8,85,177,115.84619181106066
8,86,176,117.23982312583885
8,87,175,117.13698622106256
8,88,174,112.63974351043095
8,89,173,115.35204615321521
8,90,172,116.56992290305337
8,91,171,116.8682258590781
8,92,170,114.86053388322358
8,93,169,116.60514201200111
8,94,168,110.18467083337293
8,95,167,108.14334846510724
8,96,166,112.43534369225074
8,97,165,112.86812665423844
8,98,164,114.06860231500664
8,99,163,116.18281576604677
8,100,162,112.97247798544532
8,101,161,113.78836246115105
8,102,160,111.73083709819245
8,103,159,113.25653522481272
8,104,158,113.2359191163432
8,105,157,107.56734325120465
8,106,156,106.80457765829237
8,107,155,98.56181944889663
8,108,154,102.87769453482977
8,109,153,100.24166758503853
8,110,152,102.02110783675883
8,111,151,103.88118050445655
8,112,150,103.00659961997928
8,113,149,102.43893440145953
8,114,148,100.35090348952761
8,115,147,103.89751623226377
8,116,146,103.95464875720171
8,117,145,105.11085851153925
8,118,144,106.83685933373022
8,119,143,107.12263809409275
8,120,142,107.24998308994044
8,121,141,108.78231383504897
8,122,140,109.88786729679794
8,123,139,111.12014449389379
8,124,138,110.41159832798087
8,125,137,113.48510118195841
8,126,136,113.12076060523893
8,127,135,112.01555999531425
8,128,134,111.60249234020245
8,129,133,110.4117258816407
8,130,132,111.1706794701789
8,131,131,110.14545962462029
8,132,130,110.49681477384243
8,133,129,108.40333764669279
8,134,128,102.93265998752017
8,135,127,107.6245138687849
8,136,126,104.5324317689876
8,137,125,106.34672918010607
8,138,124,104.69509584783498
8,139,123,101.77311382626199
8,140,122,103.34862696364144
8,141,121,97.7401256343355
8,142,120,100.07755913408678
8,143,119,101.65951200346402
8,144,118,103.71024614286101
8,145,117,100.8246041992318
8,146,116,99.92203375947402
8,147,115,99.61543724816207
8,148,114,96.46764835416164
8,149,113,93.7775953430234
8,150,112,93.62355267567506
8,151,111,95.00428366217659
8,152,110,93.39343393379183
8,153,109,89.84367135148982
8,154,108,85.99391031760872
8,155,107,84.6825671842227
8,156,106,87.30166937863615
8,157,105,94.37336391425266
8,158,104,89.74161599126522
8,159,103,85.57370262230609
8,160,102,84.01745129159346
8,161,101,87.97090429609332
8,162,100,77.46561157654644
8,163,99,80.41793919698645
8,164,98,86.41246407100508
8,165,97,83.43985742644297
8,166,96,77.3634365106852
8,167,95,77.99061911536292
8,168,94,79.75813887769114
8,169,93,77.55732272495598
8,170,92,76.38017879325108
8,171,91,77.12239803987333
8,172,90,74.13507746897429
8,173,89,70.04893981800956
8,174,88,71.09396154396075
8,175,87,77.0376527112046
8,176,86,74.23700581798
8,177,85,76.20900132664843
8,178,84,74.87107417381786
8,179,83,72.48792918616235
8,180,82,74.65348089059697
8,181,81,74.55083040357495
8,182,80,76.65905779514858
8,183,79,73.69647978598267
8,184,78,75.81383319631674
8,185,77,75.88569282375039
8,186,76,74.60603440080678
8,187,75,75.36035773629365
8,188,74,76.39751653892222
8,189,73,72.98276962613808
8,190,72,72.02618685380573
8,191,71,70.19632249498133
8,192,70,73.57505735337402
8,193,69,69.56851325965111
8,194,68,71.75511189490078
8,195,67,73.72807670415479
8,196,66,71.67508487300029
8,197,65,69.27321108989634
8,198,64,69.33001697594047
8,199,63,68.23003354114945
8,200,62,67.88733168724622
8,201,61,69.2207994716087
8,202,60,69.03829259004688
8,203,59,67.38593189260857
8,204,58,69.19336302731925
8,205,57,64.91285607719351
8,206,56,63.01642400199839
8,207,55,59.19762735384039
8,208,54,58.01672049475363
8,209,53,53.409737435672724
8,210,52,50.885504706532046
8,211,51,49.898670930090546
8,212,50,47.91493955888857
8,213,49,46.48824570452727
8,214,48,47.145748803531795
8,215,47,46.05299716357662
8,216,46,44.59603120281004
8,217,45,42.58928291621018
8,218,44,43.35907882793805
8,219,43,42.55333203736237
8,220,42,41.18956897155935
8,221,41,41.18116008960081
8,222,40,39.45029181587267
8,223,39,39.05022242141649
8,224,38,38.045253326355095
8,225,37,34.2149048803814
8,226,36,28.09864092064649
8,227,35,28.537607484294355
8,228,34,30.290217116082758
8,229,33,26.992172311145886
8,230,32,27.60455940174502
8,231,31,25.07819399537086
8,232,30,23.843843326638563
8,233,29,23.974485538513214
8,234,28,23.861184320052086
8,235,27,20.18653093516497
8,236,26,21.009732962885806
8,237,25,19.71250534557847
8,238,24,20.078949147464527
8,239,23,20.208706804519146
8,240,22,21.84115406475879
8,241,21,17.972460294514253
8,242,20,19.176443578074874
8,243,19,20.00057176121716
8,244,18,17.03887445032268
8,245,17,15.815385595806049
8,246,16,16.80057985722209
8,247,15,13.278211474140054
8,248,14,14.610815977109532
9,40,343,123.76496376195388
9,41,342,123.94027020425925
9,42,341,124.35086074329507
9,43,340,125.0
9,44,339,124.646955916814
9,45,338,124.89842199907278
9,46,337,125.0
9,47,336,125.0
9,48,335,125.0
9,49,334,124.64619705881759
9,50,333,125.0
9,51,332,125.0
9,52,331,123.05893742159131
9,53,330,124.23997802683192
9,54,329,124.53957878552364
9,55,328,124.5020401116117
9,56,327,124.19344660692865
9,57,326,124.71047991047581
9,58,325,124.79210470989224
9,59,324,124.46561645822509
9,60,323,123.94116522816176
9,61,322,123.70474333784253
9,62,321,123.60380535469582
9,63,320,123.96579981656352
9,64,319,124.13036913800931
9,65,318,124.26260637023603
9,66,317,124.83775597887862
9,67,316,124.8786500642328
9,68,315,125.0
9,69,314,125.0
9,70,313,124.77224695542756
9,71,312,124.74992773702515
9,72,311,124.65966856383614
9,73,310,124.65896175116369
9,74,309,124.27684729941791
9,75,308,124.15628759675644
9,76,307,124.62248925584623
9,77,306,124.54391967220404
9,78,305,124.56717842277139
9,79,304,124.61421214727807
9,80,303,124.15047340471465
9,81,302,124.45113483954253
9,82,301,124.27503425788794
9,83,300,124.41576840499498
9,84,299,124.1418967663588
9,85,298,124.15726053745502
9,86,297,123.92365182516474
9,87,296,123.95840995581183
9,88,295,123.93538136095785
9,89,294,123.76547170131876
9,90,293,123.49218720587886
9,91,292,123.41786948579895
9,92,291,123.02471831309974
9,93,290,123.37578673998061
9,94,289,123.27826561587034
9,95,288,122.71701674703857
9,96,287,122.78473478935834
9,97,286,122.9193916113345
9,98,285,122.68229792557852
9,99,284,119.84349530667441
9,100,283,119.286113219671
9,101,282,122.8343800123831
9,102,281,122.1421480706222
9,103,280,122.72718690519454
9,104,279,122.00546428353893
9,105,278,122.37017160935349
9,106,277,121.94149312514625
9,107,276,122.27248440735723
9,108,275,122.67483988245237
9,109,274,123.69287670874178
9,110,273,122.8146412309524
9,111,272,121.20219419740313
9,112,271,122.52900978707072
9,113,270,123.04558043570901
9,114,269,123.17664509027674
9,115,268,124.34937694120481
9,116,267,124.19114004302904
9,117,266,124.18760075485818
9,118,265,124.24330441113585
9,119,264,124.48633612736874
9,120,263,124.55360644833596
9,121,262,124.37248265871963
9,122,261,123.50441805114272
9,123,260,123.56434934631767
9,124,259,122.39546677087719
9,125,258,123.4021981938001
9,126,257,123.3441261706137
9,127,256,123.067708456345
9,128,255,123.08922054290332
9,129,254,123.5231539726314
9,130,253,123.32327901375629
9,131,252,123.88567156215544
9,132,251,124.02810979097477
9,133,250,123.49383638455623
9,134,249,123.27596716968631
9,135,248,123.45974953044123
9,136,247,122.70928693888285
9,137,246,123.7132430169311
9,138,245,123.69043891523006
9,139,244,124.12583484343469
9,140,243,124.03593285777941
9,141,242,123.85777787119784
9,142,241,123.83780537412899
9,143,240,124.01097639940379
9,144,239,122.98094862421266
9,145,238,122.4369161714498
9,146,237,122.29926195689296
9,147,236,120.54048603163253
9,148,235,121.8415636886188
9,149,234,122.80065666479419
9,150,233,122.92661369274347
9,151,232,123.00989903828456
9,152,231,123.25627930022131
9,153,230,123.63804122673
9,154,229,124.79374619088244
9,155,228,125.0
9,156,227,124.60713390752255
9,157,226,124.59751129165932
9,158,225,124.40757043423098
9,159,224,123.67717091153015
9,160,223,123.56809608561713
9,161,222,122.98900029331756
9,162,221,122.89597868868881
9,163,220,121.92321688754221
9,164,219,123.15687260487672
9,165,218,124.24274888146267
9,166,217,124.2715065981495
9,167,216,124.50333053346446
9,168,215,123.99488401789384
9,169,214,124.67946010945829
9,170,213,124.45518187928403
9,171,212,124.65156761781097
9,172,211,124.5414531850365
9,173,210,124.70702584580332
9,174,209,124.54662906493897
9,175,208,123.92065981945127
9,176,207,124.78480242210517
9,177,206,125.0
9,178,205,125.0
9,179,204,124.94297350616367
9,180,203,124.9708919394054
9,181,202,123.98057619895498
9,182,201,124.5235906374615
9,183,200,123.88882861685175
9,184,199,124.68495726837949
9,185,198,125.0
9,186,197,124.34146872337648
9,187,196,124.26683909064377
9,188,195,122.63680095895428
9,189,194,123.17035082519396
9,190,193,122.94379826038801
9,191,192,122.77719052328851
9,192,191,123.94640073045139
9,193,190,123.79869130259358
9,194,189,122.71753204524623
9,195,188,123.48499414926638
9,196,187,123.65801684216734
9,197,186,124.88574685908819
9,198,185,125.0
9,199,184,125.0
9,200,183,124.34335666794739
9,201,182,122.58880788372085
9,202,181,122.02136335933125
9,203,180,122.2629077110227
9,204,179,122.26716092089003
9,205,178,123.06826234026204
9,206,177,123.19053376110095
9,207,176,124.95454005058451
9,208,175,121.40077728239581
9,209,174,122.60161665095134
9,210,173,120.50021191715547
9,211,172,120.85133214818302
9,212,171,121.66658446845356
9,213,170,121.05233498757667
9,214,169,120.27673814075095
9,215,168,120.51343350135517
9,216,167,120.02642629341716
9,217,166,120.53177428828832
9,218,165,120.89797563617054
9,219,164,121.15580487045474
9,220,163,122.54162873169014
9,221,162,124.62304934224753
9,222,161,124.69939432024023
9,223,160,124.31793339866357
9,224,159,124.33997328182518
9,225,158,124.55661151667161
9,226,157,124.5516381017861
9,227,156,124.08421977596514
9,228,155,121.96421042859023
9,229,154,121.05965825075695
9,230,153,120.9293360365165
9,231,152,121.39234616923079
9,232,151,120.44174620404638
9,233,150,119.58400436333548
9,234,149,119.46675782482666
9,235,148,118.54486315794696
9,236,147,117.9261975869324
9,237,146,118.89527945305602
9,238,145,120.01416057352978
9,239,144,118.08448197155914
9,240,143,115.39819520906187
9,241,142,115.10963488558977
9,242,141,115.52330482948176
9,243,140,114.37729288422943
9,244,139,113.65913758802317
9,245,138,113.5457682287868
9,246,137,114.35810750350026
9,247,136,114.17755267334871
9,248,135,113.07735131103118
9,249,134,115.00712514416544
9,250,133,114.32139959019914
9,251,132,114.22844557557102
9,252,131,114.44783532986423
9,253,130,114.79302583336352
9,254,129,113.72767791380271
9,255,128,114.46712221215253
9,256,127,112.15535557262142
9,257,126,116.57767003908289
9,258,125,115.27590833232429
9,259,124,113.67867498186803
9,260,123,114.17733086951758
9,261,122,114.46963919634322
9,262,121,112.06924589008895
9,263,120,115.87239088378072
9,264,119,114.19223894652453
9,265,118,114.49148321644144
9,266,117,116.69988929591693
9,267,116,114.76791220156122
9,268,115,112.20606770446605
9,269,114,116.28411895161648
9,270,113,116.06072944320334
9,271,112,116.91914077436849
9,272,111,116.22404870695411
9,273,110,114.15373856223597
9,274,109,117.92943844058709
9,275,108,114.55453596897293
9,276,107,112.39888397359871
9,277,106,115.99566694397814
9,278,105,115.23470622266404
9,279,104,113.01469034466038
9,280,103,110.68241281336202
9,281,102,113.60764017056773
9,282,101,111.50031003364853
9,283,100,109.40300851011253
9,284,99,106.84337211783254
10,23,162,123.27319310998652
11,40,185,125.0
11,41,184,124.69519124112432
11,42,183,124.35494521854864
11,43,182,124.42609163188234
11,44,181,124.57737288502997
11,45,180,125.0
11,46,179,124.92866176601447
11,47,178,124.8763556386493
11,48,177,124.66072280966705
11,49,176,123.35523145819197
11,50,175,123.79557894992001
11,51,174,123.98168332672991
11,52,173,123.45904503076787
11,53,172,123.46962672690591
11,54,171,123.63699728204237
11,55,170,124.92196373759961
11,56,169,124.73895666045411
11,57,168,125.0
11,58,167,125.0
11,59,166,124.99845365761055
11,60,165,125.0
11,61,164,125.0
11,62,163,125.0
11,63,162,124.16541057293884
11,64,161,124.91730961763656
11,65,160,123.99558512334784
11,66,159,124.31466786446222
11,67,158,123.411298188486
11,68,157,122.05516886649728
11,69,156,122.79115864815077
11,70,155,122.64630895414615
11,71,154,121.96849365329433
11,72,153,122.87760549836055
11,73,152,122.63171708184606
11,74,151,122.52137989656651
11,75,150,120.80058685988593
11,76,149,121.76518876453085
11,77,148,120.1568615269734
11,78,147,119.71143451044478
11,79,146,120.37694912258462
11,80,145,121.50075836761033
11,81,144,121.40167270154862
11,82,143,120.37255001638492
12,40,237,124.42722530279258
12,41,236,124.45595183520467
12,42,235,124.79295190183481
12,43,234,123.85314431372461
12,44,233,124.15425683797646
12,45,232,123.9583230005917
12,46,231,124.29749592704462
12,47,230,123.81092338131582
12,48,229,124.30233459339935
12,49,228,124.43725920873896
12,50,227,124.41402750462248
12,51,226,123.66919395288993
12,52,225,124.10001436386808
12,53,224,124.24946116771947
12,54,223,124.41789735171739
12,55,222,124.92731139902928
12,56,221,125.0
12,57,220,125.0
12,58,219,125.0
12,59,218,125.0
12,60,217,125.0
12,61,216,125.0
12,62,215,125.0
12,63,214,125.0
12,64,213,125.0
12,65,212,125.0
12,66,211,125.0
12,67,210,125.0
12,68,209,125.0
12,69,208,125.0
12,70,207,125.0
12,71,206,125.0
12,72,205,124.97244059259158
12,73,204,125.0
12,74,203,125.0
12,75,202,125.0
12,76,201,125.0
12,77,200,124.32926162045177
12,78,199,124.43331807889456
12,79,198,123.62164079608262
12,80,197,124.06443471513583
12,81,196,123.9574562834936
12,82,195,124.47409492440536
12,83,194,124.68967108596823
12,84,193,124.12030473121415
12,85,192,124.6656160106478
12,86,191,124.1419555003976
12,87,190,123.62847789174955
12,88,189,122.42201436747439
12,89,188,123.09822230970758
12,90,187,123.34654447123265
12,91,186,123.25384902899998
12,92,185,122.7434980054277
12,93,184,124.49169860601698
12,94,183,122.82839008361003
12,95,182,122.84635254660924
12,96,181,123.77910550922968
12,97,180,124.04652259263727
12,98,179,124.7296426571688
12,99,178,123.72886511706544
12,100,177,124.32306435668426
12,101,176,125.0
12,102,175,125.0
12,103,174,124.87246152778738
12,104,173,125.0
12,105,172,124.94281888961682
12,106,171,125.0
12,107,170,124.51370829718151
12,108,169,125.0
12,109,168,125.0
12,110,167,125.0
12,111,166,124.98550950998876
12,112,165,121.15189032261344
12,113,164,121.86311836743313
12,114,163,122.95197309170632
12,115,162,121.48369130195127
12,116,161,122.63349818651454
12,117,160,123.37680211154844
12,118,159,123.70634912513214
12,119,158,123.13994593138182
12,120,157,121.99711355761082
12,121,156,121.44365934125403
12,122,155,122.47616540872423
12,123,154,123.36056409970018
12,124,153,123.57000226066273
12,125,152,124.14671509509336
12,126,151,123.07063005996568
12,127,150,122.87675946957624
12,128,149,120.4983403765094
12,129,148,123.20246053169444
12,130,147,118.42767213281591
12,131,146,118.98061195573803
12,132,145,116.9037138127655
12,133,144,116.99928433839422
12,134,143,114.72260704563598
12,135,142,114.48491700316472
12,136,141,110.76866722340566
12,137,140,117.7448773762483
12,138,139,120.78336789933851
12,139,138,118.4437454564822
12,140,137,120.1586442463587
12,141,136,121.1017488969126
12,142,135,120.30464297200552
12,143,134,120.6754895127066
12,144,133,118.93392076772744
12,145,132,118.40827627966075
12,146,131,122.37939339856024
12,147,130,122.21130715672423
12,148,129,121.65361754681419
12,149,128,123.17469371546794
12,150,127,122.12237776696503
12,151,126,119.69463194915443
12,152,125,119.12605137755905
12,153,124,114.9918588577668
12,154,123,115.24311961843287
12,155,122,117.88694045701058
12,156,121,118.74365124269583
12,157,120,119.67198994222886
12,158,119,120.47701920236784
12,159,118,117.5209646421636
12,160,117,115.40557375252983
12,161,116,112.45327719906865
12,162,115,110.18945156572639
12,163,114,112.0675437944679
12,164,113,118.2630406298784
12,165,112,117.18738024676458
12,166,111,118.63056845104111
12,167,110,118.08273511708265
12,168,109,118.80958048936535
12,169,108,117.56158872473443
12,170,107,115.70517950023847
12,171,106,118.4806906497846
12,172,105,116.54383819629709
12,173,104,120.96061963751063
12,174,103,122.23143884717086
12,175,102,121.39424224459867
12,176,101,116.59309036333029
12,177,100,116.63871812963392
12,178,99,116.42399313807857
12,179,98,115.27183718462197
12,180,97,115.26134122445416
12,181,96,110.43488245445198
12,182,95,108.98665943114685
12,183,94,115.23149745989261
12,184,93,117.64197160390634
12,185,92,116.7944165674052
12,186,91,117.6071833539435
12,187,90,119.46119220835817
12,188,89,117.36527202996913
12,189,88,116.99474888040398
12,190,87,111.35757840660446
12,191,86,110.58254820911948
12,192,85,102.06654377590748
12,193,84,94.74856966766609
12,194,83,93.10540768231624
12,195,82,102.32055032473596
12,196,81,92.92574342975942
12,197,80,92.95425674895064
12,198,79,91.28566345855194
12,199,78,84.16567260649006
12,200,77,79.22166850393452
12,201,76,74.72011610424903
12,202,75,71.52099725960329
12,203,74,71.07800344619659
12,204,73,73.06839950901619
12,205,72,69.40098557608654
12,206,71,72.33548621530397
12,207,70,72.78191402847033
12,208,69,67.65091952921303
12,209,68,66.08696578305444
12,210,67,64.5059496317261
12,211,66,67.2187860989468
12,212,65,67.49731208754287
12,213,64,66.45435126860987
12,214,63,70.04452210886845
12,215,62,72.15103766678195
12,216,61,71.56153493948798
12,217,60,72.90747728105643
12,218,59,63.148328591826086
12,219,58,63.010189645511616
12,220,57,62.71693022207332
12,221,56,61.11704434589895
12,222,55,57.75586272100148
12,223,54,53.874049208491684
12,224,53,54.49514776923466
12,225,52,54.14155544064317
12,226,51,52.84458154336501
12,227,50,53.05611637625613
12,228,49,49.65751107201372
12,229,48,49.785412064538875
12,230,47,46.518503762336806
12,231,46,47.53172649898145
12,232,45,43.8905841177266
12,233,44,45.14575614258622
12,234,43,44.07569863010643
12,235,42,45.06502750653163
12,236,41,42.59967098101808
12,237,40,43.361527528978314
12,238,39,42.45043920902711
12,239,38,42.83775059582278
12,240,37,40.82436027792123
12,241,36,40.43074931533799
12,242,35,36.37855535604117
12,243,34,39.889625840140866
12,244,33,39.05131396969361
12,245,32,35.32193012569465
12,246,31,36.78825713686089
12,247,30,32.91648046139349
12,248,29,34.45324354934377
12,249,28,31.32032568537274
12,250,27,29.859326937205736
12,251,26,29.546632476979763
12,252,25,27.050565712264472
12,253,24,25.892852192057433
12,254,23,23.491218172753726
12,255,22,25.597327229811626
12,256,21,21.972007512844243
12,257,20,20.56800951286777
12,258,19,21.443228658901727
12,259,18,19.82740491378132
12,260,17,19.737925321373616
12,261,16,19.08300525222242
12,262,15,17.670401584546433
12,263,14,16.19973403226568
12,264,13,17.46821257863666
12,265,12,15.249482619631126
12,266,11,13.512316845786179
12,267,10,14.89864422006678
12,268,9,12.752693934209923
12,269,8,13.241862384546266
12,270,7,11.761590796577169
13,40,258,125.0
13,41,257,125.0
13,42,256,124.9488043772225
13,43,255,124.48287476052195
13,44,254,124.16551743307112
13,45,253,124.10447755745213
13,46,252,124.33838096278251
13,47,251,124.89203939648404
13,48,250,123.96954422637825
13,49,249,124.27012027293858
13,50,248,124.02624875902885
13,51,247,123.49209921200026
13,52,246,123.56299980221118
13,53,245,124.96905133180184
13,54,244,124.59705002060196
13,55,243,124.33395395791553
13,56,242,122.90938479284912
13,57,241,122.70824021050174
13,58,240,122.41472302581798
13,59,239,123.41982376977494
13,60,238,123.67670988162297
13,61,237,124.15021458659345
13,62,236,123.478865457118
13,63,235,123.3868689215652
13,64,234,123.2585394680948
13,65,233,123.07495719507095
13,66,232,122.73635466333054
13,67,231,122.34286703989076
13,68,230,123.56502889087389
13,69,229,123.94589800406371
13,70,228,123.91541638505123
13,71,227,124.09769737869767
13,72,226,124.25427446349192
13,73,225,124.42514515000633
13,74,224,124.32809891035575
13,75,223,124.66319627112485
13,76,222,124.64657001343414
13,77,221,124.82359380987272
13,78,220,124.67818325517801
13,79,219,124.87583466142895
13,80,218,125.0
13,81,217,125.0
13,82,216,125.0
13,83,215,125.0
13,84,214,125.0
13,85,213,125.0
13,86,212,124.73682368229882
13,87,211,125.0
13,88,210,124.71743778692172
13,89,209,124.78110034443668
13,90,208,125.0
13,91,207,124.38113016921727
13,92,206,123.65778104351148
13,93,205,124.31643196462652
13,94,204,124.18135598608885
13,95,203,124.55797515529223
13,96,202,123.86674607922274
13,97,201,123.06958889657027
13,98,200,123.80937662017392
13,99,199,124.40280229012106
13,100,198,124.37509412107906
13,101,197,124.61094563449703
13,102,196,123.59726711694375
13,103,195,123.74780370228707
13,104,194,123.83075284977701
13,105,193,124.59284590585634
13,106,192,124.6024120626779
13,107,191,124.24779171275559
13,108,190,124.13021665967682
13,109,189,122.8727005364127
13,110,188,121.75681754879673
13,111,187,121.58114527028897
13,112,186,122.34612556576518
13,113,185,121.83785587327904
13,114,184,121.53535903178722
13,115,183,119.26773237157269
13,116,182,117.97357602037522
13,117,181,118.16683692249674
13,118,180,118.5800427274531
13,119,179,119.57963597236362
13,120,178,120.71015026912588
13,121,177,119.5727801878892
13,122,176,115.76197921123091
13,123,175,114.71567387932618
13,124,174,112.67288323541597
13,125,173,109.62573523621333
13,126,172,107.6038224680565
13,127,171,109.847471495049
13,128,170,111.14448020413525
13,129,169,111.7360839754511
13,130,168,111.26175043432309
13,131,167,110.55034522224196
13,132,166,106.53607866062643
13,133,165,109.76365499050154
13,134,164,108.056442654277
13,135,163,109.04998107033494
13,136,162,111.16601577187477
13,137,161,115.23308699976417
13,138,160,116.79010892979377
13,139,159,117.68617133718783
13,140,158,117.79444074928267
13,141,157,117.5231944160868
13,142,156,118.28282138823849
13,143,155,117.24470246219894
13,144,154,117.07950905141479
13,145,153,119.72227969714751
13,146,152,121.33392540955367
13,147,151,121.80977516683089
13,148,150,121.66047305144562
13,149,149,118.40250950639114
13,150,148,122.76598687013457
13,151,147,123.200239700646
13,152,146,123.38254387744306
13,153,145,123.47222320820467
13,154,144,122.72750872978298
13,155,143,122.6054167915532
13,156,142,122.62491925193243
13,157,141,122.51566534734789
13,158,140,122.35872453629895
13,159,139,122.92911115202199
13,160,138,122.70654396339042
13,161,137,120.97857597291488
13,162,136,120.36139664080338
13,163,135,121.39855583505562
13,164,134,121.58464269007419
13,165,133,120.68902679450106
13,166,132,121.34280076625049
13,167,131,120.6020714063286
13,168,130,114.58137200389436
13,169,129,115.7584603935068
13,170,128,114.85907207418629
13,171,127,112.5699736423152
13,172,126,104.67120057430347
13,173,125,109.82516333869648
13,174,124,108.91745434554039
13,175,123,111.87680326683059
13,176,122,109.8132892244313
13,177,121,112.86710509684733
13,178,120,109.24307499475476
13,179,119,108.59547078085092
13,180,118,105.82749454148907
13,181,117,104.14183332226553
13,182,116,105.71109691121838
13,183,115,105.32604743829219
13,184,114,102.57223316844068
13,185,113,102.21643375579856
13,186,112,97.29113083966882
13,187,111,97.839292158844
13,188,110,95.88957642072333
13,189,109,97.57103837730921
13,190,108,100.10167582750333
13,191,107,103.00219340366503
13,192,106,111.58499042759112
13,193,105,112.4012057222356
13,194,104,102.2390959757323
13,195,103,98.04602214684414
13,196,102,96.80056166613275
13,197,101,96.21398723034474
13,198,100,104.75534095314518
13,199,99,97.09292655854819
13,200,98,89.94698376388547
13,201,97,93.05272419663018
13,202,96,91.72229894964497
13,203,95,91.12234919316123
13,204,94,90.6250275720592
13,205,93,87.71751109954877
13,206,92,88.14538345276821
13,207,91,88.93411764169478
13,208,90,87.85213290683272
13,209,89,87.2418811997086
13,210,88,84.53348875444175
13,211,87,83.11495126743253
13,212,86,84.95551135136509
13,213,85,83.84425666530065
13,214,84,79.37152434505757
13,215,83,79.34590463801118
13,216,82,77.89859595652047
13,217,81,79.53414784096532
13,218,80,78.84451190561998
13,219,79,78.87051462583003
13,220,78,78.96249018097384
13,221,77,74.91396437398717
13,222,76,76.17181395930177
13,223,75,73.33462813581676
13,224,74,73.41195691762357
13,225,73,73.72899277150998
13,226,72,72.66668377261769
13,227,71,67.29153443277
14,40,167,122.07086129518585
14,41,166,121.67954863528439
14,42,165,120.59297582916328
14,43,164,121.62326086879276
14,44,163,121.25616251960147
14,45,162,120.02209937843224
14,46,161,120.8634067267557
14,47,160,119.92304296065451
14,48,159,120.38769530885239
14,49,158,120.55643016362413
14,50,157,120.37704546762204
14,51,156,120.02970772719166
14,52,155,120.32899533713199
14,53,154,120.6745406463148
14,54,153,121.77203292885275
14,55,152,120.9960182790862
14,56,151,120.22957440548888
14,57,150,122.03006889249329
14,58,149,121.96575346000785
14,59,148,121.2357656412895
14,60,147,121.30204616273286
14,61,146,121.16869819498771
14,62,145,118.73182441095764
14,63,144,116.90234958532685
14,64,143,114.27597775877194
14,65,142,114.96607752140999
14,66,141,114.99057283147079
14,67,140,110.58863236343804
14,68,139,111.77845815642164
14,69,138,112.82785767815685
14,70,137,108.93699480580861
14,71,136,103.91411344324044
14,72,135,97.90676288579422
14,73,134,98.52370990223724
14,74,133,98.03041153836747
14,75,132,96.20686812969093
14,76,131,92.90740245286196
14,77,130,98.06914244692774
14,78,129,100.60811196021129
14,79,128,98.35779306747145
14,80,127,100.43904347435469
14,81,126,104.68184118933993
14,82,125,107.30862231373399
14,83,124,111.30878881019667
14,84,123,112.19201677692595
14,85,122,110.14076477461674
14,86,121,108.13946990033304
14,87,120,100.89055964215416
14,88,119,101.8241761897478
14,89,118,100.2286712190632
14,90,117,100.7019647037233
14,91,116,98.81469642971423
14,92,115,101.84065240151185
14,93,114,106.43298009132825
14,94,113,110.363358538429
14,95,112,106.85680631840881
14,96,111,109.81649115880231
14,97,110,112.11707553143208
14,98,109,115.17024621511705
14,99,108,114.68575004824277
14,100,107,113.4359276789333
14,101,106,116.4912403400375
14,102,105,113.52180574299848
15,40,140,125.0
15,41,139,125.0
15,42,138,125.0
15,43,137,125.0
15,44,136,125.0
15,45,135,125.0
15,46,134,125.0
15,47,133,125.0
15,48,132,125.0
15,49,131,125.0
15,50,130,124.95953512038945
15,51,129,125.0
15,52,128,124.13671820618377
15,53,127,123.80443437406208
15,54,126,124.38528160458159
15,55,125,123.23313736636862
15,56,124,121.58667230927475
15,57,123,121.7398581880527
15,58,122,123.42984956368917
15,59,121,123.01014159928513
15,60,120,125.0
15,61,119,125.0
15,62,118,125.0
15,63,117,125.0
15,64,116,125.0
15,65,115,124.67768597148729
15,66,114,124.85972691077684
15,67,113,124.38810944834597
15,68,112,124.67730397637976
15,69,111,125.0
15,70,110,125.0
15,71,109,125.0
15,72,108,123.71679685148968
15,73,107,122.82583536912655
15,74,106,124.04568638580375
15,75,105,124.37001619260104
15,76,104,124.7480371429458
15,77,103,124.47294305081519
15,78,102,124.82918613068881
15,79,101,124.08531832211389
15,80,100,124.33586532186688
15,81,99,124.37983985998883
15,82,98,123.70243609922346
15,83,97,122.61503990321023
15,84,96,122.00505674637175
15,85,95,121.24682547635402
15,86,94,121.06761515263725
15,87,93,122.24789040954035
15,88,92,122.98385683362658
15,89,91,122.87217098752922
15,90,90,122.17661790726962
15,91,89,121.85459490699483
15,92,88,120.59825694591999
15,93,87,118.50019039673671
15,94,86,114.11842740886442
15,95,85,111.99734503555464
15,96,84,112.26593001715247
15,97,83,112.95047767305842
15,98,82,113.13619795405592
15,99,81,110.17508124493128
15,100,80,108.142789627761
15,101,79,104.95089560083215
15,102,78,104.84053422412373
15,103,77,105.9253463709627
15,104,76,109.50024032757908
15,105,75,102.37871582317948
15,106,74,100.76415100005117
15,107,73,99.32196011780388
15,108,72,96.03020837186358
15,109,71,97.90652256161603
15,110,70,95.96223738242455
15,111,69,87.81637060582557
15,112,68,80.4183503316273
15,113,67,76.37370557277917
15,114,66,76.68457115614197
15,115,65,73.8529671886923
15,116,64,73.70314402341128
15,117,63,76.18180558203429
15,118,62,72.25440886443047
15,119,61,72.38637413047323
15,120,60,70.34544840449912
15,121,59,68.59305030368131
15,122,58,67.79202108974016
15,123,57,66.7916858453088
15,124,56,61.48577819521145
15,125,55,57.9860842889547
15,126,54,55.17598265874488
15,127,53,56.216831976913014
15,128,52,53.47299653634508
15,129,51,54.59533493234582
15,130,50,54.46194032732903
15,131,49,52.877277292818334
15,132,48,52.09562194705727
15,133,47,50.33202985765459
15,134,46,48.26609325709096
15,135,45,50.86508380286255
15,136,44,50.91703746819151
15,137,43,48.13437259378617
15,138,42,50.49731875680766
15,139,41,50.23217304570722
15,140,40,44.943144116497535
15,141,39,47.63971678510514
15,142,38,46.654728818506754
15,143,37,45.505389827332266
15,144,36,43.757107852902095
15,145,35,40.684896740136594
15,146,34,40.02520057545993
15,147,33,44.734533709278125
15,148,32,43.89222467670215
15,149,31,42.73753917615022
15,150,30,40.44144944238881
15,151,29,41.59804061812339
15,152,28,40.79156523033482
15,153,27,39.150154537586076
15,154,26,37.54745739385078
15,155,25,39.28972956062741
15,156,24,41.58282573071331
15,157,23,36.20425539759957
15,158,22,37.19525110006683
15,159,21,35.151573205446795
15,160,20,30.128723775762616
15,161,19,30.330811284811702
15,162,18,29.389197669023453
15,163,17,27.05935115688688
15,164,16,26.02596159443965
15,165,15,24.56911681858188
15,166,14,20.816028632086173
15,167,13,22.095289394987077
15,168,12,19.562982044526017
16,40,360,123.62870907905287
16,41,359,123.9792563725888
16,42,358,124.33760767482156
16,43,357,124.56738025741836
16,44,356,124.91229542671356
16,45,355,125.0
16,46,354,125.0
16,47,353,125.0
16,48,352,125.0
16,49,351,125.0
16,50,350,125.0
16,51,349,124.96895839939779
16,52,348,124.498488902356
16,53,347,124.7198442012735
16,54,346,123.7371215554133
16,55,345,123.77234629150038
16,56,344,124.7498024733618
16,57,343,125.0
16,58,342,124.30662053023661
16,59,341,124.68533236998712
16,60,340,124.69323558936408
16,61,339,124.81426248261127
16,62,338,125.0
16,63,337,125.0
16,64,336,125.0
16,65,335,125.0
16,66,334,124.74722699266616
16,67,333,124.41285307515638
16,68,332,124.2628899682874
16,69,331,124.25030270720164
16,70,330,124.41425953686468
16,71,329,123.99632940835693
16,72,328,124.25503191191441
16,73,327,124.80249889734637
16,74,326,124.73930744966933
16,75,325,124.72142688469434
16,76,324,124.4455600818838
16,77,323,124.42126387883366
16,78,322,124.00246331891063
16,79,321,124.02326212078302
16,80,320,123.10865794127719
16,81,319,123.01316129991687
16,82,318,122.24423359410709
16,83,317,121.87213755549548
16,84,316,120.3263357370059
16,85,315,120.70104919386735
16,86,314,119.46391573797469
16,87,313,120.89628995766466
16,88,312,120.80869576488509
16,89,311,121.74087451887638
16,90,310,122.48312658354804
16,91,309,122.82733124982698
16,92,308,122.92668957622448
16,93,307,123.30105819751242
16,94,306,122.58715471294548
16,95,305,123.28582859058666
16,96,304,123.09380807721742
16,97,303,123.83080442633394
16,98,302,123.52068501439601
16,99,301,123.34445925221871
16,100,300,124.45941455826156
16,101,299,124.50469699472869
16,102,298,123.77647723493995
16,103,297,124.5996630099024
16,104,296,124.467070457245
16,105,295,124.02880049350082
16,106,294,124.39529388457969
16,107,293,124.37687546890922
16,108,292,124.27045977465585
16,109,291,123.79069955962125
16,110,290,123.25908453713323
16,111,289,123.90646650184918
16,112,288,124.01957675954081
16,113,287,124.05147707850398
16,114,286,124.36008241282201
16,115,285,124.42248410920784
16,116,284,124.510116725585
16,117,283,124.61383312598267
16,118,282,124.54710387810609
16,119,281,123.73876830330934
16,120,280,124.07945493692807
16,121,279,124.0488462462682
16,122,278,123.81815308512839
16,123,277,124.01917884038355
16,124,276,123.84177028290742
16,125,275,123.53091997273151
16,126,274,121.8029732332977
16,127,273,122.72741608339753
16,128,272,122.84188153813488
16,129,271,122.08077271917058
16,130,270,122.78332626854177
16,131,269,122.58795380670267
16,132,268,122.22690328356664
16,133,267,123.23562111378322
16,134,266,123.36060031177146
16,135,265,123.50899732409286
16,136,264,123.95525377273427
16,137,263,123.5368184637091
16,138,262,124.29070737695824
16,139,261,124.45357368902935
16,140,260,124.65512939836515
16,141,259,124.05760758856984
16,142,258,124.35372275580926
16,143,257,123.39398223875585
16,144,256,123.48227855209274
16,145,255,123.62194221280294
16,146,254,123.61426127504834
16,147,253,124.11881302865035
16,148,252,124.65878081602584
16,149,251,124.3289105379945
16,150,250,124.09168477719734
16,151,249,124.01241599927936
16,152,248,123.84098783653809
16,153,247,123.24617170671382
16,154,246,123.95076323614664
16,155,245,123.83742992561159
16,156,244,123.41343970507181
16,157,243,124.21376927748037
16,158,242,124.84045494615754
16,159,241,125.0
16,160,240,125.0
16,161,239,124.76920964949133
16,162,238,125.0
16,163,237,124.56587501413868
16,164,236,124.7338803508138
16,165,235,123.62657078918645
16,166,234,122.15999302807487
16,167,233,123.50779692429681
16,168,232,123.25647375872008
16,169,231,122.38226888123899
16,170,230,122.39872848587015
16,171,229,122.30132754145609
16,172,228,121.88533424272941
16,173,227,122.38384585906601
16,174,226,122.37417996001236
16,175,225,122.35789055773088
16,176,224,121.92862083888548
16,177,223,121.91956262417979
16,178,222,122.26588520448183
16,179,221,121.69123862941271
16,180,220,122.20333573745708
16,181,219,121.7378652819175
16,182,218,121.62876923341993
16,183,217,122.71304795994752
16,184,216,123.38354266725446
16,185,215,123.73885328279476
16,186,214,123.92909334543043
16,187,213,124.35866626643086
16,188,212,124.37599886002508
16,189,211,124.84722389128116
16,190,210,125.0
16,191,209,124.60442810557038
16,192,208,124.73064003860773
16,193,207,125.0
16,194,206,124.6232931499863
16,195,205,124.51935215213823
16,196,204,123.63382837200962
16,197,203,123.84359730190545
16,198,202,123.32692692758691
16,199,201,124.19700218013394
16,200,200,124.3764763282485
16,201,199,124.18254922278481
16,202,198,124.87136088796669
16,203,197,124.97869170696426
16,204,196,124.84588687542742
16,205,195,124.27762277738687
16,206,194,123.88281491511142
16,207,193,124.6454271386805
16,208,192,124.26317762814116
16,209,191,124.44567734491085
16,210,190,123.69086496239805
16,211,189,123.94050099003002
16,212,188,123.24110271181044
16,213,187,123.99177871351614
16,214,186,124.01037942324612
16,215,185,123.95479300506268
16,216,184,123.85968138696504
16,217,183,123.92850272052561
16,218,182,124.037107908479
16,219,181,123.61163825956415
16,220,180,123.5918179916369
16,221,179,122.80828176437683
16,222,178,121.21750912454024
16,223,177,120.80707124214334
16,224,176,121.38515568321404
16,225,175,121.92938889087992
16,226,174,121.51388431066007
16,227,173,121.17295842555332
16,228,172,121.65279288544956
16,229,171,122.1450431927741
16,230,170,121.94634727223925
16,231,169,121.72608978966602
16,232,168,123.47544879876588
16,233,167,123.1905982964247
16,234,166,123.75171449306549
16,235,165,123.40946838101223
16,236,164,122.84102884425613
16,237,163,123.11837778072862
16,238,162,122.93266176488723
16,239,161,122.33420204614896
16,240,160,122.3770454631644
17,40,456,125.0
17,41,455,125.0
17,42,454,125.0
17,43,453,125.0
17,44,452,125.0
17,45,451,125.0
17,46,450,125.0
17,47,449,125.0
17,48,448,125.0
17,49,447,125.0
17,50,446,125.0
17,51,445,125.0
17,52,444,124.47549610413648
17,53,443,124.86697251752175
17,54,442,124.91833353592867
17,55,441,125.0
17,56,440,124.39932988158716
17,57,439,124.2837509881107
17,58,438,125.0
17,59,437,124.40805604448198
17,60,436,123.86676611314095
17,61,435,124.23343619797086
17,62,434,123.58256957446872
17,63,433,124.2164636440297
17,64,432,124.24462954695764
17,65,431,124.43779290427264
17,66,430,125.0
17,67,429,124.91055124781394
17,68,428,125.0
17,69,427,125.0
17,70,426,125.0
17,71,425,124.8175258464736
17,72,424,124.68854692703056
17,73,423,124.164375334549
17,74,422,124.1910244527506
17,75,421,124.06636580401701
17,76,420,123.70112382701673
17,77,419,123.8383892978845
17,78,418,124.69069778568849
17,79,417,124.43890036380458
17,80,416,125.0
17,81,415,124.78689953072043
17,82,414,124.85936993392173
17,83,413,124.79863812377674
17,84,412,124.93829229864487
17,85,411,125.0
17,86,410,124.75986207199307
17,87,409,124.68134321407527
17,88,408,124.49573325180617
17,89,407,124.049606050638
17,90,406,124.28022535086829
17,91,405,123.85178323001887
17,92,404,124.07742347681014
17,93,403,124.33556280395074
17,94,402,124.25805910458698
17,95,401,124.4930704461888
17,96,400,124.72785290632672
17,97,399,124.58728562837871
17,98,398,124.76723172943764
17,99,397,124.76061952382358
17,100,396,124.41497632001797
17,101,395,122.8604523556267
17,102,394,123.05714440536866
17,103,393,123.3595427249466
17,104,392,124.42922584391474
17,105,391,124.58857915083615
17,106,390,124.52083710573797
17,107,389,123.94947189070923
17,108,388,124.09587129276495
17,109,387,123.55902472296827
17,110,386,123.51699320191287
17,111,385,124.00889177815208
17,112,384,123.64769872868035
17,113,383,124.04369831455332
17,114,382,123.08825502481574
17,115,381,122.19426044477551
17,116,380,122.06199478639516
17,117,379,121.5513305326559
17,118,378,121.99520351575694
17,119,377,120.81924732102281
17,120,376,122.03951132136848
17,121,375,121.7886566994762
17,122,374,121.7598204903947
17,123,373,121.98881757623201
17,124,372,122.43427572024078
17,125,371,123.27790538530522
17,126,370,121.85548906039217
17,127,369,121.03207300116324
17,128,368,120.87073442480767
17,129,367,119.88918582975086
17,130,366,121.96009408097913
17,131,365,121.80539710121295
17,132,364,119.78072568314506
17,133,363,122.92425652847588
17,134,362,122.76072995239842
17,135,361,123.49412566260054
17,136,360,123.91390186321996
17,137,359,123.38030954253509
17,138,358,122.91448048399808
17,139,357,123.35015829220785
17,140,356,123.97944838495289
17,141,355,124.10631586154933
17,142,354,123.41880921966592
17,143,353,123.99362722937164
17,144,352,124.61189231425817
17,145,351,124.72987730380832
17,146,350,124.51149855730844
17,147,349,125.0
17,148,348,125.0
17,149,347,125.0
17,150,346,125.0
17,151,345,125.0
17,152,344,124.5330372442243
17,153,343,124.16723339826174
17,154,342,123.95513034887892
17,155,341,124.0590228895066
17,156,340,124.12366235749462
17,157,339,124.2624217332721
17,158,338,124.91039156349262
17,159,337,124.3123145132196
17,160,336,124.83696996160772
17,161,335,125.0
17,162,334,125.0
17,163,333,125.0
17,164,332,125.0
17,165,331,125.0
17,166,330,125.0
17,167,329,124.75586860562848
17,168,328,124.54817146143247
17,169,327,124.50957587729688
17,170,326,123.7365627333385
17,171,325,123.78591216020644
17,172,324,123.11746128860872
17,173,323,123.77869055546961
17,174,322,123.71362057621226
17,175,321,123.77867417138773
17,176,320,123.82119330376096
17,177,319,124.60597394253841
17,178,318,125.0
17,179,317,124.72276392631301
17,180,316,125.0
17,181,315,124.95104354220744
17,182,314,124.78367286216316
17,183,313,124.5897022839604
17,184,312,124.45326454318405
17,185,311,124.65668302007576
17,186,310,124.2908717354301
17,187,309,124.60450866442255
17,188,308,122.92485401349705
17,189,307,123.43038464643887
17,190,306,123.55125305359905
17,191,305,122.12612155630386
17,192,304,122.27684952007985
17,193,303,122.49436522817737
17,194,302,122.55970496060127
17,195,301,123.209031716011
17,196,300,123.46125952078323
17,197,299,122.69741889954801
17,198,298,124.15239250851855
17,199,297,125.0
17,200,296,125.0
17,201,295,125.0
17,202,294,125.0
17,203,293,125.0
17,204,292,125.0
17,205,291,125.0
17,206,290,125.0
17,207,289,125.0
17,208,288,125.0
17,209,287,125.0
17,210,286,125.0
17,211,285,125.0
17,212,284,125.0
17,213,283,125.0
17,214,282,125.0
17,215,281,125.0
17,216,280,125.0
17,217,279,125.0
17,218,278,125.0
17,219,277,125.0
17,220,276,125.0
17,221,275,125.0
17,222,274,125.0
17,223,273,125.0
17,224,272,125.0
17,225,271,125.0
17,226,270,125.0
17,227,269,125.0
17,228,268,125.0
17,229,267,125.0
17,230,266,125.0
17,231,265,125.0
17,232,264,125.0
17,233,263,125.0
17,234,262,125.0
17,235,261,125.0
17,236,260,124.64810762376908
17,237,259,125.0
17,238,258,125.0
17,239,257,124.50201529025182
17,240,256,123.96636515279681
17,241,255,124.55832887631247
17,242,254,125.0
17,243,253,125.0
17,244,252,125.0
17,245,251,125.0
17,246,250,125.0
17,247,249,125.0
17,248,248,125.0
17,249,247,125.0
17,250,246,125.0
17,251,245,122.54921322373468
17,252,244,123.26315039986491
17,253,243,124.18143161184297
17,254,242,124.2513934187051
17,255,241,122.85614276933671
17,256,240,124.60097587821821
17,257,239,124.96861580080531
17,258,238,123.91439332810066
17,259,237,123.38009751290613
17,260,236,125.0
17,261,235,125.0
17,262,234,125.0
17,263,233,125.0
17,264,232,125.0
17,265,231,125.0
17,266,230,125.0
17,267,229,125.0
17,268,228,125.0
17,269,227,125.0
17,270,226,124.64624909143278
17,271,225,124.2397390265733
17,272,224,125.0
17,273,223,124.42471651173517
17,274,222,123.88176947720928
17,275,221,124.65164079063379
17,276,220,124.61406719642217
17,277,219,123.38995606258959
17,278,218,123.53654725443235
17,279,217,122.79366400589603
17,280,216,125.0
17,281,215,125.0
17,282,214,125.0
17,283,213,125.0
17,284,212,125.0
17,285,211,125.0
17,286,210,125.0
17,287,209,125.0
17,288,208,125.0
17,289,207,125.0
17,290,206,125.0
17,291,205,125.0
17,292,204,125.0
17,293,203,125.0
17,294,202,125.0
17,295,201,125.0
17,296,200,125.0
17,297,199,125.0
17,298,198,125.0
17,299,197,125.0
17,300,196,125.0
17,301,195,125.0
17,302,194,124.34870589260069
17,303,193,123.21781132741432
17,304,192,122.61705452632958
17,305,191,124.58058944012382
17,306,190,125.0
17,307,189,124.74055838741342
17,308,188,124.86896195610616
17,309,187,124.08197075502362
17,310,186,124.56289729350283
17,311,185,124.82341305050147
17,312,184,123.91290365137974
17,313,183,122.98922757945795
17,314,182,120.48497086016988
17,315,181,122.45530452580482
17,316,180,121.09185988075717
17,317,179,118.96228845224545
17,318,178,119.20317181594424
17,319,177,119.30498266260088
17,320,176,121.06545401531176
17,321,175,121.0517989184215
17,322,174,121.02261396087528
17,323,173,121.41011425008054
17,324,172,121.8590611587737
17,325,171,119.43752359413273
17,326,170,120.62358197694527
17,327,169,121.05310879994246
17,328,168,120.92338724902416
17,329,167,120.84106331642202
17,330,166,121.71057094002879
17,331,165,120.65747428119545
17,332,164,121.01749563691024
17,333,163,120.14027180006228
17,334,162,121.12078816001483
18,40,311,124.91271974227256
18,41,310,124.7610070096471
18,42,309,124.91017236977328
18,43,308,125.0
18,44,307,125.0
18,45,306,123.85270002720709
18,46,305,124.78026266415179
18,47,304,125.0
18,48,303,125.0
18,49,302,125.0
18,50,301,125.0
18,51,300,125.0
18,52,299,125.0
18,53,298,124.88455217514851
18,54,297,124.31313958966197
18,55,296,124.80610989421854
18,56,295,125.0
18,57,294,125.0
18,58,293,125.0
18,59,292,125.0
18,60,291,125.0
18,61,290,125.0
18,62,289,125.0
18,63,288,125.0
18,64,287,125.0
18,65,286,125.0
18,66,285,124.9002947907636
18,67,284,125.0
18,68,283,125.0
18,69,282,125.0
18,70,281,125.0
18,71,280,125.0
18,72,279,124.2094968815276
18,73,278,124.22250509484928
18,74,277,123.91380412367522
18,75,276,122.91640103249193
18,76,275,123.91398052302827
18,77,274,124.71863692234726
18,78,273,125.0
18,79,272,125.0
18,80,271,125.0
18,81,270,125.0
18,82,269,124.62377467715308
18,83,268,125.0
18,84,267,124.86225374405666
18,85,266,124.26670284610714
18,86,265,125.0
18,87,264,125.0
18,88,263,125.0
18,89,262,125.0
18,90,261,125.0
18,91,260,125.0
18,92,259,125.0
18,93,258,125.0
18,94,257,125.0
18,95,256,125.0
18,96,255,125.0
18,97,254,125.0
18,98,253,125.0
18,99,252,125.0
18,100,251,125.0
18,101,250,125.0
18,102,249,125.0
18,103,248,123.30911315081943
18,104,247,123.49955626343748
18,105,246,125.0
18,106,245,125.0
18,107,244,124.66082345815042
18,108,243,123.93782587313783
18,109,242,124.66682494094829
18,110,241,124.11794941720163
18,111,240,123.87787167913663
18,112,239,122.77531035417073
18,113,238,121.28513673830645
18,114,237,121.11670373769127
18,115,236,118.95006334199292
18,116,235,117.41371713756644
18,117,234,120.35971186359092
18,118,233,120.06635766462237
18,119,232,122.40896394513007
18,120,231,123.39535655448668
18,121,230,123.25997701332125
18,122,229,123.30745244538082
18,123,228,124.01687156463755
18,124,227,124.63170179028542
18,125,226,123.26840094241368
18,126,225,123.3176229740844
18,127,224,123.87894449007692
18,128,223,122.50554009109047
18,129,222,122.72267939266055
18,130,221,121.79756099089178
18,131,220,121.51770103797745
18,132,219,120.787222471001
18,133,218,121.72042761078984
18,134,217,121.0730644373061
18,135,216,122.07553044719342
18,136,215,121.35277355702004
18,137,214,121.49500781190144
18,138,213,121.78582214700953
18,139,212,123.01767286029519
18,140,211,123.29407349023049
18,141,210,123.71182086622133
18,142,209,123.2890918902146
18,143,208,124.93532088581875
18,144,207,124.4288515479463
18,145,206,124.95138102462715
18,146,205,125.0
18,147,204,123.19836236034895
18,148,203,124.13630200194183
18,149,202,122.47458683929837
18,150,201,120.66913820097379
18,151,200,121.33404073779099
18,152,199,121.63182444845276
18,153,198,122.23689132329405
18,154,197,122.31943054638265
18,155,196,123.0089985873592
18,156,195,124.2907913951814
18,157,194,124.29953345210217
18,158,193,124.15359744175885
18,159,192,124.41513371346726
18,160,191,124.49542746136976
18,161,190,124.9236759715854
18,162,189,124.72146097341601
18,163,188,124.98969184472315
18,164,187,124.57827801333269
18,165,186,123.89266180489503
18,166,185,123.35525047540776
18,167,184,123.51400673824364
18,168,183,122.77048724489879
18,169,182,123.50717722309624
18,170,181,123.5139813742353
18,171,180,123.49722890334742
18,172,179,122.89350102954555
18,173,178,122.31523403140856
18,174,177,119.75974388807171
18,175,176,120.97632165497046
18,176,175,120.3511291857853
18,177,174,120.88135750778936
18,178,173,119.99223013427445
18,179,172,122.40920381556717
18,180,171,121.60831170395687
18,181,170,119.49397067451463
18,182,169,120.6658058704858
18,183,168,122.40142331256584
18,184,167,122.98208387309674
18,185,166,123.5100564390336
18,186,165,123.36103562238931
18,187,164,123.05250252481235
18,188,163,121.54884974206198
18,189,162,121.05554786352661
18,190,161,122.13250000687044
18,191,160,118.96121208130131
18,192,159,120.18554416355023
18,193,158,120.88483977258068
18,194,157,118.93355472234212
18,195,156,119.23894965014017
18,196,155,121.7538215848088
18,197,154,120.73286227551885
18,198,153,119.12205254934565
18,199,152,118.58531486971219
18,200,151,118.65201778307518
18,201,150,118.54141049094707
18,202,149,118.42160479036912
18,203,148,120.2864692679293
18,204,147,118.83752128415998
18,205,146,121.04824332774453
18,206,145,120.62103141350369
18,207,144,121.1803287324355
18,208,143,122.5349695761076
18,209,142,124.26244710622713
18,210,141,124.0913487709903
18,211,140,123.49125899205015
18,212,139,123.06027484326023
18,213,138,122.31426453250647
18,214,137,120.87090203526947
18,215,136,120.84147739111822
18,216,135,122.02341705587219
18,217,134,121.01327616843575
18,218,133,120.1280951065938
18,219,132,118.02755189677038
18,220,131,117.15052003133725
18,221,130,114.18450467071438
18,222,129,113.58948202843804
18,223,128,111.73655304317558
18,224,127,110.96633071135375
18,225,126,108.56877005763366
18,226,125,109.37918413666715
18,227,124,106.79450172580371
18,228,123,107.05101058466039
18,229,122,105.39836805943523
18,230,121,103.12683985593125
18,231,120,102.79499153797751
18,232,119,97.00997467502071
18,233,118,98.35005579784055
18,234,117,98.3551416447402
18,235,116,96.50711304332134
18,236,115,95.21851893037663
18,237,114,92.00071211417358
18,238,113,96.68972979523735
18,239,112,100.5183059956012
18,240,111,101.56676782233603
18,241,110,101.40974442752062
18,242,109,101.08162274186962
18,243,108,95.34957727023573
18,244,107,99.12645590078633
18,245,106,103.06764352619048
18,246,105,102.555650269648
18,247,104,106.92984668038304
19,24,194,118.14641685164901
20,40,157,121.45684941207381
20,41,156,120.32377955147986
20,42,155,121.97619169788607
20,43,154,120.57954760922975
20,44,153,116.0338487297568
20,45,152,118.63706240009382
20,46,151,117.86312858211744
20,47,150,119.54065168814785
20,48,149,120.82512899454102
20,49,148,118.34859968629729
20,50,147,119.48196836685614
20,51,146,119.78280538409436
20,52,145,117.90637795175601
20,53,144,116.3204962210079
20,54,143,118.41599983583609
20,55,142,118.32845278705669
20,56,141,120.1268154938059
20,57,140,118.58001285192191
20,58,139,120.36075397164561
20,59,138,118.72067275953175
20,60,137,118.46782029087001
20,61,136,119.3876712065402
20,62,135,120.45534230860667
20,63,134,116.9975223171297
20,64,133,117.56246084111433
20,65,132,116.44739785242118
20,66,131,115.91885800411566
20,67,130,118.15038305316847
20,68,129,115.87257939869312
20,69,128,118.13820198993551
20,70,127,115.96134864761163
20,71,126,116.9363286645702
20,72,125,118.91002070983807
20,73,124,114.49720866195693
20,74,123,113.23837682941755
20,75,122,114.91405817317228
20,76,121,115.12520759657481
20,77,120,114.1723264925175
20,78,119,114.11567253711445
20,79,118,110.2742370995885
20,80,117,106.18296165907685
20,81,116,105.4531205642601
20,82,115,107.40658153824677
20,83,114,102.2052096472527
20,84,113,97.58269066137666
20,85,112,100.50159656536597
20,86,111,98.99224200369278
20,87,110,98.98666147964947
20,88,109,94.88548485575869
20,89,108,93.06473527297436
20,90,107,96.195857414431
20,91,106,96.66867490396848
20,92,105,99.14141555822755
20,93,104,96.84129081817858
20,94,103,93.72256414293054
20,95,102,90.26787519566628
20,96,101,94.56107998703894
20,97,100,100.10336951857508
20,98,99,105.11554097973465
20,99,98,103.48958004811126
20,100,97,107.87601844413436
20,101,96,108.64816491410389
20,102,95,108.78730850554928
20,103,94,108.20537629915162
20,104,93,104.3477627471864
20,105,92,102.56900159727988
20,106,91,101.63688708846368
20,107,90,95.5847060625449
20,108,89,89.83389484411289
20,109,88,90.40764538998084
20,110,87,88.42364853565914
20,111,86,88.573283506374
20,112,85,88.88942513353041
20,113,84,88.55649280401266
20,114,83,93.42965207293622
20,115,82,98.22356753544742
21,40,253,123.36940925503978
21,41,252,124.8186738718264
21,42,251,124.08802195921656
21,43,250,123.18389746785307
21,44,249,123.48695399128277
21,45,248,124.7009595361759
21,46,247,124.64546475604979
21,47,246,124.12508339416587
21,48,245,123.20804288883187
21,49,244,123.5758568874198
21,50,243,122.29440837282166
21,51,242,122.64039969588762
21,52,241,123.49807690167756
21,53,240,123.53371794270802
21,54,239,123.31123779163579
21,55,238,124.08916916784169
21,56,237,124.0464704546297
21,57,236,124.2066853406491
21,58,235,123.16816764022674
21,59,234,122.92743333462244
21,60,233,122.60308781965294
21,61,232,123.06284713419237
21,62,231,123.17290443539093
21,63,230,122.54584395921654
21,64,229,123.17689251909147
21,65,228,123.54323299709432
21,66,227,123.86267886164862
21,67,226,124.791727839463
21,68,225,124.47425918028745
21,69,224,124.6298795235237
21,70,223,124.10846849199385
21,71,222,123.85136759016751
21,72,221,123.93032562088828
21,73,220,123.78486830282029
21,74,219,124.13699363321055
21,75,218,124.22480950900172
21,76,217,124.52286429139936
21,77,216,123.79219057432749
21,78,215,123.87522425055352
21,79,214,124.00275229306357
21,80,213,124.42640188565717
21,81,212,124.67326007020712
21,82,211,124.49256435074983
21,83,210,124.37621260285806
21,84,209,124.42225393228165
21,85,208,124.49356281665801
21,86,207,124.23952416437632
21,87,206,124.35760723124297
21,88,205,124.48812208111644
21,89,204,124.56084207526823
21,90,203,123.89100142822662
21,91,202,124.72485397161071
21,92,201,124.1449295213331
21,93,200,123.91830160560826
21,94,199,124.11968630984774
21,95,198,123.89945365024937
21,96,197,123.58432961944699
21,97,196,123.80868797993367
21,98,195,124.00062372860052
21,99,194,123.43078787785839
21,100,193,122.83399281132938
21,101,192,123.97566402680823
21,102,191,124.08673258270515
21,103,190,124.69469322470955
21,104,189,124.59975866901539
21,105,188,123.43709817247966
21,106,187,123.3193948472018
21,107,186,122.9172836233227
21,108,185,121.8114240300709
21,109,184,121.48891615692408
21,110,183,120.87697552717168
21,111,182,121.20831073106675
21,112,181,120.48902999946199
21,113,180,120.02886397205187
21,114,179,119.69172809650004
21,115,178,120.72715359186301
21,116,177,118.61020179136275
21,117,176,116.10572161384175
21,118,175,117.68712532179103
21,119,174,113.34314064398386
21,120,173,114.31563014721328
21,121,172,114.77313631850998
21,122,171,112.39508513264138
21,123,170,116.20021406753733
21,124,169,118.32428799109695
21,125,168,119.45153538529041
21,126,167,118.9546483829998
21,127,166,118.41925568962918
21,128,165,118.08623842958876
21,129,164,118.13992529727636
21,130,163,116.7507226189618
21,131,162,118.72405657094737
21,132,161,119.37588508046693
21,133,160,119.08528926024758
21,134,159,122.14270399246891
21,135,158,122.04107777831715
21,136,157,122.57403870738972
21,137,156,123.16640463184717
21,138,155,122.7490717886493
21,139,154,122.24856059964819
21,140,153,123.16923843227438
21,141,152,123.25589996692605
21,142,151,123.97454519858476
21,143,150,124.08046670687023
21,144,149,124.486127033517
21,145,148,123.90840997486858
21,146,147,124.55202324287242
21,147,146,124.69383969535936
21,148,145,124.2492580793047
21,149,144,123.73494676269249
21,150,143,122.72680968756492
21,151,142,123.24963490294705
21,152,141,123.45815619382444
21,153,140,124.30963879659589
21,154,139,123.46556231714095
21,155,138,124.01027747773426
21,156,137,122.13059253401954
21,157,136,122.20967550664005
21,158,135,119.97761484574946
21,159,134,116.3355335247368
21,160,133,115.15299091665378
21,161,132,116.70913989572469
21,162,131,111.9640815943763
21,163,130,113.91187471602038
21,164,129,113.89767304685705
21,165,128,116.82674613619115
21,166,127,114.54709847128638
21,167,126,111.07081634685886
21,168,125,106.78537838124475
21,169,124,108.8277502826941
21,170,123,105.94218174498886
21,171,122,103.36729900800793
21,172,121,105.90589263871045
21,173,120,109.99165897082136
21,174,119,111.49194478042514
21,175,118,111.22936623681531
21,176,117,114.25117829748788
21,177,116,112.29929720620268
21,178,115,111.40709012115767
21,179,114,101.8502484802789
21,180,113,104.52918241454414
21,181,112,103.37807824379146
21,182,111,103.75200328364863
21,183,110,105.85702847523402
21,184,109,107.96651509898194
21,185,108,107.05633292196632
21,186,107,111.68510428580664
21,187,106,110.88069006714565
21,188,105,111.86891452832543
21,189,104,110.26610375235848
21,190,103,109.10134495730638
21,191,102,109.48885978084049
21,192,101,108.68917104315875
21,193,100,105.29667380871003
21,194,99,108.82372631188653
21,195,98,105.81568318359666
21,196,97,107.81547184455609
21,197,96,107.49894446539146
21,198,95,101.55336926613299
21,199,94,100.51489759494982
21,200,93,100.81095554072925
21,201,92,103.27020913213772
21,202,91,106.3238769850082
22,40,129,114.96757869164594
22,41,128,114.74782608873178
22,42,127,118.28037868155549
22,43,126,117.4854560650088
22,44,125,118.60121286369824
22,45,124,120.05624662055502
22,46,123,122.57278096647326
22,47,122,121.00562382112105
22,48,121,121.06663257408124
22,49,120,122.02025278165698
22,50,119,121.57138333768611
22,51,118,118.61309796850983
22,52,117,118.06277946130167
22,53,116,117.43511734484724
22,54,115,116.11722210376192
22,55,114,117.8994515764153
22,56,113,117.84708863268665
22,57,112,119.10890916878705
22,58,111,118.0854441832588
22,59,110,117.62077993801356
22,60,109,115.52093335544166
22,61,108,113.2447295087201
22,62,107,111.5758050494938
22,63,106,111.62334763250558
22,64,105,114.75299272761652
22,65,104,113.75223916031162
22,66,103,114.93202274641672
22,67,102,114.71431381227382
22,68,101,113.20742399349979
22,69,100,113.59667448711761
22,70,99,109.59480963602354
22,71,98,108.6125420191351
22,72,97,110.63259916517555
22,73,96,111.96412257392558
22,74,95,108.74968877132744
22,75,94,101.85012159801067
22,76,93,96.56309146651245
22,77,92,89.33625341942836
22,78,91,88.39483290187103
22,79,90,94.0022955269101
22,80,89,94.02260753116757
22,81,88,95.40863216656044
22,82,87,102.86434989228533
22,83,86,105.78032753248456
22,84,85,102.23883524588663
22,85,84,104.61132093397404
22,86,83,99.49075662683573
22,87,82,96.33995743448541
22,88,81,92.84237791459742
22,89,80,85.69032582804674
22,90,79,83.00276046391349
22,91,78,84.95986786557876
22,92,77,88.79832470004308
22,93,76,93.57125737163301
22,94,75,94.7507784718218
22,95,74,94.6085609783785
22,96,73,98.06481457531066
22,97,72,101.12326239235836
22,98,71,103.3173116213157
22,99,70,96.63167288078779
22,100,69,93.69613857475287
22,101,68,91.21393263680196
22,102,67,90.46382467992875
22,103,66,85.82554890279047
22,104,65,85.62925845012427
22,105,64,84.8450833222492
22,106,63,81.53683256181459
22,107,62,83.04576505309633
22,108,61,87.10471612771869
22,109,60,86.9829099372808
22,110,59,83.29686158405131
22,111,58,80.16031415898205
22,112,57,77.22145744544163
22,113,56,78.1149331467575
22,114,55,71.00016101519392
22,115,54,75.69908448020203
22,116,53,69.7987803415611
22,117,52,60.04118688072322
22,118,51,54.69794099321969
22,119,50,48.28743392599374
22,120,49,51.40409401693377
22,121,48,53.44831678101727
22,122,47,52.99772541542027
22,123,46,55.67179722643414
22,124,45,53.70371759270128
22,125,44,55.04929634114772
22,126,43,56.432578533091046
22,127,42,52.175431922559525
22,128,41,51.54209428128444
22,129,40,46.37563992309434
22,130,39,49.83474948554118
22,131,38,50.61505170547772
22,132,37,52.563395768440344
22,133,36,52.67008825165878
22,134,35,50.58419490908975
22,135,34,45.62626303961543
22,136,33,44.59603368858647
22,137,32,42.34533949170178
22,138,31,38.66357147569721
22,139,30,35.139495416354194
22,140,29,36.12532607553154
22,141,28,36.10447491198691
22,142,27,37.38391522014421
22,143,26,37.40601537392591
22,144,25,37.091525940177235
22,145,24,34.971821074032235
22,146,23,34.79421545196173
22,147,22,32.56112440808315
22,148,21,30.14612264323339
22,149,20,27.043823564824418
22,150,19,25.677440481712424
22,151,18,23.2228989697132
22,152,17,21.60857693059449
22,153,16,22.10426145983014
22,154,15,21.89086205825415
22,155,14,21.363704245515933
22,156,13,19.1616328256801
22,157,12,15.352379274641617
22,158,11,12.125831850734315
23,40,148,123.61616008855788
23,41,147,122.89293325933377
23,42,146,123.27069361254755
23,43,145,123.43556968395046
23,44,144,123.71364347443262
23,45,143,122.39681015728155
23,46,142,122.04191983524835
23,47,141,122.52946607894543
23,48,140,121.33793163676538
23,49,139,121.685903131376
23,50,138,121.70067902036493
23,51,137,122.63624412964941
23,52,136,122.8168275660063
23,53,135,123.65023208654254
23,54,134,123.45219210868173
23,55,133,121.14669093091985
23,56,132,122.94962683962089
23,57,131,123.78192548027296
23,58,130,122.32675886092737
23,59,129,121.83839867125623
23,60,128,121.86747071452119
23,61,127,121.19487902309
23,62,126,122.34079628305042
23,63,125,121.58189870035145
23,64,124,118.37492870103159
23,65,123,118.38391728770723
23,66,122,114.97455348991694
23,67,121,114.01696279010763
23,68,120,114.0764787469684
23,69,119,112.35383116868041
23,70,118,112.22527941502989
23,71,117,117.4110855671319
23,72,116,119.83335108312448
23,73,115,119.33656234022648
23,74,114,119.3602036540673
23,75,113,118.41784495353588
23,76,112,116.09177864039023
23,77,111,112.64630250670749
23,78,110,111.3817100875007
23,79,109,110.06182400212604
23,80,108,112.07330226733737
23,81,107,110.70292316401537
23,82,106,106.22287833818973
23,83,105,105.64310074182546
23,84,104,110.75252222810983
23,85,103,109.19367506854462
23,86,102,112.05283618866585
23,87,101,112.06873956329918
23,88,100,114.04629519422389
23,89,99,115.99798893517924
23,90,98,113.64739858558514
23,91,97,112.26150972734956
23,92,96,110.7921035503829
23,93,95,112.46345948493236
23,94,94,108.91160169743658
23,95,93,105.02662370566618
23,96,92,102.99381022792964
23,97,91,101.89632095726427
23,98,90,95.36878630672297
23,99,89,91.3755089386053
23,100,88,84.11347794170808
23,101,87,87.89738900102427
23,102,86,84.69069339008905
23,103,85,91.96623844322457
23,104,84,86.77719173655282
23,105,83,85.10323300181015
23,106,82,82.44686552742857
23,107,81,82.06429491564924
23,108,80,82.31054967088261
23,109,79,82.39385369227668
23,110,78,85.01338180925163
23,111,77,85.12681757933926
23,112,76,92.0222530088244
23,113,75,88.12004910709314
23,114,74,88.76450622900533
23,115,73,79.30877401941791
23,116,72,81.39792118389256
23,117,71,88.73737125020642
23,118,70,85.67449337097068
23,119,69,97.95174598497789
23,120,68,98.89805403562127
23,121,67,93.22684940237843
23,122,66,86.01858131535815
23,123,65,83.21722863640291
23,124,64,83.59923074447052
23,125,63,88.70126100040777
23,126,62,90.9732931089346
23,127,61,96.00018744828432
23,128,60,97.85963602585787
23,129,59,98.08762146380482
23,130,58,93.86424145606327
23,131,57,95.27485806623523
23,132,56,91.71919110531803
23,133,55,88.79997280693667
23,134,54,87.25515914136335
23,135,53,81.57185386482831
23,136,52,81.07607593191605
23,137,51,80.3200670815967
23,138,50,70.46237820932707
23,139,49,68.6486951309027
23,140,48,67.99237962929229
23,141,47,58.04125215780106
23,142,46,47.385150253220004
23,143,45,51.697415323486304
23,144,44,44.347127753270456
23,145,43,47.728382585744086
23,146,42,40.1226264473417
23,147,41,40.51795606958801
23,148,40,42.62781743198373
23,149,39,45.82514943731805
23,150,38,37.01310089501965
23,151,37,35.90855891835061
23,152,36,37.825191362464466
23,153,35,39.97440084080286
23,154,34,38.93302229208841
23,155,33,34.06367605255453
23,156,32,36.66599587278736
23,157,31,36.435425135008224
23,158,30,34.95665786966521
23,159,29,32.40525788783444
23,160,28,31.10275878583589
23,161,27,32.70043659484033
23,162,26,32.576394901859345
24,40,276,125.0
24,41,275,125.0
24,42,274,124.65050120479457
24,43,273,124.29684470016623
24,44,272,123.95876971825456
24,45,271,124.10759400281643
24,46,270,125.0
24,47,269,125.0
24,48,268,125.0
24,49,267,125.0
24,50,266,125.0
24,51,265,124.60617201411296
24,52,264,124.55938575668957
24,53,263,124.49459066558993
24,54,262,124.87519899964582
24,55,261,124.54125767609575
24,56,260,124.32913898814218
24,57,259,123.77448049065265
24,58,258,123.23062897177711
24,59,257,123.57748672641273
24,60,256,123.22480910103067
24,61,255,123.65062193451818
24,62,254,122.26409904935886
24,63,253,121.57108245927728
24,64,252,121.59887816265439
24,65,251,121.67268468476739
24,66,250,121.78469528498212
24,67,249,123.0135107468987
24,68,248,122.5554278632772
24,69,247,123.30295914026556
24,70,246,123.07686479424191
24,71,245,123.47195262929766
24,72,244,123.07511729751471
24,73,243,124.32644026135125
24,74,242,125.0
24,75,241,125.0
24,76,240,125.0
24,77,239,125.0
24,78,238,124.83440529592497
24,79,237,125.0
24,80,236,124.82151915613497
24,81,235,124.16212578993267
24,82,234,124.52088557850558
24,83,233,124.17352757489182
24,84,232,125.0
24,85,231,124.43853117117405
24,86,230,124.55374993990766
24,87,229,123.7192730188101
24,88,228,123.86938597578438
24,89,227,124.19204403568784
24,90,226,124.03690430470363
24,91,225,123.95138208399561
24,92,224,123.33430505653592
24,93,223,123.79307680821465
24,94,222,123.93611796640127
24,95,221,123.69294778284319
24,96,220,123.70594133247104
24,97,219,122.72200582911208
24,98,218,122.84274244426715
24,99,217,123.92861626813543
24,100,216,121.68337133346202
24,101,215,121.10369920160696
24,102,214,119.98847319352268
24,103,213,122.25259726438509
24,104,212,121.91471053685453
24,105,211,119.88885581174102
24,106,210,120.30085420185821
24,107,209,119.97115121153242
24,108,208,121.76064292697052
24,109,207,121.01606430364791
24,110,206,120.31480883087579
24,111,205,121.53840618913372
24,112,204,122.02710629609653
24,113,203,122.07974881755013
24,114,202,123.40453333193511
24,115,201,123.7084572484787
24,116,200,124.11156769125873
24,117,199,124.63540952498178
24,118,198,124.20969856894132
24,119,197,124.91393531801236
24,120,196,124.52777652961012
24,121,195,124.35525483195909
24,122,194,123.30368171632708
24,123,193,122.79605015717766
24,124,192,123.45036640856412
24,125,191,123.37059582309116
24,126,190,123.08903058910113
24,127,189,123.76669635391987
24,128,188,124.27037426833593
24,129,187,123.64471745804397
24,130,186,123.52614812753234
24,131,185,123.79728947785293
24,132,184,124.11774505444762
24,133,183,125.0
24,134,182,125.0
24,135,181,125.0
24,136,180,125.0
24,137,179,124.04400268325473
24,138,178,124.35198374624356
24,139,177,122.91074675903673
24,140,176,123.02290524597228
24,141,175,122.21579127964151
24,142,174,122.0010034326495
24,143,173,121.51343389206714
24,144,172,121.54469313878607
24,145,171,119.57980487938795
24,146,170,119.90208456154306
24,147,169,120.34528215161185
24,148,168,119.30717112407136
24,149,167,118.18765371648257
24,150,166,116.38175223237286
24,151,165,119.86105294976474
24,152,164,120.47735109924523
24,153,163,118.86071246255688
24,154,162,118.97320124675568
24,155,161,117.65829639834101
24,156,160,116.13129759716787
24,157,159,116.74558993217238
24,158,158,117.11570624728054
24,159,157,119.37581953145823
24,160,156,118.77069838296204
24,161,155,117.08426973992674
24,162,154,112.5169683270066
24,163,153,106.55651842664346
24,164,152,110.3506977709275
24,165,151,110.58104038751199
24,166,150,111.6723784401998
24,167,149,111.57688759892213
24,168,148,116.34347836508061
24,169,147,116.17587560321559
24,170,146,117.86693672053352
24,171,145,118.21405199440466
24,172,144,119.51951286233952
24,173,143,119.93210961296231
24,174,142,119.60936907048277
25,40,485,122.24734043804759
25,41,484,122.72611510270112
25,42,483,123.60881797606417
25,43,482,123.60420473938882
25,44,481,123.57548802632041
25,45,480,123.05659075763376
25,46,479,123.32582563784578
25,47,478,122.37509415216891
25,48,477,122.92413993089667
25,49,476,123.06131713603504
25,50,475,123.06068198503458
25,51,474,123.64544525042157
25,52,473,124.47529278662196
25,53,472,123.85131723994347
25,54,471,124.4191504197814
25,55,470,124.66291749758466
25,56,469,123.73232485654529
25,57,468,124.27236862452159
25,58,467,124.09711086123389
25,59,466,123.95210387035046
25,60,465,123.41051321563614
25,61,464,123.56766085818741
25,62,463,123.30339142542633
25,63,462,122.92831369750962
25,64,461,123.23655746667902
25,65,460,124.12988526611937
25,66,459,124.47002192089056
25,67,458,123.87871465678913
25,68,457,124.12339939694527
25,69,456,124.69259945266441
25,70,455,124.38640893168323
25,71,454,124.02270367342892
25,72,453,124.6206831390896
25,73,452,124.59240343365278
25,74,451,124.69284111645598
25,75,450,124.06510320875495
25,76,449,123.47199067432628
25,77,448,123.28724946711907
25,78,447,124.97319141740813
25,79,446,125.0
25,80,445,125.0
25,81,444,122.60137546031767
25,82,443,123.73917142191053
25,83,442,123.5493414352874
25,84,441,123.88670963889837
25,85,440,124.40423194701458
25,86,439,123.10350349579056
25,87,438,123.67404682701542
25,88,437,123.63500793367086
25,89,436,124.2834589589542
25,90,435,124.10216429035975
25,91,434,124.09871147546703
25,92,433,124.45897432127626
25,93,432,124.44068886950575
25,94,431,124.12782647646057
25,95,430,124.18697744331578
25,96,429,123.60159605417722
25,97,428,123.33803956857955
25,98,427,122.89845353071814
25,99,426,123.0371111466228
25,100,425,122.87824086668789
25,101,424,122.8725931603548
25,102,423,122.46727265104226
25,103,422,122.53135866653139
25,104,421,122.45263528788851
25,105,420,121.9222806423796
25,106,419,122.26856605415378
25,107,418,123.23685043402278
25,108,417,123.62620254485776
25,109,416,123.71941874928227
25,110,415,123.8291613125427
25,111,414,123.63570224989797
25,112,413,124.18811314973185
25,113,412,124.09981005226881
25,114,411,124.20814448512927
25,115,410,125.0
25,116,409,124.87489254516697
25,117,408,125.0
25,118,407,125.0
25,119,406,124.67359944550729
25,120,405,124.51619577608395
25,121,404,124.31468857046707
25,122,403,124.61273912038985
25,123,402,124.48670410043623
25,124,401,124.23333069673085
25,125,400,123.98205366815728
25,126,399,124.70027905043506
25,127,398,124.560415934977
25,128,397,124.86065720068113
25,129,396,124.27899785979872
25,130,395,124.37684206754112
25,131,394,124.38703063190216
25,132,393,124.05482657685062
25,133,392,123.82152524249324
25,134,391,124.11617287909206
25,135,390,123.40065255647445
25,136,389,122.9890727126394
25,137,388,122.1962975047544
25,138,387,121.02283886725193
25,139,386,121.67212801016598
25,140,385,121.07142069841777
25,141,384,122.1102263589436
25,142,383,123.05441225837299
25,143,382,122.50782324715087
25,144,381,120.80629745254898
25,145,380,120.22315832312756
25,146,379,123.42202578849776
25,147,378,123.90637718205575
25,148,377,122.35055913925932
25,149,376,122.4221862050726
25,150,375,119.31836087771605
25,151,374,120.90490860089452
25,152,373,123.19492380075248
25,153,372,122.55349058559999
25,154,371,124.53212804156107
25,155,370,124.69465971447814
25,156,369,123.67230739610446
25,157,368,123.72852276824764
25,158,367,124.44339255380913
25,159,366,123.17275129624929
25,160,365,123.92620204979302
25,161,364,120.45988581070404
25,162,363,121.66141782196132
25,163,362,122.49241028417413
25,164,361,122.71132744066533
25,165,360,124.03263930577265
25,166,359,124.39267830445904
25,167,358,124.74731400825033
25,168,357,124.43956835827542
25,169,356,124.53671433584773
25,170,355,124.08369098145621
25,171,354,123.69741781823194
25,172,353,123.34383445917064
25,173,352,124.23690258158365
25,174,351,124.15232446189393
25,175,350,124.89248595391027
25,176,349,124.38196365471407
25,177,348,124.95026622648965
25,178,347,125.0
25,179,346,125.0
25,180,345,124.78628773983247
25,181,344,125.0
25,182,343,125.0
25,183,342,125.0
25,184,341,125.0
25,185,340,125.0
25,186,339,125.0
25,187,338,125.0
25,188,337,125.0
25,189,336,125.0
25,190,335,124.41475040527538
25,191,334,124.80015856295412
25,192,333,125.0
25,193,332,125.0
25,194,331,125.0
25,195,330,125.0
25,196,329,125.0
25,197,328,124.33171707706917
25,198,327,124.90116085605585
25,199,326,123.78798315589398
25,200,325,124.1057936186069
25,201,324,124.73350736054729
25,202,323,125.0
25,203,322,124.93747074432463
25,204,321,124.94582798812641
25,205,320,125.0
25,206,319,125.0
25,207,318,125.0
25,208,317,125.0
25,209,316,125.0
25,210,315,125.0
25,211,314,125.0
25,212,313,125.0
25,213,312,125.0
25,214,311,125.0
25,215,310,124.33218073881162
25,216,309,123.91181401226879
25,217,308,123.88441713865957
25,218,307,123.5294643395405
25,219,306,123.56843141886398
25,220,305,123.90266026733082
25,221,304,125.0
25,222,303,125.0
25,223,302,124.47388550152903
25,224,301,124.69813730122323
25,225,300,125.0
25,226,299,125.0
25,227,298,125.0
25,228,297,124.62623011710538
25,229,296,124.86529944626821
25,230,295,124.24315292843801
25,231,294,123.9056403204575
25,232,293,123.73787474575691
25,233,292,123.672626067562
25,234,291,123.92337071383608
25,235,290,123.7041209154294
25,236,289,123.82998429577522
25,237,288,124.80435454562064
25,238,287,124.46279521453194
25,239,286,123.44573751906401
25,240,285,123.84696045079136
25,241,284,123.62120687137235
25,242,283,124.03604647210267
25,243,282,124.3383130660269
25,244,281,124.08986067841036
25,245,280,124.25877092662739
25,246,279,124.35115465149795
25,247,278,123.88092661147374
25,248,277,124.13860409921628
25,249,276,124.40855512247839
25,250,275,125.0
25,251,274,124.26508588817596
25,252,273,124.62395886478078
25,253,272,124.79964241510771
25,254,271,123.89889970780862
25,255,270,123.66657451070313
25,256,269,123.7047349828524
25,257,268,123.14107523239511
25,258,267,122.33262302609431
25,259,266,122.26389046617268
25,260,265,121.65701794665229
25,261,264,121.33926184507715
25,262,263,121.71751454135656
25,263,262,121.90180411637814
25,264,261,122.97742242085175
25,265,260,123.86347820358475
25,266,259,123.22296548113158
25,267,258,123.8456774752804
25,268,257,122.29403314812049
25,269,256,122.30180132042955
25,270,255,122.81281669685657
25,271,254,124.8575243602596
25,272,253,123.68770543787826
25,273,252,123.936841677111
25,274,251,124.54057252655379
25,275,250,124.53213709242002
25,276,249,124.98430850971789
25,277,248,125.0
25,278,247,125.0
25,279,246,123.98668201655656
25,280,245,123.65577374276131
25,281,244,123.98336953602032
25,282,243,124.39215922099191
25,283,242,124.59340197871828
25,284,241,125.0
25,285,240,125.0
25,286,239,125.0
25,287,238,125.0
25,288,237,125.0
25,289,236,123.99874916444908
25,290,235,124.2829370505359
25,291,234,124.30331297637738
25,292,233,124.98782370968453
25,293,232,124.9506602418496
25,294,231,125.0
25,295,230,125.0
25,296,229,125.0
25,297,228,123.75649696903452
25,298,227,125.0
25,299,226,125.0
25,300,225,124.97229091174358
25,301,224,125.0
25,302,223,124.57698157543565
25,303,222,125.0
25,304,221,125.0
25,305,220,125.0
25,306,219,125.0
25,307,218,125.0
25,308,217,125.0
25,309,216,125.0
25,310,215,125.0
25,311,214,125.0
25,312,213,125.0
25,313,212,125.0
25,314,211,125.0
25,315,210,125.0
25,316,209,125.0
25,317,208,125.0
25,318,207,125.0
25,319,206,125.0
25,320,205,125.0
25,321,204,125.0
25,322,203,125.0
25,323,202,125.0
25,324,201,125.0
25,325,200,125.0
25,326,199,125.0
25,327,198,125.0
25,328,197,125.0
25,329,196,125.0
25,330,195,125.0
25,331,194,125.0
25,332,193,125.0
25,333,192,125.0
25,334,191,125.0
25,335,190,125.0
25,336,189,125.0
25,337,188,125.0
25,338,187,125.0
25,339,186,125.0
25,340,185,125.0
25,341,184,125.0
25,342,183,125.0
25,343,182,125.0
25,344,181,125.0
25,345,180,123.26076839162155
25,346,179,124.38545982367808
25,347,178,125.0
25,348,177,122.55961731921865
25,349,176,123.06293452386248
25,350,175,119.40947429412822
25,351,174,120.91545892538001
25,352,173,118.74031281666208
25,353,172,118.62291708494817
25,354,171,117.30678629991165
25,355,170,118.80714281655176
25,356,169,119.42182509671893
25,357,168,120.2955385007401
25,358,167,124.36122405082519
25,359,166,123.87700399497658
25,360,165,123.62878908141991
25,361,164,122.09450019083759
25,362,163,122.80960878542272
25,363,162,124.90874488827258
25,364,161,123.65575010090475
25,365,160,123.73901284584466
25,366,159,125.0
25,367,158,125.0
25,368,157,124.83284540152763
25,369,156,124.43509276170809
25,370,155,123.6252026950755
25,371,154,123.66646118880875
25,372,153,122.4600272732104
25,373,152,119.63654305585521
25,374,151,120.10122911355852
25,375,150,119.07115164337992
25,376,149,119.52471567609477
25,377,148,120.30978752316268
25,378,147,120.3584943281206
25,379,146,118.57311228197003
25,380,145,118.6772911262965
25,381,144,119.74488498341873
25,382,143,115.62961357105492
25,383,142,114.55746131510288
25,384,141,111.16081308392933
25,385,140,107.15177004745084
25,386,139,97.99178633421836
25,387,138,92.15259559445494
25,388,137,85.16526436074464
25,389,136,87.23759363980574
25,390,135,93.34959796712033
25,391,134,105.72088523112767
25,392,133,106.18079555406764
25,393,132,109.50878208848536
25,394,131,99.38318592546139
25,395,130,101.50455318048884
25,396,129,104.35447353331745
25,397,128,101.96099135097842
25,398,127,102.11405042592233
25,399,126,108.34948312011869
25,400,125,108.87422633703117
25,401,124,102.88680215113953
25,402,123,108.10404981131344
25,403,122,114.78470983524437
25,404,121,112.0247982861552
25,405,120,112.40751860025996
25,406,119,110.3405408049519
25,407,118,109.72450488466612
25,408,117,109.34151203438219
25,409,116,111.18423447324943
25,410,115,103.92077335177976
25,411,114,101.2188705157394
25,412,113,104.0097327853137
25,413,112,104.43961520435494
25,414,111,105.7255700516694
25,415,110,101.62847486753728
25,416,109,101.70136861479348
25,417,108,100.64263551664374
25,418,107,93.4849421314527
25,419,106,97.36136921374148
25,420,105,92.50401189583556
25,421,104,95.22675641106088
25,422,103,91.17311330947152
25,423,102,93.82449267142019
25,424,101,88.67209723511299
25,425,100,95.84194290765262
25,426,99,85.66177889341748
25,427,98,90.58413987196896
25,428,97,93.40036008881708
25,429,96,90.04480309639482
25,430,95,90.75240375518662
25,431,94,90.0876368268625
25,432,93,88.18545126115444
25,433,92,88.23862250984916
25,434,91,84.36725566216177
25,435,90,88.20026413728405
25,436,89,84.54037088975863
25,437,88,86.93461933633375
25,438,87,82.30240595689207
25,439,86,88.3014391052928
25,440,85,89.69395321607135
25,441,84,81.28238415994367
25,442,83,85.20079426975813
25,443,82,86.98954910488489
25,444,81,85.83041326480307
25,445,80,82.58247608783893
25,446,79,80.48141846914291
25,447,78,76.424168252765
25,448,77,76.72280629512849
25,449,76,68.15378557775881
25,450,75,67.65649119593874
25,451,74,69.52830012124872
25,452,73,67.34852158703261
25,453,72,70.20815650609137
25,454,71,75.05622229394767
25,455,70,71.39757966977862
25,456,69,69.18892774390551
25,457,68,60.78394037636296
25,458,67,57.91541944435015
25,459,66,54.094059590175426
25,460,65,53.64750774105272
25,461,64,52.634715710715184
25,462,63,52.30551397234517
25,463,62,54.505359369224415
25,464,61,54.65949964375543
25,465,60,54.91759590880893
25,466,59,51.367330013334545
25,467,58,53.09858554311947
25,468,57,49.217890787215495
25,469,56,52.73957021032797
25,470,55,49.353757051627426
25,471,54,48.825402931768735
25,472,53,49.48778634378654
25,473,52,41.493660966065434
25,474,51,40.436389409731746
25,475,50,40.15109803528039
25,476,49,40.84009701057539
25,477,48,39.550465642325214
25,478,47,36.94718786136859
25,479,46,34.66378033653059
25,480,45,33.10780321403771
25,481,44,32.9974205689689
25,482,43,36.23527792389004
25,483,42,37.341095446566285
25,484,41,35.69981694961727
25,485,40,36.81815010185781
25,486,39,34.87556993716183
26,40,142,117.96626527740315
26,41,141,118.14263883118494
26,42,140,118.54678492643248
26,43,139,117.05143695130266
26,44,138,117.22003899413649
26,45,137,117.39470532476182
26,46,136,115.81401893957802
26,47,135,115.71310247157106
26,48,134,118.17391362949039
26,49,133,118.38600918621239
26,50,132,119.51428936753982
26,51,131,119.55937356215101
26,52,130,119.21182608071582
26,53,129,119.69070410024361
26,54,128,120.42767081362905
26,55,127,121.04618511868532
26,56,126,120.70081963462557
26,57,125,121.06378149932343
26,58,124,119.300045259379
26,59,123,119.73520614571996
26,60,122,120.40281450649235
26,61,121,119.81221343160028
26,62,120,118.94116018619013
26,63,119,119.99449351140353
26,64,118,118.07817378445735
26,65,117,118.58895810570058
26,66,116,119.00471605808048
26,67,115,117.11099465578476
26,68,114,117.16552938097294
26,69,113,114.21263892705419
26,70,112,108.85665080336278
26,71,111,107.4598523847965
26,72,110,108.66038143852259
26,73,109,105.17384612766864
26,74,108,104.64266536303157
26,75,107,96.8831889478636
26,76,106,105.59931524719323
26,77,105,101.92138915196378
26,78,104,100.65264501361017
26,79,103,90.65612209873986
26,80,102,91.83243026467072
26,81,101,89.6475469914569
26,82,100,89.59688882041095
26,83,99,83.07178887023005
26,84,98,87.72657462229712
26,85,97,78.30510337319163
26,86,96,77.92134675946681
26,87,95,82.18709607688612
26,88,94,85.91606720866403
26,89,93,85.47559616469881
26,90,92,89.01437462297454
27,40,180,119.02877668129082
27,41,179,123.01485225333572
27,42,178,120.54960120493922
27,43,177,120.09954680275294
27,44,176,120.35745267779828
27,45,175,118.59361491377821
27,46,174,117.17752128170228
27,47,173,114.39429491339331
27,48,172,111.284748916844
27,49,171,110.2687587504354
27,50,170,117.84615784966974
27,51,169,115.36266991739822
27,52,168,117.49736857328458
27,53,167,115.07563350334499
27,54,166,115.1460562834882
27,55,165,115.80110785715048
27,56,164,119.36381662884914
27,57,163,119.89372735671985
27,58,162,119.78049601409938
27,59,161,120.81257887271593
27,60,160,121.61868812794087
27,61,159,121.02958646063709
27,62,158,117.42855447888026
27,63,157,114.53081182769569
27,64,156,115.7735196062942
27,65,155,113.64184007967154
27,66,154,112.32827570280381
27,67,153,113.70042025149195
27,68,152,109.74503046797236
27,69,151,110.19063875243631
27,70,150,110.07272399798721
27,71,149,115.32190144871399
27,72,148,115.76663549733172
27,73,147,113.42813431948646
27,74,146,113.25583969006101
27,75,145,113.04527884002363
27,76,144,109.64831842808798
27,77,143,109.16104712309532
27,78,142,111.58178345947562
27,79,141,114.02740912578994
27,80,140,113.28596499628202
27,81,139,115.60755392759859
27,82,138,114.10465979391168
27,83,137,116.71811693944942
27,84,136,118.41241788004406
27,85,135,114.13189163500384
27,86,134,106.5121850866363
27,87,133,105.49181291980517
27,88,132,102.25515928489838
27,89,131,104.07880733377856
27,90,130,105.77738806190271
27,91,129,107.087511949495
27,92,128,107.1546706188656
27,93,127,105.83673495582563
27,94,126,104.08466363227345
27,95,125,100.13980093559846
27,96,124,105.3830245856058
27,97,123,107.09146762476578
27,98,122,110.65872537286815
27,99,121,112.74539334353935
27,100,120,115.85619612565242
27,101,119,116.16941218437043
27,102,118,116.46996661168362
27,103,117,110.33085167649048
27,104,116,109.92369066006553
27,105,115,107.5026769822466
27,106,114,109.23535936714836
27,107,113,111.68536547603493
27,108,112,107.11444195771654
27,109,111,106.08678215288853
27,110,110,108.18473028826276
27,111,109,112.06043858088417
27,112,108,111.28848533179705
27,113,107,107.96615446264411
27,114,106,110.80255879385525
27,115,105,103.08436045773078
27,116,104,98.33879039202964
27,117,103,91.62588804111351
27,118,102,90.7729533144765
27,119,101,92.52107373832108
27,120,100,96.6145984921425
27,121,99,93.85217920189538
27,122,98,90.703685328242
27,123,97,90.68777108749433
27,124,96,97.13351293571986
27,125,95,96.02890985778288
27,126,94,85.95687848001495
27,127,93,77.72099686626984
27,128,92,72.0316870457705
27,129,91,74.51236151673977
27,130,90,78.06296313839508
27,131,89,76.98558713051573
27,132,88,74.82515002996979
27,133,87,76.25761595205309
27,134,86,81.88799639513707
27,135,85,71.75100590682592
27,136,84,80.053271813898
27,137,83,76.42600869496677
27,138,82,79.80250936792054
27,139,81,80.68190303101986
27,140,80,88.32865103068562
27,141,79,75.87575152145166
27,142,78,72.84057207274657
27,143,77,69.52147317029787
27,144,76,66.69685184738226
28,20,124,110.41958313663764
29,40,240,125.0
29,41,239,125.0
29,42,238,125.0
29,43,237,125.0
29,44,236,125.0
29,45,235,125.0
29,46,234,124.7547747021536
29,47,233,125.0
29,48,232,125.0
29,49,231,123.98393458910712
29,50,230,122.83709844315621
29,51,229,124.42483733512148
29,52,228,123.55133337010156
29,53,227,123.87898263155242
29,54,226,124.85171676219613
29,55,225,124.51478236498394
29,56,224,123.70947149659573
29,57,223,123.78290694235275
29,58,222,123.83230905464778
29,59,221,124.33039210876781
29,60,220,124.97171634201912
29,61,219,124.6611541953381
29,62,218,124.91873233311406
29,63,217,124.05849071253816
29,64,216,123.7254173230395
29,65,215,123.87294944229724
29,66,214,124.52991519572134
29,67,213,124.1978919014941
29,68,212,124.83636052501666
29,69,211,125.0
29,70,210,124.39474101243306
29,71,209,123.109631755729
29,72,208,123.17643426400173
29,73,207,125.0
29,74,206,122.57456091119269
29,75,205,121.62772082866806
29,76,204,121.61148594706431
29,77,203,122.12345485282799
29,78,202,122.28850688387385
29,79,201,121.76177937832182
29,80,200,122.86784684062081
29,81,199,123.39398178686312
29,82,198,122.27398123739354
29,83,197,120.25615491080245
29,84,196,121.60529301353823
29,85,195,121.95562990294417
29,86,194,121.55832239862073
29,87,193,121.61563831016016
29,88,192,122.21128728044161
29,89,191,122.38474362054157
29,90,190,122.20010916130713
29,91,189,121.67676827857952
29,92,188,121.5103527004035
29,93,187,121.61932374278048
29,94,186,121.57706247107208
29,95,185,121.92448632794512
29,96,184,121.40885017648668
29,97,183,121.0091037567444
29,98,182,120.2485514750899
29,99,181,120.22394132020031
29,100,180,119.88015217510906
29,101,179,119.82542532816848
29,102,178,121.10055805207348
29,103,177,120.77635636640295
29,104,176,121.40612489968237
29,105,175,121.36742326968755
29,106,174,122.0993310033194
29,107,173,122.91940080781134
29,108,172,122.47536054476062
29,109,171,122.85641290052081
29,110,170,123.229208610591
29,111,169,122.55079373575158
29,112,168,121.61957632473889
29,113,167,119.36215766746838
29,114,166,117.81599183312312
29,115,165,118.08941667864158
29,116,164,115.19993751356401
29,117,163,116.63502548023537
29,118,162,117.3272318189334
29,119,161,118.0145457707352
29,120,160,119.89566961810368
29,121,159,116.79224609236248
29,122,158,116.62833690748096
29,123,157,120.04281685335197
29,124,156,116.94602020517925
29,125,155,119.24858964344534
29,126,154,119.1589958760759
29,127,153,120.05261061222922
29,128,152,120.46330318283105
29,129,151,120.23364812788445
29,130,150,121.42943354765913
29,131,149,121.83129693698889
29,132,148,122.05555436503457
29,133,147,121.34620168930215
29,134,146,120.69191825628903
29,135,145,121.59341427365419
29,136,144,120.34307684551074
29,137,143,121.96262839000681
29,138,142,122.7572506141547
29,139,141,121.91712674505982
29,140,140,124.00408962820748
29,141,139,124.21517922858555
29,142,138,124.34015762584616
29,143,137,123.97536096587146
29,144,136,124.36838799475143
29,145,135,124.4701443626969
29,146,134,124.11111358202521
29,147,133,123.78083592609579
29,148,132,123.85925479349288
29,149,131,123.56812072841525
29,150,130,122.45257872729825
29,151,129,119.31035308685165
29,152,128,116.66957988662926
29,153,127,113.87609344517
29,154,126,114.89694349227192
29,155,125,116.54275617559975
29,156,124,119.10593060791268
29,157,123,119.93799393431996
29,158,122,119.38349974518405
29,159,121,118.33048912868159
29,160,120,118.01348136446268
29,161,119,117.51833610180621
29,162,118,112.41845881377563
29,163,117,110.53650132093709
29,164,116,115.77804744294272
29,165,115,115.05089424260547
29,166,114,115.76611693506729
29,167,113,115.28602710313284
29,168,112,116.28952523494831
29,169,111,117.23813969226833
29,170,110,117.95657586925077
29,171,109,117.56909219915191
29,172,108,114.08796890259535
29,173,107,111.15738768474175
29,174,106,109.59193057146707
29,175,105,106.87730484741209
29,176,104,109.0995635716528
29,177,103,112.48796241776182
29,178,102,105.81461283449032
29,179,101,109.2947027843341
29,180,100,111.40104275676495
29,181,99,114.28937842627278
29,182,98,117.0589678661754
29,183,97,115.08402239877483
29,184,96,116.16428439673538
29,185,95,113.48605480752488
29,186,94,110.74526068570425
29,187,93,109.48745650504378
29,188,92,104.02990423198318
29,189,91,100.63632261962039
29,190,90,98.76013088293357
29,191,89,92.88261839492708
29,192,88,100.00567212065386
29,193,87,99.08115030905637
29,194,86,96.80448476394345
29,195,85,95.61428508295398
29,196,84,99.35654289253503
29,197,83,99.55794631215869
29,198,82,99.59407522733463
29,199,81,97.46935667849198
29,200,80,90.36697051674838
29,201,79,89.14388292497613
29,202,78,88.36453570700266
29,203,77,95.67671203818263
29,204,76,91.67819382638083
29,205,75,88.71994256202046
29,206,74,86.73658830864795
29,207,73,83.65174188435981
29,208,72,79.12954556991524
29,209,71,78.7539845317664
29,210,70,78.00817536663595
29,211,69,77.51471143404886
29,212,68,76.9992290550606
29,213,67,76.27243778437216
29,214,66,77.05769394921101
29,215,65,72.32800240698876
29,216,64,72.379874747652
30,40,307,120.80045062683227
30,41,306,121.0636203639335
30,42,305,121.1753555507448
30,43,304,121.88054951086012
30,44,303,122.02652118166402
30,45,302,119.82521216386888
30,46,301,121.418123390219
30,47,300,122.11568546523281
30,48,299,124.02945325639871
30,49,298,124.04071917238383
30,50,297,124.61074734791367
30,51,296,124.12077240702857
30,52,295,124.2979507116305
30,53,294,124.80866524357491
30,54,293,124.61078623212467
30,55,292,124.44275471048925
30,56,291,124.59945637427586
30,57,290,124.35644010084695
30,58,289,124.50153069857436
30,59,288,122.9538089365058
30,60,287,123.23808591270392
30,61,286,122.13851986703204
30,62,285,120.94067007630815
30,63,284,121.29135108746223
30,64,283,121.507509690657
30,65,282,121.725979519519
30,66,281,121.82654008993634
30,67,280,122.65865427949707
30,68,279,123.06154626318266
30,69,278,121.5482462575368
30,70,277,122.22951730538162
30,71,276,122.37032944422663
30,72,275,122.22122798841971
30,73,274,122.17610629475854
30,74,273,122.62736523554358
30,75,272,122.79586595886553
30,76,271,122.27224693249434
30,77,270,122.42669123169344
30,78,269,122.94334992025088
30,79,268,123.49602653846021
30,80,267,123.99499459102833
30,81,266,124.48696298552893
30,82,265,124.3632634185701
30,83,264,124.69012725464339
30,84,263,124.40877894889212
30,85,262,124.41500472619887
30,86,261,124.51017520443068
30,87,260,124.55127183342535
30,88,259,124.3745058198376
30,89,258,124.42360747465273
30,90,257,124.04196415486729
30,91,256,123.93466694148921
30,92,255,123.97486011764431
30,93,254,124.2954062979485
30,94,253,123.78507716345491
30,95,252,123.62229619676862
30,96,251,123.76685261354956
30,97,250,124.11892953042852
30,98,249,124.18671693389985
30,99,248,124.23882558066697
30,100,247,124.1726856843666
30,101,246,123.87006911010357
30,102,245,124.03599274666638
30,103,244,123.81101255876388
30,104,243,123.5370607492012
30,105,242,123.61182446700724
30,106,241,123.56412850622971
30,107,240,122.16512667231443
30,108,239,121.5733043822361
30,109,238,120.28664520314902
30,110,237,120.01480224770754
30,111,236,120.303376112544
30,112,235,120.01470420343057
30,113,234,120.40682550789386
30,114,233,120.14517069259347
30,115,232,121.25321359147068
30,116,231,121.57461676747249
30,117,230,120.96019802675204
30,118,229,122.29950824452993
30,119,228,121.56514789309821
30,120,227,121.92824739063022
30,121,226,121.65807851576491
30,122,225,120.07366279855145
30,123,224,120.64048055780799
30,124,223,119.616596497013
30,125,222,118.35879928183591
30,126,221,119.62156372395444
30,127,220,120.35022441377592
30,128,219,120.37580472075895
30,129,218,118.61303412026834
30,130,217,120.51449819692141
30,131,216,119.73333542322291
30,132,215,120.54830362854017
30,133,214,121.1696789825187
30,134,213,122.3011000310591
30,135,212,121.8430831763758
30,136,211,121.95066902945402
30,137,210,123.0544600930711
30,138,209,123.21233389167496
30,139,208,122.82072151991545
30,140,207,122.90233960549028
30,141,206,124.05778050265387
30,142,205,124.79384093066133
30,143,204,124.72618548912055
30,144,203,124.8009671682933
30,145,202,124.66687290217983
30,146,201,125.0
30,147,200,125.0
30,148,199,124.35657023620449
30,149,198,124.8449630236629
30,150,197,124.39540734146219
30,151,196,124.75067305058944
30,152,195,124.00626887736301
30,153,194,124.57847364434537
30,154,193,123.90217419185731
30,155,192,123.63077113875421
30,156,191,123.42009533846485
30,157,190,123.515611396225
30,158,189,124.39969095476368
30,159,188,124.91679045291241
30,160,187,123.98620384014819
30,161,186,124.44000159454347
30,162,185,124.21482953402761
30,163,184,124.18595641043665
30,164,183,123.61466643670852
30,165,182,123.04278021453595
30,166,181,121.2506267609142
30,167,180,122.5994071891314
30,168,179,122.61889853086339
30,169,178,122.54641814862875
30,170,177,122.8130415457855
30,171,176,122.39802429901295
30,172,175,122.11274933078349
30,173,174,121.0045795695253
30,174,173,119.91293954942599
30,175,172,118.30857365357792
30,176,171,115.19666837994245
30,177,170,113.66318096957865
30,178,169,114.16731429414772
30,179,168,112.18858582101217
30,180,167,107.23141172563889
30,181,166,107.56398336720414
30,182,165,113.2677118972894
30,183,164,115.60921828501938
30,184,163,115.31748994658227
30,185,162,116.44010960723199
30,186,161,118.2497496942932
30,187,160,119.65183775730908
30,188,159,119.72053564093457
30,189,158,118.80777537031268
30,190,157,118.37388480759702
30,191,156,119.0369129837973
30,192,155,116.97533032791775
30,193,154,117.44702739618855
30,194,153,117.27522302534595
30,195,152,118.33603703164313
30,196,151,119.63849337363871
30,197,150,120.09438017692578
30,198,149,120.7234291745188
30,199,148,122.10920843299087
30,200,147,117.29069126143725
30,201,146,121.40881226724338
30,202,145,119.64695952178877
30,203,144,120.65614100875283
30,204,143,118.51023852604452
30,205,142,120.78081007740764
30,206,141,121.44286315771711
30,207,140,120.86874135090652
30,208,139,121.45570106559184
30,209,138,120.82678455518347
30,210,137,121.17795270998076
30,211,136,123.33945308621452
30,212,135,121.89019608338775
30,213,134,118.73807368259253
30,214,133,119.7758513034112
30,215,132,119.0033363613974
30,216,131,119.18521021953185
30,217,130,121.55625451973856
30,218,129,117.75535341348237
30,219,128,117.2729777644541
30,220,127,115.06967444050431
30,221,126,114.420852536734
30,222,125,113.92185562729397
30,223,124,113.40331863513626
30,224,123,117.51600602862261
30,225,122,117.40778662506335
30,226,121,114.94798130288851
30,227,120,113.64815631014127
30,228,119,116.24458044429545
30,229,118,112.67366727269473
31,40,100,123.4319071153237
31,41,99,120.66068472297985
31,42,98,121.21475337825615
31,43,97,117.81115854335769
31,44,96,119.90517294472863
31,45,95,121.56687669064895
31,46,94,120.8171579392959
31,47,93,121.31420528718422
31,48,92,117.24736070205776
31,49,91,117.20100805787135
31,50,90,118.53242027100919
31,51,89,116.22457691336093
31,52,88,119.12864377425213
31,53,87,114.6896548386307
31,54,86,116.53415785463417
31,55,85,114.79240224673225
31,56,84,113.9359900673188
31,57,83,116.29443163665823
31,58,82,116.7998577119232
31,59,81,109.51627681809157
31,60,80,111.62810649276832
31,61,79,111.89658531113143
31,62,78,110.59685267623858
31,63,77,108.38226640197425
31,64,76,105.74421584774285
31,65,75,108.19791073058428
31,66,74,104.10069332875341
31,67,73,102.60130419018401
31,68,72,99.67335910221563
31,69,71,101.27864163863171
31,70,70,93.5426111396589
31,71,69,97.27464019597646
31,72,68,104.8577203830187
31,73,67,102.89849718050229
31,74,66,98.30301845340233
31,75,65,94.02318780293635
31,76,64,100.58449239638564
31,77,63,104.45552767171586
31,78,62,104.66419602206119
31,79,61,104.6991070854006
31,80,60,108.75616783227437
31,81,59,104.95784481494265
31,82,58,103.38723231072225
31,83,57,97.48233415507977
31,84,56,104.78290474497277
31,85,55,106.88283294374202
31,86,54,103.52184134878124
31,87,53,98.52374800354468
31,88,52,99.31768401220012
31,89,51,96.87229187531744
31,90,50,94.74018904478591
31,91,49,88.71100036117352
31,92,48,93.80012011300144
31,93,47,89.37086602665498
31,94,46,94.60159872047787
31,95,45,97.89783149354321
31,96,44,100.2349530695563
31,97,43,94.56483306323275
31,98,42,90.41330036488085
31,99,41,81.31862173144827
31,100,40,78.02858145805001
31,101,39,66.51954771885212
31,102,38,58.579904514882756
31,103,37,57.669153838145974
31,104,36,57.03050247760807
31,105,35,50.09259485977924
31,106,34,53.57176228371192
31,107,33,54.836091278482705
31,108,32,48.95891632616111
31,109,31,40.143310524315126
31,110,30,41.63951811575642
31,111,29,41.526975460312336
31,112,28,37.75869784059877
31,113,27,37.845875876938806
31,114,26,31.609776354911755
31,115,25,28.78309572407791
31,116,24,27.180269086801943
31,117,23,23.85077434059658
31,118,22,26.02833739940254
31,119,21,26.18243987629464
31,120,20,26.65889810377446
31,121,19,23.724048273681014
31,122,18,20.07857898980948
31,123,17,20.3156016921741
31,124,16,18.169955221464043
31,125,15,19.080818950237074
31,126,14,17.597395920600647
31,127,13,16.06896001977561
31,128,12,14.542211827144753
31,129,11,12.389758184638485
31,130,10,11.918503901459259
31,131,9,13.509743960640556
31,132,8,13.025036932149618
31,133,7,10.558862584731404
31,134,6,10.787888563002454
32,40,242,120.4471373230811
32,41,241,120.14338713988784
32,42,240,120.1637538179328
32,43,239,121.06364208304876
32,44,238,119.88943441954463
32,45,237,119.70566109438595
32,46,236,119.79994941842249
32,47,235,119.31529404268879
32,48,234,120.78575818975747
32,49,233,120.92941507276348
32,50,232,120.85519877689141
32,51,231,121.48288673275968
32,52,230,120.9412193398899
32,53,229,121.34273066597683
32,54,228,121.2024200847527
32,55,227,122.05176563791099
32,56,226,121.77477657397108
32,57,225,121.55486100620752
32,58,224,120.12865572533127
32,59,223,119.71587991376256
32,60,222,120.12433246207263
32,61,221,119.09126166963561
32,62,220,118.95624118036915
32,63,219,119.53682229689488
32,64,218,119.80346850900068
32,65,217,118.95923706227467
32,66,216,118.94178126015032
32,67,215,120.12473143286724
32,68,214,119.29566511244158
32,69,213,117.57320202148946
32,70,212,119.4637043800121
32,71,211,119.53681668095311
32,72,210,116.97314464212329
32,73,209,115.95268585767352
32,74,208,116.27798481721311
32,75,207,116.83235344829455
32,76,206,113.53739276201495
32,77,205,111.31015446909146
32,78,204,111.47864948552947
32,79,203,110.62545086147047
32,80,202,109.11969630828891
32,81,201,108.53880311300993
32,82,200,109.46230405352509
32,83,199,111.07356891219823
32,84,198,110.36971750445974
32,85,197,110.0003060482679
32,86,196,110.74999993530281
32,87,195,109.96057212252285
32,88,194,110.10955708799112
32,89,193,110.44969575863577
32,90,192,110.17358282721058
32,91,191,103.16944834359492
32,92,190,102.47920171590087
32,93,189,104.57803669233967
32,94,188,109.72817596039151
32,95,187,110.72504862905687
32,96,186,109.07563527029635
32,97,185,110.31619195223786
32,98,184,109.18580823932513
32,99,183,109.44632093246555
32,100,182,112.41391506652661
32,101,181,109.33976491936906
32,102,180,112.64485238762362
32,103,179,112.34119852419764
32,104,178,110.88954129537746
32,105,177,108.22928964526716
32,106,176,106.62116990448033
32,107,175,105.73001408848583
32,108,174,102.3990931132056
32,109,173,102.0708297606888
32,110,172,106.90889746399029
32,111,171,110.32607294577886
32,112,170,113.32699886079477
32,113,169,112.65362802364682
32,114,168,114.94233522904354
32,115,167,114.43564853783926
32,116,166,112.73408507611765
32,117,165,112.02419050033649
32,118,164,113.31936476984215
32,119,163,113.68626033052219
32,120,162,111.33503630928806
32,121,161,110.36952358641975
32,122,160,111.5567138464541
32,123,159,111.87976637492068
32,124,158,111.61467865086553
32,125,157,111.54784744271328
32,126,156,113.69431813942217
32,127,155,113.66803974088381
32,128,154,113.31471808322183
32,129,153,110.26060175172356
32,130,152,112.0033022786238
32,131,151,107.35603080824983
32,132,150,107.48133412097306
32,133,149,108.94718552648216
32,134,148,108.14441156843675
32,135,147,104.09708721966197
32,136,146,102.79217904298025
32,137,145,104.7074529948946
32,138,144,107.74794911682483
32,139,143,111.26567480932479
32,140,142,112.45420999238206
32,141,141,108.26304070154771
32,142,140,109.36617453320378
32,143,139,110.57084939804028
32,144,138,109.40451263562386
32,145,137,108.31462005245005
32,146,136,102.73452570389955
32,147,135,101.01596525871108
32,148,134,106.1668001848657
32,149,133,106.82139628210598
32,150,132,108.76186213227541
32,151,131,109.87423728080712
32,152,130,107.92812391345376
32,153,129,108.06950416238939
32,154,128,110.62015801600457
32,155,127,107.799387532326
32,156,126,104.42580928256368
32,157,125,102.17156557587774
32,158,124,100.31306975143494
32,159,123,101.89403652569746
32,160,122,100.92979813408294
32,161,121,102.43629911731551
32,162,120,100.14245581512567
32,163,119,100.479432659395
32,164,118,98.00972071106405
32,165,117,96.54675661494616
32,166,116,95.23279977163942
32,167,115,97.53249062549652
32,168,114,95.34362419619521
32,169,113,95.41084472403843
32,170,112,101.1599653043387
32,171,111,98.3176046561928
32,172,110,101.53865135638628
32,173,109,100.60602954295575
32,174,108,94.36614511036635
32,175,107,94.21661790557896
32,176,106,88.44475797909965
32,177,105,84.13881037693389
32,178,104,84.081688145655
32,179,103,91.55639018421545
32,180,102,83.99981648048811
32,181,101,73.36605071064221
32,182,100,75.09273443028235
32,183,99,79.4969404014293
32,184,98,76.04666358345736
32,185,97,75.34981564231282
32,186,96,71.27464906560834
32,187,95,77.58469682745927
32,188,94,83.26086395173394
32,189,93,89.82433296310452
32,190,92,90.41414727070058
32,191,91,87.39542631673356
32,192,90,85.04310859720403
32,193,89,87.27575848578957
32,194,88,81.09635697084605
32,195,87,69.39951095128045
32,196,86,63.04872344510328
32,197,85,60.980787035476816
32,198,84,57.384982928092164
32,199,83,66.96673454384819
32,200,82,66.39986357422862
32,201,81,67.31768625955273
32,202,80,67.3037243214414
32,203,79,78.54813328568885
32,204,78,86.40524190601926
32,205,77,88.32572407463041
32,206,76,92.87420520466706
32,207,75,92.54077978313131
32,208,74,93.93272066337371
32,209,73,99.0093921606533
32,210,72,98.81318673820522
32,211,71,100.55624015080963
32,212,70,100.21589811950244
32,213,69,96.30283770068506
32,214,68,95.30568729464754
32,215,67,89.39094221753078
32,216,66,84.6975914638081
32,217,65,86.71345756394018
32,218,64,84.3318709095224
32,219,63,80.34122499184708
32,220,62,71.67523440916139
32,221,61,71.27488670547373
32,222,60,68.14743272352058
32,223,59,70.7044601292099
32,224,58,66.61944361615042
32,225,57,58.36678717859568
32,226,56,54.73307262179433
32,227,55,49.474059848054615
32,228,54,55.14405566793919
32,229,53,57.58350072622859
32,230,52,50.636440730398206
32,231,51,48.41437674933364
32,232,50,39.12750376819466
32,233,49,40.753973680403355
32,234,48,39.50103469534302
32,235,47,39.72276318589253
32,236,46,37.09754621722352
32,237,45,36.70791139711237
32,238,44,39.28735461041269
32,239,43,40.876825807608355
32,240,42,41.06565296325077
32,241,41,40.97094548332643
32,242,40,37.83463065784283
32,243,39,37.27777910486643
32,244,38,41.906967118755304
32,245,37,40.16838042767016
32,246,36,40.0082164981882
32,247,35,38.93908752983339
32,248,34,36.83762118672167
32,249,33,36.07878461201213
32,250,32,37.320493187653554
32,251,31,34.239403741795584
32,252,30,31.985326046049266
32,253,29,30.50894756284925
32,254,28,33.73778603522982
32,255,27,35.62731224173827
32,256,26,32.21170109518411
32,257,25,32.1574312928053
32,258,24,30.82159775145042
32,259,23,28.004445575247836
32,260,22,29.499435353896615
33,40,214,124.83916524320576
33,41,213,124.67312739668462
33,42,212,124.16377497849828
33,43,211,124.87493178318859
33,44,210,124.51620548969811
33,45,209,125.0
33,46,208,125.0
33,47,207,125.0
33,48,206,124.11287115975003
33,49,205,124.95031281661545
33,50,204,123.55454139233565
33,51,203,123.10300039615069
33,52,202,122.20469846183389
33,53,201,122.52248137505721
33,54,200,120.63000856014638
33,55,199,120.9155802518545
33,56,198,122.46219861865188
33,57,197,124.3543050954649
33,58,196,123.94070290287742
33,59,195,123.48539038322875
33,60,194,122.30579653966068
33,61,193,122.96311896618856
33,62,192,122.84034496767308
33,63,191,122.96820663827535
33,64,190,123.37078842362925
33,65,189,123.78554263411198
33,66,188,123.04587856275506
33,67,187,123.75280494140381
33,68,186,122.15547996380539
33,69,185,121.76259874201652
33,70,184,121.95021133830053
33,71,183,123.70807790071004
33,72,182,123.39603400146925
33,73,181,121.92828678667985
33,74,180,123.06031050696186
33,75,179,123.0280813060983
33,76,178,122.90018639736033
33,77,177,123.37215995702915
33,78,176,121.70434048848074
33,79,175,122.73293286858647
33,80,174,121.65032351856074
33,81,173,123.8681211585338
33,82,172,124.17640788394249
33,83,171,124.13108092476558
33,84,170,124.43464593473774
33,85,169,124.33993235194265
33,86,168,124.18988129807408
33,87,167,124.38912671964715
33,88,166,124.28589901226275
33,89,165,122.89632643067083
33,90,164,123.68426161295184
33,91,163,123.87552074646658
33,92,162,123.61434699754872
33,93,161,124.16915736755023
33,94,160,123.29818166188491
33,95,159,123.76687555267128
33,96,158,122.94062297045268
33,97,157,123.89824577092753
33,98,156,123.55032755848725
33,99,155,122.41864631540653
33,100,154,122.05344861926159
33,101,153,120.64927916935767
33,102,152,118.42493656319522
33,103,151,119.40039493225706
33,104,150,119.24119461217836
33,105,149,117.8435196514177
33,106,148,117.57664477670156
33,107,147,119.00755619936896
34,40,447,124.14802680165374
34,41,446,123.91755076769121
34,42,445,124.07798641426629
34,43,444,124.84392836743444
34,44,443,125.0
34,45,442,125.0
34,46,441,125.0
34,47,440,125.0
34,48,439,125.0
34,49,438,125.0
34,50,437,125.0
34,51,436,125.0
34,52,435,125.0
34,53,434,125.0
34,54,433,125.0
34,55,432,125.0
34,56,431,124.7832369807607
34,57,430,125.0
34,58,429,125.0
34,59,428,125.0
34,60,427,125.0
34,61,426,125.0
34,62,425,125.0
34,63,424,125.0
34,64,423,125.0
34,65,422,125.0
34,66,421,125.0
34,67,420,125.0
34,68,419,125.0
34,69,418,123.94789256626503
34,70,417,124.27128009748837
34,71,416,123.75686654537803
34,72,415,123.0384329864475
34,73,414,122.50124727583682
34,74,413,122.54596310858918
34,75,412,123.3074991302511
34,76,411,123.69270327478345
34,77,410,123.69038009736212
34,78,409,123.45121028832051
34,79,408,123.72600662761045
34,80,407,122.96323990380002
34,81,406,123.40003519603118
34,82,405,123.44306935476943
34,83,404,122.94368662964996
34,84,403,123.46454649017677
34,85,402,123.77093742775969
34,86,401,123.48947015962693
34,87,400,123.43154690273917
34,88,399,123.79241952074742
34,89,398,123.14213640803843
34,90,397,122.95963840281846
34,91,396,122.43024527115429
34,92,395,121.55628758202218
34,93,394,123.06422882597464
34,94,393,123.60491715380938
34,95,392,124.09140652550678
34,96,391,124.71862510160709
34,97,390,123.89366242853312
34,98,389,124.04895538878668
34,99,388,124.25410199360168
34,100,387,123.90603618352492
34,101,386,123.7260404295701
34,102,385,123.4378397150229
34,103,384,122.98247737749162
34,104,383,122.49400603337705
34,105,382,124.11475268224247
34,106,381,124.75099591563566
34,107,380,124.4294636046053
34,108,379,124.64776977849269
34,109,378,124.08128939764197
34,110,377,123.5668321145304
34,111,376,123.44106341586387
34,112,375,123.22625928434357
34,113,374,122.90322601771702
34,114,373,123.16270178348006
34,115,372,123.53348989669877
34,116,371,124.25746809689217
34,117,370,123.64612929711745
34,118,369,123.80256429570474
34,119,368,124.48003105357836
34,120,367,124.09075795140384
34,121,366,124.0526500466106
34,122,365,125.0
34,123,364,124.34871446720665
34,124,363,124.79822244619302
34,125,362,125.0
34,126,361,125.0
34,127,360,125.0
34,128,359,123.70088228484056
34,129,358,124.489842274489
34,130,357,124.03662938251398
34,131,356,123.22136930383284
34,132,355,123.61394651347396
34,133,354,122.91489097475164
34,134,353,123.58112949372324
34,135,352,123.46312428043672
34,136,351,123.64568113014354
34,137,350,124.37949387704083
34,138,349,124.13583323825748
34,139,348,125.0
34,140,347,123.95736538827845
34,141,346,124.20810215815382
34,142,345,123.28767188277176
34,143,344,122.86199921789728
34,144,343,122.89785564955623
34,145,342,121.66568633845726
34,146,341,121.95718892768805
34,147,340,124.19133836521651
34,148,339,124.8961581389794
34,149,338,124.7755742582167
34,150,337,124.4203203514681
34,151,336,123.76237963759733
34,152,335,124.60276483749482
34,153,334,121.60112855226939
34,154,333,124.29675119885195
34,155,332,123.66104380239254
34,156,331,125.0
34,157,330,125.0
34,158,329,125.0
34,159,328,124.25346574356226
34,160,327,124.5886259219597
34,161,326,125.0
34,162,325,125.0
34,163,324,125.0
34,164,323,125.0
34,165,322,125.0
34,166,321,125.0
34,167,320,125.0
34,168,319,125.0
34,169,318,125.0
34,170,317,125.0
34,171,316,125.0
34,172,315,125.0
34,173,314,124.81838560317254
34,174,313,124.68832381536407
34,175,312,125.0
34,176,311,124.64892571337626
34,177,310,123.85006661770498
34,178,309,124.5528189782874
34,179,308,125.0
34,180,307,125.0
34,181,306,125.0
34,182,305,125.0
34,183,304,125.0
34,184,303,125.0
34,185,302,125.0
34,186,301,125.0
34,187,300,125.0
34,188,299,125.0
34,189,298,125.0
34,190,297,125.0
34,191,296,124.85772253376386
34,192,295,124.22585463557769
34,193,294,124.84807350253607
34,194,293,125.0
34,195,292,125.0
34,196,291,125.0
34,197,290,125.0
34,198,289,125.0
34,199,288,125.0
34,200,287,125.0
34,201,286,124.6954312147192
34,202,285,125.0
34,203,284,125.0
34,204,283,125.0
34,205,282,124.14367402196991
34,206,281,124.83461464840256
34,207,280,125.0
34,208,279,125.0
34,209,278,125.0
34,210,277,125.0
34,211,276,125.0
34,212,275,125.0
34,213,274,125.0
34,214,273,125.0
34,215,272,125.0
34,216,271,125.0
34,217,270,125.0
34,218,269,125.0
34,219,268,125.0
34,220,267,125.0
34,221,266,125.0
34,222,265,124.53317643894067
34,223,264,124.25344091742122
34,224,263,124.11707336712809
34,225,262,122.78653506339444
34,226,261,122.34367899932563
34,227,260,122.84635770711373
34,228,259,123.44779480192074
34,229,258,124.11604452156521
34,230,257,124.1228812780796
34,231,256,123.82802502295321
34,232,255,122.60718169863148
34,233,254,123.8933044034415
34,234,253,123.38898617613121
34,235,252,124.34255203306745
34,236,251,124.38981568832875
34,237,250,124.08468340827908
34,238,249,124.07417306494877
34,239,248,123.5404463402343
34,240,247,120.64675120808973
34,241,246,119.56125724772596
34,242,245,124.38475785960225
34,243,244,118.93196726949793
34,244,243,121.10957700588465
34,245,242,121.06973819575376
34,246,241,124.26548963158496
34,247,240,123.10754417136258
34,248,239,118.7230311535687
34,249,238,119.41022307238312
34,250,237,117.4056024489201
34,251,236,119.57254855173807
34,252,235,120.51377470267732
34,253,234,120.8423172272734
34,254,233,120.1900167734201
34,255,232,124.94004093379827
34,256,231,125.0
34,257,230,125.0
34,258,229,125.0
34,259,228,125.0
34,260,227,125.0
34,261,226,124.24493118406572
34,262,225,123.57164184884503
34,263,224,123.33655068906509
34,264,223,123.33683329851598
34,265,222,123.2893901093883
34,266,221,125.0
34,267,220,123.92662636085359
34,268,219,124.90332357453318
34,269,218,124.99855580474781
34,270,217,124.02783340008372
34,271,216,124.05784411024005
34,272,215,124.25205018050809
34,273,214,125.0
34,274,213,125.0
34,275,212,125.0
34,276,211,125.0
34,277,210,125.0
34,278,209,123.96701225866978
34,279,208,123.4282531930051
34,280,207,125.0
34,281,206,124.39639261720234
34,282,205,125.0
34,283,204,124.07912771994467
34,284,203,124.82240298178905
34,285,202,125.0
34,286,201,125.0
34,287,200,125.0
34,288,199,125.0
34,289,198,125.0
34,290,197,125.0
34,291,196,125.0
34,292,195,125.0
34,293,194,125.0
34,294,193,124.64445353190706
34,295,192,124.99596090803063
34,296,191,124.25563334722364
34,297,190,124.37143173426901
34,298,189,124.8497412059493
34,299,188,125.0
34,300,187,124.76481296156666
34,301,186,124.13708532424687
34,302,185,124.5268664006534
34,303,184,124.2023153018724
34,304,183,125.0
34,305,182,124.08157855962614
34,306,181,123.99808604242729
34,307,180,124.48285234860704
34,308,179,123.42811729418969
34,309,178,123.94004875078946
34,310,177,123.49554814084047
34,311,176,120.29301175456244
34,312,175,121.22165667146301
34,313,174,124.72584743471882
34,314,173,121.49683188507953
34,315,172,123.85670886924588
34,316,171,121.31676400642081
34,317,170,122.76356812597486
34,318,169,124.54806447624966
34,319,168,124.14427739545764
34,320,167,124.86235738574287
34,321,166,125.0
34,322,165,123.43129575672475
34,323,164,122.26974344808913
34,324,163,120.75169810105332
34,325,162,118.84173290004546
34,326,161,118.00043341528942
34,327,160,114.73029974931876
34,328,159,113.63631693978525
34,329,158,117.16200432139992
34,330,157,115.79470119314998
34,331,156,115.67697019438707
34,332,155,122.12761283687183
34,333,154,124.08785474961493
34,334,153,123.43144029651145
34,335,152,125.0
34,336,151,124.48502971223405
34,337,150,124.74974750559875
34,338,149,123.20554298452845
34,339,148,123.47109030673212
34,340,147,123.14345075060112
34,341,146,125.0
34,342,145,123.65738138440871
34,343,144,122.22485446199434
34,344,143,119.37460699994685
34,345,142,119.4837529699194
34,346,141,121.31184629557137
34,347,140,122.32633890301088
34,348,139,122.17068709041635
34,349,138,119.49925230435399
34,350,137,116.02555354301643
34,351,136,115.05043796895956
34,352,135,117.86840231523564
34,353,134,117.6308128408782
34,354,133,117.44652443143367
34,355,132,116.77179683240443
34,356,131,109.83272137880456
34,357,130,110.81232937629274
34,358,129,107.68756995704138
34,359,128,104.63506356765583
34,360,127,102.99740002687827
34,361,126,102.90244018136879
35,40,274,123.75026913541122
35,41,273,123.60969421081529
35,42,272,124.31916446784564
35,43,271,124.94065801980983
35,44,270,124.87933987216056
35,45,269,125.0
35,46,268,125.0
35,47,267,125.0
35,48,266,125.0
35,49,265,125.0
35,50,264,125.0
35,51,263,125.0
35,52,262,125.0
35,53,261,125.0
35,54,260,124.34803744970243
35,55,259,124.27025655419709
35,56,258,123.04063398578269
35,57,257,124.75983851051222
35,58,256,124.31061282581499
35,59,255,124.3714615429428
35,60,254,125.0
35,61,253,125.0
35,62,252,125.0
35,63,251,124.63026716905892
35,64,250,124.80140316713528
35,65,249,124.20032080586031
35,66,248,123.40671556670372
35,67,247,123.45251718188509
35,68,246,122.97495684868856
35,69,245,122.07624122903454
35,70,244,123.25319973943306
35,71,243,123.46516713424244
35,72,242,123.84728005505227
35,73,241,123.89680722326122
35,74,240,123.96113914527356
35,75,239,122.47630568120451
35,76,238,121.79144526890781
35,77,237,121.1709238122828
35,78,236,120.07354721791572
35,79,235,118.02319196735155
35,80,234,119.59943942247013
35,81,233,120.89964273697935
35,82,232,121.83716988264155
35,83,231,122.43374702839145
35,84,230,123.00669885643633
35,85,229,122.64449521781991
35,86,228,122.1740174099648
35,87,227,122.3018905157318
35,88,226,122.20572982361244
35,89,225,123.02533927087373
35,90,224,122.37628384872252
35,91,223,123.4998143128341
35,92,222,123.34579333639587
35,93,221,122.51600383206706
35,94,220,122.50761876185194
35,95,219,121.93505448134401
35,96,218,120.21065546703517
35,97,217,121.18558166105399
35,98,216,122.47580732503097
35,99,215,122.94536946944436
35,100,214,123.02975013473389
35,101,213,124.28336977358256
35,102,212,124.10249700008478
35,103,211,121.56344687475584
35,104,210,119.89534909898116
35,105,209,118.18224301549932
35,106,208,119.34393517341151
35,107,207,119.42573950087892
35,108,206,119.64368107593184
35,109,205,121.39367497392075
35,110,204,120.85008728011123
35,111,203,119.70784045057454
35,112,202,117.96096119655863
35,113,201,116.33363199732173
35,114,200,114.87110648759847
35,115,199,115.92667958279588
35,116,198,116.9953604630812
35,117,197,118.61588220584775
35,118,196,119.20756047807147
35,119,195,119.14801771321858
35,120,194,122.33169636911782
35,121,193,121.67977092024475
35,122,192,121.6958167150442
35,123,191,119.80461569319012
35,124,190,120.30898827549233
35,125,189,120.35660611277241
35,126,188,119.98568886310309
35,127,187,120.09158510862957
35,128,186,120.26405081001488
35,129,185,120.22566444912513
35,130,184,119.67429404705555
35,131,183,118.82281687573527
35,132,182,118.18740167923887
35,133,181,117.5052927617017
35,134,180,117.39616579297252
35,135,179,114.08378028994503
35,136,178,115.25450343289069
35,137,177,114.0622579349499
35,138,176,116.92875370312052
35,139,175,116.01972303802444
35,140,174,115.95440431797127
35,141,173,120.83112754418666
35,142,172,122.83308723201353
35,143,171,121.25993564674653
35,144,170,121.15859869043814
35,145,169,117.98321485571554
35,146,168,119.14530142591587
35,147,167,118.02810556427644
35,148,166,119.18977972095308
35,149,165,117.81047516498255
35,150,164,117.10137424869944
35,151,163,113.74684119212321
35,152,162,111.5467213309293
35,153,161,108.1451889073993
35,154,160,106.16445747905027
35,155,159,112.07996733987505
35,156,158,110.97096314164352
35,157,157,110.89524192447058
35,158,156,112.14270970616013
35,159,155,110.6198872174491
35,160,154,113.06389268882847
35,161,153,109.1994016128065
35,162,152,104.82415211148597
35,163,151,104.16438542573168
35,164,150,110.95203361230887
35,165,149,112.26617791499972
35,166,148,114.67138168132904
35,167,147,115.32793802749529
35,168,146,113.9670425313354
35,169,145,114.50325641196065
35,170,144,116.97197182195183
35,171,143,116.23104146293787
35,172,142,118.47207386096117
35,173,141,119.5819729189938
35,174,140,117.74402177570134
35,175,139,118.43533951210132
35,176,138,117.78404754889195
35,177,137,116.87652789271338
35,178,136,119.027088151748
35,179,135,113.34456298815692
35,180,134,110.74701583061469
35,181,133,107.35945887173516
35,182,132,107.73892256129463
35,183,131,110.13358218800846
35,184,130,111.46990505840515
35,185,129,113.4489781503926
35,186,128,114.46550910166107
35,187,127,114.29878471683304
35,188,126,111.75824082386467
35,189,125,113.49291201036779
35,190,124,112.4315564767085
35,191,123,105.86559438116171
35,192,122,110.82608612521938
35,193,121,106.91726921393574
35,194,120,109.4384024443078
35,195,119,112.81628406875541
35,196,118,113.8161303190881
35,197,117,112.64709632557057
35,198,116,113.13561667719145
35,199,115,108.36760884014953
35,200,114,109.29933727364299
35,201,113,104.89681271815279
35,202,112,100.62500509185074
35,203,111,99.84390793070702
35,204,110,103.07740167735226
35,205,109,102.1881113209744
35,206,108,99.05275040913222
35,207,107,88.2406506537092
35,208,106,85.2593589474612
35,209,105,89.43651513380408
35,210,104,87.94894150620686
35,211,103,85.09100123814957
35,212,102,87.99883788844274
35,213,101,83.3662808266088
35,214,100,88.32070925036928
35,215,99,88.21576096855
35,216,98,92.59446590739759
35,217,97,94.23376545437976
35,218,96,96.92815586552533
35,219,95,100.78814419874152
35,220,94,98.94374171435123
35,221,93,97.92789491344821
35,222,92,100.28080933243805
35,223,91,101.57418089384274
35,224,90,102.19346762199471
35,225,89,104.23596064498216
35,226,88,103.54680391369887
35,227,87,102.50247857053428
35,228,86,102.46555993147882
35,229,85,99.50135817647805
35,230,84,95.05641786190559
35,231,83,94.6664828239827
35,232,82,95.77784230959546
35,233,81,88.64400894636307
35,234,80,91.67673674734337
35,235,79,90.87510736019513
35,236,78,85.26691843989778
35,237,77,80.27676344026665
35,238,76,67.881247712121
35,239,75,64.76725348988636
35,240,74,62.07599308652746
35,241,73,53.65826929289544
35,242,72,58.18614464666201
35,243,71,62.95791506643124
35,244,70,59.386515551247975
35,245,69,63.14265649022972
35,246,68,61.887938757780454
35,247,67,57.94032885249041
35,248,66,57.79194586085927
35,249,65,58.41791253755886
35,250,64,63.34872321561159
35,251,63,58.428989975679386
35,252,62,51.18284170887851
35,253,61,49.557897513532424
35,254,60,52.268181694248895
35,255,59,54.24712552226963
35,256,58,51.84735980424206
35,257,57,46.56912462942352
35,258,56,45.61042290048352
35,259,55,47.87825949800788
35,260,54,52.846075273044335
35,261,53,48.76011208377409
35,262,52,51.15394270473409
35,263,51,44.733506342688784
35,264,50,45.14367278313246
35,265,49,43.587453656275166
35,266,48,46.1291009456189
35,267,47,42.72673041443341
35,268,46,42.952380419624596
35,269,45,41.726834562622244
35,270,44,40.652248641740925
35,271,43,42.041738163981925
35,272,42,43.20157243472737
35,273,41,42.179003140640276
35,274,40,42.02521903807307
35,275,39,40.584986735343584
35,276,38,39.622131932623745
35,277,37,37.28673726296318
35,278,36,36.78386067316988
36,40,192,124.2123973830366
36,41,191,123.98461357146734
36,42,190,124.85400224984383
36,43,189,124.81560203661883
36,44,188,125.0
36,45,187,125.0
36,46,186,125.0
36,47,185,125.0
36,48,184,124.72605978317617
36,49,183,124.64407047365418
36,50,182,124.26229561045412
36,51,181,124.02783272137258
36,52,180,124.81935473011298
36,53,179,123.76535025664307
36,54,178,124.14561196317939
36,55,177,124.07405903564936
36,56,176,123.0485170306566
36,57,175,123.03591131250595
36,58,174,123.12313298679061
36,59,173,123.32959791605842
36,60,172,123.7435162380903
36,61,171,123.88351797407697
36,62,170,123.71638985495224
36,63,169,124.58735667436588
36,64,168,124.48891924476797
36,65,167,124.34702319640888
36,66,166,123.34684560081126
36,67,165,123.26053539648558
36,68,164,123.2352872089956
36,69,163,122.92052123543958
36,70,162,123.77098030353156
36,71,161,123.09528115131819
36,72,160,123.6622024128601
36,73,159,123.87882700271703
36,74,158,123.75850852017258
36,75,157,123.98418583809557
36,76,156,123.78010309219786
36,77,155,123.89877347434128
36,78,154,123.18297340835771
36,79,153,121.7699269091834
36,80,152,120.2278061341061
36,81,151,122.5180085501556
36,82,150,123.46122237523527
36,83,149,122.42640924292044
36,84,148,123.18313328599932
36,85,147,123.03930943710213
36,86,146,123.14183102417198
36,87,145,123.25450151119455
36,88,144,123.20725523183948
36,89,143,122.95386053216558
36,90,142,122.54964967616164
36,91,141,122.05230205713201
36,92,140,120.47137025073914
36,93,139,118.01001408744628
36,94,138,118.5023351804829
36,95,137,120.02890806393204
36,96,136,111.60463134395025
36,97,135,115.24583701719556
36,98,134,118.00515152798508
36,99,133,118.95608074848712
36,100,132,115.94079404158472
36,101,131,115.72401996612564
36,102,130,115.80893870924236
36,103,129,118.59704878091964
36,104,128,117.71231364705037
36,105,127,116.64846994033702
36,106,126,115.64050137416464
36,107,125,117.93695409841777
36,108,124,119.4068703936754
36,109,123,115.06116678327783
36,110,122,120.81958030044593
36,111,121,117.66109945373981
36,112,120,118.6847364203097
36,113,119,120.48759393697449
36,114,118,119.00384592194143
36,115,117,119.55292524077149
36,116,116,121.28371899075948
36,117,115,120.03821075513514
36,118,114,119.81238615407739
36,119,113,120.91779158003642
36,120,112,117.84657705255168
36,121,111,122.23495871855366
36,122,110,120.42564935781321
36,123,109,117.73142575965133
36,124,108,118.93251215259085
36,125,107,119.1156424467337
36,126,106,116.73789635309177
36,127,105,117.13267905636908
36,128,104,120.34924554313173
36,129,103,119.25828009450183
36,130,102,117.43205281759083
36,131,101,113.67989209106459
36,132,100,110.99078438100346
36,133,99,109.65281944941901
36,134,98,103.3623875527424
36,135,97,101.04469133650866
36,136,96,89.29451317079948
36,137,95,89.32458599233087
36,138,94,82.49306751487461
36,139,93,80.84192134792407
36,140,92,73.95551725525677
36,141,91,71.9824274340786
36,142,90,73.96848939327202
36,143,89,75.14318203122308
36,144,88,73.61637028020172
36,145,87,74.22807225538192
36,146,86,75.01088970662043
36,147,85,76.54040609757345
36,148,84,77.66704188459946
36,149,83,78.07099338548726
36,150,82,70.90263106649704
36,151,81,68.79528711029478
36,152,80,69.9953591854404
36,153,79,69.06112439309129
36,154,78,71.22220763223879
36,155,77,68.07964700307187
36,156,76,68.61786755478022
36,157,75,67.22651374424292
36,158,74,75.18791525637116
36,159,73,71.9909619776282
37,40,394,125.0
37,41,393,125.0
37,42,392,125.0
37,43,391,125.0
37,44,390,125.0
37,45,389,125.0
37,46,388,125.0
37,47,387,125.0
37,48,386,125.0
37,49,385,125.0
37,50,384,125.0
37,51,383,124.74158468719028
37,52,382,124.56638780372862
37,53,381,124.40930416693169
37,54,380,124.32115189933558
37,55,379,123.81840250818183
37,56,378,124.76154389588535
37,57,377,123.98112223814286
37,58,376,123.53519520381684
37,59,375,123.7151784566287
37,60,374,125.0
37,61,373,125.0
37,62,372,124.85265498977098
37,63,371,123.40745796535103
37,64,370,124.44303805472997
37,65,369,123.93971406878065
37,66,368,123.69916491036957
37,67,367,123.40092471857224
37,68,366,123.31490881209126
37,69,365,123.26319468382327
37,70,364,123.26835790480551
37,71,363,123.4616635984114
37,72,362,123.91615369134102
37,73,361,124.00081579129125
37,74,360,123.79682692885436
37,75,359,124.44571587927445
37,76,358,125.0
37,77,357,124.76596516825859
37,78,356,124.93292980546056
37,79,355,124.85761471832427
37,80,354,125.0
37,81,353,125.0
37,82,352,125.0
37,83,351,125.0
37,84,350,125.0
37,85,349,125.0
37,86,348,125.0
37,87,347,125.0
37,88,346,125.0
37,89,345,124.78552992137638
37,90,344,125.0
37,91,343,124.3788591787802
37,92,342,124.25198184589152
37,93,341,123.59876215902675
37,94,340,124.01728002576118
37,95,339,124.57201149358372
37,96,338,123.47943710303957
37,97,337,122.88775119563854
37,98,336,123.7289983337331
37,99,335,121.99053489334241
37,100,334,122.44827310337281
37,101,333,123.83232284899535
37,102,332,124.12699857355892
37,103,331,123.7049560368617
37,104,330,123.60164465709337
37,105,329,124.55672283432928
37,106,328,124.40254950302608
37,107,327,123.93000114507782
37,108,326,123.88615552651176
37,109,325,123.150758947844
37,110,324,123.93926462249445
37,111,323,123.30658363184781
37,112,322,119.26651902709992
37,113,321,121.25439253377542
37,114,320,122.65895208164491
37,115,319,125.0
37,116,318,122.46194152415444
37,117,317,121.43429683349157
37,118,316,122.6321495959613
37,119,315,121.86150504820456
37,120,314,124.51167283373815
37,121,313,124.47900363433025
37,122,312,124.70226778408566
37,123,311,124.93230888204815
37,124,310,124.85721717501187
37,125,309,124.8171875443292
37,126,308,124.22751721466656
37,127,307,123.91616061161893
37,128,306,122.74951165555811
37,129,305,123.70980576712003
37,130,304,123.3743336238987
37,131,303,123.72551304717265
37,132,302,122.84840288014367
37,133,301,121.45516865202688
37,134,300,122.74856696014679
37,135,299,123.26711805453303
37,136,298,123.80369098087118
37,137,297,122.34183235748887
37,138,296,119.43940261555969
37,139,295,119.94607214624635
37,140,294,121.24860687150715
37,141,293,121.67898492112485
37,142,292,122.17920006597532
37,143,291,122.5306382918436
37,144,290,124.25770970759994
37,145,289,123.27873817988632
37,146,288,125.0
37,147,287,124.85869461151815
37,148,286,125.0
37,149,285,124.42810259118916
37,150,284,122.54126075824573
37,151,283,120.30172130113635
37,152,282,121.22687366526924
37,153,281,121.29864369053664
37,154,280,119.97139718128447
37,155,279,119.36224229428299
37,156,278,123.59641887945997
37,157,277,122.3196615645293
37,158,276,123.96838880924659
37,159,275,124.03058921544647
37,160,274,123.86886111892001
37,161,273,123.9653489193841
37,162,272,124.51432240087073
37,163,271,124.71837523327102
37,164,270,124.5390365878682
37,165,269,124.87118395462886
37,166,268,124.9164930687599
37,167,267,124.96286795389273
37,168,266,124.94254612033045
37,169,265,125.0
37,170,264,125.0
37,171,263,125.0
37,172,262,125.0
37,173,261,125.0
37,174,260,123.95358257953808
37,175,259,124.81043256506493
37,176,258,124.50091995591579
37,177,257,122.73541024594893
37,178,256,125.0
37,179,255,124.74225987975359
37,180,254,122.67943580289537
37,181,253,123.8222702811197
37,182,252,122.91809388645021
37,183,251,123.71852914661072
37,184,250,124.44999456586962
37,185,249,122.72928756088004
37,186,248,122.19081032001074
37,187,247,123.07427333431164
37,188,246,122.73935100032355
37,189,245,123.1670171723684
37,190,244,123.72826979213785
37,191,243,123.32571463844909
37,192,242,123.35319198298029
37,193,241,123.72431423674861
37,194,240,123.53159084195138
37,195,239,122.68102377093035
37,196,238,124.53616841934512
37,197,237,124.17901597254779
37,198,236,123.36992406513019
37,199,235,122.63143343198178
37,200,234,122.99185509728511
37,201,233,122.77993473670035
37,202,232,123.38120590341309
37,203,231,125.0
37,204,230,125.0
37,205,229,125.0
37,206,228,125.0
37,207,227,125.0
37,208,226,124.24972328648644
37,209,225,124.59646888041476
37,210,224,124.5495769213185
37,211,223,124.44801732494923
37,212,222,124.55521322611199
37,213,221,125.0
37,214,220,125.0
37,215,219,125.0
37,216,218,125.0
37,217,217,125.0
37,218,216,125.0
37,219,215,125.0
37,220,214,125.0
37,221,213,124.20077518138515
37,222,212,124.3864879963615
37,223,211,124.22875774644105
37,224,210,123.92631343041145
37,225,209,123.88201165992052
37,226,208,124.0578760241612
37,227,207,124.08047051925034
37,228,206,123.54334807682496
37,229,205,121.71828747761273
37,230,204,120.9349655954095
37,231,203,121.61102555732457
37,232,202,121.91675978961513
37,233,201,119.00243676503746
37,234,200,118.34325619342074
37,235,199,118.28147315760513
37,236,198,117.04966144662126
37,237,197,117.16294126132736
37,238,196,118.32800811441759
37,239,195,120.69299293742662
37,240,194,121.36835902527054
37,241,193,120.45769284627258
37,242,192,122.26231985714674
37,243,191,122.2939019940707
37,244,190,122.40369599483071
37,245,189,122.20741715283476
37,246,188,122.56039932044362
37,247,187,122.40148408569783
37,248,186,122.07657970256366
37,249,185,122.18878868727384
37,250,184,122.09136253470376
37,251,183,123.32369236309322
37,252,182,124.14422673621138
37,253,181,124.44554944589753
37,254,180,125.0
37,255,179,124.81196636396425
37,256,178,125.0
37,257,177,125.0
37,258,176,125.0
37,259,175,125.0
37,260,174,125.0
37,261,173,125.0
37,262,172,125.0
37,263,171,125.0
37,264,170,125.0
37,265,169,125.0
37,266,168,125.0
37,267,167,125.0
37,268,166,125.0
37,269,165,125.0
37,270,164,125.0
37,271,163,124.11573132831111
37,272,162,124.05219819443096
37,273,161,124.67161547636991
37,274,160,124.66732098153787
37,275,159,123.7841059124261
37,276,158,123.97054377077421
37,277,157,121.99910584454321
37,278,156,120.96516351732545
37,279,155,119.25099794915451
37,280,154,118.82647570751726
37,281,153,121.44632395133596
37,282,152,123.14375841353609
37,283,151,124.01148657790517
37,284,150,124.1278582788371
37,285,149,123.22637567339521
37,286,148,122.06846195669483
37,287,147,120.77370210698069
37,288,146,119.62926502658189
37,289,145,116.62148235587159
37,290,144,118.5181479048557
37,291,143,117.0451625377272
37,292,142,116.92551681102988
37,293,141,118.68142915628528
37,294,140,118.375142124973
37,295,139,112.319254846038
37,296,138,108.94577235426439
37,297,137,104.58246312383892
37,298,136,109.33331011236544
37,299,135,111.62479579327542
37,300,134,109.08204527662095
37,301,133,108.59981567144209
37,302,132,109.89916161603131
37,303,131,115.89759082595633
37,304,130,114.66855214871887
37,305,129,116.86720522089212
37,306,128,116.32972812485457
37,307,127,115.5208296493352
37,308,126,116.77936342076597
37,309,125,116.52484243360828
37,310,124,115.90179242629833
37,311,123,112.19503397711333
37,312,122,112.08926260403494
37,313,121,109.85622402299394
37,314,120,109.49084522028218
37,315,119,111.07885477259158
37,316,118,109.62195106849143
37,317,117,107.05675737266489
37,318,116,104.3321722467758
37,319,115,100.98014686436522
37,320,114,96.31265253485006
37,321,113,95.31006290799675
37,322,112,93.09811707935474
37,323,111,93.72771005660394
37,324,110,96.31771636968067
37,325,109,96.48592321619856
37,326,108,97.66368671678187
37,327,107,99.1206039333459
37,328,106,96.30336675594495
37,329,105,94.5405249198908
37,330,104,100.89774356457605
37,331,103,98.62959851622006
37,332,102,96.66899563377503
37,333,101,90.98207775441321
37,334,100,86.32588233268632
37,335,99,83.98390873398345
37,336,98,87.05170036476912
37,337,97,87.4326928038036
37,338,96,86.04441779935712
37,339,95,80.26185667169085
37,340,94,75.36322632170365
37,341,93,72.35701984683647
37,342,92,73.78028000964807
37,343,91,76.09377825566705
37,344,90,77.23842202776036
37,345,89,75.49224931521982
38,40,96,119.44600744184277
38,41,95,117.32986823683814
38,42,94,111.90081758975636
38,43,93,113.23613789244484
38,44,92,112.68233401607566
38,45,91,109.79388059638737
38,46,90,110.09638701125897
38,47,89,112.46563756871117
38,48,88,108.63876606371318
38,49,87,102.97328165134508
38,50,86,101.21359601812517
38,51,85,94.9147537887628
38,52,84,103.16845977700312
38,53,83,105.73402183101066
38,54,82,107.06636045699898
38,55,81,107.633730503566
38,56,80,111.58507780503956
38,57,79,110.48091031216
38,58,78,109.81144792450888
38,59,77,110.55877919072003
38,60,76,110.99327966959731
38,61,75,105.21410857564945
38,62,74,101.97639049185369
38,63,73,99.3692646768956
38,64,72,95.84347104344161
38,65,71,95.56069124643832
38,66,70,97.41416155183822
38,67,69,104.08646839535729
38,68,68,104.74132990963747
38,69,67,100.61735388544834
38,70,66,96.65859998355162
38,71,65,94.82980369485492
38,72,64,96.97442955514947
38,73,63,95.61317403910326
38,74,62,93.68166016953249
38,75,61,89.17673969414815
38,76,60,90.20407931327834
38,77,59,94.92351781469529
38,78,58,97.06352525422213
38,79,57,99.86563227675131
38,80,56,100.72542365840553
38,81,55,97.98135429557938
38,82,54,89.59628966306995
38,83,53,88.71206921481398
38,84,52,83.03031411085979
38,85,51,74.44080781961691
38,86,50,69.47795389754776
38,87,49,59.92867055440878
38,88,48,52.08492149046394
38,89,47,51.460054596589615
38,90,46,52.487202850746385
38,91,45,46.559676632450575
38,92,44,44.16471143191094
38,93,43,42.10426376719165
38,94,42,40.99542188151011
38,95,41,39.41035890104194
38,96,40,37.12798683877699
38,97,39,39.3005828235634
38,98,38,33.29114638716224
38,99,37,30.931937233797367
38,100,36,27.865773660617172
38,101,35,28.330036588514886
38,102,34,26.21542825047101
38,103,33,29.330453607055784
38,104,32,25.859147305684967
38,105,31,26.61708254531747
38,106,30,26.852177270909664
38,107,29,31.366641486199544
38,108,28,25.14374689356162
38,109,27,31.467091611187374
38,110,26,27.16167406778838
38,111,25,28.08077162874462
38,112,24,26.295284718005206
38,113,23,18.88145291199371
38,114,22,21.188173748376293
38,115,21,18.803875656770373
38,116,20,17.24277578856166
38,117,19,16.576316466470914
38,118,18,18.13604044240241
38,119,17,17.545241445226075
38,120,16,16.60821848554079
38,121,15,15.349112120434821
38,122,14,13.34759221701912
38,123,13,12.101991543254373
38,124,12,12.146101697058064
38,125,11,12.131267092785816
39,40,325,125.0
39,41,324,125.0
39,42,323,124.94884200012888
39,43,322,125.0
39,44,321,124.54043853764028
39,45,320,123.70455072468852
39,46,319,123.47831622257715
39,47,318,124.5063413215081
39,48,317,124.31244648624323
39,49,316,123.53390939215025
39,50,315,123.08317909024281
39,51,314,123.39464221724272
39,52,313,122.72490547039772
39,53,312,123.30984535366815
39,54,311,123.69471233954584
39,55,310,123.68835596409903
39,56,309,123.33307916519297
39,57,308,123.5017780869207
39,58,307,125.0
39,59,306,123.28613514881741
39,60,305,123.36959230051127
39,61,304,124.118854584798
39,62,303,123.38810970283929
39,63,302,123.27163527578428
39,64,301,123.2525776421475
39,65,300,121.7472878400509
39,66,299,122.16804679749902
39,67,298,123.13911585509624
39,68,297,122.35245910990878
39,69,296,122.7879631218965
39,70,295,122.44005479491226
39,71,294,123.35403097964138
39,72,293,122.78359828134941
39,73,292,121.47879879584218
39,74,291,122.15641871429416
39,75,290,121.62708059861816
39,76,289,120.9742010173371
39,77,288,122.24332177569673
39,78,287,123.29059768972627
39,79,286,123.07551958492283
39,80,285,124.27065546207153
39,81,284,123.95997294431552
39,82,283,123.48344014465809
39,83,282,123.79579862439945
39,84,281,122.8533324386861
39,85,280,122.68517423858368
39,86,279,121.90753302860628
39,87,278,122.0515154252389
39,88,277,122.42115380719287
39,89,276,122.73759234941633
39,90,275,121.91740453577731
39,91,274,122.55857156553013
39,92,273,123.49435288064281
39,93,272,123.55524634256773
39,94,271,123.31198389565904
39,95,270,123.513265610871
39,96,269,123.5464038170229
39,97,268,123.29966800045847
39,98,267,121.96997688107761
39,99,266,123.22220081000864
39,100,265,121.83582875713316
39,101,264,119.88765551424825
39,102,263,121.10530527587548
39,103,262,121.82907914819131
39,104,261,121.66046995008972
39,105,260,119.6071523488755
39,106,259,121.32363183384851
39,107,258,121.00498243317023
39,108,257,118.96077227894177
39,109,256,120.54269233549581
39,110,255,120.15435749781375
39,111,254,120.47492215782432
39,112,253,121.89103765453041
39,113,252,120.72578648755416
39,114,251,120.5104880002945
39,115,250,123.08200565902047
39,116,249,122.92985738535188
39,117,248,121.68828325457139
39,118,247,122.58442534863687
39,119,246,122.22092989863165
39,120,245,122.49165139712854
39,121,244,121.76001699438945
39,122,243,121.79668144071783
39,123,242,122.8370733134044
39,124,241,123.20083242875438
39,125,240,123.29192956775232
39,126,239,123.82390266151708
39,127,238,122.52567544530436
39,128,237,122.62214178349919
39,129,236,122.80585501151384
39,130,235,122.45442597864707
39,131,234,122.57421087854772
39,132,233,122.86373785603445
39,133,232,122.94679708772236
39,134,231,123.17318622040433
39,135,230,124.33161715759624
39,136,229,123.88183094849097
39,137,228,124.52975582028014
39,138,227,124.10397591755849
39,139,226,124.27762827958898
39,140,225,122.5415256054541
39,141,224,121.50471021146303
39,142,223,121.91919959212288
39,143,222,121.9813681388327
39,144,221,121.53534363467372
39,145,220,118.62226217923666
39,146,219,118.8248962158612
39,147,218,116.69322535644096
39,148,217,118.8245463018021
39,149,216,118.57144925283293
39,150,215,119.46915478872941
39,151,214,116.37025097189174
39,152,213,115.94389713265971
39,153,212,115.70659741671741
39,154,211,113.90730051147428
39,155,210,115.39272002869382
39,156,209,115.77211026056673
39,157,208,116.52947596298327
39,158,207,117.5612478913377
39,159,206,121.0158070435663
39,160,205,121.01939125762047
39,161,204,121.96631515733048
39,162,203,121.46042124310392
39,163,202,121.83489795634807
39,164,201,121.74822740052245
39,165,200,122.69043174201948
39,166,199,121.98789481617399
39,167,198,121.16927325956604
39,168,197,118.29589654730194
39,169,196,120.6397116254362
39,170,195,118.83474082662633
39,171,194,117.835528899596
39,172,193,118.34669823934931
39,173,192,116.462286352917
39,174,191,119.77105875032058
39,175,190,117.20779688545217
39,176,189,115.28714017491106
39,177,188,114.22049680760946
39,178,187,113.20169571486447
39,179,186,109.73818437671338
39,180,185,108.55035803169213
39,181,184,107.96914276214706
39,182,183,109.69502492292372
39,183,182,110.4722294327257
39,184,181,108.32537782549241
39,185,180,107.21323707690904
39,186,179,105.33429127976328
39,187,178,101.78389853279725
39,188,177,105.87353143792285
39,189,176,105.17210210882891
39,190,175,112.03014116649979
39,191,174,111.34273454317244
39,192,173,109.1071072837652
39,193,172,110.38424379718427
39,194,171,106.23177752840317
39,195,170,109.98102401144777
39,196,169,107.70812661688387
39,197,168,110.72068435407073
39,198,167,111.41677933512695
39,199,166,112.677709583461
39,200,165,111.46621026866292
39,201,164,112.89754565430356
39,202,163,110.83909826264643
39,203,162,108.31450625337716
39,204,161,110.91253056370549
39,205,160,111.87454593961107
39,206,159,111.65118414636584
39,207,158,112.87365269071591
39,208,157,111.79162711226877
39,209,156,107.38758398078042
39,210,155,105.0325353309369
39,211,154,105.89157556670901
39,212,153,110.28241406861804
39,213,152,106.04131361067137
39,214,151,99.32884477643469
40,40,236,123.75879908532235
40,41,235,124.2713846633365
40,42,234,124.24854331202181
40,43,233,123.73234694785768
40,44,232,124.34148094387793
40,45,231,124.07356407407379
40,46,230,124.10110948868655
40,47,229,124.09426893928571
40,48,228,123.95877660267156
40,49,227,124.10455783107807
40,50,226,123.44366829519933
40,51,225,123.79654701877956
40,52,224,124.67326412739075
40,53,223,124.48921272442196
40,54,222,123.98306201563051
40,55,221,124.49327614363175
40,56,220,124.4258609192541
40,57,219,124.26220426907025
40,58,218,124.01990208889606
40,59,217,124.17515425717215
40,60,216,124.02657529076725
40,61,215,123.82064763997744
40,62,214,123.8389681941778
40,63,213,123.88497190892888
40,64,212,123.99991136035378
40,65,211,123.52024440942577
40,66,210,124.29324087801373
40,67,209,124.24852428190388
40,68,208,124.65428575307334
40,69,207,124.37417224224899
40,70,206,123.037299902349
40,71,205,123.27082964585789
40,72,204,122.41188150342423
40,73,203,124.23015333700256
40,74,202,124.38635968962949
40,75,201,124.24718503394519
40,76,200,124.51095828883635
40,77,199,123.69791690014924
40,78,198,124.01491147938665
40,79,197,123.72147357630683
40,80,196,124.51623521651214
40,81,195,124.03372314267693
40,82,194,123.56297352296207
40,83,193,123.67220369749582
40,84,192,124.16831406693832
40,85,191,121.28905620921137
40,86,190,121.10760103951313
40,87,189,122.27058166660859
40,88,188,119.9781287393823
40,89,187,120.3170134985107
40,90,186,121.98219002763513
40,91,185,121.10400549703436
40,92,184,123.18348143928017
40,93,183,122.51955821637647
40,94,182,121.90871355711838
40,95,181,122.69186663089286
40,96,180,122.02382066955218
40,97,179,122.8081859122421
40,98,178,123.88672371399562
40,99,177,124.35372370199343
40,100,176,124.30211024932674
40,101,175,124.03825636010635
40,102,174,123.86212587890296
40,103,173,123.49247912941674
40,104,172,124.54728798914317
40,105,171,123.99323548690478
40,106,170,123.67378619188642
40,107,169,122.23074842993981
40,108,168,122.93163621322513
40,109,167,120.61733855433047
40,110,166,120.6826505962822
40,111,165,119.66175563715439
40,112,164,119.86698717169881
40,113,163,121.55289547782769
40,114,162,121.82801567852087
40,115,161,122.5968237850372
40,116,160,121.9985157911824
40,117,159,122.35428945293782
40,118,158,122.39259279467383
40,119,157,121.12600577990239
40,120,156,121.26139187354862
40,121,155,121.27822243504937
40,122,154,122.45243959982699
40,123,153,122.83455714408589
40,124,152,120.22012615886811
40,125,151,120.67958022315271
40,126,150,120.75624101482839
40,127,149,120.79950343694549
40,128,148,120.75763957350352
40,129,147,121.12562532636292
40,130,146,119.96882952093392
40,131,145,118.84955847544504
40,132,144,119.74771235758575
40,133,143,120.14045918627096
40,134,142,119.11106502227918
40,135,141,119.41348819565883
40,136,140,120.1262366112131
40,137,139,119.82617148510845
40,138,138,120.87950738357392
40,139,137,122.62367616409108
40,140,136,123.2361039920722
40,141,135,120.87408062165683
40,142,134,121.08331902269197
40,143,133,119.42584907644262
40,144,132,120.47857495016923
40,145,131,120.36243142716368
40,146,130,117.2336862102139
40,147,129,117.85611957534068
40,148,128,116.3130656587754
40,149,127,116.628036851254
40,150,126,115.49075840370747
40,151,125,109.8693043332176
40,152,124,108.08859634515905
40,153,123,108.2054987945898
40,154,122,111.54990378888422
40,155,121,109.57507101918625
40,156,120,111.77234264434
40,157,119,113.60387750648479
40,158,118,118.07670862378565
40,159,117,112.73057573544999
40,160,116,110.27271345798543
40,161,115,113.22692490305468
40,162,114,114.99307636619314
40,163,113,115.3266940650856
40,164,112,113.76483014804279
40,165,111,115.58962714631761
40,166,110,117.710323497858
40,167,109,117.12617046696501
40,168,108,117.06221141139598
40,169,107,117.36372336408303
40,170,106,117.0632454061911
40,171,105,114.58125697783126
40,172,104,115.94405962697456
40,173,103,112.66362354451607
40,174,102,113.77919309339224
40,175,101,112.80252942754757
40,176,100,112.53984032694166
40,177,99,114.3130347969448
40,178,98,116.82261972995093
40,179,97,115.21629211897223
40,180,96,112.42236487868588
40,181,95,107.31689665440484
40,182,94,103.53813169598834
40,183,93,102.6149840155214
40,184,92,105.29328974504423
40,185,91,95.94421458618498
40,186,90,95.63848141056027
40,187,89,99.34711617255067
40,188,88,95.30944361443414
40,189,87,95.35761720896883
40,190,86,89.29495168103995
40,191,85,83.82621678276766
40,192,84,90.039673680625
40,193,83,87.75164880223625
40,194,82,84.37302474130729
40,195,81,84.35564518333513
40,196,80,82.03402791602959
40,197,79,86.39449911836104
40,198,78,86.26155980928313
40,199,77,84.61581819842124
40,200,76,75.47416714403217
40,201,75,73.98765483463069
40,202,74,74.03699859783292
40,203,73,72.78033766100333
40,204,72,68.1822796628027
40,205,71,70.49307470400046
40,206,70,72.87130690772878
40,207,69,72.04650169591343
40,208,68,74.34455403406396
40,209,67,77.79368233680506
40,210,66,74.13416476608535
40,211,65,72.09116461680104
40,212,64,68.14325566204923
40,213,63,67.70841145008656
40,214,62,65.48889872791085
40,215,61,65.11271514834142
40,216,60,67.29719278255432
40,217,59,67.18109689109691
40,218,58,70.52704484860155
40,219,57,71.37689914096221
40,220,56,68.83938189365773
40,221,55,66.70551726352497
40,222,54,59.7149698939691
40,223,53,60.333642048821474
40,224,52,55.81771583555773
40,225,51,54.0716334734236
40,226,50,56.32801890393961
40,227,49,53.45382562902486
40,228,48,50.500068824456434
40,229,47,49.558744657611726
40,230,46,46.19870393410652
40,231,45,44.7721685313846
40,232,44,48.12506157934154
40,233,43,45.09236638004744
40,234,42,43.4530377930876
40,235,41,42.84816618130081
40,236,40,40.51114847427344
40,237,39,39.92792714177299
40,238,38,42.25125008174952
40,239,37,39.73121810754316
40,240,36,43.63700127496301
40,241,35,41.72954146589524
40,242,34,40.13607129393667
40,243,33,39.59576891346832
40,244,32,36.69748080235092
40,245,31,36.177142949212474
40,246,30,33.280456544827075
40,247,29,32.67482766824057
40,248,28,32.59261769777524
40,249,27,36.21389000318122
40,250,26,29.78049394738442
40,251,25,28.79688002059163
40,252,24,27.05649521703367
40,253,23,26.755055411255174
40,254,22,27.781632536399044
40,255,21,25.2545322678156
40,256,20,33.44570894469316
40,257,19,28.351029537298494
40,258,18,24.01208023753744
40,259,17,21.166782619363527
40,260,16,22.178102672693083
40,261,15,19.349595879748342
40,262,14,18.499776999574333
40,263,13,17.485304927957138
40,264,12,16.253032511074124
40,265,11,15.4160069626365
40,266,10,13.900699167352915
41,40,471,123.54152739656072
41,41,470,123.35716288969493
41,42,469,123.20801459549007
41,43,468,124.54382972575078
41,44,467,123.63629299656466
41,45,466,123.78288335433487
41,46,465,123.81282575143753
41,47,464,123.8811001596296
41,48,463,124.11153952081455
41,49,462,124.42567015640168
41,50,461,124.4986051926002
41,51,460,124.57676390952913
41,52,459,122.19441049444976
41,53,458,124.37812052529864
41,54,457,124.15113387295445
41,55,456,124.96453924365736
41,56,455,124.35274146093913
41,57,454,124.21165765799702
41,58,453,124.17767998929963
41,59,452,124.42606215914297
41,60,451,124.42933596677156
41,61,450,124.58555919354774
41,62,449,124.51889976696376
41,63,448,125.0
41,64,447,124.6231655933199
41,65,446,124.78174757388393
41,66,445,124.823423194056
41,67,444,125.0
41,68,443,125.0
41,69,442,124.86758027692669
41,70,441,125.0
41,71,440,125.0
41,72,439,124.98872606615248
41,73,438,124.0656058494269
41,74,437,124.4751182571473
41,75,436,124.16679791482818
41,76,435,125.0
41,77,434,125.0
41,78,433,125.0
41,79,432,125.0
41,80,431,125.0
41,81,430,124.85698730406696
41,82,429,124.92343615806942
41,83,428,124.7569912868422
41,84,427,125.0
41,85,426,124.96303886031977
41,86,425,123.50262297330035
41,87,424,123.92991973883144
41,88,423,123.14077049799909
41,89,422,123.10995275587592
41,90,421,123.27078212457334
41,91,420,123.7410209030657
41,92,419,124.00512184355826
41,93,418,123.77925222596357
41,94,417,123.87271623806821
41,95,416,124.10621923131158
41,96,415,124.03307573882353
41,97,414,124.28526491824175
41,98,413,124.06708293404441
41,99,412,123.71765000428498
41,100,411,123.2576992110224
41,101,410,122.90145552377572
41,102,409,123.14217141011808
41,103,408,123.19205074822281
41,104,407,123.268674478444
41,105,406,123.16298175257036
41,106,405,122.75714057619714
41,107,404,122.91343156988117
41,108,403,123.9064920931562
41,109,402,124.23131835614853
41,110,401,124.06993211136673
41,111,400,124.45164313418026
41,112,399,124.85327093250044
41,113,398,124.84973470190114
41,114,397,124.49882794335522
41,115,396,124.14335347180143
41,116,395,124.73751490219993
41,117,394,124.97285051099969
41,118,393,124.84901709708447
41,119,392,124.9865828188823
41,120,391,125.0
41,121,390,124.39927074430514
41,122,389,123.99638331048475
41,123,388,123.86447658777152
41,124,387,123.82940867026105
41,125,386,124.18269120024723
41,126,385,124.48453930030698
41,127,384,124.22653998507039
41,128,383,123.46329778495485
41,129,382,122.66356394580319
41,130,381,122.52546513975201
41,131,380,123.53346485527078
41,132,379,124.19191733306627
41,133,378,123.26910091886393
41,134,377,122.28160819969526
41,135,376,122.83372552557982
41,136,375,122.50683010085226
41,137,374,123.90068701995743
41,138,373,124.8496545541339
41,139,372,124.73788902897485
41,140,371,124.42412021793882
41,141,370,123.63367670871551
41,142,369,124.40233969082531
41,143,368,124.32131838292233
41,144,367,124.13004039281964
41,145,366,123.64924297183592
41,146,365,124.79802952403142
41,147,364,124.8331613874543
41,148,363,125.0
41,149,362,124.62423765230912
41,150,361,124.54861230399166
41,151,360,124.7570822638097
41,152,359,124.79827680808918
41,153,358,124.55103843848778
41,154,357,125.0
41,155,356,125.0
41,156,355,125.0
41,157,354,125.0
41,158,353,125.0
41,159,352,125.0
41,160,351,125.0
41,161,350,125.0
41,162,349,125.0
41,163,348,125.0
41,164,347,125.0
41,165,346,125.0
41,166,345,125.0
41,167,344,124.91286671027325
41,168,343,125.0
41,169,342,124.47288957137732
41,170,341,125.0
41,171,340,125.0
41,172,339,125.0
41,173,338,125.0
41,174,337,125.0
41,175,336,125.0
41,176,335,125.0
41,177,334,125.0
41,178,333,125.0
41,179,332,125.0
41,180,331,125.0
41,181,330,123.5234592647372
41,182,329,123.8851878766715
41,183,328,124.32504134445665
41,184,327,125.0
41,185,326,125.0
41,186,325,125.0
41,187,324,125.0
41,188,323,125.0
41,189,322,125.0
41,190,321,125.0
41,191,320,125.0
41,192,319,125.0
41,193,318,125.0
41,194,317,125.0
41,195,316,125.0
41,196,315,125.0
41,197,314,125.0
41,198,313,125.0
41,199,312,125.0
41,200,311,125.0
41,201,310,125.0
41,202,309,125.0
41,203,308,125.0
41,204,307,125.0
41,205,306,125.0
41,206,305,125.0
41,207,304,125.0
41,208,303,125.0
41,209,302,125.0
41,210,301,125.0
41,211,300,125.0
41,212,299,125.0
41,213,298,125.0
41,214,297,125.0
41,215,296,125.0
41,216,295,125.0
41,217,294,125.0
41,218,293,125.0
41,219,292,125.0
41,220,291,125.0
41,221,290,125.0
41,222,289,125.0
41,223,288,125.0
41,224,287,125.0
41,225,286,125.0
41,226,285,125.0
41,227,284,125.0
41,228,283,124.04960908980311
41,229,282,124.03644104397915
41,230,281,124.59356167201938
41,231,280,124.30465152661097
41,232,279,124.25418277428875
41,233,278,124.22215707736444
41,234,277,123.13476682117494
41,235,276,123.79689288445942
41,236,275,125.0
41,237,274,124.28289856082205
41,238,273,123.11862399399388
41,239,272,123.51418430675672
41,240,271,124.40875023283614
41,241,270,125.0
41,242,269,125.0
41,243,268,125.0
41,244,267,125.0
41,245,266,125.0
41,246,265,125.0
41,247,264,125.0
41,248,263,125.0
41,249,262,125.0
41,250,261,125.0
41,251,260,125.0
41,252,259,125.0
41,253,258,125.0
41,254,257,125.0
41,255,256,125.0
41,256,255,125.0
41,257,254,123.69590042744191
41,258,253,120.71210478940522
41,259,252,120.94402329654535
41,260,251,119.40064991137444
41,261,250,119.63459682904441
41,262,249,117.36941253222926
41,263,248,115.620486065547
41,264,247,121.79440628691455
41,265,246,121.18826894861428
41,266,245,120.99695107017129
41,267,244,120.58755811987454
41,268,243,120.41353960558644
41,269,242,121.29785862107133
41,270,241,125.0
41,271,240,125.0
41,272,239,125.0
41,273,238,125.0
41,274,237,124.3377943352993
41,275,236,125.0
41,276,235,125.0
41,277,234,124.72209860379576
41,278,233,125.0
41,279,232,125.0
41,280,231,125.0
41,281,230,125.0
41,282,229,124.41086648574779
41,283,228,124.16434983086378
41,284,227,124.7470961240364
41,285,226,123.7883505258163
41,286,225,122.2145934431956
41,287,224,122.8936470639332
41,288,223,124.2526528034779
41,289,222,124.56000665366781
41,290,221,125.0
41,291,220,124.95282185037352
41,292,219,125.0
41,293,218,124.98437775548777
41,294,217,125.0
41,295,216,125.0
41,296,215,125.0
41,297,214,125.0
41,298,213,122.93353096403571
41,299,212,125.0
41,300,211,124.19495585291435
41,301,210,124.7496103197714
41,302,209,124.67607313701609
41,303,208,125.0
41,304,207,125.0
41,305,206,125.0
41,306,205,125.0
41,307,204,125.0
41,308,203,125.0
41,309,202,125.0
41,310,201,125.0
41,311,200,125.0
41,312,199,125.0
41,313,198,125.0
41,314,197,125.0
41,315,196,125.0
41,316,195,125.0
41,317,194,125.0
41,318,193,125.0
41,319,192,125.0
41,320,191,125.0
41,321,190,125.0
41,322,189,125.0
41,323,188,125.0
41,324,187,125.0
41,325,186,125.0
41,326,185,125.0
41,327,184,125.0
41,328,183,124.49236978556522
41,329,182,125.0
41,330,181,122.48563443273869
41,331,180,124.9138949458295
41,332,179,125.0
41,333,178,125.0
41,334,177,125.0
41,335,176,125.0
41,336,175,125.0
41,337,174,125.0
41,338,173,125.0
41,339,172,125.0
41,340,171,125.0
41,341,170,124.9652760722451
41,342,169,125.0
41,343,168,123.31352690275082
41,344,167,125.0
41,345,166,124.10813848753006
41,346,165,123.90167265582244
41,347,164,125.0
41,348,163,123.00131607806898
41,349,162,124.94087689091057
41,350,161,122.07050545241853
41,351,160,120.43036292612034
41,352,159,119.32954743542939
41,353,158,122.75051034758272
41,354,157,120.27676106788682
41,355,156,125.0
41,356,155,125.0
41,357,154,125.0
41,358,153,125.0
41,359,152,121.30261550009558
41,360,151,121.51049344784903
41,361,150,121.75340135585184
41,362,149,122.43545793041815
41,363,148,121.75343602143175
41,364,147,122.33912845344994
41,365,146,120.16949402128753
41,366,145,121.47911752555535
41,367,144,121.70227925839845
41,368,143,120.64129110420356
41,369,142,122.09998578288562
41,370,141,120.78748020726542
41,371,140,121.68535506998312
41,372,139,122.05088163247541
41,373,138,121.09508610740198
41,374,137,123.22209656557115
41,375,136,120.8026409220601
41,376,135,118.4851316046823
41,377,134,121.4164618304267
41,378,133,121.33307365478876
41,379,132,121.3927233193715
41,380,131,121.35968446050884
41,381,130,123.99480997359771
41,382,129,123.66643792601727
41,383,128,122.29497013637992
41,384,127,120.82914223809142
41,385,126,116.90477658404492
41,386,125,115.1768314030644
41,387,124,117.76846240816107
41,388,123,115.44781183010146
41,389,122,113.5766572662205
41,390,121,112.79956580702351
41,391,120,109.67238189502076
41,392,119,114.64722110737779
41,393,118,117.22268976780506
41,394,117,121.71751557265388
41,395,116,121.95612350770742
41,396,115,121.67956017624331
41,397,114,117.83759592223723
41,398,113,114.14414525900042
41,399,112,106.58900156856521
41,400,111,111.11202120578511
41,401,110,104.26453275649219
41,402,109,114.68945942155601
41,403,108,115.50302157829785
41,404,107,109.42282858052404
41,405,106,108.08562673834959
41,406,105,105.89403605135664
41,407,104,101.12782083818045
41,408,103,95.00572031175346
41,409,102,88.57023461412902
41,410,101,93.44131902967858
41,411,100,91.3971082857705
41,412,99,89.00360954521574
41,413,98,89.99519855824526
41,414,97,94.7253610973835
42,40,190,125.0
42,41,189,124.99626323752597
42,42,188,125.0
42,43,187,122.73032485202307
42,44,186,123.28489599399656
42,45,185,123.85548524455885
42,46,184,124.12509250580982
42,47,183,123.98474238182109
42,48,182,124.49914821424483
42,49,181,125.0
42,50,180,124.24423696743676
42,51,179,124.52767747584838
42,52,178,123.51726800639409
42,53,177,121.69315684457692
42,54,176,121.81802053304193
42,55,175,120.92836944716599
42,56,174,118.6653750911117
42,57,173,119.46687671323157
42,58,172,117.7618333028804
42,59,171,115.34707022218191
42,60,170,115.72098990147595
42,61,169,114.86189807376897
42,62,168,115.22880240227987
42,63,167,108.20425861487428
42,64,166,109.17222041004723
42,65,165,98.3321172022774
42,66,164,93.24387186562782
42,67,163,96.33667071360671
42,68,162,101.55090717740441
42,69,161,101.0239420093435
42,70,160,93.4188612373613
42,71,159,95.94066394325543
42,72,158,95.8365300886417
42,73,157,102.73570794060586
42,74,156,100.79664979578094
42,75,155,105.05229071646195
42,76,154,105.00927031842744
42,77,153,100.1677065233805
42,78,152,95.1264376455672
42,79,151,93.74966675799205
42,80,150,88.60464544628621
42,81,149,89.33012346004625
42,82,148,86.39772125201311
42,83,147,89.9746564580165
42,84,146,88.59172082174274
42,85,145,93.52589163247443
42,86,144,99.58392413605733
42,87,143,101.00448950171395
42,88,142,100.90756183978559
42,89,141,105.5430102686578
42,90,140,110.00516376363659
42,91,139,107.70839764498555
42,92,138,109.40678253089749
42,93,137,114.07345923296354
42,94,136,112.05975669825374
42,95,135,115.17865746851814
42,96,134,114.78260222793389
42,97,133,112.35082483366944
42,98,132,110.30098598812631
42,99,131,105.4708287769672
42,100,130,104.80178185015833
42,101,129,102.6452089647375
42,102,128,100.2750910499455
42,103,127,96.18445623977428
42,104,126,93.29149535662619
42,105,125,85.45831110644068
42,106,124,87.46721743793398
42,107,123,100.53530395394117
42,108,122,97.96165571207735
42,109,121,97.9096810073008
42,110,120,96.93986129693107
42,111,119,90.59517448629987
42,112,118,90.46918889794341
42,113,117,90.17042269690432
42,114,116,74.25353321025506
42,115,115,72.03939182807521
42,116,114,69.4019717561248
42,117,113,68.83890689254764
42,118,112,73.3997511054057
42,119,111,66.69391082768811
42,120,110,65.06866547249882
42,121,109,77.30218114597909
42,122,108,77.39383256436872
42,123,107,81.4253425408495
42,124,106,84.92211863865776
42,125,105,86.39680595771534
42,126,104,91.83457019621008
42,127,103,96.5438990804179
42,128,102,98.43993017887203
42,129,101,105.91166871666252
42,130,100,105.817663379262
42,131,99,107.07067654944888
42,132,98,110.10005110837763
42,133,97,110.68927559241722
42,134,96,110.27957623390272
42,135,95,106.00547066487292
42,136,94,108.1067195476411
42,137,93,107.90459655631585
42,138,92,106.08467801362049
42,139,91,111.7116486177663
42,140,90,106.75927824686406
42,141,89,102.08469019690396
42,142,88,102.05034512493795
42,143,87,103.55575815980542
42,144,86,101.86535393682311
42,145,85,101.50178731447947
42,146,84,101.64233758293251
42,147,83,101.24805889571786
42,148,82,99.80611293851453
42,149,81,101.31473861076412
42,150,80,103.09421069361929
42,151,79,98.75360637322353
42,152,78,87.86549642413902
42,153,77,84.96446202319837
42,154,76,80.01748706975292
42,155,75,71.97864874530494
42,156,74,69.2866132405706
42,157,73,69.32284185577305
42,158,72,70.63054664137368
42,159,71,63.01451030388306
42,160,70,67.3627269776235
42,161,69,67.63914785687297
42,162,68,62.3628345559909
42,163,67,65.253595948419
42,164,66,62.7101435056789
42,165,65,61.18739532128822
42,166,64,58.59626398961971
42,167,63,60.48907029573273
42,168,62,62.96528408513099
42,169,61,61.352690514127204
42,170,60,62.26272706305144
42,171,59,64.08891567026873
42,172,58,65.17281168101474
42,173,57,65.9535913649969
42,174,56,63.63175661439527
42,175,55,57.92715735428273
42,176,54,56.97800243363552
42,177,53,49.15117736839056
42,178,52,47.88555011518534
42,179,51,48.000849470682354
42,180,50,42.358637242366036
42,181,49,41.416670597113225
42,182,48,43.15587255303723
42,183,47,43.51626153705054
42,184,46,41.422693329734656
42,185,45,42.07470552519331
42,186,44,43.84669203048777
42,187,43,42.627738854398046
42,188,42,40.61613139381482
42,189,41,44.578314382433916
42,190,40,45.39217039445786
42,191,39,45.8989834853016
42,192,38,43.88796119901308
42,193,37,41.42754996574432
42,194,36,42.16163317872738
42,195,35,39.5267099734347
42,196,34,38.9271491186381
42,197,33,39.5622545802225
42,198,32,36.745060995867135
42,199,31,28.65585989068743
42,200,30,25.27554344772549
43,40,122,123.99385429818241
43,41,121,124.113031473259
43,42,120,123.81221135147408
43,43,119,123.16520214577125
43,44,118,125.0
43,45,117,118.56209552700184
43,46,116,120.7069963327416
43,47,115,120.40165383905088
43,48,114,118.97039076937958
43,49,113,124.10874382168687
43,50,112,123.19909227815369
43,51,111,121.79420070157859
43,52,110,121.97217519384522
43,53,109,122.0031596999197
43,54,108,121.77980111853164
43,55,107,122.9586226519339
43,56,106,121.98817391062356
43,57,105,121.45164356799656
43,58,104,120.88326720490025
43,59,103,119.11935331854411
43,60,102,119.94583453261755
43,61,101,122.07663188959145
43,62,100,121.65118889751326
43,63,99,121.5624636472686
43,64,98,120.01152714963314
43,65,97,118.9573954936911
43,66,96,119.50133788075004
43,67,95,118.83975298512311
43,68,94,118.84771340837676
43,69,93,118.44246858440854
43,70,92,118.31666843014456
43,71,91,115.33971869576258
43,72,90,115.24183130495224
43,73,89,113.88589229244361
43,74,88,113.97412967547386
43,75,87,113.23490665069487
43,76,86,112.14300953932658
43,77,85,111.96215844514461
43,78,84,113.312552690877
43,79,83,112.74488348032511
43,80,82,112.57964154889203
43,81,81,113.3308991633838
43,82,80,114.75075158731639
43,83,79,113.40297434380949
43,84,78,116.89911618142727
43,85,77,110.22361794942046
43,86,76,109.5831457381978
43,87,75,112.95232865501481
43,88,74,110.25267168861592
43,89,73,105.258489732933
43,90,72,100.89176659455359
43,91,71,95.88860196885432
43,92,70,81.20338717129654
43,93,69,74.04703751295631
43,94,68,75.44634322174353
43,95,67,61.76759053451329
43,96,66,62.49946385247065
43,97,65,62.99222445674435
43,98,64,64.64276669708408
43,99,63,66.81360415509769
43,100,62,78.91068428565403
43,101,61,79.54270492025259
43,102,60,79.30830912341307
43,103,59,74.62620419490105
43,104,58,72.9118669148892
43,105,57,61.81029474126886
43,106,56,57.9626803947661
43,107,55,57.15680471023845
43,108,54,52.673824687657316
43,109,53,54.8563958394145
43,110,52,55.726522339364465
43,111,51,59.144833980886986
43,112,50,54.5464871140178
43,113,49,61.89985671556764
43,114,48,69.95088560142099
43,115,47,66.56649144912824
43,116,46,55.61345939131181
43,117,45,47.362697450116165
43,118,44,45.84561472359846
43,119,43,45.73384407655409
43,120,42,54.23717973169431
44,40,426,125.0
44,41,425,125.0
44,42,424,125.0
44,43,423,125.0
44,44,422,125.0
44,45,421,125.0
44,46,420,124.6269390167491
44,47,419,124.94355304589288
44,48,418,125.0
44,49,417,125.0
44,50,416,125.0
44,51,415,125.0
44,52,414,125.0
44,53,413,125.0
44,54,412,125.0
44,55,411,125.0
44,56,410,125.0
44,57,409,125.0
44,58,408,125.0
44,59,407,125.0
44,60,406,125.0
44,61,405,125.0
44,62,404,125.0
44,63,403,125.0
44,64,402,125.0
44,65,401,125.0
44,66,400,125.0
44,67,399,125.0
44,68,398,125.0
44,69,397,125.0
44,70,396,125.0
44,71,395,125.0
44,72,394,125.0
44,73,393,125.0
44,74,392,125.0
44,75,391,125.0
44,76,390,125.0
44,77,389,125.0
44,78,388,125.0
44,79,387,125.0
44,80,386,125.0
44,81,385,125.0
44,82,384,125.0
44,83,383,125.0
44,84,382,125.0
44,85,381,125.0
44,86,380,125.0
44,87,379,125.0
44,88,378,125.0
44,89,377,125.0
44,90,376,125.0
44,91,375,124.58235249866071
44,92,374,125.0
44,93,373,124.60771960870728
44,94,372,124.44637543489014
44,95,371,125.0
44,96,370,125.0
44,97,369,125.0
44,98,368,125.0
44,99,367,124.9992253241983
44,100,366,124.7026400471216
44,101,365,124.77312251049685
44,102,364,125.0
44,103,363,124.28757186188261
44,104,362,124.70575120962371
44,105,361,124.38071611638182
44,106,360,123.86631169687254
44,107,359,123.01749963050449
44,108,358,122.38739792540076
44,109,357,121.5225561457973
44,110,356,122.27570806728488
44,111,355,121.80693881733237
44,112,354,122.54150087125996
44,113,353,123.46328180192975
44,114,352,122.77214039150269
44,115,351,123.33264268180655
44,116,350,123.09472207880154
44,117,349,123.13337186702981
44,118,348,121.67783147546243
44,119,347,121.52966905417345
44,120,346,122.92365221580124
44,121,345,122.47134377621043
44,122,344,123.69785095430359
44,123,343,124.53200259888865
44,124,342,123.62072311707136
44,125,341,124.48488127635555
44,126,340,122.8803649240877
44,127,339,123.73788721156166
44,128,338,123.65044785424476
44,129,337,121.56171930000195
44,130,336,122.00361142386288
44,131,335,121.24494490132432
44,132,334,120.75084135082528
44,133,333,121.9250114260301
44,134,332,119.42364471118906
44,135,331,122.13467238685548
44,136,330,122.92649107697963
44,137,329,123.45117517189644
44,138,328,124.57318153180587
44,139,327,124.66881887903259
44,140,326,125.0
44,141,325,125.0
44,142,324,125.0
44,143,323,125.0
44,144,322,125.0
44,145,321,124.88159246379777
44,146,320,124.6403388063908
44,147,319,124.04281598671867
44,148,318,123.01103335689385
44,149,317,123.20983723630735
44,150,316,124.21773742969475
44,151,315,124.9135776225202
44,152,314,124.64942293340863
44,153,313,124.52478177977629
44,154,312,123.8687546273461
44,155,311,123.71417972610058
44,156,310,123.2313292713556
44,157,309,124.52147944954888
44,158,308,124.03606648822212
44,159,307,124.02852773698909
44,160,306,123.89674224717749
44,161,305,124.00193483984091
44,162,304,123.73984204371855
44,163,303,123.52204987802429
44,164,302,122.85848717208188
44,165,301,122.8686621212442
44,166,300,122.75344540860274
44,167,299,122.7859407306356
44,168,298,123.53201100926512
44,169,297,123.79642401760344
44,170,296,123.67559041400213
44,171,295,123.25399221146242
44,172,294,123.14570043317529
44,173,293,122.6918695582299
44,174,292,124.0791102672808
44,175,291,124.45531318352786
44,176,290,124.67664300388014
44,177,289,125.0
44,178,288,125.0
44,179,287,124.98414243679157
44,180,286,124.57483342339972
44,181,285,125.0
44,182,284,125.0
44,183,283,124.7376532618917
44,184,282,124.79275658174956
44,185,281,124.1595010661671
44,186,280,124.20861868122859
44,187,279,123.5912871663908
44,188,278,124.62004010288688
44,189,277,125.0
44,190,276,124.66039097258601
44,191,275,124.33048087147829
44,192,274,124.27891831092721
44,193,273,124.01514630296305
44,194,272,123.9935209461123
44,195,271,123.77600905131371
44,196,270,124.61534434313677
44,197,269,124.74486725017226
44,198,268,124.52605196134058
44,199,267,124.60237409436422
44,200,266,124.86667383355983
44,201,265,125.0
44,202,264,125.0
44,203,263,124.61203903938679
44,204,262,124.73116963814627
44,205,261,124.3926472615265
44,206,260,123.55365071188217
44,207,259,124.96696573184991
44,208,258,125.0
44,209,257,125.0
44,210,256,125.0
44,211,255,125.0
44,212,254,125.0
44,213,253,125.0
44,214,252,125.0
44,215,251,125.0
44,216,250,124.98609894276083
44,217,249,125.0
44,218,248,125.0
44,219,247,125.0
44,220,246,125.0
44,221,245,125.0
44,222,244,125.0
44,223,243,125.0
44,224,242,125.0
44,225,241,125.0
44,226,240,125.0
44,227,239,125.0
44,228,238,125.0
44,229,237,125.0
44,230,236,125.0
44,231,235,125.0
44,232,234,125.0
44,233,233,125.0
44,234,232,125.0
44,235,231,125.0
44,236,230,125.0
44,237,229,125.0
44,238,228,125.0
44,239,227,125.0
44,240,226,125.0
44,241,225,125.0
44,242,224,125.0
44,243,223,125.0
44,244,222,125.0
44,245,221,125.0
44,246,220,125.0
44,247,219,125.0
44,248,218,125.0
44,249,217,125.0
44,250,216,125.0
44,251,215,125.0
44,252,214,125.0
44,253,213,125.0
44,254,212,125.0
44,255,211,125.0
44,256,210,125.0
44,257,209,125.0
44,258,208,125.0
44,259,207,125.0
44,260,206,124.46031499085993
44,261,205,124.38788528096056
44,262,204,124.17737789556357
44,263,203,124.58965540801341
44,264,202,123.53169328702553
44,265,201,124.36858742105213
44,266,200,123.90376758182771
44,267,199,124.44286410015484
44,268,198,124.39078168130396
44,269,197,124.55448368178278
44,270,196,125.0
44,271,195,125.0
44,272,194,124.25433274246927
44,273,193,125.0
44,274,192,125.0
44,275,191,125.0
44,276,190,124.46280744282063
44,277,189,125.0
44,278,188,125.0
44,279,187,125.0
44,280,186,125.0
44,281,185,125.0
44,282,184,124.622506635746
44,283,183,125.0
44,284,182,125.0
44,285,181,124.53876915607803
44,286,180,123.55229931188452
44,287,179,122.11237208235212
44,288,178,121.94103722229718
44,289,177,120.319442309216
44,290,176,122.68906646470715
44,291,175,123.78841733509756
44,292,174,124.68439215146675
44,293,173,124.58134385332772
44,294,172,125.0
44,295,171,124.48190720504398
44,296,170,123.4221661793402
44,297,169,123.53876009126635
44,298,168,123.93655101022856
44,299,167,123.08773522490873
44,300,166,124.00597148974009
44,301,165,124.27889264756367
44,302,164,123.56475472258185
44,303,163,124.06514037011206
44,304,162,123.79275383902564
44,305,161,125.0
44,306,160,124.80930258625031
44,307,159,124.24084094633037
44,308,158,125.0
44,309,157,124.91192190490023
44,310,156,123.69468180447386
44,311,155,123.89098283059278
44,312,154,123.53053429454744
44,313,153,121.35306526318485
44,314,152,117.41182209730752
44,315,151,118.50875562652223
44,316,150,117.61184120935604
44,317,149,118.98723906357537
44,318,148,117.09330427278475
44,319,147,116.88616136666495
44,320,146,110.5365333662923
44,321,145,109.35381940246842
44,322,144,107.81595965576065
44,323,143,114.6586602121094
44,324,142,115.21137942973431
44,325,141,114.6142525113911
44,326,140,112.88946683114733
44,327,139,113.52152007128673
44,328,138,110.68013307402015
44,329,137,107.88925457402856
44,330,136,106.29407273988753
44,331,135,106.51346661249907
44,332,134,106.52629366187628
44,333,133,103.56254350253838
44,334,132,101.84158853485258
44,335,131,91.34934396925388
44,336,130,93.31554305665621
44,337,129,96.00191383894214
44,338,128,92.0654183373787
44,339,127,90.12901185070707
44,340,126,89.7423845027885
44,341,125,96.71689579791503
44,342,124,95.67084174932032
44,343,123,98.28201413743435
44,344,122,98.485717293604
44,345,121,100.61589083799151
44,346,120,100.97818302630444
44,347,119,99.26507423023355
44,348,118,98.1893338713275
44,349,117,99.51555142981289
44,350,116,101.50575423518532
44,351,115,104.53700578835551
44,352,114,105.8436015891377
44,353,113,103.4717969521245
44,354,112,101.81874440045965
44,355,111,97.87920877098207
44,356,110,99.99267880529749
44,357,109,96.94237173160394
44,358,108,102.15247647049623
44,359,107,100.61792381691427
44,360,106,99.91136479240444
44,361,105,95.65650322828625
44,362,104,92.75131220323264
44,363,103,97.02686384937944
44,364,102,97.87754828024453
44,365,101,95.26524261296504
44,366,100,93.56044141817847
44,367,99,92.85862044324489
44,368,98,93.11519636450323
44,369,97,94.30073529867929
44,370,96,91.0634734248933
44,371,95,85.65790245315142
44,372,94,88.60617184207621
44,373,93,89.09553075880956
44,374,92,82.36340093649372
44,375,91,84.75601980692079
44,376,90,84.92460397860725
44,377,89,84.02723000964085
44,378,88,82.21004014091469
44,379,87,75.59407651796144
44,380,86,75.7017349533416
44,381,85,80.56185281173435
44,382,84,82.15066024698784
44,383,83,76.59720275992994
44,384,82,83.34848238895717
44,385,81,84.29190399801205
44,386,80,76.2382515620323
44,387,79,75.64407726902706
44,388,78,73.84665682476925
44,389,77,67.77144564415494
44,390,76,68.7941826997093
44,391,75,69.39337623031571
44,392,74,72.07056045817043
44,393,73,69.5206464443694
44,394,72,72.00745646588642
44,395,71,70.7637911870012
44,396,70,64.61251865163302
44,397,69,65.2595688596688
44,398,68,61.20460349533896
44,399,67,60.94008454879164
44,400,66,59.68967228716809
44,401,65,58.996704519097214
44,402,64,59.91870766522217
44,403,63,58.24117992264121
44,404,62,59.44657737468396
44,405,61,55.97473386468396
44,406,60,49.73309456608064
45,40,123,123.6546716562392
45,41,122,122.18397342420775
45,42,121,124.1375285100616
45,43,120,121.76438768089045
45,44,119,122.28785541850212
45,45,118,121.74439039864032
45,46,117,120.76152254353394
45,47,116,117.80619623229009
45,48,115,119.28007841373481
45,49,114,118.70672248311561
45,50,113,115.49343559149455
45,51,112,114.9391286484943
45,52,111,116.5371932404839
45,53,110,115.2924109081973
45,54,109,118.51267480204233
45,55,108,121.16201356003782
45,56,107,120.23941057413595
45,57,106,121.75309552402845
45,58,105,117.15849277436855
45,59,104,117.61984676009945
45,60,103,117.28046508273758
45,61,102,117.8693545027258
45,62,101,115.88042752258467
45,63,100,114.58954725631652
45,64,99,111.50887305893262
45,65,98,109.94926382326864
45,66,97,107.8093231531791
45,67,96,111.26455929050994
45,68,95,107.34644779238312
45,69,94,107.65220862706842
45,70,93,106.41775199316851
45,71,92,106.61453374015773
45,72,91,107.6002560683048
45,73,90,105.91771671173606
45,74,89,103.40404157330697
45,75,88,99.77494777815053
45,76,87,96.3418183795061
45,77,86,94.27567161684566
45,78,85,94.40572559281499
46,37,134,114.61697305183449
47,40,218,125.0
47,41,217,125.0
47,42,216,125.0
47,43,215,125.0
47,44,214,125.0
47,45,213,125.0
47,46,212,125.0
47,47,211,125.0
47,48,210,124.81307020277546
47,49,209,125.0
47,50,208,125.0
47,51,207,125.0
47,52,206,125.0
47,53,205,125.0
47,54,204,125.0
47,55,203,124.36030845522411
47,56,202,125.0
47,57,201,123.53951214411936
47,58,200,125.0
47,59,199,124.4078026735817
47,60,198,120.79135850374132
47,61,197,122.15497286774992
47,62,196,121.0658581011601
47,63,195,119.99156824626374
47,64,194,118.71191128241449
47,65,193,118.21404234808426
47,66,192,118.61735466440732
47,67,191,123.55248347738694
47,68,190,118.64963726053134
47,69,189,114.28106289698394
47,70,188,110.84859752200084
47,71,187,111.3444748668199
47,72,186,115.03587327730352
47,73,185,119.02086946204582
47,74,184,118.80367293774799
47,75,183,116.24860513627281
47,76,182,121.95656450624514
47,77,181,122.216174322051
47,78,180,123.46655207744185
47,79,179,123.63131584854031
47,80,178,123.21398630922354
47,81,177,122.69426374899498
47,82,176,120.87328452049164
47,83,175,121.75144397950402
47,84,174,122.67203189318141
47,85,173,121.86018098225088
47,86,172,119.19257749594573
47,87,171,120.4476053930949
47,88,170,120.73702325478416
47,89,169,119.89162327991403
47,90,168,119.99231278630145
47,91,167,119.4742139493058
47,92,166,118.41187356817437
47,93,165,117.35031009256417
47,94,164,115.31360750269758
47,95,163,113.34779651869624
47,96,162,113.65002755129024
47,97,161,113.42024097002107
47,98,160,112.2362665433817
47,99,159,112.78311716847458
47,100,158,113.5153989505487
47,101,157,113.24351604107795
47,102,156,112.02318855265904
47,103,155,110.76892651367703
47,104,154,112.91328717180471
47,105,153,108.79126488664988
47,106,152,107.46689880541047
47,107,151,106.89873637725938
47,108,150,109.7950614847916
47,109,149,110.18793174907233
47,110,148,107.85047597628116
47,111,147,109.31117618171862
47,112,146,108.80541414209026
47,113,145,109.86214240867253
47,114,144,112.33821234482416
47,115,143,113.71744822800761
47,116,142,113.52168254963772
47,117,141,114.28017440112285
47,118,140,113.54245431364015
47,119,139,116.98718712419469
47,120,138,118.60637403503543
47,121,137,115.44499314650847
47,122,136,112.78856797299177
47,123,135,115.39446703919639
47,124,134,115.14541248281807
47,125,133,111.97055839643247
47,126,132,110.04290642613887
47,127,131,112.05223748275546
47,128,130,110.60404469761158
47,129,129,112.64104889927816
47,130,128,116.18690880564012
47,131,127,113.25420475631913
47,132,126,112.98290307626584
47,133,125,114.99706102646435
47,134,124,113.56888275018868
47,135,123,112.7588690525846
47,136,122,112.0712470527836
47,137,121,107.53859077514674
47,138,120,102.77952581331837
47,139,119,104.9799306511011
47,140,118,107.89715749156437
47,141,117,105.82329439749337
47,142,116,108.7612531150783
47,143,115,101.39401891775664
47,144,114,93.58829965375335
47,145,113,84.47395697418598
47,146,112,81.98119422881597
47,147,111,80.16511477017471
47,148,110,88.24634597676987
47,149,109,91.61943050934397
47,150,108,88.89991377081654
47,151,107,90.3229186652738
47,152,106,94.94310090656055
47,153,105,91.93527138405736
47,154,104,90.78668507763683
47,155,103,91.63474350485575
47,156,102,98.02483643310217
47,157,101,97.60244778516264
47,158,100,92.70169046517805
47,159,99,98.13603982276658
47,160,98,102.35433023357433
47,161,97,102.29992529209098
47,162,96,101.74396019932803
47,163,95,100.07633592284266
47,164,94,96.86748734737864
47,165,93,94.90765034089893
47,166,92,92.88852458379522
47,167,91,94.6961136728684
47,168,90,95.19643275034093
47,169,89,97.53801640796198
47,170,88,94.5402858931906
47,171,87,94.51397761118493
47,172,86,99.93263043619419
47,173,85,95.13631948090796
47,174,84,100.28717500350699
47,175,83,100.68941460523025
47,176,82,102.55775265367464
47,177,81,99.3207210540844
47,178,80,98.15256180336596
47,179,79,99.14364342416914
47,180,78,98.36221528539977
47,181,77,94.87255703972133
47,182,76,96.37786169606761
47,183,75,84.9541839915518
47,184,74,77.5037663269647
47,185,73,76.8276381210269
47,186,72,75.63278889653566
47,187,71,80.72814811846979
47,188,70,80.58172865890813
47,189,69,77.20218421457699
47,190,68,78.68424422138519
47,191,67,69.27184292848966
47,192,66,74.85909536936147
47,193,65,67.5586243825002
47,194,64,63.53623461104045
47,195,63,65.17294365985646
47,196,62,64.56658584713051
47,197,61,69.59624125186406
47,198,60,72.50940404717932
47,199,59,62.90368608991482
47,200,58,58.239018611656846
47,201,57,63.62558374058579
47,202,56,61.03044181634699
47,203,55,60.14242498886063
47,204,54,54.38501940635751
47,205,53,49.18715595001146
47,206,52,53.96856531641052
47,207,51,46.12809510838767
47,208,50,46.93461153799011
47,209,49,48.84458393159977
47,210,48,49.41215026831564
47,211,47,44.824619422731885
47,212,46,43.477295190128245
47,213,45,46.387632294048004
47,214,44,44.54096853045286
47,215,43,39.86524158409609
47,216,42,41.896487728755666
47,217,41,38.59688057377083
47,218,40,41.08972272666258
47,219,39,32.101618055689926
47,220,38,34.16106110441521
47,221,37,31.694767137077942
47,222,36,33.79298805769489
47,223,35,33.6307403507851
47,224,34,33.37392150531611
48,40,219,125.0
48,41,218,124.73391779501645
48,42,217,125.0
48,43,216,125.0
48,44,215,124.51690057143702
48,45,214,124.71595739653637
48,46,213,124.74100607772148
48,47,212,124.76963846812362
48,48,211,124.74042669913818
48,49,210,124.79208901477085
48,50,209,124.36316542038227
48,51,208,124.83699896520469
48,52,207,124.92065918946304
48,53,206,124.69977504901945
48,54,205,125.0
48,55,204,125.0
48,56,203,125.0
48,57,202,125.0
48,58,201,125.0
48,59,200,125.0
48,60,199,125.0
48,61,198,125.0
48,62,197,125.0
48,63,196,125.0
48,64,195,125.0
48,65,194,125.0
48,66,193,124.90393926885253
48,67,192,125.0
48,68,191,125.0
48,69,190,124.95928517395257
48,70,189,125.0
48,71,188,124.45700150836558
48,72,187,123.70647798924506
48,73,186,121.6969924864994
48,74,185,120.73532759385303
48,75,184,120.5670133708821
48,76,183,119.14644792800384
48,77,182,117.00167715514033
48,78,181,117.13273216910461
48,79,180,115.02195315628285
48,80,179,117.59740930002222
48,81,178,118.01170642407986
48,82,177,121.02013311612801
48,83,176,121.54348456136816
48,84,175,123.7953762956846
48,85,174,123.17235712383317
48,86,173,123.25111249312778
48,87,172,123.76701615743988
48,88,171,123.82712099107788
48,89,170,123.553361753931
48,90,169,123.85991069523762
48,91,168,123.626311816466
48,92,167,123.52632885464087
48,93,166,123.82532172983434
48,94,165,125.0
48,95,164,125.0
48,96,163,125.0
48,97,162,125.0
48,98,161,125.0
48,99,160,125.0
48,100,159,125.0
48,101,158,124.95025768338526
48,102,157,125.0
48,103,156,125.0
48,104,155,125.0
48,105,154,125.0
48,106,153,125.0
48,107,152,125.0
48,108,151,124.14347773028257
48,109,150,125.0
48,110,149,125.0
48,111,148,125.0
48,112,147,124.4889147326214
48,113,146,123.90547219466505
48,114,145,123.4206232887443
48,115,144,124.26682834197638
48,116,143,123.45836477848272
48,117,142,122.25849048107634
48,118,141,122.63540821703354
48,119,140,121.46164730701261
48,120,139,121.08952561878684
48,121,138,119.98772767891649
48,122,137,117.90117194583323
48,123,136,119.03006088790508
48,124,135,119.95798082558629
48,125,134,120.46954919574159
48,126,133,119.61677328177123
48,127,132,120.95324707175982
48,128,131,120.65127971761098
48,129,130,121.47998358541273
48,130,129,121.74451052853578
48,131,128,121.37598478438522
48,132,127,122.58662713893341
48,133,126,121.43765806658405
48,134,125,121.75715454891088
48,135,124,118.79904939868086
48,136,123,122.2168906080856
48,137,122,122.04963510601185
48,138,121,121.44548325231713
48,139,120,121.4726189764144
48,140,119,122.46534836407412
48,141,118,122.05624340046535
48,142,117,122.14478780882942
48,143,116,123.10517985398943
48,144,115,121.76657445741546
48,145,114,121.79277634324396
48,146,113,120.34779140766372
48,147,112,121.44787368429617
48,148,111,121.39768635641872
48,149,110,120.63164013419114
48,150,109,121.18044899966694
48,151,108,120.20441918243156
48,152,107,120.3919055201388
48,153,106,119.39572829341427
48,154,105,119.24823459440856
48,155,104,115.96042361905445
48,156,103,114.05782855056654
48,157,102,112.12163138936057
48,158,101,111.14019172557242
48,159,100,114.46911030080705
48,160,99,113.18924583584027
48,161,98,112.67939479180853
48,162,97,111.24353471753477
48,163,96,108.9578197304945
48,164,95,110.20936666109452
48,165,94,106.77948727167308
48,166,93,106.05050597993784
48,167,92,103.10983465726463
48,168,91,95.27823957487821
48,169,90,89.22427776125002
48,170,89,85.13460283410103
48,171,88,89.16627229290677
48,172,87,91.07060057767364
48,173,86,95.87325933487978
48,174,85,94.54370231392251
48,175,84,94.61967835729419
48,176,83,92.6780672219515
48,177,82,99.05324491370692
48,178,81,98.82314766260055
48,179,80,90.37770894267501
48,180,79,87.30464521910376
48,181,78,85.46844292995041
48,182,77,85.81830190959352
48,183,76,83.15564074517447
48,184,75,76.24001472557089
48,185,74,69.9247220556572
48,186,73,66.42036058360966
48,187,72,66.46100026998116
48,188,71,64.82299187944659
48,189,70,70.07838732566682
48,190,69,72.32138468958277
48,191,68,72.89900077690652
48,192,67,68.90232106603017
48,193,66,69.38387926517186
48,194,65,66.51628036223678
48,195,64,66.13073315379498
48,196,63,67.32004291986175
48,197,62,61.87584275087818
48,198,61,63.8193093526106
48,199,60,57.863176739966676
48,200,59,56.33640621810305
48,201,58,58.65386131655924
48,202,57,58.05182646906771
48,203,56,61.54391801254435
48,204,55,59.31733479040333
48,205,54,61.01050834337197
48,206,53,56.451294523523785
48,207,52,54.15479676180817
48,208,51,54.272652011528365
48,209,50,52.44525079296588
48,210,49,49.298065177598446
48,211,48,48.44877966217781
48,212,47,46.58981906840067
48,213,46,44.01268251057704
48,214,45,47.000222284429825
49,40,257,125.0
49,41,256,125.0
49,42,255,124.97137716187959
49,43,254,124.29244160536831
49,44,253,123.68625870347864
49,45,252,123.1904202129866
49,46,251,123.33466688269439
49,47,250,122.0431940047932
49,48,249,122.793458320281
49,49,248,122.18204655507739
49,50,247,122.79860344404248
49,51,246,123.5811376203144
49,52,245,123.79145180024679
49,53,244,123.64504120100288
49,54,243,123.29555467928165
49,55,242,123.69808171940315
49,56,241,123.73898104538236
49,57,240,123.84852654574536
49,58,239,123.49636581573307
49,59,238,123.86885553709834
49,60,237,123.93251188896201
49,61,236,123.74113167882852
49,62,235,123.2373884068939
49,63,234,123.3307875287719
49,64,233,123.02057395381692
49,65,232,122.36019697166097
49,66,231,123.26657852688552
49,67,230,122.92378114380779
49,68,229,121.80168157962754
49,69,228,123.40134049829368
49,70,227,123.7111638130178
49,71,226,122.03218959420059
49,72,225,122.88748809215586
49,73,224,122.15851052777359
49,74,223,123.39019414145264
49,75,222,123.97371794601881
49,76,221,123.97704786919266
49,77,220,124.43092180330521
49,78,219,124.55045931801246
49,79,218,124.88953720268489
49,80,217,124.99100045565623
49,81,216,124.88817949316717
49,82,215,124.9683023260798
49,83,214,124.71956043006898
49,84,213,124.5450733272485
49,85,212,124.44725374690691
49,86,211,124.47995482286554
49,87,210,124.58532724336511
49,88,209,124.41429031450781
49,89,208,124.44571103611848
49,90,207,124.29473092410842
49,91,206,123.91357638065139
49,92,205,124.16606958599417
49,93,204,123.99629347133688
49,94,203,123.52502740649851
49,95,202,123.28644070751304
49,96,201,123.7431527060982
49,97,200,124.09833434059965
49,98,199,123.87670572286916
49,99,198,123.57139482570074
49,100,197,123.34121987177403
49,101,196,123.46773286560787
49,102,195,123.2730133087613
49,103,194,123.64844262851219
49,104,193,123.2279360297357
49,105,192,121.73055859606606
49,106,191,121.36416787303244
49,107,190,119.5814041030785
49,108,189,120.11263888479212
49,109,188,122.35179237430563
49,110,187,122.70137345490609
49,111,186,122.18709736846552
49,112,185,121.4975128260732
49,113,184,122.04641560085041
49,114,183,121.87891439092618
49,115,182,122.85168671744717
49,116,181,122.88787578345222
49,117,180,123.34563114767803
49,118,179,123.42692899067455
49,119,178,123.50453590068754
49,120,177,122.5885693648764
49,121,176,122.30550316517278
49,122,175,123.18346501334469
49,123,174,123.21622155051196
49,124,173,123.03030774644341
49,125,172,122.7562303428204
49,126,171,123.09640730921646
49,127,170,123.22236365904024
49,128,169,122.87371824750028
49,129,168,122.92370726896567
49,130,167,123.22799702107979
49,131,166,123.30818862281293
49,132,165,122.51729916783411
49,133,164,123.07295779543031
49,134,163,123.57155767042158
49,135,162,122.82436488975767
49,136,161,122.66853122932818
49,137,160,122.78872923224277
49,138,159,123.21655816267219
49,139,158,123.23939459639527
49,140,157,124.09552067118003
49,141,156,124.30489736077918
49,142,155,124.08371763550042
49,143,154,123.78349399793105
49,144,153,123.59435322462566
49,145,152,121.69467976177353
49,146,151,122.0652692933591
49,147,150,122.08211235732827
49,148,149,121.83660844596683
49,149,148,121.14769967471366
49,150,147,120.88562753010925
49,151,146,118.28390495204293
49,152,145,117.32221190521753
49,153,144,116.50009494842763
49,154,143,116.89590475741046
49,155,142,117.39901559425272
49,156,141,118.71486212768508
49,157,140,120.64380632666244
49,158,139,117.84115697790146
49,159,138,119.28386234217871
49,160,137,120.66820293136688
49,161,136,118.40451040860654
49,162,135,119.28202471180356
49,163,134,120.81156762227927
49,164,133,121.29126391311883
49,165,132,122.65945530339886
49,166,131,122.0999960866523
49,167,130,121.81500154794986
49,168,129,120.21667108135932
49,169,128,120.13645107721794
49,170,127,120.24058904300475
49,171,126,117.99776902885966
49,172,125,111.52388226394726
49,173,124,111.41766809793111
49,174,123,112.07183821529436
49,175,122,110.97853581488857
49,176,121,109.36949642432117
49,177,120,108.95202918035795
49,178,119,109.54815946438796
49,179,118,105.00200712497406
49,180,117,102.9706407969669
49,181,116,103.75494415268574
49,182,115,110.76797266106075
49,183,114,111.74466425345571
49,184,113,109.98377425454272
49,185,112,114.47784434367776
49,186,111,114.48185749601528
49,187,110,111.9845413937787
49,188,109,110.91835605508967
49,189,108,110.4413961242096
49,190,107,111.43339975345717
49,191,106,111.8556506207662
49,192,105,110.35333136254393
49,193,104,107.98849391814085
49,194,103,107.7637949290114
49,195,102,103.28101207871323
49,196,101,106.77529248265203
49,197,100,105.38603468431933
49,198,99,104.36530878166575
49,199,98,106.30435059928107
49,200,97,107.2915634442879
49,201,96,104.70283866717183
49,202,95,102.0315890567934
49,203,94,104.45846951917045
49,204,93,103.4442767649619
49,205,92,103.2789908789764
49,206,91,104.62060153026634
49,207,90,99.48682172917248
49,208,89,102.33069848270472
49,209,88,101.57837397107478
49,210,87,104.63263577399147
49,211,86,98.57783336617521
49,212,85,95.14273253506224
49,213,84,89.93720959253491
49,214,83,93.37112372727883
49,215,82,94.05503178737939
49,216,81,92.39444913407931
49,217,80,85.92748153407692
49,218,79,86.19997610326243
49,219,78,80.82418894165326
49,220,77,80.20126741621809
49,221,76,80.19029129799996
49,222,75,76.21132966638253
49,223,74,76.14534586722077
49,224,73,71.33708416126558
49,225,72,71.73500013967838
49,226,71,73.0605647377722
49,227,70,68.39662197736484
49,228,69,68.17970427105485
49,229,68,71.59039870371093
49,230,67,66.71923044191128
49,231,66,62.75692729362451
49,232,65,63.41406316135786
49,233,64,65.375676533909
49,234,63,61.46698494770279
49,235,62,54.64694519506833
49,236,61,58.43303963870329
49,237,60,64.0760968185073
49,238,59,68.10158238576139
49,239,58,65.74499493938032
49,240,57,66.97202900899615
49,241,56,65.57877569301179
49,242,55,62.476792197711674
49,243,54,58.87658006954805
49,244,53,56.24911462010105
49,245,52,52.82885853666671
49,246,51,49.03786178450251
49,247,50,47.91972282728989
49,248,49,47.873918689776936
49,249,48,48.81487609301634
49,250,47,51.39920649636424
49,251,46,46.40263601233466
49,252,45,47.081841195035366
49,253,44,43.83661130571146
49,254,43,44.26818878084366
49,255,42,43.17112842973023
49,256,41,44.16472536543585
49,257,40,42.16445939112306
49,258,39,41.71968691457697
49,259,38,41.20090934203053
49,260,37,39.90686227097498
49,261,36,36.49100294290332
49,262,35,37.65955049743532
49,263,34,35.68167594539513
49,264,33,34.133948315781254
49,265,32,33.633221538390124
49,266,31,32.282710014209414
49,267,30,31.952691476152207
49,268,29,30.63684641033719
49,269,28,32.56185689495355
49,270,27,30.48509781184253
49,271,26,26.76837850505772
49,272,25,24.156995734407573
49,273,24,25.059098992109618
50,40,252,124.42986127928063
50,41,251,125.0
50,42,250,125.0
50,43,249,124.79295616685984
50,44,248,124.67353382917962
50,45,247,124.59132742510779
50,46,246,124.10634890782023
50,47,245,123.96536814112378
50,48,244,123.77891175723718
50,49,243,123.68909051214834
50,50,242,123.7810194280631
50,51,241,123.97665666697907
50,52,240,123.7822603781076
50,53,239,123.38520255943587
50,54,238,123.95601195012333
50,55,237,123.62696828596671
50,56,236,123.72521861593756
50,57,235,124.10650584517384
50,58,234,124.11453710863539
50,59,233,124.27273044546124
50,60,232,123.80843205049644
50,61,231,123.97171028945124
50,62,230,123.46316818595827
50,63,229,123.80007082613253
50,64,228,124.42205450822473
50,65,227,123.27677073009866
50,66,226,123.50839956953425
50,67,225,124.28885841774874
50,68,224,124.5284401341952
50,69,223,124.34108948293695
50,70,222,123.98853811972846
50,71,221,123.59015026350644
50,72,220,123.79809829900918
50,73,219,123.05624900345573
50,74,218,123.0584056183922
50,75,217,123.41692694092495
50,76,216,122.58166132630964
50,77,215,123.85222250641507
50,78,214,124.30082043648616
50,79,213,124.44329719009815
50,80,212,124.4791179713649
50,81,211,124.44591453056185
50,82,210,125.0
50,83,209,124.52318707727166
50,84,208,124.30721017684363
50,85,207,123.72251160154121
50,86,206,123.77566440945955
50,87,205,124.97577077261688
50,88,204,124.228797978688
50,89,203,124.10763195457216
50,90,202,123.76971570916237
50,91,201,123.49344942092546
50,92,200,123.86836078605386
50,93,199,124.44752980647104
50,94,198,123.86175415160943
50,95,197,124.98187869888508
50,96,196,124.97305035116545
50,97,195,124.34178085915569
50,98,194,124.6777755036438
50,99,193,123.30561973481201
50,100,192,123.819533877272
50,101,191,123.53211249284598
50,102,190,124.06958332443969
50,103,189,123.96334681139845
50,104,188,124.08784668254754
50,105,187,123.92575553804367
50,106,186,122.92535239765496
50,107,185,122.75278664128962
50,108,184,122.35425590192403
50,109,183,122.93817239387508
50,110,182,122.73378726168414
50,111,181,122.49570773417454
50,112,180,120.62883815318935
50,113,179,122.00366656526745
50,114,178,122.45728763681467
50,115,177,122.7396354991275
50,116,176,123.08574957610848
50,117,175,122.83489364834395
50,118,174,122.90232886022474
50,119,173,123.68136956909441
50,120,172,123.26787186166374
50,121,171,122.8675059560934
50,122,170,122.24112521188967
50,123,169,122.09980709762945
50,124,168,122.49064021619547
50,125,167,121.86938744924568
50,126,166,119.96291438785758
50,127,165,120.0918394006864
50,128,164,121.07423095578582
50,129,163,120.55454041552629
50,130,162,117.92102282281311
50,131,161,119.74637785494572
50,132,160,120.0289894671985
50,133,159,120.67750756312807
50,134,158,120.87473279009964
50,135,157,121.82152483436462
50,136,156,121.40462065207458
50,137,155,121.31093627056354
50,138,154,119.7059128885391
50,139,153,120.41243022261199
50,140,152,120.97003095383687
50,141,151,119.68219684076149
50,142,150,120.81385946209355
50,143,149,123.71276517353002
50,144,148,123.68258900666359
50,145,147,122.46789686449767
50,146,146,121.777477462318
50,147,145,121.2141063349075
50,148,144,117.18704437878935
50,149,143,118.29747700623363
50,150,142,120.69028533383559
50,151,141,121.69708400173732
50,152,140,121.56870848452442
50,153,139,121.1246645417709
50,154,138,122.37144136379197
50,155,137,122.56457753269024
50,156,136,122.75108408919584
50,157,135,123.84909662898372
50,158,134,123.38139042454894
50,159,133,123.72361762567996
50,160,132,123.68899149080386
50,161,131,122.55995846889905
50,162,130,122.61659095837248
50,163,129,122.09836077407587
50,164,128,120.19896790101413
50,165,127,121.01887585554422
50,166,126,118.64592568678844
50,167,125,115.31362957825814
50,168,124,113.52065221026562
50,169,123,113.81397711291108
50,170,122,110.92025193082307
50,171,121,110.94320964508981
50,172,120,112.68044029140339
50,173,119,115.69561585278112
50,174,118,113.38436049441714
50,175,117,115.92248466105649
50,176,116,116.39788449662748
50,177,115,114.32459808273087
50,178,114,115.11514147272219
50,179,113,115.10797313984608
50,180,112,115.76932262736118
50,181,111,117.44012762859711
50,182,110,117.6898430116096
50,183,109,117.74982442377566
50,184,108,114.00234815836166
50,185,107,114.21455227217479
50,186,106,113.1466662223634
50,187,105,110.38085634574611
50,188,104,105.05221612235937
50,189,103,106.7207742861853
50,190,102,111.24820916826704
50,191,101,111.82987404063483
50,192,100,113.39021876684168
50,193,99,110.34355912118153
50,194,98,108.8453289056543
50,195,97,107.76012178583198
50,196,96,107.53776158922837
50,197,95,106.2104695848271
50,198,94,107.57320649945646
50,199,93,106.98776759763652
50,200,92,101.77100994536325
50,201,91,96.34474261723008
50,202,90,99.59314269759051
50,203,89,91.91248953045285
50,204,88,87.62458298522459
50,205,87,86.40692961055186
50,206,86,80.8339427569251
51,40,216,119.45449299599231
51,41,215,121.23850545156856
51,42,214,121.33170708437517
51,43,213,122.61506750571684
51,44,212,123.56176372839937
51,45,211,123.53452930618637
51,46,210,123.33563837630341
51,47,209,123.91581930535241
51,48,208,123.03619099219515
51,49,207,122.80116850158572
51,50,206,123.52763949364487
51,51,205,123.9757701739659
51,52,204,124.0038019058365
51,53,203,123.70258983908731
51,54,202,123.90651961647879
51,55,201,125.0
51,56,200,124.79161730460115
51,57,199,124.85070891341843
51,58,198,125.0
51,59,197,124.79670448981426
51,60,196,124.49424271468175
51,61,195,124.79286817990436
51,62,194,124.29675762161187
51,63,193,124.7892302101911
51,64,192,125.0
51,65,191,124.8187468686322
51,66,190,124.5980271139205
51,67,189,124.76389085970091
51,68,188,123.99028125870868
51,69,187,123.59080198693505
51,70,186,123.7982633083007
51,71,185,122.8147927166303
51,72,184,122.26301377543342
51,73,183,123.35021119635135
51,74,182,123.35017115484403
51,75,181,123.02985390618772
51,76,180,123.52294240006545
51,77,179,123.65810652285828
51,78,178,124.00793701752892
51,79,177,123.80763002196193
51,80,176,121.76015303561181
51,81,175,123.47375104627685
51,82,174,124.3616801771143
51,83,173,123.86439847766553
51,84,172,123.78403569863889
51,85,171,123.30191203601629
51,86,170,122.92448160975533
51,87,169,122.78184210662312
51,88,168,123.06600912876007
51,89,167,121.54354963968501
51,90,166,119.08285935503723
51,91,165,119.50758638782463
51,92,164,120.44136186279249
51,93,163,120.97880383992306
51,94,162,121.09134612496086
51,95,161,121.23533848477541
51,96,160,121.28872997212972
51,97,159,120.68533225503734
51,98,158,123.4147704354497
51,99,157,123.8139467307652
51,100,156,124.68326939048012
51,101,155,123.93944451793365
51,102,154,120.939530020137
51,103,153,121.34211614365694
51,104,152,123.63901613424633
51,105,151,124.79130921984003
51,106,150,121.3915692746586
51,107,149,120.11586183608188
51,108,148,120.220650062336
51,109,147,121.94467286399274
51,110,146,122.65913813699947
51,111,145,120.68262728556337
51,112,144,120.6074287671724
51,113,143,120.31207723851035
51,114,142,119.17489132436752
51,115,141,120.11322040939325
51,116,140,121.50436937412637
51,117,139,118.36107722088624
51,118,138,121.76581263981927
51,119,137,121.58084141989647
51,120,136,121.30257392641812
51,121,135,119.91829590624126
51,122,134,118.80301280516537
51,123,133,119.18599231401467
51,124,132,118.0488336749047
51,125,131,114.62130157082302
51,126,130,114.18350648589109
51,127,129,117.15891417627468
51,128,128,115.38417008254015
51,129,127,114.99695209019612
51,130,126,115.46884716160885
51,131,125,115.83155423599175
51,132,124,116.21278589090797
51,133,123,111.2687291646111
51,134,122,113.67501594133324
51,135,121,115.98160950969658
51,136,120,118.11648213568023
51,137,119,114.4575771685155
52,40,169,125.0
52,41,168,122.98925572592339
52,42,167,123.44229321957067
52,43,166,123.41812453996508
52,44,165,124.46256385787169
52,45,164,125.0
52,46,163,125.0
52,47,162,125.0
52,48,161,125.0
52,49,160,125.0
52,50,159,124.91982512832098
52,51,158,125.0
52,52,157,124.58729878557182
52,53,156,124.17410337304358
52,54,155,123.9331122660399
52,55,154,123.96984898989604
52,56,153,124.13759889443304
52,57,152,122.66456053886156
52,58,151,123.80500128391898
53,40,169,120.78194097537829
53,41,168,121.76415673006676
53,42,167,121.99027519216742
53,43,166,122.144774995713
53,44,165,123.6915107683085
53,45,164,124.01739023494436
53,46,163,123.29539061884009
53,47,162,122.93073229196548
53,48,161,123.09641740479435
53,49,160,122.60705944910399
53,50,159,122.42142360789808
53,51,158,122.17485565228968
53,52,157,121.49779167696806
53,53,156,121.99138563927545
53,54,155,124.0972178256424
53,55,154,125.0
53,56,153,125.0
53,57,152,124.88731493990312
53,58,151,125.0
53,59,150,124.81710603715769
53,60,149,125.0
53,61,148,124.88783807386883
53,62,147,125.0
53,63,146,124.7976076821833
53,64,145,124.11118314277948
53,65,144,122.88637987756358
53,66,143,124.25429973659936
53,67,142,124.86167104903888
54,40,217,124.49432506239168
54,41,216,123.16133207784463
54,42,215,122.25759265442434
54,43,214,122.03960685784352
54,44,213,123.63144035477478
54,45,212,124.52259138456608
54,46,211,125.0
54,47,210,125.0
54,48,209,124.92342503533033
54,49,208,124.6181942605445
54,50,207,124.50038374404696
54,51,206,123.56910856346576
54,52,205,123.58490184303
54,53,204,120.3576761305622
54,54,203,119.94918409800727
54,55,202,121.9649521806857
54,56,201,121.27511602217928
54,57,200,120.16122163887067
54,58,199,122.62234203224284
54,59,198,119.15386228914163
54,60,197,121.93658961047115
54,61,196,123.63514257734448
54,62,195,124.19655551258293
54,63,194,122.46783824155352
54,64,193,121.86597809784712
54,65,192,122.51228636877887
54,66,191,120.70006923183057
54,67,190,118.09176226875493
54,68,189,115.76165332866393
54,69,188,113.27476877156215
54,70,187,108.5889065855483
54,71,186,106.07566873104571
54,72,185,100.45427957986033
54,73,184,102.38163890644293
54,74,183,98.24321975108955
54,75,182,99.71995306558023
54,76,181,97.5210549855197
54,77,180,91.12853469648125
54,78,179,91.89174252977944
54,79,178,95.33402333197677
54,80,177,97.78733552192827
54,81,176,98.18693024391266
55,40,220,125.0
55,41,219,125.0
55,42,218,125.0
55,43,217,125.0
55,44,216,125.0
55,45,215,125.0
55,46,214,125.0
55,47,213,124.04344274132217
55,48,212,124.18738153316805
55,49,211,124.15426125354188
55,50,210,125.0
55,51,209,125.0
55,52,208,125.0
55,53,207,125.0
55,54,206,125.0
55,55,205,125.0
55,56,204,125.0
55,57,203,124.67163705704193
55,58,202,124.1336807942889
55,59,201,124.08248831540001
55,60,200,124.10594479344644
55,61,199,123.01607875006816
55,62,198,123.4532078251884
55,63,197,123.3744680684866
55,64,196,124.09777363306497
55,65,195,124.7173012972995
55,66,194,123.16647860861497
55,67,193,124.17416711585797
55,68,192,123.12874604852334
55,69,191,123.19739891398694
55,70,190,122.94099918809609
55,71,189,121.94717091086926
55,72,188,122.7395300785953
55,73,187,122.16808998501796
55,74,186,123.33705079341487
55,75,185,122.90264431795376
55,76,184,122.65775632224678
55,77,183,123.53924532123969
55,78,182,125.0
55,79,181,125.0
55,80,180,124.35762677333635
55,81,179,125.0
55,82,178,124.57636040758842
55,83,177,123.88443829478746
55,84,176,123.198835966833
55,85,175,122.78787459157601
55,86,174,122.87156640654801
55,87,173,123.2667792558393
55,88,172,122.89659669946533
55,89,171,122.48230856992629
55,90,170,123.16292923551168
55,91,169,123.20004531891126
55,92,168,123.80289930668496
55,93,167,123.5698388422384
55,94,166,123.18038066974461
55,95,165,123.65461720816303
55,96,164,124.22726185304276
55,97,163,125.0
55,98,162,125.0
55,99,161,124.82232379865681
55,100,160,124.40498482107688
55,101,159,124.35866003754037
55,102,158,124.3374989758926
55,103,157,124.40883607970518
56,40,207,124.91842949120715
56,41,206,123.97252317515766
56,42,205,123.93623971973935
56,43,204,124.62049011594239
56,44,203,124.70975635211295
56,45,202,124.69223429829268
56,46,201,124.92938636374802
56,47,200,122.75254779379452
56,48,199,124.56991710776924
56,49,198,124.6976970741061
56,50,197,124.80067949805073
56,51,196,124.29254308449043
56,52,195,124.1901199285575
56,53,194,124.23441900474302
56,54,193,125.0
56,55,192,125.0
56,56,191,124.97296800667007
56,57,190,123.31767662535077
56,58,189,125.0
56,59,188,123.90707368621685
56,60,187,124.07565436171012
56,61,186,124.96221180435538
56,62,185,123.1800118343333
56,63,184,122.86381938155381
56,64,183,122.83895927060121
56,65,182,122.48483247426283
56,66,181,122.43441213961708
56,67,180,122.12035433854379
56,68,179,122.53190368592573
56,69,178,123.50629891663993
56,70,177,123.70419980040762
56,71,176,123.822811310892
56,72,175,124.25679868255479
56,73,174,123.23716235596791
56,74,173,122.35768083248968
56,75,172,121.91647236900582
56,76,171,121.20244574273805
56,77,170,121.16740617734665
56,78,169,121.42210881937976
56,79,168,122.16195444798313
56,80,167,120.94020692294997
56,81,166,121.85155100459983
56,82,165,122.77163396331332
56,83,164,122.10784753728753
56,84,163,122.19055786641906
56,85,162,122.26852092043382
56,86,161,122.49641405604771
56,87,160,122.61161679391512
56,88,159,121.20712595438889
56,89,158,121.07773787891647
56,90,157,121.22718975970437
56,91,156,120.59590110974294
56,92,155,121.10066617690768
56,93,154,120.58898182757989
56,94,153,120.13523495318458
56,95,152,122.82368006860221
56,96,151,122.03800197038733
56,97,150,121.55977159222121
56,98,149,121.42701083329305
56,99,148,122.26160281795757
56,100,147,121.52613724066309
56,101,146,121.97041607355405
56,102,145,122.3624305167397
56,103,144,123.35083499905406
56,104,143,123.35449804194292
56,105,142,123.47170942230787
56,106,141,123.90609063529432
56,107,140,123.13992818622437
56,108,139,122.0486633721031
56,109,138,122.80202878861357
56,110,137,122.51480235775497
56,111,136,123.31307335924508
56,112,135,122.10721519993362
56,113,134,120.67263880359465
56,114,133,119.59424243601147
56,115,132,121.00735281759239
56,116,131,121.27992559381426
56,117,130,121.57041237777449
56,118,129,121.07553220736321
56,119,128,121.75663675012416
56,120,127,120.32943538206305
56,121,126,121.28205471002491
56,122,125,118.67400104633415
56,123,124,117.39272665520784
56,124,123,118.43551285015805
56,125,122,115.93594340853667
56,126,121,119.52244266483004
56,127,120,117.84482634055317
56,128,119,114.30506119239259
56,129,118,115.44690675619582
56,130,117,116.29021292449053
56,131,116,117.07816667221516
56,132,115,115.30082904571805
56,133,114,117.1240110189291
56,134,113,117.16164894344848
56,135,112,116.51825044669522
56,136,111,113.29655632960419
56,137,110,110.5970859858175
56,138,109,107.27236010783855
56,139,108,112.29464590436712
56,140,107,112.8113487195094
56,141,106,113.97950828173106
56,142,105,107.93154930348629
56,143,104,113.74580333542553
56,144,103,114.727345403187
56,145,102,111.23407046853714
56,146,101,113.15997497042093
56,147,100,111.68785037154132
56,148,99,111.04734321488002
56,149,98,112.86452633894152
56,150,97,108.87144119214409
56,151,96,113.92992421865654
56,152,95,116.19066550413551
56,153,94,109.26989743959969
56,154,93,106.06373539105685
56,155,92,105.32725937855952
56,156,91,104.96397007822955
56,157,90,104.8440489941639
56,158,89,103.82158150320944
56,159,88,103.22943441170949
56,160,87,102.07517468166976
56,161,86,97.20482562147319
56,162,85,97.91116219989807
56,163,84,93.8485547219932
56,164,83,83.18741326746843
56,165,82,82.83752537481527
56,166,81,82.91228716747553
56,167,80,91.11211328046284
56,168,79,91.79922842570174
56,169,78,95.41986685449524
56,170,77,87.35205965059858
56,171,76,83.80558864872692
56,172,75,79.01874152060375
56,173,74,78.371460415743
56,174,73,82.00283259722778
56,175,72,84.01792571565471
56,176,71,73.91245254208273
56,177,70,74.02620492106593
56,178,69,69.83444578665133
56,179,68,69.95927613873468
56,180,67,66.2286626233537
57,40,178,125.0
57,41,177,125.0
57,42,176,124.74443254462325
57,43,175,123.77570582524476
57,44,174,123.99630302871864
57,45,173,123.38943084802916
57,46,172,122.45938317866262
57,47,171,122.72030007082171
57,48,170,124.09472608348312
57,49,169,123.77371149093719
57,50,168,122.55500397557157
57,51,167,122.75608150691903
57,52,166,124.18856696976627
57,53,165,123.95109757236105
57,54,164,123.1346530976416
57,55,163,124.1204466109115
57,56,162,123.82426803831788
57,57,161,123.46826999438703
57,58,160,124.8681087979214
57,59,159,124.72146181683632
57,60,158,124.21690015715657
57,61,157,124.54813885550284
57,62,156,124.41852585897423
57,63,155,124.00541407238568
57,64,154,123.78816289609075
57,65,153,123.15917729341498
57,66,152,124.58768974945792
57,67,151,124.72541721419472
57,68,150,124.68499283152184
57,69,149,124.982375724146
57,70,148,124.70754809347233
57,71,147,125.0
57,72,146,124.94017147700447
57,73,145,125.0
57,74,144,125.0
57,75,143,124.8768454767356
57,76,142,124.81131800470561
57,77,141,124.95443050295148
57,78,140,124.96448668141215
57,79,139,124.55297233000523
57,80,138,124.90134262097833
57,81,137,124.31526675974104
57,82,136,124.12973010580023
57,83,135,122.99299319076846
57,84,134,122.08882391400903
57,85,133,123.39756521270559
57,86,132,123.46044625368415
57,87,131,123.56746625494372
57,88,130,123.82480599007665
57,89,129,124.2974864103981
57,90,128,123.85451778569805
57,91,127,124.14229470993844
57,92,126,124.18964191162485
57,93,125,123.75556270218961
57,94,124,121.05736751403315
57,95,123,121.94197126576537
57,96,122,120.8135119564659
57,97,121,121.93168871429786
57,98,120,122.29052892784719
57,99,119,121.26315406011248
57,100,118,121.06032385826393
57,101,117,117.72095072963134
57,102,116,116.03246736303768
57,103,115,118.78328982089418
57,104,114,117.04373891264959
57,105,113,117.77999845605277
57,106,112,118.57675053219268
57,107,111,119.03725613151235
57,108,110,120.78747200235912
57,109,109,121.09926927152287
57,110,108,120.43471027345186
57,111,107,119.96044594117353
57,112,106,118.25160254904054
57,113,105,116.86281064838408
57,114,104,118.74576988424653
57,115,103,119.22244985286963
57,116,102,121.78022805594281
57,117,101,119.65068807831142
57,118,100,116.48786889764148
57,119,99,116.52015520045865
57,120,98,112.26166745009039
57,121,97,112.3707558065426
58,40,153,120.31360626687018
58,41,152,119.5532127118635
58,42,151,119.3541716463332
58,43,150,118.60856655558499
58,44,149,121.50271089182388
58,45,148,119.49965742530725
58,46,147,121.63406497017857
58,47,146,122.82042339848672
58,48,145,123.15416287834277
58,49,144,121.6025552035301
58,50,143,120.10374723143482
58,51,142,119.6318968447006
58,52,141,119.19634735387564
58,53,140,121.02911495782263
58,54,139,121.66843708015887
58,55,138,122.06586053487209
58,56,137,122.00007428782473
58,57,136,121.36762353710692
58,58,135,122.31398632008273
58,59,134,121.54870844326648
58,60,133,121.27353984599196
58,61,132,121.28731156290345
58,62,131,119.82179765567192
58,63,130,119.01183075770348
58,64,129,115.06399374980882
58,65,128,113.85381490184558
58,66,127,109.28261391455018
58,67,126,112.72514967096333
58,68,125,110.6176143881882
58,69,124,110.61920062935161
58,70,123,108.4281358778364
58,71,122,112.12850213591517
58,72,121,114.57729740362228
58,73,120,115.96422090392338
58,74,119,117.10350422760644
58,75,118,114.35670499202976
58,76,117,115.66303409921574
58,77,116,113.52699441046731
58,78,115,116.00474035746348
58,79,114,114.26593317581663
58,80,113,109.44993303406577
58,81,112,109.70855862560894
58,82,111,109.22032889194904
58,83,110,107.1499470221026
58,84,109,106.79105844519668
58,85,108,105.67622575490047
58,86,107,106.00989475059242
58,87,106,103.37676662573708
58,88,105,101.98349276991402
58,89,104,100.50894571614347
58,90,103,93.94470931083174
58,91,102,97.20123444053658
58,92,101,97.69868241351182
58,93,100,94.91772032209383
58,94,99,99.11288675128074
58,95,98,97.97508681787798
58,96,97,94.46884268284273
58,97,96,92.95982912317561
58,98,95,84.24805489285453
58,99,94,85.87199069326152
58,100,93,89.5745740951262
58,101,92,87.55413137376672
58,102,91,81.32942986881453
58,103,90,87.76362454285552
58,104,89,96.6647488364844
58,105,88,95.14500693289598
58,106,87,98.54952094634714
58,107,86,102.8087939203686
58,108,85,100.68035612839557
58,109,84,94.83599198964292
58,110,83,88.44519019478739
58,111,82,80.34552667289682
58,112,81,78.42439628305038
58,113,80,72.36134621481614
58,114,79,74.85542053560106
58,115,78,79.2874746621476
58,116,77,89.13069281381848
58,117,76,99.31238338420421
58,118,75,99.97084401817219
58,119,74,88.10749005405235
58,120,73,82.21896048922454
58,121,72,85.60178853393712
58,122,71,72.48958600109671
58,123,70,72.31929947793479
58,124,69,80.52333577204067
58,125,68,88.04382843444007
58,126,67,82.22716925039819
58,127,66,76.14934757003078
58,128,65,67.32865056852182
58,129,64,66.74528743009543
58,130,63,60.90899309531145
58,131,62,63.865173802452034
58,132,61,63.16148911128954
58,133,60,65.11281410995073
58,134,59,63.04031767447171
58,135,58,56.625839912202764
58,136,57,59.18923630052372
58,137,56,57.256887634425915
58,138,55,51.10333667705946
58,139,54,49.71354723536704
58,140,53,47.26939768524238
58,141,52,48.99049210524541
58,142,51,48.82322360068284
58,143,50,59.33251384613638
58,144,49,61.593846548939126
58,145,48,60.485946591298436
58,146,47,59.28190342532801
58,147,46,61.756666731303376
58,148,45,59.15403918815308
58,149,44,52.5678819055523
58,150,43,52.72217589339516
58,151,42,57.01900187327477
58,152,41,54.99854081031124
58,153,40,52.72803714109014
58,154,39,54.99971662105274
58,155,38,53.0789675450104
58,156,37,51.27220825880448
58,157,36,49.59844239112221
58,158,35,46.0425663831884
58,159,34,42.11884261522974
58,160,33,39.39771813403357
58,161,32,40.23368476026381
58,162,31,36.14957927828471
58,163,30,33.44230441792065
58,164,29,37.65398217607891
58,165,28,39.95203827070185
58,166,27,38.846626892514664
58,167,26,34.94840471627087
58,168,25,33.17095070523848
58,169,24,27.680962764625978
58,170,23,25.16046305733483
58,171,22,24.06075350038695
58,172,21,22.418814094638265
58,173,20,21.405842225069186
58,174,19,16.93857535687642
58,175,18,15.467655827898007
58,176,17,14.3833848727901
58,177,16,15.988956098124742
58,178,15,15.87866877810079
58,179,14,13.836951803154463
58,180,13,11.958681238858972
58,181,12,11.439442122638852
58,182,11,9.6398450486977
58,183,10,7.544953036786395
58,184,9,6.565003591714042
58,185,8,5.359843540814797
59,37,154,120.04249079292426
60,40,234,125.0
60,41,233,125.0
60,42,232,125.0
60,43,231,125.0
60,44,230,125.0
60,45,229,125.0
60,46,228,125.0
60,47,227,125.0
60,48,226,125.0
60,49,225,125.0
60,50,224,125.0
60,51,223,125.0
60,52,222,125.0
60,53,221,125.0
60,54,220,124.84119484406746
60,55,219,123.89482271990894
60,56,218,124.25422857127235
60,57,217,123.83963875810531
60,58,216,124.46146829626127
60,59,215,124.1752118309839
60,60,214,124.41148836081845
60,61,213,125.0
60,62,212,125.0
60,63,211,125.0
60,64,210,125.0
60,65,209,125.0
60,66,208,125.0
60,67,207,125.0
60,68,206,124.18125812812369
60,69,205,124.05505621098462
60,70,204,124.30477744479285
60,71,203,124.12880016885532
60,72,202,125.0
60,73,201,125.0
60,74,200,124.10725565348093
60,75,199,125.0
60,76,198,125.0
60,77,197,125.0
60,78,196,125.0
60,79,195,125.0
60,80,194,125.0
60,81,193,123.96229716652317
60,82,192,124.16046848564406
60,83,191,124.04929608863529
60,84,190,124.22294923177944
60,85,189,124.17099318369104
60,86,188,124.04436167732644
60,87,187,121.87451739852929
60,88,186,122.23806806036455
60,89,185,121.09233070372149
60,90,184,122.2049636026943
60,91,183,121.45318804420688
60,92,182,122.04252749533303
60,93,181,121.98611378226121
60,94,180,121.36704074571509
60,95,179,121.53863350876986
60,96,178,123.3684809664328
60,97,177,121.89200766519997
60,98,176,123.28088828960557
60,99,175,123.17291096727803
60,100,174,123.74817427677807
60,101,173,122.79069005781517
60,102,172,121.2344528481299
60,103,171,120.5519092893148
60,104,170,121.58819331886532
60,105,169,120.02001889351581
60,106,168,120.54492286318649
60,107,167,119.82635415258488
60,108,166,121.53198775299599
60,109,165,118.61478557821093
60,110,164,120.31145070120887
60,111,163,119.32509768413016
60,112,162,118.70226630338328
60,113,161,117.00236773769547
60,114,160,114.81458745140594
60,115,159,115.1753044490604
60,116,158,116.74440586905263
60,117,157,120.83677923152081
60,118,156,121.52346097871174
60,119,155,119.6468316409653
60,120,154,120.53856727085721
60,121,153,117.44202629589594
60,122,152,118.02720127535022
60,123,151,115.5553676205038
60,124,150,114.29799163908666
60,125,149,116.2296079152137
60,126,148,112.14031002622238
60,127,147,106.436005532676
60,128,146,105.88609400407998
60,129,145,105.50730286200002
60,130,144,104.25095467360387
60,131,143,110.24040720152416
60,132,142,110.64438203048849
60,133,141,111.28970720721276
60,134,140,111.00061896920587
60,135,139,111.34675914281243
61,40,407,125.0
61,41,406,125.0
61,42,405,125.0
61,43,404,125.0
61,44,403,125.0
61,45,402,125.0
61,46,401,125.0
61,47,400,125.0
61,48,399,125.0
61,49,398,125.0
61,50,397,125.0
61,51,396,125.0
61,52,395,125.0
61,53,394,125.0
61,54,393,125.0
61,55,392,125.0
61,56,391,125.0
61,57,390,125.0
61,58,389,125.0
61,59,388,125.0
61,60,387,124.99116539358968
61,61,386,124.7495999357536
61,62,385,124.58627524414231
61,63,384,124.94190321977885
61,64,383,124.70549225951632
61,65,382,124.23280531504221
61,66,381,124.40353104456666
61,67,380,124.66696295584491
61,68,379,124.91969814477198
61,69,378,125.0
61,70,377,125.0
61,71,376,125.0
61,72,375,125.0
61,73,374,125.0
61,74,373,125.0
61,75,372,125.0
61,76,371,124.66122575005494
61,77,370,124.65509334642582
61,78,369,124.52745695030876
61,79,368,125.0
61,80,367,125.0
61,81,366,125.0
61,82,365,124.95165107078529
61,83,364,125.0
61,84,363,124.2895778083861
61,85,362,124.62974572825942
61,86,361,123.34793366526765
61,87,360,123.6605803507554
61,88,359,123.79394265768914
61,89,358,124.05163426463935
61,90,357,124.98741039197117
61,91,356,124.53430530758096
61,92,355,124.28816523841402
61,93,354,124.44274671526284
61,94,353,124.82073100719978
61,95,352,125.0
61,96,351,125.0
61,97,350,125.0
61,98,349,125.0
61,99,348,124.84171778178373
61,100,347,124.66113777748629
61,101,346,124.02499893254654
61,102,345,124.88073070724151
61,103,344,124.98352188180947
61,104,343,124.49687201225399
61,105,342,123.42398422239663
61,106,341,123.44888843023296
61,107,340,124.39850923747763
61,108,339,123.19785082464148
61,109,338,123.26896003823587
61,110,337,123.33369185582676
61,111,336,123.40575857123028
61,112,335,123.21745024910055
61,113,334,122.57242780657327
61,114,333,121.77111850250519
61,115,332,121.44925371481484
61,116,331,123.88674061982698
61,117,330,124.43962025312439
61,118,329,124.65195649155244
61,119,328,122.48414066791818
61,120,327,122.52180769715235
61,121,326,122.70800893513581
61,122,325,122.82156951529112
61,123,324,123.0264595369334
61,124,323,124.0453810295352
61,125,322,124.76813076177382
61,126,321,124.3750464181173
61,127,320,124.7685023531429
61,128,319,124.10895789417938
61,129,318,124.62145033753684
61,130,317,125.0
61,131,316,124.80926240206426
61,132,315,125.0
61,133,314,125.0
61,134,313,125.0
61,135,312,125.0
61,136,311,125.0
61,137,310,125.0
61,138,309,124.99023760968697
61,139,308,124.84713797216537
61,140,307,124.62603419954041
61,141,306,124.37122543514602
61,142,305,124.3706662488952
61,143,304,124.40065440279788
61,144,303,123.86787331994785
61,145,302,124.54575539141004
61,146,301,124.10185278731605
61,147,300,123.79890018474248
61,148,299,123.87578255397314
61,149,298,123.15874851367525
61,150,297,124.02755781532744
61,151,296,124.61423326980074
61,152,295,123.04982073367277
61,153,294,122.33500957862759
61,154,293,122.2222309529692
61,155,292,120.4090132735214
61,156,291,121.53520791689567
61,157,290,125.0
61,158,289,124.94407105314068
61,159,288,125.0
61,160,287,125.0
61,161,286,125.0
61,162,285,124.28045606653023
61,163,284,123.83019791159924
61,164,283,125.0
61,165,282,125.0
61,166,281,125.0
61,167,280,124.9648200580826
61,168,279,125.0
61,169,278,125.0
61,170,277,125.0
61,171,276,125.0
61,172,275,124.79317999252353
61,173,274,125.0
61,174,273,125.0
61,175,272,124.91295772621737
61,176,271,124.90969973810468
61,177,270,124.66643933338281
61,178,269,124.15191442200182
61,179,268,122.71851062656702
61,180,267,123.08814767086271
61,181,266,124.74870688092183
61,182,265,124.13745296106524
61,183,264,123.89591626234436
61,184,263,124.20645628608
61,185,262,123.88473131498614
61,186,261,123.2304475487289
61,187,260,123.30148271216935
61,188,259,122.52237344875141
61,189,258,123.38459212306228
61,190,257,123.11932308545262
61,191,256,123.26216396760319
61,192,255,124.10233189914467
61,193,254,122.71902150391492
61,194,253,123.32457041434952
61,195,252,122.34547382292402
61,196,251,123.26345739672962
61,197,250,124.3955345177972
61,198,249,124.23604706111261
61,199,248,123.73743937875903
61,200,247,123.05761667908284
61,201,246,123.35340480353625
61,202,245,122.0906735121905
61,203,244,122.57276655926375
61,204,243,123.14771602448107
61,205,242,123.55877527947533
61,206,241,123.94532786363129
61,207,240,123.47769262240408
61,208,239,123.88730686386772
61,209,238,124.06738964122768
61,210,237,124.28276929802703
61,211,236,123.90506466049132
61,212,235,124.20364389316106
61,213,234,122.70965893215129
61,214,233,122.35501999731585
61,215,232,124.07286305815171
61,216,231,124.88357570399491
61,217,230,124.79435943015152
61,218,229,125.0
61,219,228,124.40355892318443
61,220,227,123.80210037864323
61,221,226,123.69246102709579
61,222,225,123.62607313617394
61,223,224,124.38320688338649
61,224,223,123.7044533179566
61,225,222,122.25568678441513
61,226,221,120.7369760611062
61,227,220,120.88707924020312
61,228,219,120.5210139726727
61,229,218,120.95725472191357
61,230,217,120.13877886088397
61,231,216,120.71860975671046
61,232,215,121.96854108926621
61,233,214,120.55924275947643
61,234,213,120.2093833546176
61,235,212,122.01545987597493
61,236,211,122.73063315552606
61,237,210,123.02904881942138
61,238,209,122.22987352130643
61,239,208,123.23529187874944
61,240,207,122.66582655203638
61,241,206,123.14606709747454
61,242,205,122.18141809501324
61,243,204,120.56492116961746
61,244,203,120.62443912595211
61,245,202,120.59377305817915
61,246,201,120.31536237854426
61,247,200,120.6145622782881
61,248,199,120.671896966916
61,249,198,120.46206496151112
61,250,197,119.88940542728832
61,251,196,120.2799999394714
61,252,195,118.92543779156523
61,253,194,119.74436737055723
61,254,193,118.92209664588682
61,255,192,119.27831535480342
61,256,191,120.25126474406494
61,257,190,118.77000342054149
61,258,189,121.71854958221937
61,259,188,121.81609229600538
61,260,187,122.70450451160983
61,261,186,121.585764251981
61,262,185,122.65364611573534
61,263,184,121.398632759706
61,264,183,120.74185509441129
61,265,182,119.99731188971217
61,266,181,120.69363823824489
61,267,180,119.88999369598812
61,268,179,120.04972863798443
61,269,178,120.4072473988949
61,270,177,119.46734628179456
61,271,176,120.14388545332548
61,272,175,120.8322789180923
61,273,174,119.79356758327856
61,274,173,120.65043090669297
61,275,172,122.30156073579383
61,276,171,121.72365434256693
61,277,170,121.8693758131996
61,278,169,120.12341888705464
61,279,168,118.0853974869662
61,280,167,116.15053574661823
61,281,166,118.85765088631027
61,282,165,115.28634773379451
61,283,164,113.80116913433369
61,284,163,111.89279981220098
61,285,162,112.49315357747957
61,286,161,106.15168912666171
61,287,160,104.87824296472073
61,288,159,104.38209275415042
61,289,158,105.66515202833568
61,290,157,103.70380242159942
61,291,156,108.95754688264904
61,292,155,109.1398762071999
61,293,154,110.02613077751298
61,294,153,108.90314663684676
61,295,152,110.46350584611599
61,296,151,111.21318695337331
61,297,150,113.33364052596161
61,298,149,110.40091777466978
61,299,148,109.97774990015722
61,300,147,109.83962267059678
61,301,146,107.34815075602435
61,302,145,113.85617045743653
61,303,144,115.04931418980559
61,304,143,113.3948272313269
61,305,142,117.90887057947151
61,306,141,119.87860884234969
61,307,140,116.94479624046157
61,308,139,118.08442560425732
61,309,138,120.00679334314646
61,310,137,120.80140171590274
61,311,136,116.41489882142692
61,312,135,119.40106810197946
61,313,134,119.31101840857957
61,314,133,122.16017097027465
61,315,132,119.61259444467876
61,316,131,117.39507228912423
61,317,130,116.93162438583619
61,318,129,116.47189407190228
61,319,128,114.36657109027183
61,320,127,113.0723003785181
61,321,126,115.18072657843246
61,322,125,115.02644414172535
61,323,124,114.46955607282189
61,324,123,113.63032710975999
61,325,122,112.55875840336795
61,326,121,112.91864125967146
61,327,120,108.79126848153913
61,328,119,107.7090661969269
61,329,118,106.3347136316288
61,330,117,106.13397118688644
61,331,116,107.0188173866593
61,332,115,103.59010666855384
61,333,114,104.07261843287938
61,334,113,101.1356882382449
61,335,112,102.63782974570402
61,336,111,96.27715229760332
61,337,110,97.48688988030003
61,338,109,94.68567424647343
61,339,108,89.0864031012405
61,340,107,87.51838140310363
61,341,106,85.42798027476428
61,342,105,85.51486575255359
61,343,104,90.1520574672001
61,344,103,87.28634036620119
61,345,102,90.5234059662101
61,346,101,91.38112384772057
61,347,100,91.04858607793267
61,348,99,89.94042953656134
61,349,98,89.26800528159922
61,350,97,82.14048975633747
61,351,96,76.80304396399546
61,352,95,80.29558825917634
61,353,94,74.93836391465175
61,354,93,74.01923198160176
61,355,92,70.15091629883439
61,356,91,74.23652211506416
61,357,90,71.22397032249108
61,358,89,66.87847226224491
61,359,88,66.50396170799357
61,360,87,60.75177544995543
61,361,86,63.438071882468904
61,362,85,65.88325490039188
61,363,84,69.36799781333549
61,364,83,66.40158995655648
61,365,82,64.61751402418255
61,366,81,65.9726682404292
61,367,80,65.40843407630992
61,368,79,64.40893925921047
61,369,78,62.095816508617794
61,370,77,63.68296476298502
61,371,76,64.64211599384757
61,372,75,64.16085085943286
61,373,74,65.86293342639661
61,374,73,63.74435711363249
61,375,72,62.61047085715594
61,376,71,69.45442053284157
61,377,70,67.17202679039187
61,378,69,64.45615259288455
61,379,68,66.18139294176322
61,380,67,64.28366034892176
61,381,66,64.74398470985221
61,382,65,65.10826550701752
61,383,64,63.93439074499412
61,384,63,63.68055866506292
61,385,62,60.716520657612705
61,386,61,57.01645077692399
61,387,60,58.24823012903991
61,388,59,54.18257250688217
61,389,58,52.59412711420098
61,390,57,50.91434795495636
61,391,56,50.25924407743753
61,392,55,47.536935324801576
61,393,54,49.4183918151121
61,394,53,50.7054833641254
61,395,52,44.21221943945137
61,396,51,45.869457833513735
62,40,233,125.0
62,41,232,125.0
62,42,231,124.06445960927583
62,43,230,124.3843234845923
62,44,229,124.47967614423746
62,45,228,123.24739536617693
62,46,227,125.0
62,47,226,123.9544522353001
62,48,225,125.0
62,49,224,125.0
62,50,223,123.94820299873652
62,51,222,124.1568367317478
62,52,221,125.0
62,53,220,125.0
62,54,219,125.0
62,55,218,125.0
62,56,217,125.0
62,57,216,125.0
62,58,215,124.70839167208563
62,59,214,124.97531831212606
62,60,213,124.80049561304469
62,61,212,124.82834586612918
62,62,211,124.80384775820374
62,63,210,124.57870785889995
62,64,209,124.43392014008715
62,65,208,123.54007771514162
62,66,207,123.84727408476286
62,67,206,124.11557875770563
62,68,205,123.79765682512867
62,69,204,124.2600571409335
62,70,203,123.4898149863267
62,71,202,122.7642436891943
62,72,201,122.9500008707071
62,73,200,122.16259188270806
62,74,199,121.90581700443076
62,75,198,121.39182909324958
62,76,197,121.22518133542782
62,77,196,122.02009191527256
62,78,195,122.61889451449127
62,79,194,121.94319241254175
62,80,193,121.48649488857104
62,81,192,121.82997562355598
62,82,191,122.20403212555564
62,83,190,122.50882143950139
62,84,189,122.15125499491509
62,85,188,122.23588513141917
62,86,187,122.32687146649712
62,87,186,122.84308109244202
62,88,185,122.93205258865662
62,89,184,123.07517989572872
62,90,183,122.98274503300134
62,91,182,123.66405031097075
62,92,181,123.65338225692011
62,93,180,121.87583337893183
62,94,179,122.5803358265056
62,95,178,123.49238227965628
62,96,177,123.71477202766435
62,97,176,124.46102654632062
62,98,175,124.1573305752686
62,99,174,123.9406422583952
62,100,173,122.93129300341292
62,101,172,122.94296686104104
62,102,171,123.86016978678867
62,103,170,123.81767959285338
62,104,169,123.55404487537365
62,105,168,123.35997498541356
62,106,167,122.73971626828103
62,107,166,123.39957457988653
62,108,165,122.78355145689761
62,109,164,123.60166362480172
62,110,163,122.954260574806
62,111,162,122.69320212611267
62,112,161,124.04628513791803
62,113,160,124.16894959756317
62,114,159,122.54064930690727
62,115,158,120.34049381053117
62,116,157,118.61493797069693
62,117,156,120.66466398891095
62,118,155,120.66535407135753
62,119,154,119.76018158418827
62,120,153,120.74361164567617
62,121,152,121.47385043520782
62,122,151,121.23054699224139
62,123,150,122.22480276965123
62,124,149,120.62788140701731
62,125,148,121.12910082482398
62,126,147,122.12278554808901
62,127,146,123.57467931258617
62,128,145,122.50265993814905
62,129,144,122.9076693649981
62,130,143,123.10243094910649
62,131,142,122.67080198804015
62,132,141,120.33962384850128
62,133,140,118.3823677969932
62,134,139,119.47055655145883
62,135,138,119.33101036797197
62,136,137,119.1253750018757
62,137,136,120.87420664965353
62,138,135,122.06911910567348
62,139,134,120.73504237697826
62,140,133,119.77336221271253
62,141,132,119.45130015073718
62,142,131,121.35436536542957
62,143,130,120.02370919969314
62,144,129,121.82214912262889
62,145,128,121.62010506248292
62,146,127,121.70456137285612
62,147,126,121.73473742052937
62,148,125,121.56983944942803
62,149,124,121.91732164770296
62,150,123,120.75328898590021
62,151,122,120.27773351580137
62,152,121,120.5619603768937
62,153,120,118.78910471216915
62,154,119,120.30745285519718
62,155,118,120.29246261173229
62,156,117,119.02491989300523
62,157,116,119.34051028186411
62,158,115,117.4288568464248
62,159,114,116.95733578878318
62,160,113,118.39201947532399
62,161,112,119.72156927322507
62,162,111,119.92083821075005
62,163,110,117.04831209684943
62,164,109,117.29760379260918
62,165,108,117.33674278974667
62,166,107,116.58732037419844
62,167,106,117.39935507112577
62,168,105,114.92273878547788
62,169,104,107.7216170052742
62,170,103,109.54987025057426
62,171,102,106.82255347950502
62,172,101,104.97227653205452
62,173,100,104.85959783183588
62,174,99,102.1586557675979
62,175,98,94.84911663661887
62,176,97,101.85510145463978
62,177,96,94.33818594856606
62,178,95,94.513759190901
62,179,94,92.93601173961423
62,180,93,90.50275668863914
62,181,92,87.80593773014465
62,182,91,86.95135432276564
62,183,90,89.86346870633162
62,184,89,90.50000429594256
62,185,88,90.47093513482127
62,186,87,91.22551978342851
62,187,86,98.03875950106726
62,188,85,97.48757030573209
62,189,84,99.3274398871659
62,190,83,99.58604063421045
62,191,82,107.08444499482269
62,192,81,103.06943872868594
62,193,80,98.79762452603319
62,194,79,101.0587166282898
62,195,78,99.92266947787272
62,196,77,98.66342712407491
62,197,76,90.40267367921842
62,198,75,89.59127547944063
62,199,74,89.97015311921771
62,200,73,88.85707808157849
62,201,72,87.56836623442437
62,202,71,86.01641439972593
62,203,70,82.70605451765013
62,204,69,81.51576012597698
62,205,68,80.53428470268832
62,206,67,79.41763280518411
62,207,66,77.94049966017377
62,208,65,73.13540217618029
62,209,64,68.2836693768013
62,210,63,68.83582807853901
62,211,62,64.30327676769791
62,212,61,68.3052764508821
62,213,60,66.0194432005317
62,214,59,63.432299077309
62,215,58,62.6566371793195
62,216,57,61.74424762085242
62,217,56,62.22052346868635
62,218,55,58.72818032675508
62,219,54,54.56398033568455
62,220,53,51.175652474681854
62,221,52,48.82557860506899
62,222,51,48.62644700360796
62,223,50,51.02893519985436
62,224,49,49.34836511200393
62,225,48,49.48412081636397
62,226,47,49.32619261663766
62,227,46,50.41359139301628
62,228,45,49.803154974059055
62,229,44,49.378025461553804
62,230,43,51.98126909969801
62,231,42,45.28435769451326
62,232,41,43.68161085407024
62,233,40,42.71817962834977
62,234,39,41.95487767079319
62,235,38,40.207466562176485
62,236,37,40.06564764137163
62,237,36,37.6137442563012
62,238,35,37.86589939793339
62,239,34,38.08251429866576
62,240,33,35.244066541869884
63,40,302,124.24605079232029
63,41,301,124.69649910096987
63,42,300,124.63460030449846
63,43,299,123.62138419430568
63,44,298,123.1478528173668
63,45,297,123.03855750773616
63,46,296,122.78985186789544
63,47,295,123.09764386917735
63,48,294,123.08374896112986
63,49,293,124.44541670123962
63,50,292,122.74924306584947
63,51,291,122.14898652273533
63,52,290,121.92092134065754
63,53,289,121.59801246863653
63,54,288,121.67190758816392
63,55,287,120.56631795301647
63,56,286,121.00144786934959
63,57,285,121.38568166370781
63,58,284,120.61593162333686
63,59,283,121.25166813959186
63,60,282,121.40121435163114
63,61,281,122.03660635111567
63,62,280,123.01565880964876
63,63,279,122.45221041701335
63,64,278,123.04848715537236
63,65,277,123.05008067885154
63,66,276,122.99864301061007
63,67,275,123.00769015348442
63,68,274,121.21590457734439
63,69,273,122.50164349349916
63,70,272,121.75288429677214
63,71,271,121.81422387746908
63,72,270,123.14025473568338
63,73,269,120.71295825314813
63,74,268,121.8376523863659
63,75,267,120.48029200084554
63,76,266,121.60096690151605
63,77,265,122.74477083160312
63,78,264,122.11367482615249
63,79,263,124.09282667775727
63,80,262,123.46113370629126
63,81,261,122.88336788316178
63,82,260,123.07979872249416
63,83,259,123.43177798650176
63,84,258,122.82562453967466
63,85,257,122.6157310331817
63,86,256,123.38291133816857
63,87,255,122.21929866445649
63,88,254,122.31681361274127
63,89,253,121.82570478702874
63,90,252,121.26178414191793
63,91,251,121.81450535666278
63,92,250,121.5682401415007
63,93,249,122.38671012884338
63,94,248,122.58995446711883
63,95,247,123.394821277315
63,96,246,123.22201862988555
63,97,245,123.55399033329404
63,98,244,123.22791070535837
63,99,243,123.8546839202589
63,100,242,122.71692003376576
63,101,241,123.66865048997937
63,102,240,122.5879583177965
63,103,239,121.54150610318385
63,104,238,121.39665007488748
63,105,237,118.5690931131183
63,106,236,117.70149761315481
63,107,235,120.56697397300317
63,108,234,120.64912262823003
63,109,233,119.9729231795071
63,110,232,119.97507665773566
63,111,231,120.89075233295421
63,112,230,119.60141115298408
63,113,229,120.04176914841932
63,114,228,119.80933352834967
63,115,227,119.57949531681089
63,116,226,119.95510437176677
63,117,225,116.68636736553347
63,118,224,116.77441614918425
63,119,223,116.10683979183963
63,120,222,118.04920193469233
63,121,221,118.62250564115996
63,122,220,116.8476475385227
63,123,219,117.74487596805449
63,124,218,116.67864919590144
63,125,217,118.77051317260921
63,126,216,118.74473123917919
63,127,215,118.59606574325989
63,128,214,118.57229136184986
63,129,213,117.87905682548575
63,130,212,120.58024175910359
63,131,211,120.16811315911696
63,132,210,120.44666002957426
63,133,209,118.38561615142856
63,134,208,116.04445078106859
63,135,207,117.7134407780585
63,136,206,118.87525701088006
63,137,205,119.15989888526101
63,138,204,118.14541976394091
63,139,203,121.11519576200989
63,140,202,119.71508339348404
63,141,201,119.51344865259549
63,142,200,118.75075921197049
63,143,199,121.2649378355465
63,144,198,120.75574842242429
63,145,197,120.18651806495797
63,146,196,120.24357088371858
63,147,195,120.02194571080214
63,148,194,119.65578092424732
63,149,193,121.5992956933496
63,150,192,121.8121061246639
63,151,191,121.47351576409469
63,152,190,122.0839709865198
63,153,189,122.51526765917069
63,154,188,122.68255525666498
63,155,187,122.6635507550273
63,156,186,123.11713434449415
63,157,185,122.8697662363885
63,158,184,123.07961359792506
64,40,257,124.4388978746034
64,41,256,124.65509339822236
64,42,255,124.06639322548517
64,43,254,124.25140592030505
64,44,253,124.55347898784557
64,45,252,125.0
64,46,251,125.0
64,47,250,125.0
64,48,249,125.0
64,49,248,125.0
64,50,247,125.0
64,51,246,125.0
64,52,245,125.0
64,53,244,125.0
64,54,243,125.0
64,55,242,125.0
64,56,241,125.0
64,57,240,125.0
64,58,239,125.0
64,59,238,125.0
64,60,237,125.0
64,61,236,125.0
64,62,235,124.90750043225526
64,63,234,125.0
64,64,233,125.0
64,65,232,125.0
64,66,231,125.0
64,67,230,125.0
64,68,229,124.89914606154845
64,69,228,124.55700828661963
64,70,227,124.05128142815657
64,71,226,124.56916307329783
64,72,225,124.81718894899332
64,73,224,124.40242471975444
64,74,223,124.73482611058834
64,75,222,124.84827118564922
64,76,221,123.71195204290974
64,77,220,123.62652975812122
64,78,219,123.88570621311624
64,79,218,124.26663508667934
64,80,217,124.00567443630794
64,81,216,124.63337477566148
64,82,215,124.34932572059702
64,83,214,124.50236272607029
64,84,213,124.14078923108525
64,85,212,124.12037281348174
64,86,211,123.86334292070637
64,87,210,125.0
64,88,209,125.0
64,89,208,124.85597010320666
64,90,207,123.25381083536755
64,91,206,124.31843528072415
64,92,205,123.40103951164927
64,93,204,124.09524776137341
64,94,203,124.83260398556382
64,95,202,123.94267275840704
64,96,201,124.79121678235053
64,97,200,123.5518287116173
64,98,199,123.93567739398938
64,99,198,124.78005715265627
64,100,197,124.31649939116237
64,101,196,125.0
64,102,195,125.0
64,103,194,125.0
64,104,193,125.0
64,105,192,125.0
64,106,191,125.0
64,107,190,125.0
64,108,189,125.0
64,109,188,125.0
64,110,187,125.0
64,111,186,125.0
64,112,185,124.97534525145532
64,113,184,124.34835435947315
64,114,183,124.44343300268648
64,115,182,124.01872040910607
64,116,181,124.28315922114322
64,117,180,124.26170679138193
64,118,179,123.55289568684142
64,119,178,123.01801870549691
64,120,177,121.17433771729488
64,121,176,121.90944867609258
64,122,175,123.09870865263031
64,123,174,123.2156801030168
64,124,173,123.62748861333247
64,125,172,123.40873098888741
64,126,171,122.36865940541583
64,127,170,121.47717760358464
64,128,169,122.54052327832
64,129,168,123.03856815913846
64,130,167,122.71046058407163
64,131,166,122.69135743778705
64,132,165,122.85046778136889
64,133,164,123.5768476890311
64,134,163,124.59367376028791
64,135,162,124.50373231768022
64,136,161,124.63730056931567
64,137,160,123.74107913742529
64,138,159,124.43970966572027
64,139,158,124.43093668092467
64,140,157,124.30123976253581
64,141,156,124.44480706951958
64,142,155,123.1375358162189
64,143,154,124.76512517993308
64,144,153,125.0
64,145,152,124.78791368203287
64,146,151,124.6760435061255
64,147,150,124.29649393473318
64,148,149,124.49687356003605
64,149,148,125.0
64,150,147,123.84297743024715
64,151,146,124.26055021406788
64,152,145,123.70958899710871
64,153,144,123.02234696856843
64,154,143,122.80031586605924
64,155,142,122.76644124296871
64,156,141,120.56034399041289
64,157,140,122.40804128197674
64,158,139,120.10109891530996
64,159,138,117.26425030182412
64,160,137,117.51880271754413
64,161,136,118.54766315780573
64,162,135,117.1858219522905
64,163,134,116.55212839739201
64,164,133,116.68955652752715
64,165,132,114.05120377970263
64,166,131,110.56393390884469
64,167,130,108.43538285760783
64,168,129,107.64592061075575
64,169,128,103.58094095305731
64,170,127,104.79392431532885
64,171,126,108.17978668140348
64,172,125,109.98634353909046
64,173,124,113.38093422948367
64,174,123,108.64037821254905
64,175,122,109.39263476960397
64,176,121,108.04248429570369
64,177,120,110.37430968426747
64,178,119,112.12956410059195
64,179,118,115.06813947612483
64,180,117,111.61291528028661
64,181,116,114.58031519602153
64,182,115,109.42827191533071
64,183,114,113.10448768287063
64,184,113,111.84587085417711
64,185,112,114.15675149860776
64,186,111,116.27783509843638
64,187,110,112.23465981898488
64,188,109,115.8467437786585
64,189,108,116.31817344898181
64,190,107,113.28073457563352
64,191,106,114.07253976318603
64,192,105,115.58868366378375
64,193,104,113.18496008579412
64,194,103,112.38778945302829
64,195,102,114.96593495805695
64,196,101,111.06926756931188
64,197,100,108.85779285139145
64,198,99,106.65304826198468
64,199,98,107.91816434132903
64,200,97,107.50888640234709
64,201,96,107.56324365109509
64,202,95,108.16212536914375
64,203,94,112.46581001563223
64,204,93,111.44212476312342
64,205,92,109.59558270951378
64,206,91,108.42568915421549
64,207,90,107.07970825454643
64,208,89,110.37917259195383
64,209,88,105.9139058030809
64,210,87,105.38574595243853
64,211,86,102.75920537018101
64,212,85,99.93511157237968
64,213,84,99.55082914939872
64,214,83,99.82642898721367
64,215,82,101.33491883193402
64,216,81,101.6547955405971
64,217,80,101.77440785883593
64,218,79,97.67337550538198
64,219,78,98.03654999971386
64,220,77,98.06151034726955
64,221,76,93.9574230850022
64,222,75,90.42888583647846
64,223,74,85.39493891126983
64,224,73,88.29519746659835
64,225,72,83.48018115277128
64,226,71,83.41065481893386
64,227,70,76.61762717874868
64,228,69,76.61548104367924
64,229,68,71.55807159741173
64,230,67,68.26019808460188
64,231,66,68.65895036669977
64,232,65,72.32438047804993
64,233,64,66.07858355377128
64,234,63,63.16424095085134
64,235,62,63.44278753779134
64,236,61,65.03125568190399
64,237,60,61.9481286611654
64,238,59,56.794487586119914
64,239,58,60.696038045064995
64,240,57,60.59731757870407
64,241,56,59.75589801290458
64,242,55,60.75029094847659
64,243,54,57.22952677621138
64,244,53,57.16693279671069
64,245,52,54.31950564661973
64,246,51,58.83341195137311
64,247,50,60.04573103932243
64,248,49,61.41184342662659
64,249,48,51.08852314525659
64,250,47,52.39815209446259
64,251,46,53.91897200500038
65,40,158,125.0
65,41,157,125.0
65,42,156,125.0
65,43,155,125.0
65,44,154,124.61608001183814
65,45,153,125.0
65,46,152,125.0
65,47,151,125.0
65,48,150,124.84858433993057
65,49,149,124.4707285691475
65,50,148,124.46088569915688
65,51,147,124.79966731964541
65,52,146,124.47877498279439
65,53,145,124.43412930815968
65,54,144,123.43075395718824
65,55,143,123.40779365596522
65,56,142,123.85471043225942
65,57,141,124.29261290956482
65,58,140,124.20220445999766
65,59,139,124.55091040436176
65,60,138,124.75631352302186
65,61,137,123.2244059232509
65,62,136,122.40992442674538
65,63,135,122.93983106531724
65,64,134,123.04265038424369
65,65,133,123.20047769273117
65,66,132,123.47795668442136
65,67,131,123.77389168383812
65,68,130,124.08244511621277
65,69,129,123.87429455784272
65,70,128,123.49034229182399
65,71,127,123.95817242602627
65,72,126,123.03250588779807
65,73,125,119.93006099809104
65,74,124,118.47849753306204
65,75,123,119.43269166712318
65,76,122,118.54394593703458
65,77,121,122.90257625316738
65,78,120,122.78027693308809
65,79,119,122.32665723614735
65,80,118,123.12326877870983
65,81,117,123.81096058969844
65,82,116,123.17920375741406
65,83,115,123.98262661577479
65,84,114,123.97080917475725
65,85,113,123.92100779076361
65,86,112,124.30103634587489
65,87,111,123.62160891761337
65,88,110,123.219671305417
65,89,109,123.01514752723588
65,90,108,123.36244399353487
65,91,107,124.08560930310799
65,92,106,123.63036516038142
65,93,105,123.25576715336706
65,94,104,123.10151630269465
65,95,103,121.93832778861956
65,96,102,121.75260055241235
65,97,101,121.80081634127652
65,98,100,118.2134130063514
65,99,99,119.05949283693742
65,100,98,119.1762603453094
65,101,97,117.85473451957273
65,102,96,116.36978463335441
65,103,95,112.8245043703808
65,104,94,115.0458016836459
65,105,93,109.99892576544008
65,106,92,109.5510148025198
65,107,91,112.28419198390634
65,108,90,111.97260115267137
65,109,89,110.2892484395387
65,110,88,110.16178098421481
65,111,87,110.77707503229541
65,112,86,110.49515641596759
65,113,85,106.85992834688773
65,114,84,107.57568209825499
65,115,83,109.39463052294485
65,116,82,108.44719642207606
65,117,81,105.9099014405162
65,118,80,104.57713307176874
65,119,79,103.52769082841108
65,120,78,104.71238280186815
65,121,77,102.3081567378729
65,122,76,99.77857797970174
65,123,75,100.00795754036743
65,124,74,102.798829739395
65,125,73,105.10701566896763
65,126,72,98.40025474783548
65,127,71,90.15409756184044
65,128,70,90.2693150010933
65,129,69,92.15001241729848
65,130,68,87.45892870008393
65,131,67,90.32450116670049
65,132,66,86.51840975357973
65,133,65,84.29841014763913
65,134,64,81.91157140582374
65,135,63,90.87594946312448
65,136,62,91.02243146170946
65,137,61,90.64671635741149
65,138,60,90.41097776796511
65,139,59,89.77537435515056
65,140,58,81.26335570589691
65,141,57,67.39315495205771
65,142,56,64.34415549541411
65,143,55,59.828518106367746
65,144,54,56.858267457743864
65,145,53,58.243630331675504
65,146,52,53.39442656298952
65,147,51,51.090656233989
65,148,50,53.334245045277754
65,149,49,48.837542715032505
65,150,48,44.958819963551974
65,151,47,44.606384378215026
65,152,46,42.087055247514726
65,153,45,39.03571634492246
65,154,44,37.57472939024619
65,155,43,41.891343354723986
65,156,42,39.59543487990054
65,157,41,38.74894949167945
65,158,40,37.297691400476616
65,159,39,39.616037696056495
65,160,38,38.6103561482263
65,161,37,36.07111287811161
65,162,36,35.867992145721374
65,163,35,34.702305544612386
65,164,34,36.49446467120031
65,165,33,35.06597934811885
65,166,32,35.09076000761374
65,167,31,32.71900182846113
65,168,30,31.116326950144675
65,169,29,30.14567645660002
65,170,28,32.00878035206256
65,171,27,31.248614700780422
65,172,26,32.351223678056414
65,173,25,33.83755358061261
65,174,24,32.733273570234594
65,175,23,33.37680138110363
65,176,22,39.022341148573474
65,177,21,34.26209236853761
65,178,20,31.508004100544085
65,179,19,33.72120529643574
65,180,18,35.08792675954492
65,181,17,34.711858191492325
65,182,16,35.37159741288674
65,183,15,28.90611552322801
65,184,14,29.009474750208604
65,185,13,26.6210357369672
65,186,12,22.535254865758183
66,40,190,121.13355805656289
66,41,189,118.45316661262203
66,42,188,118.64613004552211
66,43,187,115.29874850004236
66,44,186,117.1372561014609
66,45,185,116.92873148094571
66,46,184,117.09867882419499
66,47,183,117.75739880742186
66,48,182,117.79458318804126
66,49,181,117.95601071673042
66,50,180,116.75748119657993
66,51,179,113.56288885139028
66,52,178,113.04574908365532
66,53,177,112.21819612506947
66,54,176,114.39836180333076
66,55,175,111.61731313449391
66,56,174,114.14128595508166
66,57,173,113.01469146762852
66,58,172,109.74752208190034
66,59,171,112.10051765270327
66,60,170,111.29604308072078
66,61,169,112.95328653675574
66,62,168,113.94645289969863
66,63,167,113.39202547876357
66,64,166,109.55067695333196
66,65,165,103.51944290915209
66,66,164,103.79747461453066
66,67,163,102.24345136865995
66,68,162,94.53220259456444
66,69,161,91.05455877986358
66,70,160,89.69094514451763
66,71,159,100.00723589803397
66,72,158,95.97593576143461
66,73,157,100.21334725447724
66,74,156,102.8043761753519
66,75,155,106.67392297147194
66,76,154,110.51537133123279
66,77,153,109.37858332135457
66,78,152,110.42587492588265
66,79,151,110.54744184743126
66,80,150,106.5910165382787
66,81,149,103.33806009535411
66,82,148,104.52057728104631
66,83,147,105.66935074064895
66,84,146,107.92934934571764
66,85,145,108.93592631627195
66,86,144,110.92843385956674
66,87,143,107.09163935299425
66,88,142,105.28163576738979
66,89,141,107.35117000725333
66,90,140,107.71533582313998
66,91,139,107.9991563476357
66,92,138,108.8983038356163
66,93,137,106.21790728954731
66,94,136,108.89213826759251
66,95,135,110.26678855367841
66,96,134,114.1618233397096
66,97,133,111.5359880251082
67,40,156,101.86835255427873
67,41,155,105.23390456037451
67,42,154,102.3995848435788
67,43,153,97.39343290971553
67,44,152,99.08414254792055
67,45,151,99.17159089479838
67,46,150,96.0317680682436
67,47,149,94.77127762502296
67,48,148,95.97636423952027
67,49,147,96.6382047811402
67,50,146,96.66358768119079
67,51,145,100.30751694123596
67,52,144,103.25190802275483
67,53,143,105.40556840219439
67,54,142,107.06327688339876
67,55,141,105.42867435821341
67,56,140,103.6468192261175
67,57,139,102.9404928690615
67,58,138,104.05124695013161
67,59,137,103.51332402402304
67,60,136,102.17956501494209
67,61,135,100.85878628740338
67,62,134,102.34430253743325
67,63,133,102.11888586531751
67,64,132,100.208300290732
67,65,131,97.65998219874504
67,66,130,94.76925694858514
67,67,129,94.92987362006131
67,68,128,94.44795749799886
67,69,127,95.84556537629422
67,70,126,98.35601536976199
67,71,125,96.83552858276454
67,72,124,93.42997194317613
67,73,123,90.96196833729772
67,74,122,91.3746092565768
67,75,121,93.73930443834155
67,76,120,89.35268228216933
67,77,119,87.05819183130362
67,78,118,88.69787907524669
67,79,117,85.4486889977201
67,80,116,80.33505226689132
67,81,115,79.82428919421393
67,82,114,83.07826157015211
67,83,113,89.25048492772544
67,84,112,91.46991772826637
67,85,111,91.81952791574636
67,86,110,90.41748882027758
67,87,109,92.393047651805
67,88,108,96.2362958801236
67,89,107,91.35957534020818
67,90,106,91.32560073737645
67,91,105,90.5104885295568
67,92,104,89.00110442393571
67,93,103,90.64791244926188
67,94,102,90.04835350563866
67,95,101,88.69866928734876
67,96,100,88.52256495826666
67,97,99,88.71390037480396
67,98,98,89.09541119472871
67,99,97,89.35836018128316
67,100,96,87.54088715038853
67,101,95,84.84979969958721
67,102,94,81.68884553833195
67,103,93,76.82691207916893
67,104,92,71.45218862032922
67,105,91,72.7761098862766
67,106,90,68.2856669409203
67,107,89,59.28463646366484
67,108,88,69.45332654636991
67,109,87,58.474923918339954
67,110,86,56.95288026676747
67,111,85,59.02939522183939
67,112,84,59.80017408489969
67,113,83,62.05386372899911
67,114,82,58.23586663996855
67,115,81,58.74406468698989
67,116,80,64.862768571876
67,117,79,65.9773438827637
67,118,78,68.61414085922442
67,119,77,67.01743136953459
67,120,76,68.84255826085592
67,121,75,67.48475008873118
67,122,74,61.30159444694908
67,123,73,64.19210616558486
67,124,72,68.62308447938857
67,125,71,62.860846044889286
67,126,70,63.10131283970085
67,127,69,66.65431955878276
67,128,68,69.68163619145835
67,129,67,65.53550882954292
67,130,66,62.37431738971212
67,131,65,60.83732160106638
67,132,64,60.837058910790574
67,133,63,61.24997379782077
67,134,62,65.02529747404614
67,135,61,62.76723147415828
67,136,60,56.75464160360484
67,137,59,60.75532174198643
67,138,58,52.79151192287727
67,139,57,50.9586555978272
67,140,56,47.78267844801036
67,141,55,46.708452340829254
67,142,54,54.183842008889904
67,143,53,49.84399888477641
67,144,52,49.90672855022311
67,145,51,49.90534514918917
67,146,50,51.18893392357682
67,147,49,51.93072822744667
67,148,48,49.23403448273963
67,149,47,53.05784195803124
67,150,46,48.66622125318024
68,40,247,123.95688444022878
68,41,246,124.11517531511765
68,42,245,124.07566132533293
68,43,244,123.54974210199143
68,44,243,123.96065936693991
68,45,242,124.13598401751238
68,46,241,124.15586144572987
68,47,240,123.78018676302551
68,48,239,123.86506557836665
68,49,238,122.84992226930913
68,50,237,123.09489264564314
68,51,236,122.51798968554598
68,52,235,122.20903888578323
68,53,234,122.91990147921689
68,54,233,123.59111336573366
68,55,232,124.72305023801277
68,56,231,123.95259432419925
68,57,230,123.82717720931785
68,58,229,123.67145875272348
68,59,228,123.48284027965192
68,60,227,121.41568830968328
68,61,226,122.58802169119207
68,62,225,123.47222971051565
68,63,224,123.32573071938117
68,64,223,123.46962176130802
68,65,222,124.38064629523383
68,66,221,124.10276930417513
68,67,220,123.96918687945985
68,68,219,124.28561717413922
68,69,218,125.0
68,70,217,123.29793110218665
68,71,216,122.40458604581141
68,72,215,122.2484342389116
68,73,214,123.0963839596049
68,74,213,124.24644651641515
68,75,212,123.47495349172743
68,76,211,123.65483891993188
68,77,210,122.89506545976593
68,78,209,122.81615113698618
68,79,208,122.79225777803778
68,80,207,123.09655930195012
68,81,206,122.83170630964943
68,82,205,123.59893272821375
68,83,204,123.76522960410674
68,84,203,124.37290852986243
68,85,202,124.10948739768062
68,86,201,125.0
68,87,200,124.00990181644373
68,88,199,122.1182130220395
68,89,198,122.45586216805215
68,90,197,121.72325392143762
68,91,196,121.92762432168489
68,92,195,120.94284146965116
68,93,194,122.31062550094248
68,94,193,122.3511613557417
68,95,192,123.06738806948893
68,96,191,122.85804765596578
68,97,190,122.71463818173686
68,98,189,122.14718943398941
68,99,188,122.13121621572225
68,100,187,120.55542241881808
68,101,186,119.92557753370613
68,102,185,119.6292942415379
68,103,184,120.06256567086064
68,104,183,120.95708337689913
68,105,182,122.12549012538338
68,106,181,122.54984341536345
68,107,180,121.1684865640509
68,108,179,122.19216701999439
68,109,178,122.35641598482002
68,110,177,122.43536376620608
68,111,176,123.32523833646312
68,112,175,122.63399478998522
68,113,174,122.37738967417081
68,114,173,123.35708375375339
68,115,172,123.5255365132061
68,116,171,122.69252219547096
68,117,170,123.10404105036557
68,118,169,123.03133517301387
68,119,168,121.00311177262398
68,120,167,121.18283248372047
68,121,166,120.91237067395244
68,122,165,118.69070768154529
68,123,164,118.60346725808678
68,124,163,121.73992743209928
68,125,162,121.64062856263558
68,126,161,120.8594682072304
68,127,160,119.93457942433702
68,128,159,121.06766845641783
68,129,158,118.43527232542624
68,130,157,119.09055982112451
68,131,156,119.46492127802918
68,132,155,119.65729723151392
68,133,154,119.26040578295324
68,134,153,120.10758350342866
68,135,152,121.39579560795735
68,136,151,120.81889828120057
68,137,150,121.22493792297522
68,138,149,122.35860924961557
68,139,148,123.07180548644428
68,140,147,122.82736804430328
68,141,146,123.06115643167261
68,142,145,120.281284787169
68,143,144,119.4157748740694
68,144,143,116.43653508536481
68,145,142,117.64436310710872
68,146,141,116.48880526203513
68,147,140,116.31387952365583
68,148,139,118.50893202285317
68,149,138,117.34489565713372
68,150,137,117.1533115340357
68,151,136,119.78444780518339
68,152,135,114.89204582035268
68,153,134,114.88763516359009
68,154,133,114.911104807893
68,155,132,117.8498110831876
68,156,131,120.88006704406706
68,157,130,119.5986386977822
68,158,129,117.6177300137993
68,159,128,117.17281663889777
68,160,127,119.05341846155287
68,161,126,116.5171176805026
68,162,125,115.04771945772984
68,163,124,111.0002420909946
68,164,123,109.68340253256724
68,165,122,106.22481113366007
68,166,121,106.81267882624489
68,167,120,102.24627253831352
68,168,119,95.48791624903959
68,169,118,97.0587501397848
68,170,117,96.71464041925071
68,171,116,95.99495957084902
68,172,115,96.01842004473886
68,173,114,94.03589290704761
68,174,113,95.54048345232854
68,175,112,95.55603431866406
68,176,111,92.15797788259434
68,177,110,91.2460793754561
68,178,109,93.2265917836275
68,179,108,92.66891935433694
68,180,107,91.49893872825521
68,181,106,89.97324732325336
68,182,105,88.5575051278021
68,183,104,85.37005578335791
68,184,103,83.09387956465984
68,185,102,82.1814235650378
68,186,101,76.2481568625117
68,187,100,72.58599679262085
68,188,99,74.71276879698348
68,189,98,79.62123905230166
68,190,97,75.6710558706438
68,191,96,75.789012825338
68,192,95,73.79912971937037
68,193,94,73.40785953883642
68,194,93,75.6792942159896
68,195,92,78.82309926387717
68,196,91,79.82079033516172
68,197,90,78.19708421428288
68,198,89,81.27510644912111
68,199,88,82.37906638469462
68,200,87,83.52649088842273
68,201,86,83.07615029788127
68,202,85,80.8813286730051
68,203,84,83.42237829508522
68,204,83,78.52104150813692
68,205,82,78.76383691446429
68,206,81,77.0091138693893
68,207,80,74.35712854224225
68,208,79,74.46138618296045
68,209,78,75.11261098644789
68,210,77,75.8478105156913
68,211,76,75.419694109624
68,212,75,77.13557470345931
68,213,74,76.17688573766833
68,214,73,71.89537031155346
68,215,72,68.41018191673678
68,216,71,64.42874044617521
68,217,70,59.96861537027426
68,218,69,64.10336882963536
68,219,68,62.53620442826888
68,220,67,65.59224842374783
68,221,66,61.60687270175555
68,222,65,59.38083916008168
68,223,64,59.11784713613553
68,224,63,57.813226786169494
68,225,62,57.33230032811959
68,226,61,56.52421962871107
68,227,60,55.94042667167919
68,228,59,55.08575722276521
68,229,58,56.15644589182952
68,230,57,58.073533232222786
68,231,56,55.64014014446186
68,232,55,54.915524358444316
68,233,54,52.31987166055388
68,234,53,56.95374334069785
68,235,52,54.208130693044154
68,236,51,57.36609714818434
68,237,50,54.76694037422115
68,238,49,52.47331930824959
68,239,48,51.741016918779835
68,240,47,48.978381936232296
68,241,46,50.96100427852707
69,40,134,125.0
69,41,133,125.0
69,42,132,124.66752362994316
69,43,131,124.7033476174402
69,44,130,124.86369595513807
69,45,129,125.0
69,46,128,125.0
69,47,127,122.38698369702402
69,48,126,123.11893643123318
69,49,125,123.22269436278002
69,50,124,121.94097033341485
69,51,123,122.0866001472557
69,52,122,122.7649590436661
69,53,121,122.34317127447086
69,54,120,121.34729781683686
69,55,119,122.25168936732373
69,56,118,121.63235943882185
69,57,117,122.03121449315194
69,58,116,122.32698151631178
69,59,115,122.44045932946675
69,60,114,122.43378679303251
69,61,113,122.19531140514677
69,62,112,121.54474181514382
69,63,111,122.29769539959582
69,64,110,122.01388576968222
69,65,109,121.78263005273244
69,66,108,118.2146090243337
69,67,107,119.40583653659216
69,68,106,119.1900344043467
69,69,105,117.88887884090323
69,70,104,116.26088353802827
69,71,103,115.98006798860692
69,72,102,116.88736534475532
69,73,101,118.93254000249726
69,74,100,120.21083943507868
69,75,99,118.43818213851914
69,76,98,119.32503621581083
69,77,97,119.14297605263555
69,78,96,120.04138429302795
69,79,95,121.48928198404104
69,80,94,117.7849177807382
69,81,93,118.13406178364275
69,82,92,120.18392174569055
69,83,91,114.7715878830645
69,84,90,119.18116359853548
69,85,89,118.16011755173096
69,86,88,117.01482793647463
69,87,87,117.4982219579166
69,88,86,117.85675519014609
69,89,85,119.24361242389489
69,90,84,116.90132360262695
69,91,83,118.380770573686
69,92,82,114.72266073073479
69,93,81,112.22858328753692
69,94,80,114.17781095555415
69,95,79,115.28498544499303
69,96,78,113.87486586368613
69,97,77,113.47376512428586
69,98,76,114.87682824484301
69,99,75,112.17197522128555
69,100,74,110.08965608132857
69,101,73,106.63948873360906
69,102,72,113.97255556264119
69,103,71,114.56877647377604
69,104,70,111.08923491966894
69,105,69,109.01005212432042
69,106,68,105.92162209644977
69,107,67,102.5900017916756
69,108,66,103.56362696127559
69,109,65,102.94787822999089
69,110,64,99.46849772639044
69,111,63,89.75332805127024
69,112,62,87.97140558775774
69,113,61,82.90258153619783
69,114,60,83.21230753954056
69,115,59,81.12114951665413
69,116,58,76.29880066088154
69,117,57,67.93074916421496
69,118,56,69.41763582140571
69,119,55,64.62567261475729
69,120,54,59.576429844322476
69,121,53,59.88790132867078
69,122,52,58.3667946186606
69,123,51,57.59995542611183
69,124,50,52.642197095962004
69,125,49,48.23733097194234
69,126,48,46.07812103408417
69,127,47,48.741053527001725
69,128,46,54.13473636209932
69,129,45,53.48838287006299
69,130,44,52.32531262366046
69,131,43,56.82983874372086
69,132,42,55.20710644856308
69,133,41,56.32742067749564
69,134,40,54.76495147126
69,135,39,55.971292418857466
69,136,38,52.34236172132013
69,137,37,51.8350947601005
69,138,36,46.556164555033206
69,139,35,42.05912495704801
69,140,34,43.04754430758048
69,141,33,37.19365927215236
69,142,32,35.12452092619095
69,143,31,32.000014042206544
69,144,30,33.04540111435408
69,145,29,28.39798543911947
69,146,28,28.001684486406084
69,147,27,27.822246835886475
69,148,26,26.914478048377337
69,149,25,24.260461657987058
69,150,24,25.570339730674384
69,151,23,27.040997102822303
69,152,22,24.138119331626783
69,153,21,24.054975819546534
69,154,20,21.509132460749367
69,155,19,22.281929313800216
69,156,18,21.976053127059423
69,157,17,17.642380162567026
69,158,16,16.91353179277583
69,159,15,14.13771191139576
69,160,14,13.392021570701441
69,161,13,12.496112230535669
69,162,12,11.368436432921257
70,40,183,124.17439031681064
70,41,182,123.46417809847318
70,42,181,124.30922672599195
70,43,180,124.52813382805348
70,44,179,124.37937917538144
70,45,178,125.0
70,46,177,123.30950726888486
70,47,176,122.61910102766294
70,48,175,123.65268728411961
70,49,174,122.94134216634346
70,50,173,122.81011344861881
70,51,172,124.28741857877006
70,52,171,125.0
70,53,170,124.7469634149297
70,54,169,124.01515504720267
70,55,168,123.22488167048462
70,56,167,123.10859162129466
70,57,166,123.34676881264997
70,58,165,122.07948094164905
70,59,164,122.87782217433673
70,60,163,124.10682848667277
70,61,162,123.89514570951783
70,62,161,123.62859433283319
70,63,160,123.88915676412648
70,64,159,123.51421591905796
70,65,158,122.93605681375936
70,66,157,123.37623361077824
70,67,156,122.06837926586928
70,68,155,119.07153573613937
70,69,154,120.00874195249949
70,70,153,117.36351938501464
70,71,152,118.74505356691222
70,72,151,121.74178354846276
70,73,150,122.7017221282884
70,74,149,123.23398803674138
70,75,148,124.15193474635396
70,76,147,123.86263715881122
70,77,146,125.0
70,78,145,124.37944837083057
70,79,144,122.91353039115029
70,80,143,123.42432953215868
70,81,142,122.13776681044148
70,82,141,120.95766830423203
70,83,140,121.49157271487827
70,84,139,121.67295491863078
70,85,138,122.8393128335151
70,86,137,120.63648396251838
70,87,136,120.50932671028491
70,88,135,120.90538473184716
70,89,134,119.95869745423202
70,90,133,119.03826443466559
70,91,132,118.04088886194722
70,92,131,119.78722435501655
70,93,130,119.30305622532501
70,94,129,116.28208136181416
70,95,128,116.71252980919101
70,96,127,115.19950078953784
70,97,126,114.53323990375415
70,98,125,117.94050847328677
70,99,124,119.72208585262162
70,100,123,118.92793038664354
70,101,122,120.37366918350737
70,102,121,119.239242246517
70,103,120,115.88797457296687
70,104,119,115.46111604811641
70,105,118,112.22599550564254
70,106,117,116.31432806758696
70,107,116,115.12168330076219
70,108,115,110.32546727341852
70,109,114,111.88336295113439
70,110,113,109.284792941048
70,111,112,111.70944500132507
70,112,111,113.36685298284165
70,113,110,111.33769518018016
70,114,109,109.79221408984593
70,115,108,110.65494414909486
70,116,107,110.59312049758513
70,117,106,111.33988901993858
70,118,105,109.4584036954544
70,119,104,109.97155214376687
70,120,103,112.70535004710771
70,121,102,111.1132593974626
70,122,101,109.62338697950902
70,123,100,112.16667596136304
70,124,99,114.68071901853756
70,125,98,118.37255177186938
70,126,97,117.84250295451972
70,127,96,116.04512767167381
70,128,95,115.75765129754357
70,129,94,115.162847982405
70,130,93,114.13267061241913
70,131,92,116.20330825246829
70,132,91,116.73161675733829
70,133,90,115.85178870561812
70,134,89,114.5664576705679
70,135,88,111.98981663106059
70,136,87,109.56355862574594
70,137,86,108.709617906088
70,138,85,108.38855587891734
70,139,84,106.69201913912605
70,140,83,103.93149974792686
70,141,82,107.40384948885996
70,142,81,106.97656821928172
70,143,80,101.08611000212002
70,144,79,100.4703042471961
70,145,78,99.62755510111859
70,146,77,100.57724499355669
70,147,76,102.99521472598127
70,148,75,101.86486253637693
70,149,74,99.85597398919963
70,150,73,88.74268999564997
70,151,72,84.12203756111508
70,152,71,87.06359365849247
70,153,70,88.53569649933311
70,154,69,87.82149860247195
70,155,68,84.80080974349133
70,156,67,79.68590791269014
70,157,66,77.9050301312804
70,158,65,77.38956536199134
70,159,64,70.80941487251403
70,160,63,73.53296876567023
70,161,62,69.39376829828441
70,162,61,69.25904771403029
70,163,60,64.5406139073809
70,164,59,63.30569530615414
70,165,58,61.10422715313118
70,166,57,59.30630668865673
70,167,56,56.83447773257295
70,168,55,54.152737333644595
70,169,54,52.01788050055432
70,170,53,52.14400004476061
70,171,52,52.541978440345
70,172,51,49.5386285040919
70,173,50,49.76003573728484
70,174,49,48.77798579651727
70,175,48,46.61314433311674
70,176,47,47.400540452495974
70,177,46,45.456905863102904
70,178,45,46.56930516505769
70,179,44,46.38269336666435
70,180,43,45.60566194748674
70,181,42,41.0318849954541
70,182,41,41.4320184066556
70,183,40,39.0121457569431
70,184,39,37.33899055326131
70,185,38,45.795760154550024
70,186,37,53.09167063840675
70,187,36,48.19042505033765
70,188,35,43.51357995369397
70,189,34,38.82476011821162
70,190,33,38.34283855028877
71,40,267,125.0
71,41,266,125.0
71,42,265,124.86693034258073
71,43,264,124.88141118984475
71,44,263,124.53998832376702
71,45,262,124.67988044664065
71,46,261,124.57296934853039
71,47,260,125.0
71,48,259,125.0
71,49,258,125.0
71,50,257,124.03235044041043
71,51,256,124.2124728890135
71,52,255,124.23014678575207
71,53,254,122.74649794650608
71,54,253,123.4446524914747
71,55,252,123.70229886089271
71,56,251,123.50587359327875
71,57,250,123.9890671420359
71,58,249,123.62677793178656
71,59,248,123.75356617366329
71,60,247,124.12014980793592
71,61,246,123.50646545362778
71,62,245,123.19477517112486
71,63,244,123.31950302147649
71,64,243,123.61224199899284
71,65,242,125.0
71,66,241,125.0
71,67,240,125.0
71,68,239,125.0
71,69,238,123.93871261591454
71,70,237,123.9114341678292
71,71,236,122.31226875687902
71,72,235,122.33340620768394
71,73,234,122.84187380589746
71,74,233,123.36299311377518
71,75,232,119.39743932994341
71,76,231,119.11797413877775
71,77,230,118.85006026379975
71,78,229,120.59553653362774
71,79,228,122.75825069658327
71,80,227,123.39873632377623
71,81,226,123.36312674546554
71,82,225,123.93369919123985
71,83,224,123.59071072366726
71,84,223,123.70726969545322
71,85,222,123.29682995982071
71,86,221,122.8648379203538
71,87,220,123.56633519431367
71,88,219,123.41048329981734
71,89,218,122.72060637616735
71,90,217,122.72298714026685
71,91,216,123.45668907464724
71,92,215,122.97056280627015
71,93,214,122.89524509392089
71,94,213,123.21938693283667
71,95,212,124.0539679204355
71,96,211,122.29395424169965
71,97,210,124.33463518274564
71,98,209,122.9009627701032
71,99,208,122.60113525891563
71,100,207,122.83857669854115
71,101,206,122.2451946588574
71,102,205,122.17120295404521
71,103,204,122.53792541261558
71,104,203,122.82674727293015
71,105,202,122.93126543303194
71,106,201,122.61534648668507
71,107,200,123.11538842780516
71,108,199,123.1135369019916
71,109,198,122.46298585459257
71,110,197,122.85803833771891
71,111,196,123.40652830214628
71,112,195,124.32120982698476
71,113,194,124.43511119816301
71,114,193,124.13070778775628
71,115,192,123.13370626463882
71,116,191,124.02982899362198
71,117,190,122.45859017993371
71,118,189,121.95322753530914
71,119,188,123.310174568598
71,120,187,123.44804196658117
71,121,186,123.26091203660425
71,122,185,123.29434955544306
71,123,184,122.40616789000238
71,124,183,122.5558312837629
71,125,182,121.85135388691168
71,126,181,122.36417759223527
71,127,180,122.47006991094023
71,128,179,123.56215314142938
71,129,178,124.26936303968114
71,130,177,124.00724012829895
71,131,176,123.95949714689591
71,132,175,123.94783575564125
71,133,174,123.45194083296475
71,134,173,123.57332899424274
71,135,172,122.29677876033563
71,136,171,122.03342366658865
71,137,170,122.40486459498476
71,138,169,122.10286979409557
71,139,168,121.83043401231905
71,140,167,121.1132924071922
71,141,166,119.48228389069936
71,142,165,119.21650203149704
71,143,164,118.43628863876266
71,144,163,118.49092853808905
71,145,162,119.07602403733533
71,146,161,120.13144492250798
71,147,160,120.9479317057074
71,148,159,120.64648163097364
71,149,158,118.2474645786564
71,150,157,116.10027305008548
71,151,156,118.16001247377099
71,152,155,119.29532696712464
71,153,154,121.17129573250062
71,154,153,122.92399160136202
71,155,152,122.10863127184001
71,156,151,122.40728592488594
71,157,150,123.58119531526137
71,158,149,122.88584090208523
71,159,148,123.2477489575827
71,160,147,122.44464377907994
71,161,146,122.17815514166708
71,162,145,123.29774257576463
71,163,144,122.59794639398444
71,164,143,122.92503107253076
71,165,142,120.36649023115974
71,166,141,121.56748235693142
71,167,140,120.4027874628384
71,168,139,120.30133793631893
71,169,138,121.67198570721919
71,170,137,121.25447946434298
71,171,136,121.80015043237576
71,172,135,121.42953464061817
71,173,134,121.0250441048432
71,174,133,119.79545179625273
71,175,132,119.64576880600808
71,176,131,120.97750783788467
71,177,130,120.07122634564871
71,178,129,120.71380231747256
71,179,128,121.07712639048778
71,180,127,118.71313891299509
71,181,126,118.5555580546916
71,182,125,118.40542143845269
71,183,124,118.68864518124349
71,184,123,120.7147451620205
71,185,122,121.41501963216072
71,186,121,121.91808726454163
71,187,120,122.57158436933094
71,188,119,122.24957719575968
71,189,118,121.07304423023277
71,190,117,121.32808921196107
71,191,116,123.39999387189837
71,192,115,120.86322661188808
71,193,114,121.3831301313996
71,194,113,121.1330696656976
71,195,112,122.17271353432449
71,196,111,117.69514366401918
71,197,110,116.95533473580122
71,198,109,115.01188982801733
71,199,108,113.7493678477075
71,200,107,112.13425984703818
71,201,106,109.89515206538528
71,202,105,113.29704607990375
71,203,104,115.15202418810762
71,204,103,114.45105491224031
71,205,102,114.09035241096728
71,206,101,114.93210528341112
71,207,100,114.41215579819102
71,208,99,110.66160762834598
71,209,98,108.66694218096953
71,210,97,104.63753903750398
71,211,96,106.34971105345149
71,212,95,107.91821049334162
71,213,94,106.78979778129374
71,214,93,104.83269304289013
71,215,92,100.26784350309758
71,216,91,101.20495767158388
71,217,90,99.13594074210103
71,218,89,100.23369786828897
71,219,88,104.74041660547434
71,220,87,101.00343088779377
71,221,86,97.33544788333332
71,222,85,96.32346000716673
71,223,84,96.26622052733299
71,224,83,100.08028399794318
71,225,82,99.00825894374175
71,226,81,99.30575478964045
71,227,80,98.65334913607384
71,228,79,99.71187089265528
71,229,78,95.14114883662579
71,230,77,95.6805825758353
71,231,76,90.53720846961477
71,232,75,89.62978978508696
71,233,74,91.88677210743018
71,234,73,90.047775307085
71,235,72,86.96118910158856
71,236,71,82.67029090959873
71,237,70,74.11568451100104
71,238,69,74.1749454348672
71,239,68,73.05486059159222
71,240,67,70.65754268080845
71,241,66,70.87458875145207
71,242,65,72.14382301799166
71,243,64,68.2631026209908
71,244,63,70.52581010300355
71,245,62,69.67008246765693
71,246,61,65.61516541384542
71,247,60,58.88025100769703
71,248,59,57.11329497875367
71,249,58,57.944857096100435
71,250,57,58.05893128215421
71,251,56,57.509106955886544
71,252,55,57.6078175325582
71,253,54,58.55148037243275
71,254,53,58.37378787781927
71,255,52,53.02048745076728
71,256,51,52.2610978614357
71,257,50,48.87606988848959
71,258,49,50.79029249572264
71,259,48,51.34882963378047
71,260,47,50.03124171143065
71,261,46,47.05012882599452
71,262,45,51.49133633003291
71,263,44,49.91567821126192
71,264,43,48.854854483579956
71,265,42,47.813998034196345
71,266,41,44.604576830648256
71,267,40,44.41046288526269
71,268,39,40.180166373069056
71,269,38,39.64292149578513
71,270,37,42.8340303047098
71,271,36,43.232894335445145
71,272,35,42.889697586325525
71,273,34,40.456356875046154
71,274,33,40.84890818812731
71,275,32,37.806150857247204
71,276,31,34.55706672640146
71,277,30,35.31619334308776
71,278,29,32.50625500292117
71,279,28,31.610886746546583
71,280,27,32.679704734059
71,281,26,29.16418634602519
71,282,25,28.854526680732892
71,283,24,26.168554359891132
71,284,23,24.002408876530346
71,285,22,26.09745525554164
71,286,21,23.6345348649161
71,287,20,24.74453951950926
71,288,19,23.549824104807378
71,289,18,19.31066843955779
71,290,17,18.724322539912087
71,291,16,19.472652245824005
71,292,15,16.387058711757014
72,40,254,124.05269744130193
72,41,253,124.13994120434371
72,42,252,123.91288925941451
72,43,251,124.38874722178188
72,44,250,124.44827874518657
72,45,249,124.1639303168746
72,46,248,124.0831298152089
72,47,247,123.76245223485617
72,48,246,123.35937780772014
72,49,245,123.55621269893484
72,50,244,123.34099255254424
72,51,243,123.58587446803898
72,52,242,123.89439333075734
72,53,241,123.65160558189442
72,54,240,123.65149592982894
72,55,239,123.63655024998641
72,56,238,124.08932079503853
72,57,237,123.81033515958148
72,58,236,124.05916606848412
72,59,235,124.44694316532127
72,60,234,124.62754172300048
72,61,233,123.53872488897008
72,62,232,122.72578580734827
72,63,231,123.20649840925148
72,64,230,123.15473059925152
72,65,229,123.17985673591564
72,66,228,123.94443284337507
72,67,227,123.44107030609374
72,68,226,124.07278921104026
72,69,225,123.63920949431663
72,70,224,123.85799656310718
72,71,223,123.50429623615594
72,72,222,123.58012094301642
72,73,221,123.94718038545712
72,74,220,123.76922529053545
72,75,219,123.97009290512287
72,76,218,123.99399884294576
72,77,217,124.03925200653899
72,78,216,124.17945303466092
72,79,215,124.01904069350658
72,80,214,124.3382289759586
72,81,213,124.42801125330196
72,82,212,124.17644844640002
72,83,211,123.93413581855297
72,84,210,124.50117210066598
72,85,209,124.56393331023669
72,86,208,123.73424785193572
72,87,207,124.62503829075821
72,88,206,124.02660493878714
72,89,205,124.65847688414796
72,90,204,123.3987974445105
72,91,203,123.3554849161265
72,92,202,122.646662316021
72,93,201,124.02533911583785
72,94,200,123.82832807198534
72,95,199,122.83917762256115
72,96,198,122.55457910108342
72,97,197,122.62203079408937
72,98,196,122.06114566573578
72,99,195,118.92030454065414
72,100,194,118.99650676955824
72,101,193,120.94817901830055
72,102,192,122.70770539071896
72,103,191,122.11309850746889
72,104,190,122.4152461684881
72,105,189,121.95081018667385
72,106,188,122.06000826481768
72,107,187,121.87450855134855
72,108,186,119.71853364302206
72,109,185,119.6527005687247
72,110,184,118.90605865814013
72,111,183,117.95517674153962
72,112,182,118.38587136357629
72,113,181,119.93087685741273
72,114,180,121.25265606490419
72,115,179,120.58886295673415
72,116,178,120.96621096134342
72,117,177,121.9149663537172
72,118,176,121.09921718966632
73,40,132,121.5593321229245
73,41,131,121.45029078373166
73,42,130,120.98831744993294
73,43,129,121.36647478909987
73,44,128,120.69168492533738
73,45,127,122.23436353017019
73,46,126,121.76608387551359
73,47,125,119.1031829711942
73,48,124,119.46653359000598
73,49,123,120.59695522349674
73,50,122,118.90412112374983
73,51,121,118.69699729753546
73,52,120,117.65892943718205
73,53,119,115.93049985630714
73,54,118,116.77261501267475
73,55,117,116.2557375877424
73,56,116,117.33849406906509
73,57,115,116.90199108085844
73,58,114,116.58551630079049
73,59,113,113.36574378048473
73,60,112,114.17934876527356
73,61,111,112.10740776961715
73,62,110,111.95263362672657
73,63,109,109.41969182392054
73,64,108,111.25575272409912
73,65,107,109.00155375591572
73,66,106,113.18415041410535
73,67,105,109.84323945914339
73,68,104,107.69099523412392
73,69,103,111.75477932798213
73,70,102,115.95545273815878
73,71,101,120.07806790100271
73,72,100,121.7076385575046
73,73,99,120.78756942352355
73,74,98,122.08582727248972
73,75,97,119.53130471535596
73,76,96,119.71088954191549
73,77,95,115.22830709136397
73,78,94,115.27015026675173
73,79,93,114.41394706314466
73,80,92,116.17077495366208
73,81,91,117.41861188432978
73,82,90,116.25205986550867
73,83,89,115.52422644716074
73,84,88,113.29320344627013
73,85,87,112.83694773900183
73,86,86,113.87237225452654
73,87,85,113.42158361004006
73,88,84,113.36552541107413
73,89,83,110.8708863243931
73,90,82,109.58047710236181
73,91,81,105.74189982266364
73,92,80,101.1387290996788
73,93,79,99.4198533332944
73,94,78,92.11080008823066
73,95,77,96.8643243194351
73,96,76,102.45159328933876
73,97,75,100.93616211590879
73,98,74,104.8446112504306
73,99,73,100.00103776150497
73,100,72,101.27354294243861
73,101,71,98.63645740645632
73,102,70,96.62264038385507
73,103,69,92.97905946315292
73,104,68,90.54286285592492
73,105,67,91.45788420050033
73,106,66,87.40160108905741
73,107,65,89.0156790161406
73,108,64,87.1313583014361
73,109,63,87.69706339889431
73,110,62,89.75314386128798
73,111,61,88.15839386537723
73,112,60,85.29861237864307
73,113,59,88.91605244672044
73,114,58,88.22447454523937
73,115,57,79.55783809398812
73,116,56,70.49242543196236
73,117,55,65.244947315235
73,118,54,66.43759306104278
73,119,53,66.61346569796314
73,120,52,68.0545902733935
73,121,51,68.55777472504326
73,122,50,65.4375121047444
73,123,49,61.13343559786545
73,124,48,57.57069624638592
73,125,47,54.77549809405165
73,126,46,51.01113361397836
73,127,45,45.74662978188543
73,128,44,49.05172411111899
73,129,43,46.649974806918756
73,130,42,44.687383047308685
73,131,41,46.27442369809408
73,132,40,40.362616957399325
73,133,39,36.4942966858971
73,134,38,30.84439708752389
73,135,37,32.77484104616454
73,136,36,34.152910623622475
73,137,35,33.64510353439814
73,138,34,32.741456907756756
73,139,33,36.62953923264074
73,140,32,36.82599342138948
73,141,31,37.86120215920473
73,142,30,35.37384130673682
73,143,29,40.13973471451624
73,144,28,37.68513806003716
73,145,27,37.27936802305365
73,146,26,33.27911090921398
73,147,25,36.32203452815208
73,148,24,36.393003252447045
73,149,23,34.815135403786726
74,40,272,125.0
74,41,271,125.0
74,42,270,125.0
74,43,269,125.0
74,44,268,124.85752921197522
74,45,267,125.0
74,46,266,125.0
74,47,265,124.9408495969009
74,48,264,124.71434678164559
74,49,263,125.0
74,50,262,124.70411027314532
74,51,261,124.31082608665636
74,52,260,124.56311955984687
74,53,259,124.34779671462803
74,54,258,124.13309218949308
74,55,257,124.16387115050819
74,56,256,124.21701383389905
74,57,255,124.69613002507998
74,58,254,124.15629763897806
74,59,253,124.72295696553711
74,60,252,124.55710762676838
74,61,251,124.72782535090019
74,62,250,124.782766953592
74,63,249,124.31168340863178
74,64,248,124.61111747052712
74,65,247,123.92301458241378
74,66,246,124.00804008314687
74,67,245,124.98484097415167
74,68,244,124.7960949564279
74,69,243,125.0
74,70,242,125.0
74,71,241,125.0
74,72,240,125.0
74,73,239,125.0
74,74,238,124.83924151652968
74,75,237,125.0
74,76,236,124.83093710745112
74,77,235,125.0
74,78,234,124.96266840152742
74,79,233,125.0
74,80,232,125.0
74,81,231,125.0
74,82,230,124.55237824620835
74,83,229,124.64328075844168
74,84,228,124.82252304988896
74,85,227,124.58346076846803
74,86,226,124.72822715668698
74,87,225,124.16544633906011
74,88,224,124.53418798694426
74,89,223,124.28039070254138
74,90,222,124.71208329869165
74,91,221,124.95573989639368
74,92,220,124.89260538090613
74,93,219,124.55554471928589
74,94,218,124.58870178437556
74,95,217,124.21402019443386
74,96,216,124.23292037025587
74,97,215,124.24971717604416
74,98,214,124.02686770288926
74,99,213,123.26429664405838
74,100,212,122.69277747525534
74,101,211,123.04580503901455
74,102,210,123.44865925295471
74,103,209,122.29174924701658
74,104,208,121.6801149095765
74,105,207,121.89262761409793
74,106,206,122.86542767681107
74,107,205,123.10152021312354
74,108,204,124.33382348424563
74,109,203,124.1855654881438
74,110,202,123.9241459991352
74,111,201,123.64435306022739
74,112,200,124.86893091121357
74,113,199,121.58606001657657
74,114,198,120.12516367584269
74,115,197,118.73194593285058
74,116,196,122.97866200137094
74,117,195,121.57111144252495
74,118,194,124.13179294851784
74,119,193,123.2625227659945
74,120,192,123.52012984352251
74,121,191,123.98366834756376
74,122,190,124.38177133559017
74,123,189,123.7865257877756
74,124,188,123.49543002653516
74,125,187,123.66746887164915
74,126,186,123.30890474556205
74,127,185,122.84565487426231
74,128,184,122.07780403461518
74,129,183,122.57540818379874
74,130,182,123.42621612670743
74,131,181,123.28071149249853
74,132,180,122.88471458947743
74,133,179,122.74446923657916
74,134,178,123.6100377538702
74,135,177,123.93788117015387
74,136,176,124.21286853876694
74,137,175,124.70537769295942
74,138,174,124.44648049538341
74,139,173,124.23868413215155
74,140,172,123.7252296766611
74,141,171,125.0
74,142,170,125.0
74,143,169,124.08639543400639
74,144,168,124.33842037170136
74,145,167,123.80370138731936
74,146,166,123.16006209055364
74,147,165,123.01174083647828
74,148,164,123.20424783866567
74,149,163,123.14017614185911
74,150,162,123.60414195569118
74,151,161,124.22627335045082
74,152,160,124.52738561462763
74,153,159,124.7991562882226
74,154,158,124.7084686305472
74,155,157,124.84985843156532
74,156,156,125.0
74,157,155,124.88729785824918
74,158,154,124.91791997806682
74,159,153,124.83817539600315
74,160,152,124.67658334317053
74,161,151,124.58520148744277
74,162,150,123.61378676870865
74,163,149,124.75862767661044
74,164,148,124.32623372951589
74,165,147,123.6467231259918
74,166,146,124.29998647727439
74,167,145,123.63235053735045
74,168,144,124.23307949560655
74,169,143,124.48464468883233
74,170,142,123.4087611450843
74,171,141,123.57068400457548
74,172,140,122.30388767268359
74,173,139,120.91846026231417
74,174,138,123.97406952829942
74,175,137,124.4859743532019
74,176,136,121.17286253572836
74,177,135,121.8646775997793
74,178,134,123.20576309470437
74,179,133,123.37150619211539
74,180,132,122.61775987807214
74,181,131,121.42777212094748
74,182,130,121.76993794880418
74,183,129,120.93725899860434
74,184,128,120.04882892838995
74,185,127,117.46924880138863
74,186,126,118.6009533702478
74,187,125,117.64480319293588
74,188,124,116.5513827922395
74,189,123,120.39985438805729
74,190,122,119.64484632633977
74,191,121,118.9090337649015
74,192,120,120.57071940705598
74,193,119,123.20215076359625
74,194,118,117.46372926428381
74,195,117,123.92115244422004
74,196,116,123.98851914355879
74,197,115,124.72347849338988
74,198,114,121.86586348914287
74,199,113,122.4746358889251
74,200,112,125.0
74,201,111,122.70687612941639
74,202,110,122.73812064376938
74,203,109,121.51458260943211
74,204,108,120.17904476733759
74,205,107,117.11838603582824
74,206,106,114.88229749039658
74,207,105,116.94002679700105
74,208,104,120.5445251114622
74,209,103,118.91972091147373
74,210,102,119.13994507113017
74,211,101,113.59630222783451
74,212,100,111.47003122460075
74,213,99,106.22395696822528
74,214,98,107.46451597218376
74,215,97,112.24251088593144
74,216,96,109.96817799698155
74,217,95,109.20506008193055
74,218,94,107.73405879076331
74,219,93,111.91284101303597
74,220,92,110.16495757814627
74,221,91,108.04522843658657
74,222,90,107.12177134889421
74,223,89,104.61423033886318
75,40,287,125.0
75,41,286,125.0
75,42,285,125.0
75,43,284,125.0
75,44,283,125.0
75,45,282,125.0
75,46,281,125.0
75,47,280,125.0
75,48,279,124.91540585260952
75,49,278,125.0
75,50,277,125.0
75,51,276,125.0
75,52,275,125.0
75,53,274,125.0
75,54,273,125.0
75,55,272,125.0
75,56,271,125.0
75,57,270,124.97796088283488
75,58,269,123.71325293628234
75,59,268,124.34552136800323
75,60,267,124.12387536572544
75,61,266,123.85193026136056
75,62,265,123.31009498695926
75,63,264,123.36157174472905
75,64,263,123.31040603055861
75,65,262,123.92111312311732
75,66,261,123.07875733956766
75,67,260,123.42053119393745
75,68,259,123.20882906102818
75,69,258,124.04042237352985
75,70,257,123.91806717203838
75,71,256,123.10248225115892
75,72,255,123.51328672357616
75,73,254,123.31535644083877
75,74,253,123.43202191882182
75,75,252,123.2748457883358
75,76,251,123.21822741981651
75,77,250,122.20594528571776
75,78,249,121.79372592192405
75,79,248,120.91859041476036
75,80,247,122.2887012432656
75,81,246,122.34916870399822
75,82,245,122.96170137602854
75,83,244,122.43302576443772
75,84,243,122.89802103114218
75,85,242,124.45201097434949
75,86,241,123.38739139397126
75,87,240,123.11730853085106
75,88,239,121.58462952752186
75,89,238,122.37707302410688
75,90,237,123.5620586313735
75,91,236,121.54383105209149
75,92,235,123.3098340059176
75,93,234,122.41105220445118
75,94,233,122.87327080502907
75,95,232,123.73405519245276
75,96,231,123.24437204412467
75,97,230,123.69167650629186
75,98,229,123.8890465434928
75,99,228,124.8138183512147
75,100,227,125.0
75,101,226,124.63483968719527
75,102,225,123.43646285628778
75,103,224,123.7858428552187
75,104,223,124.15009984678568
75,105,222,124.92207216010036
75,106,221,124.63228155365368
75,107,220,124.75743544981165
75,108,219,124.75566611565944
75,109,218,124.1283451202745
75,110,217,123.63229673835828
75,111,216,123.24853793095477
75,112,215,123.31977127865449
75,113,214,122.80560360870939
75,114,213,123.17816029493292
75,115,212,123.92727262889352
75,116,211,123.50324691454162
75,117,210,123.75853985594703
75,118,209,123.99882090464239
75,119,208,123.91232556355263
75,120,207,123.23461176600418
75,121,206,121.81143931527764
75,122,205,122.88140254119392
75,123,204,123.43137089705965
75,124,203,123.86525573544856
75,125,202,123.79616676272107
75,126,201,124.16543910944219
75,127,200,123.70876450397503
75,128,199,123.70714189245251
75,129,198,124.40777974994671
75,130,197,123.60786558824421
75,131,196,122.11850345387121
75,132,195,122.1593078008795
75,133,194,120.6682547093214
75,134,193,122.79643033880116
75,135,192,122.55826013769794
75,136,191,121.90024541030459
75,137,190,122.38486523938914
75,138,189,122.39717198881812
75,139,188,120.67385221994154
75,140,187,121.6181994648116
75,141,186,122.26680187047803
75,142,185,121.78526788541062
75,143,184,123.14648026090617
75,144,183,124.04043486309719
75,145,182,124.61380900254179
75,146,181,124.40574864606381
75,147,180,123.65861777883669
75,148,179,123.36500499827821
75,149,178,123.46342841406214
75,150,177,122.98819127510025
75,151,176,124.00688641189231
75,152,175,124.08639243476699
75,153,174,123.48117095906936
75,154,173,123.85010486451802
75,155,172,123.74897534158313
75,156,171,123.99891917135457
75,157,170,124.19482446602078
75,158,169,125.0
75,159,168,125.0
75,160,167,123.47102513546423
75,161,166,123.63798984027939
75,162,165,124.11891304999581
75,163,164,123.85113081317397
75,164,163,123.71779658954515
75,165,162,122.56692889766265
75,166,161,123.94650127060112
75,167,160,123.41932232290462
75,168,159,124.86994908244137
75,169,158,124.32680314209276
75,170,157,124.46912601485516
75,171,156,124.6695819680704
75,172,155,125.0
75,173,154,123.83710415959914
75,174,153,122.2141627981418
75,175,152,123.32594695152801
75,176,151,123.13391265082778
75,177,150,122.97852751361232
75,178,149,122.32251536332308
75,179,148,122.32912000750437
75,180,147,121.6898490830176
75,181,146,122.00461217280727
75,182,145,120.41149274958903
75,183,144,120.05745955792315
75,184,143,119.25251047432883
75,185,142,117.82627181593406
75,186,141,115.6397324112833
75,187,140,112.95477073795416
75,188,139,113.26964952187986
75,189,138,115.65908579795747
75,190,137,113.0498702664546
75,191,136,113.20439362865072
75,192,135,115.37741475358585
75,193,134,116.56761024032298
75,194,133,116.09697574365106
75,195,132,115.20931807298132
75,196,131,117.0951382435048
75,197,130,117.32366111948883
75,198,129,116.51111840910727
75,199,128,118.23112580091097
75,200,127,118.35065507659557
75,201,126,118.04325661688796
75,202,125,119.78334173629959
75,203,124,119.47953489283029
76,40,171,123.72919042865576
76,41,170,123.43689678375162
76,42,169,123.77404817546409
76,43,168,121.50072403355298
76,44,167,122.5161020043737
76,45,166,122.80732466445832
76,46,165,122.78348582987576
76,47,164,122.92506171246978
76,48,163,123.87962925723227
77,40,93,118.25959769447948
77,41,92,119.3291218391364
77,42,91,119.40897335633306
77,43,90,118.35281046052047
77,44,89,119.52298532250734
77,45,88,121.80349105371039
77,46,87,121.94551903835452
77,47,86,121.87798659461609
77,48,85,122.20794427231786
77,49,84,122.28315417128965
77,50,83,121.38463985045794
77,51,82,121.6410564071532
77,52,81,120.27390822583114
77,53,80,120.89119596362718
77,54,79,120.2930189917887
77,55,78,118.89693326879525
77,56,77,118.81943388951689
77,57,76,119.11742336953694
77,58,75,118.22499561900676
77,59,74,112.4002859846086
77,60,73,113.00001273733318
77,61,72,110.7406825677977
77,62,71,111.8324652456838
77,63,70,112.58529663384698
77,64,69,108.75385821058185
77,65,68,109.10830251733297
77,66,67,106.52271181216989
77,67,66,106.36833717230368
77,68,65,109.75396215345769
77,69,64,111.72595473034957
77,70,63,107.53102336648989
77,71,62,106.10688467782123
77,72,61,103.2449610354438
77,73,60,100.87350142097687
77,74,59,94.66566118783697
77,75,58,89.12294389507258
77,76,57,87.73442101861744
77,77,56,86.2824310127694
77,78,55,88.4128778827804
77,79,54,88.39998787365707
77,80,53,74.33562485289852
77,81,52,72.95500237495602
77,82,51,67.93122338365743
77,83,50,59.038865696813716
77,84,49,57.96465699915637
77,85,48,53.68530983851983
77,86,47,61.64985362636354
77,87,46,67.8274600257175
77,88,45,69.72282540869104
77,89,44,60.477165888657595
77,90,43,59.224290175205276
77,91,42,56.56771236799882
77,92,41,54.657482305446024
77,93,40,63.18051913205114
77,94,39,52.07392313977684
77,95,38,46.39025083172666
77,96,37,43.308157613312304
77,97,36,46.10289395967375
77,98,35,46.28033325789537
77,99,34,42.83476436379263
77,100,33,46.918643404131714
77,101,32,50.45153488081861
77,102,31,42.3584078416513
77,103,30,42.782352759638
77,104,29,42.25590551608103
77,105,28,35.13843636469201
77,106,27,31.806479961292503
77,107,26,30.563432764099115
77,108,25,29.916409849627374
78,40,140,123.5432705707955
78,41,139,123.703359429985
78,42,138,124.23573674735181
78,43,137,123.52289894877862
78,44,136,123.35910022269617
78,45,135,122.18135908676591
78,46,134,122.91803336480038
78,47,133,122.64611839781043
78,48,132,122.30210207121777
78,49,131,121.94005852856031
78,50,130,121.46221814532053
78,51,129,121.15146747295358
78,52,128,122.26503019236253
78,53,127,119.26117270951599
78,54,126,119.31967840974906
78,55,125,120.65920231011464
78,56,124,122.03948233673194
78,57,123,122.09584318302893
78,58,122,122.21239312774564
78,59,121,120.71143059577598
78,60,120,119.72940092965914
78,61,119,120.40665805624631
78,62,118,118.26598944080787
78,63,117,118.60076706826524
78,64,116,118.02219561388539
78,65,115,116.45424141439412
78,66,114,116.16109897551948
78,67,113,116.99309609458824
78,68,112,114.16485707929694
78,69,111,112.10745742397245
78,70,110,111.82573213689818
78,71,109,113.72491831125768
78,72,108,112.67936838186745
78,73,107,111.20074465686176
78,74,106,106.43761410675472
78,75,105,108.55874978340415
78,76,104,108.24134326585656
78,77,103,108.44719234742271
78,78,102,111.17419854377
78,79,101,112.87154563684197
78,80,100,115.76461648827348
78,81,99,115.85660854976484
78,82,98,118.13431660580247
78,83,97,118.11828508086782
78,84,96,118.43932683346858
78,85,95,115.59657419017365
78,86,94,112.39132092889827
78,87,93,110.27327357977998
78,88,92,111.06263320863332
78,89,91,110.11873198522174
78,90,90,111.71281594053116
78,91,89,112.2742366968458
78,92,88,111.22139162660375
78,93,87,109.5214284541712
78,94,86,103.37046079904391
78,95,85,96.0240991723322
78,96,84,105.01337444119329
78,97,83,107.45544481477863
78,98,82,109.19170206427782
78,99,81,107.30557106959569
78,100,80,107.97871575529456
78,101,79,111.37351197382188
78,102,78,107.61909642450905
78,103,77,106.90409015248603
78,104,76,106.41423273394919
78,105,75,97.19039450774677
78,106,74,97.44308946025396
79,40,222,125.0
79,41,221,125.0
79,42,220,125.0
79,43,219,125.0
79,44,218,125.0
79,45,217,124.48219333279403
79,46,216,124.53534091556065
79,47,215,124.56234355699743
79,48,214,124.95377906215056
79,49,213,125.0
79,50,212,125.0
79,51,211,125.0
79,52,210,125.0
79,53,209,125.0
79,54,208,125.0
79,55,207,125.0
79,56,206,125.0
79,57,205,125.0
79,58,204,124.94467922213714
79,59,203,125.0
79,60,202,125.0
79,61,201,124.4295722472502
79,62,200,124.18309784796526
79,63,199,123.76825326956805
79,64,198,123.18404078030872
79,65,197,123.68044806708286
79,66,196,124.13000879311694
79,67,195,123.74684732962388
79,68,194,124.4310871008592
79,69,193,124.23191717276687
79,70,192,123.94290196966779
79,71,191,123.77478510059976
79,72,190,123.21537538345288
79,73,189,124.01568245224627
79,74,188,123.99237242367978
79,75,187,123.000985405904
79,76,186,123.81395372608729
79,77,185,123.3445024460261
79,78,184,123.36613305723665
79,79,183,124.10298327261245
79,80,182,124.15412253665419
79,81,181,124.4742380832524
79,82,180,123.94376921871984
79,83,179,123.97451744671538
79,84,178,123.42323906294139
79,85,177,123.1354115042054
79,86,176,123.29419156768026
79,87,175,122.78877176738378
79,88,174,122.64802174416094
79,89,173,122.26005446382943
79,90,172,121.9407401374963
79,91,171,121.74270508903497
79,92,170,121.31891205536387
79,93,169,121.50137833170436
79,94,168,121.40160515158638
79,95,167,122.19480398280498
79,96,166,122.6133556097162
79,97,165,122.67871217814083
79,98,164,122.41718700529813
79,99,163,125.0
79,100,162,120.76163625948618
79,101,161,118.41030959267229
79,102,160,121.66699043360308
79,103,159,121.44143337506992
79,104,158,120.15465979214926
79,105,157,123.10422236093368
79,106,156,121.5132891762807
79,107,155,122.72839783929888
79,108,154,123.07577798442944
79,109,153,122.8155461736115
79,110,152,123.04555828996726
79,111,151,122.14716270707386
79,112,150,120.74108913929604
79,113,149,121.05442182003733
79,114,148,121.33972078389979
79,115,147,122.8133322666504
79,116,146,122.65486517115114
79,117,145,122.08529141454954
79,118,144,121.7627286694791
79,119,143,122.36601543221944
79,120,142,123.035502818196
79,121,141,123.05057053418113
79,122,140,123.38018885992362
79,123,139,123.94560446259193
79,124,138,123.0274467292661
79,125,137,122.0389953716788
79,126,136,123.63119807177753
79,127,135,122.08225269127155
79,128,134,121.46027646976893
79,129,133,115.34340820350958
79,130,132,114.87017842904723
79,131,131,113.9534401300235
79,132,130,115.30046602849495
79,133,129,113.42117316416541
79,134,128,113.89012358496419
79,135,127,114.41613722693185
79,136,126,113.70574700832555
79,137,125,113.92533595248041
79,138,124,111.74206461765473
79,139,123,111.13229797884145
79,140,122,109.52597785280228
79,141,121,110.98489306689592
79,142,120,106.52928258120207
79,143,119,109.61332830704616
79,144,118,114.44118876237332
79,145,117,111.43066661560388
79,146,116,111.46588903134668
79,147,115,115.1796144474499
79,148,114,110.2208157052093
79,149,113,110.63103911874971
79,150,112,110.33162162898431
79,151,111,108.58953100820943
79,152,110,104.43247064194055
79,153,109,106.83421958716565
79,154,108,111.64483527529147
79,155,107,104.60569150401645
79,156,106,104.88135116601066
79,157,105,108.21196855410031
79,158,104,108.62161743535451
79,159,103,114.61039823381996
79,160,102,111.73635778590072
79,161,101,112.56753096623774
79,162,100,115.24102635070727
79,163,99,117.34949479560234
79,164,98,117.84775596665327
79,165,97,117.53669683871047
79,166,96,117.44937432134653
79,167,95,115.40780165380559
79,168,94,114.4044714611104
79,169,93,114.16770574227334
79,170,92,114.81098868319796
79,171,91,116.5813561179204
79,172,90,111.32261253733608
79,173,89,109.62467739378982
79,174,88,111.0384022602189
79,175,87,106.55848145931793
79,176,86,111.62991965080664
79,177,85,111.10523970406626
79,178,84,107.0462351051925
79,179,83,105.34191852727648
79,180,82,101.87689678420915
79,181,81,96.55827390403405
79,182,80,90.32747884667577
79,183,79,98.60364415692733
79,184,78,101.57142197873938
80,40,186,122.93454549421472
80,41,185,123.38850148818275
80,42,184,123.97484911135885
80,43,183,123.56052917924407
80,44,182,124.68761917840445
80,45,181,124.15598770715377
80,46,180,123.75596610440849
80,47,179,122.71277907064797
80,48,178,123.01198393370284
80,49,177,124.34461315440583
80,50,176,122.93293036284916
80,51,175,122.78495521025638
80,52,174,122.22288999464936
80,53,173,121.63720314137049
80,54,172,121.91880733441135
80,55,171,121.61865100153754
80,56,170,119.59345285130968
80,57,169,122.87486605581793
80,58,168,120.70769918443159
80,59,167,124.00433327028676
80,60,166,124.94227706690042
80,61,165,125.0
80,62,164,122.23596425966096
80,63,163,119.79226968269315
80,64,162,115.61017881482937
80,65,161,119.02940921241186
80,66,160,120.11975128856011
80,67,159,117.26344504054507
80,68,158,115.4808570033384
80,69,157,113.12195448497077
80,70,156,107.70836368640562
80,71,155,109.39650456022119
80,72,154,113.51164118700106
80,73,153,108.68055553605762
80,74,152,110.65807089902208
80,75,151,114.18169720654035
80,76,150,120.57526758887249
80,77,149,120.20030155007234
80,78,148,118.38286039244181
80,79,147,116.55178220661392
80,80,146,117.30289421118485
80,81,145,117.51506926907439
80,82,144,114.20140565052569
80,83,143,113.48522235525567
80,84,142,110.98181891999744
80,85,141,112.59638941312798
80,86,140,113.6436387486375
80,87,139,115.13003619474472
80,88,138,114.30615596623693
80,89,137,111.657429954162
80,90,136,109.6632426400722
80,91,135,109.34672265985355
80,92,134,112.65106290635342
80,93,133,109.98977630656819
80,94,132,106.33477577702789
80,95,131,104.6111546969893
80,96,130,102.34055291726517
80,97,129,105.21166927084337
80,98,128,104.83906462468303
80,99,127,101.51401642838212
80,100,126,100.70303539353476
80,101,125,98.45748092405904
80,102,124,92.46079260868828
80,103,123,88.47817700209697
80,104,122,82.95336305155095
80,105,121,86.0327832228169
80,106,120,92.67551720566905
80,107,119,85.8766144005128
80,108,118,86.71455075791323
80,109,117,85.40879373943397
80,110,116,81.73271253488443
80,111,115,83.27811490277682
80,112,114,87.34763423140507
81,40,116,122.11506918418242
81,41,115,122.37569289505001
81,42,114,120.83598614883516
81,43,113,121.03547303633385
81,44,112,122.07207858564433
81,45,111,124.78041400333831
81,46,110,122.36163066662536
81,47,109,122.24505026446883
81,48,108,122.620458108135
81,49,107,123.79626965591069
81,50,106,122.78342253070036
81,51,105,122.83616192110917
81,52,104,122.29048830670966
81,53,103,121.96596536207102
81,54,102,121.5121195804407
81,55,101,120.12975377500408
81,56,100,120.04010381074394
81,57,99,120.51807033234859
81,58,98,119.6616149610077
81,59,97,123.21849617587529
81,60,96,123.33318070312708
82,40,116,122.08208924403557
82,41,115,121.0603681814384
82,42,114,120.3603447598565
82,43,113,120.51383047402945
82,44,112,120.22415814401026
82,45,111,120.19226547008677
82,46,110,119.80987998650656
82,47,109,117.98169184473318
82,48,108,116.59776751418028
82,49,107,118.69571784458638
82,50,106,117.95375967783
82,51,105,117.73642746529268
82,52,104,119.52910094931059
82,53,103,119.2291038921103
82,54,102,119.47825787510929
82,55,101,118.24797869136052
82,56,100,119.97333839325842
82,57,99,119.93434745448944
82,58,98,118.9799332536113
82,59,97,117.41238271852974
82,60,96,117.92561650482074
82,61,95,115.54094671069905
82,62,94,117.21014061731341
82,63,93,116.58685365782166
82,64,92,113.28675911526561
82,65,91,115.45560664007806
82,66,90,115.73675644092432
82,67,89,114.45095076172836
82,68,88,111.85819450777835
82,69,87,109.25441207086958
82,70,86,114.85028584388496
82,71,85,113.17377545683735
82,72,84,110.09062647399708
82,73,83,108.04154287983344
82,74,82,108.05535553469123
82,75,81,110.26398055330955
82,76,80,109.30388322317154
82,77,79,106.8217096040085
82,78,78,105.24808925922703
82,79,77,103.63273032859321
82,80,76,107.78178620130214
82,81,75,109.7026412416994
82,82,74,112.20563597071836
82,83,73,108.37973330182086
82,84,72,95.93413220949492
82,85,71,93.87912846652102
82,86,70,83.81507117149468
82,87,69,88.58283493997413
82,88,68,88.08467846403394
82,89,67,88.15127649963974
82,90,66,90.83738879849372
82,91,65,92.2930986949878
82,92,64,92.51602410779506
82,93,63,87.63488928715654
82,94,62,88.75368400707472
82,95,61,88.59556115862966
82,96,60,86.15518772949025
82,97,59,75.2258555601181
82,98,58,73.68159515661385
82,99,57,70.8574543911765
82,100,56,74.0482926442024
82,101,55,71.24189634301538
82,102,54,76.99262438472411
82,103,53,76.47057753543645
82,104,52,74.73062171594599
82,105,51,75.7688739133234
82,106,50,77.41056235754047
82,107,49,74.1647641070247
82,108,48,57.48531150789201
82,109,47,63.46626430505344
82,110,46,55.95108256978732
82,111,45,60.692357627530384
82,112,44,59.61708338878861
82,113,43,64.53962246596126
82,114,42,63.32699244794225
82,115,41,46.669692156055056
82,116,40,44.02506273700829
82,117,39,41.06541151555733
82,118,38,41.47773206286324
82,119,37,44.16923693291516
82,120,36,42.990296035401414
82,121,35,39.32192665712959
82,122,34,40.38552621610859
82,123,33,36.88724174517789
82,124,32,33.154232685596696
82,125,31,33.79982346569733
82,126,30,30.313845392877703
82,127,29,37.36322056722454
82,128,28,42.099477088667
82,129,27,43.20592984308534
82,130,26,40.536931274440384
82,131,25,38.69701271844014
82,132,24,39.79777931545116
82,133,23,36.27799512278065
82,134,22,39.69577249772178
82,135,21,36.74252278244549
82,136,20,33.95507778009299
82,137,19,31.446266460874966
82,138,18,29.935007053623078
82,139,17,26.818621227544412
82,140,16,24.04000104528336
82,141,15,22.81680143008904
82,142,14,20.163389667568897
82,143,13,22.05482578883037
82,144,12,18.203286161110398
82,145,11,14.692580262888004
82,146,10,16.468856676344537
83,40,406,125.0
83,41,405,125.0
83,42,404,125.0
83,43,403,125.0
83,44,402,125.0
83,45,401,125.0
83,46,400,125.0
83,47,399,125.0
83,48,398,125.0
83,49,397,125.0
83,50,396,125.0
83,51,395,125.0
83,52,394,125.0
83,53,393,125.0
83,54,392,125.0
83,55,391,125.0
83,56,390,125.0
83,57,389,124.96461523382219
83,58,388,124.34638970450231
83,59,387,124.12755287242295
83,60,386,124.20927915715112
83,61,385,122.94424702601042
83,62,384,122.97432066017812
83,63,383,123.62928497674852
83,64,382,124.5065651501043
83,65,381,124.20910768202197
83,66,380,125.0
83,67,379,124.84874303035765
83,68,378,122.94205095923868
83,69,377,123.72524873304508
83,70,376,124.93575336139759
83,71,375,125.0
83,72,374,125.0
83,73,373,125.0
83,74,372,125.0
83,75,371,124.02926929562632
83,76,370,125.0
83,77,369,125.0
83,78,368,125.0
83,79,367,125.0
83,80,366,125.0
83,81,365,125.0
83,82,364,125.0
83,83,363,124.75321959644856
83,84,362,124.87316589619712
83,85,361,124.95653218507681
83,86,360,124.98207244142453
83,87,359,124.94298439774428
83,88,358,124.00770169471463
83,89,357,124.40198392420311
83,90,356,124.58831373208093
83,91,355,124.87222641844546
83,92,354,125.0
83,93,353,124.96305351609705
83,94,352,123.70975763046735
83,95,351,123.55032308182483
83,96,350,123.42157899005532
83,97,349,123.09499716400639
83,98,348,122.39860451090959
83,99,347,121.38292024156155
83,100,346,121.52841367119348
83,101,345,123.14366865632857
83,102,344,122.99925534784167
83,103,343,123.55101557260855
83,104,342,123.09213176176311
83,105,341,122.15253472769625
83,106,340,124.21727093100704
83,107,339,124.67848172322053
83,108,338,123.56371495647855
83,109,337,124.11343833417078
83,110,336,123.77840300373924
83,111,335,124.2880882941879
83,112,334,124.57951612541149
83,113,333,124.39762050843345
83,114,332,124.5470861141539
83,115,331,123.96420413825766
83,116,330,124.26202679754847
83,117,329,125.0
83,118,328,125.0
83,119,327,124.6429181635927
83,120,326,124.73711830337538
83,121,325,125.0
83,122,324,124.43067890616777
83,123,323,124.39550626308959
83,124,322,124.33559661787125
83,125,321,124.89101880571785
83,126,320,125.0
83,127,319,125.0
83,128,318,124.92818486494347
83,129,317,124.7045638051966
83,130,316,124.58531374379824
83,131,315,125.0
83,132,314,125.0
83,133,313,125.0
83,134,312,124.97197224548457
83,135,311,125.0
83,136,310,125.0
83,137,309,124.74620464410447
83,138,308,124.6044901630888
83,139,307,123.47743526168387
83,140,306,124.18093234331305
83,141,305,124.5986070024364
83,142,304,124.32789281985617
83,143,303,125.0
83,144,302,125.0
83,145,301,124.34952654647657
83,146,300,124.13557784297903
83,147,299,124.82465188047857
83,148,298,124.67732234937395
83,149,297,123.77913141618836
83,150,296,122.84441815397646
83,151,295,122.72351568473594
83,152,294,123.74669157135699
83,153,293,123.3143919616816
83,154,292,122.8656970676582
83,155,291,122.99748778524665
83,156,290,123.15944315931918
83,157,289,122.5520320370799
83,158,288,122.26457458920518
83,159,287,122.77815127237623
83,160,286,122.81678645574632
83,161,285,123.18041045930337
83,162,284,122.78223510867048
83,163,283,123.27748324036327
83,164,282,121.92233051648502
83,165,281,122.60391766266105
83,166,280,122.29619521526902
83,167,279,122.34713380669953
83,168,278,121.58855322916577
83,169,277,120.9911894218516
83,170,276,121.11026994290435
83,171,275,119.31835787260496
83,172,274,121.17350566328398
83,173,273,121.26945605870645
83,174,272,119.49752426268978
83,175,271,119.01178991893936
83,176,270,119.52386120330053
83,177,269,118.68492657399356
83,178,268,120.8117777841718
83,179,267,120.72326641283101
83,180,266,121.75438773269994
83,181,265,122.95202110181995
83,182,264,125.0
83,183,263,124.94430159469792
83,184,262,124.49368590582647
83,185,261,125.0
83,186,260,125.0
83,187,259,125.0
83,188,258,125.0
83,189,257,125.0
83,190,256,124.48596292792428
83,191,255,123.95474399602908
83,192,254,123.77934668415334
83,193,253,125.0
83,194,252,124.62195999664854
83,195,251,123.56033272174366
83,196,250,120.60101889757176
83,197,249,124.55914451886508
83,198,248,124.76899997139759
83,199,247,124.90830054153602
83,200,246,125.0
83,201,245,124.9787256669964
83,202,244,125.0
83,203,243,125.0
83,204,242,125.0
83,205,241,125.0
83,206,240,125.0
83,207,239,125.0
83,208,238,125.0
83,209,237,125.0
83,210,236,125.0
83,211,235,125.0
83,212,234,125.0
83,213,233,125.0
83,214,232,125.0
83,215,231,125.0
83,216,230,125.0
83,217,229,125.0
83,218,228,125.0
83,219,227,125.0
83,220,226,125.0
83,221,225,125.0
83,222,224,125.0
83,223,223,124.67570229744939
83,224,222,125.0
83,225,221,124.65729224007072
83,226,220,124.77428085664329
83,227,219,124.15236062372355
83,228,218,124.89867762896921
83,229,217,124.36986831085065
83,230,216,123.91157547830119
83,231,215,124.30489114973648
83,232,214,124.9431528575858
83,233,213,124.67842582393197
83,234,212,124.47074609868704
83,235,211,123.62372431506788
83,236,210,123.52896900122867
83,237,209,124.36631217542276
83,238,208,124.28402023072863
83,239,207,124.67976972143443
83,240,206,124.456136712068
83,241,205,123.82714117478318
83,242,204,123.74225658030676
83,243,203,123.45868317041115
83,244,202,122.6147345957607
83,245,201,121.25268715477594
83,246,200,121.13490705416096
83,247,199,121.07758736641179
83,248,198,121.20873673416312
83,249,197,121.8867297246131
83,250,196,123.25586567991039
83,251,195,124.66126927971735
83,252,194,125.0
83,253,193,125.0
83,254,192,124.54593273796013
83,255,191,124.65022552429457
83,256,190,124.35137434742461
83,257,189,123.73846657377828
83,258,188,124.60642825275104
83,259,187,123.74530946501552
83,260,186,121.58149927882496
83,261,185,121.54256197593139
83,262,184,122.0267002318169
83,263,183,122.39251022787079
83,264,182,122.39454503501145
83,265,181,122.35008593759206
83,266,180,124.5289377838277
83,267,179,123.61092311904889
83,268,178,123.36991460450929
83,269,177,122.51334162135853
83,270,176,119.3883094910745
83,271,175,120.72372744572294
83,272,174,120.6228010949923
83,273,173,121.597270486902
83,274,172,122.39996244939036
84,40,214,123.05842898767077
84,41,213,123.75292801959597
84,42,212,122.73529069574028
84,43,211,122.8700527091404
84,44,210,122.10337650499112
84,45,209,123.73569835901915
84,46,208,123.22115737428996
84,47,207,123.42659038581621
84,48,206,123.66314130320657
84,49,205,122.0150203154303
84,50,204,119.99188430134106
84,51,203,121.35674030805444
84,52,202,122.4213286159242
84,53,201,121.30088887474443
84,54,200,122.04142209751218
84,55,199,121.81194641102003
84,56,198,123.39690650008086
84,57,197,122.60803828112486
84,58,196,124.84379769674464
84,59,195,124.70678724117668
84,60,194,124.34993960388724
84,61,193,124.44605776889512
84,62,192,122.93848690900327
84,63,191,123.92880089516788
84,64,190,123.57307611367804
84,65,189,123.57155551870017
84,66,188,124.56515966124063
84,67,187,124.25824679637833
84,68,186,124.54735119971718
84,69,185,124.59326896382078
84,70,184,124.88744723277797
84,71,183,123.47306505959679
84,72,182,123.15491459636965
84,73,181,123.25560889962159
84,74,180,123.21403996457916
84,75,179,123.41356732713606
84,76,178,124.05320243500225
84,77,177,123.76777507978969
84,78,176,124.105186397864
84,79,175,123.34672001878485
84,80,174,124.35618931193923
84,81,173,124.6232019995869
84,82,172,123.80857082988098
84,83,171,124.9510186917646
84,84,170,125.0
84,85,169,125.0
84,86,168,125.0
84,87,167,125.0
84,88,166,125.0
85,40,249,124.82182269681041
85,41,248,125.0
85,42,247,125.0
85,43,246,124.5119091828407
85,44,245,124.7364716341107
85,45,244,124.94493018640003
85,46,243,124.56145013445455
85,47,242,124.81881649408976
85,48,241,124.69128819871592
85,49,240,124.55848082023365
85,50,239,124.11880345392206
85,51,238,124.30309416987382
85,52,237,124.86586889649703
85,53,236,124.4411380826383
85,54,235,124.57556453786003
85,55,234,124.21504894141013
85,56,233,124.56381626916384
85,57,232,125.0
85,58,231,124.45872623575535
85,59,230,123.82155819983214
85,60,229,123.65863279644478
85,61,228,123.30746631648255
85,62,227,124.47108049814534
85,63,226,124.42641489591503
85,64,225,124.05024029703998
85,65,224,124.43803514910607
85,66,223,124.32745280012165
85,67,222,124.26634509510143
85,68,221,123.40465675262976
85,69,220,123.58204230560085
85,70,219,123.66324327756001
85,71,218,122.46015811780084
85,72,217,120.85649076391906
85,73,216,120.4295574234362
85,74,215,120.2467933486558
85,75,214,119.86449606516474
85,76,213,117.90629460633208
85,77,212,117.0510032192387
85,78,211,118.7007436001563
85,79,210,116.84626590222594
85,80,209,118.63156897016421
85,81,208,119.63297117834836
85,82,207,120.2450979392865
85,83,206,118.96894024486708
85,84,205,119.56330495688913
85,85,204,120.63267112784851
85,86,203,121.51530852715734
85,87,202,120.96246148036056
85,88,201,119.819288968026
85,89,200,119.66764711763176
85,90,199,118.3694539043955
85,91,198,117.42332231064417
85,92,197,116.91503323053544
85,93,196,119.32102376483581
85,94,195,121.21690512108415
85,95,194,120.98767540645555
85,96,193,122.24091146119888
85,97,192,123.2817863663412
85,98,191,121.88816437982945
85,99,190,121.46929387433119
85,100,189,121.53106798907194
85,101,188,121.50835241540791
85,102,187,121.9279136980845
85,103,186,122.76007992842821
85,104,185,122.10406484951639
85,105,184,122.19865047195003
85,106,183,121.12790925192871
85,107,182,120.6797612772074
85,108,181,121.2375559489364
85,109,180,121.68520394189312
85,110,179,120.6850589229989
85,111,178,117.59464915969437
85,112,177,116.47047104739235
85,113,176,116.43626177357453
85,114,175,117.40273756165985
85,115,174,118.99260319396473
85,116,173,119.76830441796815
85,117,172,121.19929411764598
85,118,171,123.70542682458948
85,119,170,124.22641551751036
85,120,169,125.0
85,121,168,124.64746211921553
85,122,167,124.3796250091387
85,123,166,124.48115008751364
85,124,165,124.41354537312009
85,125,164,123.87871519305571
85,126,163,124.41203713338282
85,127,162,122.84612817994724
85,128,161,121.0996290580826
85,129,160,119.05814128998392
85,130,159,119.16875173497203
85,131,158,117.89665638494898
85,132,157,120.81604566623867
85,133,156,121.47705043605055
85,134,155,122.723038851998
85,135,154,123.99788959236238
85,136,153,124.8035330900963
85,137,152,125.0
85,138,151,125.0
85,139,150,124.95018057352809
85,140,149,125.0
85,141,148,125.0
85,142,147,125.0
85,143,146,125.0
85,144,145,124.36907301495512
85,145,144,124.11704210342451
85,146,143,124.03962563753535
85,147,142,124.8893786878871
85,148,141,125.0
85,149,140,124.76501967783813
85,150,139,124.53420289333056
85,151,138,123.23160174481565
85,152,137,120.0481636656003
85,153,136,122.01658143436393
85,154,135,119.8812976772158
85,155,134,120.71411667954743
85,156,133,120.93815723798633
85,157,132,121.28983991510151
85,158,131,122.26636456331514
85,159,130,121.44610746778409
85,160,129,120.50807174647045
85,161,128,119.29928481845641
85,162,127,119.35270121348496
85,163,126,118.5953833377707
85,164,125,121.18389831020943
85,165,124,121.39736822879274
85,166,123,120.82235111695303
85,167,122,120.18460707543167
85,168,121,118.69613101560262
85,169,120,117.07192747555183
85,170,119,114.12957849416287
85,171,118,114.8346414761915
85,172,117,113.09849164948588
85,173,116,106.79824298889056
85,174,115,102.43487644852632
86,40,284,121.80072751564254
86,41,283,122.24923313342498
86,42,282,123.11909822407839
86,43,281,123.53964403890026
86,44,280,123.91090634967748
86,45,279,123.90840305397046
86,46,278,122.96894481773316
86,47,277,123.12051148760872
86,48,276,121.78351885310512
86,49,275,123.09033211278707
86,50,274,123.35702790847049
86,51,273,124.54881839883038
86,52,272,124.1785926617542
86,53,271,122.15659754562495
86,54,270,121.86512469784131
86,55,269,124.23160241160107
86,56,268,122.47186209223841
86,57,267,122.62155473312359
86,58,266,123.4866991218025
86,59,265,123.2530196381908
86,60,264,122.86809377350644
86,61,263,122.89712528149724
86,62,262,121.38188128856876
86,63,261,122.16048143613158
86,64,260,121.37180742422645
86,65,259,120.97707027180009
86,66,258,121.63353741700935
86,67,257,122.33858645470659
86,68,256,122.3224502772255
86,69,255,122.47167282537058
86,70,254,122.3128096866078
86,71,253,122.29352831131641
86,72,252,122.05417996674433
86,73,251,122.4594298116348
86,74,250,122.01182602519708
86,75,249,122.42371633773097
86,76,248,122.42753076243326
86,77,247,122.5820531685297
86,78,246,123.44376459745958
86,79,245,123.0762779740694
86,80,244,121.88358899051994
86,81,243,122.13344472026955
86,82,242,122.44957068017251
86,83,241,122.17746518587387
86,84,240,123.83750881142012
86,85,239,124.11318141441262
86,86,238,123.37010657681012
86,87,237,123.7143540573787
86,88,236,123.56908076278464
86,89,235,122.63856050934069
86,90,234,121.5800151274065
86,91,233,119.8837949156307
86,92,232,120.16228336918306
86,93,231,120.32278265193838
86,94,230,119.9349971553714
86,95,229,120.46861328741947
86,96,228,119.0870263489225
86,97,227,120.6257090029774
86,98,226,121.57056095234074
86,99,225,120.16508208832947
86,100,224,120.62819556292632
86,101,223,120.21940065896243
86,102,222,120.77165950711918
86,103,221,121.39056068941966
86,104,220,121.27912742797739
86,105,219,121.69636242711556
86,106,218,122.09589574291121
86,107,217,122.41212781095473
86,108,216,122.65859040101658
86,109,215,122.41550146256685
86,110,214,121.71761057556245
86,111,213,121.02162153809839
86,112,212,120.20888712789065
86,113,211,120.21223117827446
86,114,210,120.29155385269752
86,115,209,119.50770388498509
86,116,208,120.30357870262893
86,117,207,121.77161574737778
86,118,206,121.12708406809423
86,119,205,119.54463337092493
86,120,204,118.30249869095007
86,121,203,118.78290553502441
86,122,202,117.81421544707669
86,123,201,119.67764076271001
86,124,200,120.2553529834724
86,125,199,118.39952475974088
86,126,198,120.06368452960743
86,127,197,120.40199001949475
86,128,196,119.51889924611463
86,129,195,120.28975564270817
86,130,194,119.31686766473953
86,131,193,118.45785651863707
86,132,192,118.0693014333905
86,133,191,114.53298608288702
86,134,190,116.87316108988551
86,135,189,117.18662029029574
86,136,188,116.72821904309066
86,137,187,114.69574540020926
86,138,186,113.78337000256002
86,139,185,113.18002547803951
86,140,184,115.62221424278127
86,141,183,114.14870700157155
86,142,182,115.51747219237714
86,143,181,116.49483536997072
86,144,180,117.68412417448496
86,145,179,117.44168702652613
86,146,178,116.23034261344128
86,147,177,118.0668236682875
86,148,176,117.00876667716038
86,149,175,118.85398314069539
86,150,174,120.37121581843397
86,151,173,121.43029041993472
86,152,172,120.76320704425375
86,153,171,121.27834927890098
86,154,170,120.82596055474093
86,155,169,121.63551298844109
86,156,168,119.37104710571667
86,157,167,119.77836827260512
86,158,166,119.59723882419217
86,159,165,118.85547456506426
86,160,164,119.5822464992645
86,161,163,118.31807285252357
86,162,162,117.83304315817807
86,163,161,118.7740281643789
86,164,160,120.17942761204085
86,165,159,119.00534400538841
86,166,158,116.61559172635546
86,167,157,118.331532025815
86,168,156,115.12445572581349
86,169,155,116.41013048269399
86,170,154,116.05976330895786
86,171,153,114.08690942079045
86,172,152,114.72624326720175
86,173,151,115.24083040705347
86,174,150,114.36444652539117
86,175,149,113.60002061816525
86,176,148,116.03248758942514
86,177,147,116.04272472236866
86,178,146,117.32954219520178
86,179,145,114.32499034311424
86,180,144,112.76460798887722
86,181,143,113.13114223323622
86,182,142,114.1720184125385
86,183,141,110.82226703476525
86,184,140,110.72636013489989
86,185,139,110.24486174275476
86,186,138,108.36823811533903
86,187,137,108.54789068195694
86,188,136,105.54960220817912
86,189,135,104.02604721606377
86,190,134,105.2405889593519
86,191,133,106.76763793175434
86,192,132,108.32626433706986
86,193,131,111.75878835803732
86,194,130,107.97552757442884
86,195,129,109.84086472974248
86,196,128,110.86923786575926
86,197,127,111.48882554216824
86,198,126,106.8421576209285
86,199,125,107.6043905898323
86,200,124,109.65094506261065
86,201,123,111.35274949786547
86,202,122,109.90343315714591
86,203,121,110.25011953548453
86,204,120,111.6361219884738
86,205,119,112.98386697205103
86,206,118,111.55348214923112
86,207,117,111.53143519920064
86,208,116,106.71690338011729
86,209,115,109.05790784039147
86,210,114,108.44244669646802
86,211,113,104.01491553538602
86,212,112,105.98844872469996
86,213,111,101.43699183958984
86,214,110,98.80583022168963
86,215,109,97.06251833373506
86,216,108,98.03718442127291
86,217,107,96.1107944984667
86,218,106,97.20713250600774
86,219,105,92.78809606118438
86,220,104,96.2369879878976
86,221,103,97.05767469749388
86,222,102,98.17529357403168
86,223,101,93.97660476037848
86,224,100,93.10679748302334
86,225,99,94.95995989742246
86,226,98,95.32776599348152
86,227,97,93.78279553813518
86,228,96,92.0991411071023
86,229,95,88.49872641020013
86,230,94,85.19002926091983
86,231,93,91.57853676676046
86,232,92,89.1058402303011
86,233,91,90.52653265135177
86,234,90,86.17295496127826
86,235,89,85.0464358786914
86,236,88,85.66302692663132
86,237,87,83.36665697127222
86,238,86,75.95738201454972
86,239,85,73.70350474973915
86,240,84,75.42525899253359
86,241,83,73.01897541162906
86,242,82,76.13262177883335
86,243,81,81.26178623013583
86,244,80,83.76905716986515
86,245,79,81.13454309588873
86,246,78,83.67619148102102
86,247,77,78.45951853767156
86,248,76,80.62154049269807
86,249,75,75.73776905416172
86,250,74,74.2938650132056
86,251,73,74.17732381046102
86,252,72,74.93807257673683
86,253,71,74.01522758725805
86,254,70,64.31910944461907
87,40,221,124.86865145736095
87,41,220,124.06575431501909
87,42,219,124.07473543300027
87,43,218,124.35782884633863
87,44,217,125.0
87,45,216,124.85843949889494
87,46,215,123.52907928998485
87,47,214,124.65284169257446
87,48,213,124.17378541726887
87,49,212,124.52439311192717
87,50,211,124.82144865522984
87,51,210,124.75484077296522
87,52,209,124.99952023725169
87,53,208,125.0
87,54,207,124.55415306890342
87,55,206,124.72580916809912
87,56,205,124.37451738221425
87,57,204,124.58616908626622
87,58,203,124.77440969037278
87,59,202,124.86783231730112
87,60,201,124.4684608992604
87,61,200,124.07534727516976
87,62,199,123.99769609864539
87,63,198,124.58655033511054
87,64,197,125.0
87,65,196,125.0
87,66,195,125.0
87,67,194,125.0
87,68,193,125.0
87,69,192,125.0
87,70,191,125.0
87,71,190,125.0
87,72,189,124.76053636779739
87,73,188,125.0
87,74,187,125.0
87,75,186,125.0
87,76,185,125.0
87,77,184,124.86639382041963
87,78,183,124.31686523353495
87,79,182,124.4146340894302
87,80,181,125.0
87,81,180,124.91948356232002
87,82,179,124.86692338397812
87,83,178,123.37411447425359
87,84,177,123.45527457578547
87,85,176,123.4721412489466
87,86,175,122.87243469052649
87,87,174,123.58981789931599
87,88,173,122.88495101479143
87,89,172,122.86315200790517
87,90,171,122.1552882913459
87,91,170,122.97737684296919
87,92,169,123.1297751995972
87,93,168,123.38740753393965
87,94,167,122.88201754375926
87,95,166,123.06229296940674
87,96,165,123.94196134414493
87,97,164,123.17238440950575
87,98,163,123.3573644104547
87,99,162,122.41101994264349
87,100,161,123.32088396625872
87,101,160,123.77023878358445
87,102,159,123.93804011422384
87,103,158,123.9867416964571
87,104,157,123.98449889516414
87,105,156,121.36691320853231
87,106,155,123.18294109745977
87,107,154,123.15963295496528
87,108,153,123.42764760835104
87,109,152,122.86448340217831
87,110,151,121.83957577792714
87,111,150,120.74568056226585
87,112,149,119.53330313738296
87,113,148,123.0507467854739
87,114,147,123.34245957014969
87,115,146,123.69248599233906
87,116,145,123.57143545535007
87,117,144,122.5444633961082
87,118,143,122.31189603816091
87,119,142,122.62074118907216
87,120,141,121.85289153184311
87,121,140,122.76189803857264
87,122,139,123.68330713466406
87,123,138,123.85347126134266
87,124,137,122.91509638118035
87,125,136,122.0647788724934
87,126,135,120.86444851771836
87,127,134,122.57392538482254
87,128,133,123.72632831038767
87,129,132,123.07391033015298
87,130,131,123.60370740111796
87,131,130,124.11099739415593
87,132,129,124.31423882341753
87,133,128,124.54903421347693
87,134,127,124.3658721957992
87,135,126,124.73332917284782
87,136,125,124.17994722484474
87,137,124,124.09816419506213
87,138,123,124.29914598833247
87,139,122,123.16484733951361
87,140,121,123.23197904624168
87,141,120,121.13901566925955
87,142,119,121.35974748852294
87,143,118,122.12170291474223
87,144,117,122.9683156186768
87,145,116,123.41621209739088
87,146,115,119.91313669379882
87,147,114,120.24398560966685
87,148,113,118.99851640302188
87,149,112,118.57195744830318
87,150,111,120.0110273673159
87,151,110,118.49855357804132
87,152,109,117.67545197384779
87,153,108,120.14560434212575
87,154,107,119.41985376715812
87,155,106,119.18366897449582
87,156,105,118.5457958290484
87,157,104,116.75808099187542
87,158,103,115.39887432562821
87,159,102,113.09089470104836
87,160,101,112.35793227144023
87,161,100,114.84982478055682
87,162,99,114.19338506669169
87,163,98,112.75814387514214
87,164,97,113.29249744753307
87,165,96,110.20293261393738
87,166,95,109.95345331542129
87,167,94,109.64755071003053
88,40,156,123.39958659165819
88,41,155,122.30797015920746
88,42,154,122.93375845429588
88,43,153,123.63461129820769
88,44,152,123.34964946566507
88,45,151,123.30985842820445
88,46,150,123.26631336479223
88,47,149,122.6084442959588
88,48,148,121.71673913671542
88,49,147,121.244071718215
88,50,146,120.7350122650992
88,51,145,122.15518777142472
88,52,144,122.26741290800797
88,53,143,120.39467932093432
88,54,142,119.89521790748385
88,55,141,121.40775216072333
88,56,140,120.98139067113519
88,57,139,118.40879703145026
88,58,138,117.91971938223365
88,59,137,119.65736623717208
88,60,136,115.04683495221776
88,61,135,117.6571476830966
88,62,134,115.06278171036544
88,63,133,113.24756795332098
88,64,132,115.0664124707928
88,65,131,111.13576415429324
88,66,130,109.82742156467941
88,67,129,108.98753256238396
88,68,128,110.90015685529187
88,69,127,112.43062081451723
88,70,126,109.71857263978907
88,71,125,119.43473993498995
88,72,124,117.95194690581481
88,73,123,119.78230230516033
88,74,122,119.19305527966114
88,75,121,118.23117967057365
88,76,120,117.13496006690734
88,77,119,118.37764657616319
88,78,118,118.48572207067396
88,79,117,115.23107964479763
88,80,116,116.59137429488061
88,81,115,116.69313048608367
88,82,114,116.89129962982923
88,83,113,115.0374101900922
88,84,112,116.22807755848726
88,85,111,115.69803508589993
88,86,110,114.79613267279817
88,87,109,115.53071545524999
88,88,108,113.9962698132274
88,89,107,115.342556137938
88,90,106,117.85869887098842
88,91,105,119.17054306761756
88,92,104,120.55079000258723
88,93,103,120.17867381726037
88,94,102,119.2943525395294
88,95,101,118.36291768150971
88,96,100,116.68031444327532
88,97,99,117.74780008266637
88,98,98,117.41894794650247
88,99,97,116.56259778826916
88,100,96,115.73553034310862
88,101,95,118.2872650452502
88,102,94,118.14508445814175
88,103,93,117.85293795727105
88,104,92,113.98729520841944
88,105,91,112.51480246648767
88,106,90,110.51335731254579
88,107,89,110.17274661386045
88,108,88,110.67394142694864
88,109,87,113.70825512831786
88,110,86,114.22012821320833
88,111,85,114.34498201126723
88,112,84,113.64198211832026
88,113,83,110.55372335941838
88,114,82,109.29151854547291
88,115,81,107.75142436439617
88,116,80,104.78063821336355
88,117,79,103.23272665416442
88,118,78,96.22565242922508
88,119,77,93.4120009904234
88,120,76,87.25049081320068
88,121,75,85.49345470211459
88,122,74,87.18663257677801
88,123,73,84.83531419670365
88,124,72,82.9653208997315
88,125,71,83.85064033002278
88,126,70,79.66118236632929
88,127,69,80.57818393877119
88,128,68,70.05931542654363
88,129,67,74.06351771358337
88,130,66,65.17052189575885
88,131,65,59.22999615449041
88,132,64,61.445792644713364
88,133,63,56.00579206141854
88,134,62,55.71013498012215
88,135,61,56.43563175976165
88,136,60,55.94468267739788
88,137,59,58.50026222720015
88,138,58,64.99988973139517
88,139,57,57.918152005419856
88,140,56,61.36739045882834
89,40,331,125.0
89,41,330,125.0
89,42,329,125.0
89,43,328,125.0
89,44,327,125.0
89,45,326,125.0
89,46,325,125.0
89,47,324,125.0
89,48,323,125.0
89,49,322,125.0
89,50,321,125.0
89,51,320,125.0
89,52,319,125.0
89,53,318,125.0
89,54,317,125.0
89,55,316,125.0
89,56,315,125.0
89,57,314,125.0
89,58,313,125.0
89,59,312,125.0
89,60,311,124.57485552151618
89,61,310,124.77147979868931
89,62,309,124.5450920992969
89,63,308,125.0
89,64,307,124.85205616011703
89,65,306,124.7011483255503
89,66,305,124.81610499040383
89,67,304,124.84792580231607
89,68,303,124.83254677637609
89,69,302,123.85468524691913
89,70,301,124.09531217181475
89,71,300,123.99054932368483
89,72,299,123.62578426555105
89,73,298,124.91551732643183
89,74,297,125.0
89,75,296,123.95350926508429
89,76,295,124.99001790726811
89,77,294,124.20403130928906
89,78,293,124.04485567825506
89,79,292,124.2044952966925
89,80,291,124.1616367577069
89,81,290,124.4095028758731
89,82,289,124.27137735611282
89,83,288,124.7002167216711
89,84,287,123.75751792419365
89,85,286,123.80069284333004
89,86,285,123.55106492235333
89,87,284,123.50336813929255
89,88,283,123.13041923983192
89,89,282,123.26075645513947
89,90,281,121.83258936487725
89,91,280,121.20843920502202
89,92,279,122.5817125772924
89,93,278,121.35889754812686
89,94,277,123.1922939393921
89,95,276,122.28496507057825
89,96,275,122.93011081029104
89,97,274,123.18821291175905
89,98,273,122.3179164470271
89,99,272,123.39976877535362
89,100,271,122.36947259803281
89,101,270,123.63164191510168
89,102,269,123.38911523134688
89,103,268,122.75626168009927
89,104,267,122.2525367653399
89,105,266,122.5129305977003
89,106,265,123.01315967143267
89,107,264,123.39683778434693
89,108,263,122.83544980457961
89,109,262,122.95131899414196
89,110,261,121.73803591111515
89,111,260,122.28835933042912
89,112,259,123.00798153240751
89,113,258,123.59220429626009
89,114,257,123.10103438311401
89,115,256,122.09423383718558
89,116,255,121.24650535646998
89,117,254,122.48101637497237
89,118,253,122.30258378042068
89,119,252,123.09831525891798
89,120,251,123.7008318068728
89,121,250,121.21114444533643
89,122,249,119.71828099242879
89,123,248,121.04782014303868
89,124,247,121.03894346055004
89,125,246,121.28619205877575
89,126,245,122.16226379223227
89,127,244,123.35799392480615
89,128,243,122.40705276639238
89,129,242,123.34628494716475
89,130,241,122.87033133941361
89,131,240,122.218537356463
89,132,239,123.21789030001752
89,133,238,124.37073950192283
89,134,237,123.24375653484873
89,135,236,123.97726703570665
89,136,235,124.35577735576128
89,137,234,123.96267551752157
89,138,233,123.64858283070379
89,139,232,123.98421413909242
89,140,231,123.32354053925454
89,141,230,122.72790151194351
89,142,229,123.55988249247463
89,143,228,123.48248563714293
89,144,227,123.55796139059365
89,145,226,123.94919891942573
89,146,225,124.1140800053542
89,147,224,123.47408093371453
89,148,223,123.35780617008155
89,149,222,122.99719626971645
89,150,221,122.78167591235938
89,151,220,122.75243735711618
89,152,219,124.02192249636849
89,153,218,124.20640191868873
89,154,217,123.72581785580138
89,155,216,124.83506792222477
89,156,215,124.03623738112043
89,157,214,123.36306283374404
89,158,213,124.40551861329959
89,159,212,123.54571680544447
89,160,211,122.81434856007587
89,161,210,120.10961608160207
89,162,209,118.2489542059115
89,163,208,116.1258973198313
89,164,207,113.9871652543235
89,165,206,111.88725148603669
89,166,205,117.45684450411802
89,167,204,119.86137227809952
89,168,203,121.71572277975523
89,169,202,123.06448311512
89,170,201,124.14168551354746
89,171,200,122.89490716358469
89,172,199,121.92373309133345
89,173,198,123.59322753695629
89,174,197,123.94473968997347
89,175,196,123.85678713687926
89,176,195,123.58776708032849
89,177,194,123.36443782577352
89,178,193,122.45333378359723
89,179,192,123.6487747354021
89,180,191,123.20798096470797
89,181,190,123.85580951927321
89,182,189,124.61345074984115
89,183,188,123.35124901613987
89,184,187,123.7409444421219
89,185,186,123.64833871611296
89,186,185,123.59049008502501
89,187,184,123.60406988415973
89,188,183,123.64608639234066
89,189,182,124.16087196403697
89,190,181,123.14207809178953
89,191,180,123.24825048635404
89,192,179,123.3682581404876
89,193,178,123.39550578687559
89,194,177,123.73909606002165
89,195,176,123.67218277963129
89,196,175,123.39688875455559
89,197,174,124.43442252919749
89,198,173,123.01331071123673
89,199,172,122.96155548693255
89,200,171,123.38280877851847
89,201,170,122.03765395281565
89,202,169,122.61342547368525
89,203,168,123.84596099381446
89,204,167,123.86966946155127
89,205,166,124.52907794750193
89,206,165,125.0
89,207,164,124.96504332161034
89,208,163,125.0
89,209,162,125.0
89,210,161,125.0
89,211,160,124.74427835051534
89,212,159,124.71190070400496
89,213,158,125.0
89,214,157,124.37927608970935
89,215,156,123.92279221075793
89,216,155,124.25042061370928
89,217,154,125.0
89,218,153,122.1223796054071
89,219,152,124.4442431565964
89,220,151,123.52937203333639
89,221,150,124.52546068073025
89,222,149,123.69456898106364
89,223,148,124.1367349420538
89,224,147,124.37335923327365
89,225,146,123.24563712150382
89,226,145,123.55578965920665
89,227,144,122.79149599148938
89,228,143,121.97721340369834
89,229,142,122.19518219880621
89,230,141,122.62777134219996
89,231,140,124.33918435203071
89,232,139,123.76810920843442
89,233,138,122.72944978974255
89,234,137,117.24556231533802
89,235,136,120.62072678389364
89,236,135,119.14202458107052
89,237,134,115.80616341297461
89,238,133,117.01152299702115
89,239,132,112.69814855261453
89,240,131,112.9294899329922
89,241,130,115.02628495438456
89,242,129,113.21156140278589
89,243,128,112.5645438624128
89,244,127,114.59637258696856
89,245,126,116.1573776407705
89,246,125,115.92266098334443
89,247,124,116.00913379175128
89,248,123,116.9098594946976
89,249,122,115.66883873188749
89,250,121,117.08174307154735
89,251,120,116.16379701981185
89,252,119,111.08804309119147
89,253,118,112.82029924590917
89,254,117,113.21740021315523
89,255,116,109.35211117921091
89,256,115,112.6428612996593
89,257,114,108.51138143593496
89,258,113,108.08744803458771
89,259,112,110.04264812110607
89,260,111,106.1481733872931
89,261,110,109.0204251728934
89,262,109,106.31501374933062
89,263,108,105.88105672625011
89,264,107,109.65916744839777
89,265,106,105.14346418852685
89,266,105,109.39394744228568
89,267,104,110.07497032693044
89,268,103,112.77011977258404
89,269,102,104.71824115587034
89,270,101,110.71090168819909
89,271,100,108.87314817783171
89,272,99,107.6614111558688
89,273,98,105.80764427870534
89,274,97,101.69980808974677
89,275,96,99.17530416671434
89,276,95,98.85656935394258
89,277,94,89.35453806511447
89,278,93,88.09155883764245
89,279,92,87.07312351499928
89,280,91,92.72731042930432
89,281,90,92.77126848648686
89,282,89,92.41495150843741
89,283,88,88.76546026201922
89,284,87,91.67833382254292
89,285,86,93.37463967791416
90,40,174,119.86628436058456
90,41,173,119.87736984888328
90,42,172,121.00503284035742
90,43,171,119.84363087081712
90,44,170,119.47474757930146
90,45,169,117.38709753181618
90,46,168,116.47149957451991
90,47,167,119.85932641896294
90,48,166,120.48646491234993
90,49,165,122.11173193622952
90,50,164,122.2506560343822
90,51,163,120.72820591448823
90,52,162,119.47070561377642
90,53,161,120.07472538636618
90,54,160,119.6188533978655
90,55,159,118.59576866549112
90,56,158,119.50046101867954
90,57,157,118.12097939414792
90,58,156,117.12647012571244
90,59,155,115.36332302788604
90,60,154,117.68280468990804
90,61,153,120.31642015858952
90,62,152,115.41199949857521
90,63,151,118.46495275295922
90,64,150,117.65678415638584
90,65,149,114.22392387869972
90,66,148,112.96701552559945
90,67,147,110.18387643149931
90,68,146,110.76733388539486
90,69,145,110.26551155392026
90,70,144,112.46141566513262
90,71,143,104.14824808957741
90,72,142,101.45812325136919
90,73,141,102.68499276917565
90,74,140,104.7617266165422
90,75,139,110.03384678687216
90,76,138,109.48133564024982
90,77,137,110.02664037950488
90,78,136,112.34690785839751
90,79,135,106.88944861335212
90,80,134,103.4108916641337
90,81,133,103.89784930015432
90,82,132,100.14866457722471
90,83,131,98.25035116875387
90,84,130,96.31680753679237
90,85,129,88.77817622203557
90,86,128,98.15265677128377
90,87,127,97.83753477758978
90,88,126,102.3496836224486
90,89,125,104.10842916524612
90,90,124,102.3378098924299
90,91,123,96.74533639969172
90,92,122,94.57684964938849
90,93,121,98.6986968066725
90,94,120,105.16909867025612
90,95,119,102.78665910140764
90,96,118,101.19436718687746
90,97,117,95.38305858856916
90,98,116,95.77374077843564
90,99,115,99.5677169980475
90,100,114,101.37502396149299
90,101,113,98.73532463204516
90,102,112,95.77808704804305
90,103,111,99.8318426876501
90,104,110,101.79669318585543
90,105,109,102.91030007891945
90,106,108,101.85837085766174
90,107,107,104.20950912639663
90,108,106,107.6108695375193
90,109,105,106.08240502336534
90,110,104,107.0306461070447
90,111,103,105.57629748184286
90,112,102,105.5291881822206
90,113,101,107.13041398184976
90,114,100,103.06038742893207
90,115,99,106.12390652247181
90,116,98,100.18544414793439
90,117,97,99.99535706039313
90,118,96,101.33451602816538
91,40,154,124.67589476643553
91,41,153,125.0
91,42,152,125.0
91,43,151,125.0
91,44,150,124.63145505646847
91,45,149,124.5365010349694
91,46,148,122.63267353056598
91,47,147,121.60118272317821
91,48,146,121.53059403387313
91,49,145,123.02591551786081
91,50,144,117.25477190429069
91,51,143,111.78023709229024
91,52,142,111.60524907771122
91,53,141,109.35781577731393
91,54,140,112.8411303434248
91,55,139,113.77842552526681
91,56,138,111.71078212696591
91,57,137,111.76191414022662
91,58,136,112.39974122137198
91,59,135,111.84721552896971
91,60,134,114.92759067353157
91,61,133,115.23582507129359
91,62,132,113.73398354435275
91,63,131,115.43232528253407
91,64,130,115.06407884478543
91,65,129,117.91340369741411
91,66,128,116.5240150478138
91,67,127,117.65214325327901
91,68,126,116.98016438393977
91,69,125,114.5816515271087
91,70,124,112.11302346544517
91,71,123,111.68319703971409
91,72,122,111.63531781773432
91,73,121,111.75474620717723
91,74,120,113.47301102155231
91,75,119,114.12754676349861
91,76,118,115.0179156554762
91,77,117,116.99308162685244
91,78,116,115.8199204713569
91,79,115,112.36895562824374
91,80,114,113.35380084173084
91,81,113,111.80906401422982
91,82,112,110.4770783698385
91,83,111,106.56458674429028
91,84,110,105.15177910288995
91,85,109,99.61190729105809
91,86,108,94.73602820540918
91,87,107,98.944343366816
91,88,106,96.86097841445611
91,89,105,96.79183568114007
91,90,104,92.61426967375638
91,91,103,90.08382403186381
91,92,102,93.16904002304207
91,93,101,94.37848250149116
91,94,100,93.64415164293828
91,95,99,97.21019592999441
91,96,98,94.34834213983453
91,97,97,90.58056019747723
91,98,96,98.46427093319319
91,99,95,91.71560826267819
91,100,94,88.66687231823772
91,101,93,90.21158133371142
91,102,92,89.36784696548412
91,103,91,88.50164991727789
91,104,90,83.7861073372118
91,105,89,82.8983794393721
91,106,88,81.11965518230957
91,107,87,77.84776597803122
91,108,86,77.02048825382015
91,109,85,79.03928880835677
91,110,84,76.64212003875075
91,111,83,62.56652084635339
91,112,82,64.04445352569527
91,113,81,64.24428768513113
91,114,80,64.10743914361268
91,115,79,62.0964724450322
91,116,78,62.14444526754847
91,117,77,61.85287411465194
91,118,76,64.45105496395715
91,119,75,62.11726169524498
91,120,74,66.70113779792365
91,121,73,63.33641888133884
91,122,72,61.41753419610268
91,123,71,59.52944426682786
91,124,70,58.17824252232653
91,125,69,56.25445065685615
91,126,68,57.91334727018126
91,127,67,58.54470184212393
91,128,66,57.23365751631778
91,129,65,57.69280524163214
91,130,64,58.993728227731054
91,131,63,54.93983770314871
91,132,62,52.0683942613866
91,133,61,54.891539904202034
91,134,60,50.981408660721286
91,135,59,52.9712639825716
91,136,58,55.62425857598542
91,137,57,54.13799894405682
91,138,56,49.14303596985202
91,139,55,50.80174794909266
91,140,54,47.95186365000164
91,141,53,43.54013631892624
91,142,52,45.52723829648494
91,143,51,42.51705726575945
91,144,50,42.88398073898238
92,40,149,123.06313684782106
92,41,148,123.40978520235797
92,42,147,122.01849435391611
92,43,146,121.51240597673008
92,44,145,119.66977712837325
92,45,144,117.82886214836977
92,46,143,121.12983162831434
92,47,142,121.95234549894637
92,48,141,124.05090160578726
92,49,140,122.54083437847771
92,50,139,125.0
92,51,138,125.0
92,52,137,125.0
92,53,136,124.71943299549224
92,54,135,124.0249330755359
92,55,134,124.22238521223355
92,56,133,124.83783952881157
92,57,132,125.0
92,58,131,125.0
92,59,130,124.89686657189122
92,60,129,122.7617698413391
92,61,128,122.44162694056084
92,62,127,122.27691280473255
92,63,126,123.95851489893043
92,64,125,123.05555704406663
92,65,124,122.09556588119264
92,66,123,120.06517694657381
92,67,122,121.42529468719805
92,68,121,121.50539902762188
92,69,120,120.00292136176459
92,70,119,121.44397089017829
92,71,118,122.17742436552415
92,72,117,122.46300512130935
92,73,116,121.65901303034538
92,74,115,119.7690519000687
92,75,114,118.96398063980622
92,76,113,118.97285061582723
92,77,112,120.61266069741737
92,78,111,119.92694964244322
92,79,110,120.47593035419766
92,80,109,120.8641649906966
92,81,108,120.3190306478671
92,82,107,119.54563872218694
92,83,106,120.40070294314216
92,84,105,121.15269259468388
92,85,104,122.04698284747332
92,86,103,122.24709748428573
92,87,102,121.5624273024954
92,88,101,122.83359832260116
92,89,100,123.05119802136733
92,90,99,122.39082318134243
92,91,98,122.56999978343015
92,92,97,121.35096173697455
92,93,96,118.40561256228978
92,94,95,118.50478287179651
92,95,94,119.57704714225395
92,96,93,118.94656103718998
92,97,92,120.31544530354354
92,98,91,120.4326881147629
92,99,90,118.13852434632263
92,100,89,116.01427618517877
92,101,88,116.86547043691198
92,102,87,112.62604255303333
92,103,86,112.22302541721191
92,104,85,113.63801353177485
92,105,84,113.20432699785451
92,106,83,112.98953553278054
92,107,82,110.33731329245126
92,108,81,108.14978891949784
92,109,80,105.38911589275511
92,110,79,103.58658311242968
92,111,78,102.37939333963985
92,112,77,101.45248382050491
92,113,76,101.69413050135759
92,114,75,93.2225872062291
92,115,74,91.21276690689831
92,116,73,90.51312324212833
93,40,314,124.94302970012217
93,41,313,124.43309858228093
93,42,312,124.17304349230136
93,43,311,124.73510284351272
93,44,310,123.76565148080904
93,45,309,124.25532394814347
93,46,308,124.74629777855905
93,47,307,123.60915670461476
93,48,306,125.0
93,49,305,125.0
93,50,304,125.0
93,51,303,125.0
93,52,302,125.0
93,53,301,125.0
93,54,300,125.0
93,55,299,125.0
93,56,298,125.0
93,57,297,122.61159986178184
93,58,296,125.0
93,59,295,125.0
93,60,294,125.0
93,61,293,125.0
93,62,292,124.81668104344949
93,63,291,124.91063679696987
93,64,290,124.74974531470863
93,65,289,124.86020133789779
93,66,288,125.0
93,67,287,125.0
93,68,286,125.0
93,69,285,125.0
93,70,284,124.67792070442587
93,71,283,123.76833806053645
93,72,282,123.68307036196342
93,73,281,124.10791577200101
93,74,280,123.55826527162333
93,75,279,124.32478228742937
93,76,278,124.50714384858044
93,77,277,124.42186950680288
93,78,276,124.8608065245297
93,79,275,124.94838860062666
93,80,274,124.94015424101926
93,81,273,124.16609153020667
93,82,272,124.21500602954919
93,83,271,123.65039511683446
93,84,270,123.58071301354266
93,85,269,124.11454989584252
93,86,268,124.46013293735366
93,87,267,122.60477333981325
93,88,266,121.84998861671868
93,89,265,124.0347011804147
93,90,264,123.52890981644117
93,91,263,123.116404420565
93,92,262,122.44893594793965
93,93,261,123.1106455203504
93,94,260,123.53449856203459
93,95,259,123.18195819635099
93,96,258,123.79564037500748
93,97,257,123.68429828818444
93,98,256,123.29399766143135
93,99,255,124.06663686511881
93,100,254,123.59602072225849
93,101,253,123.82498267114771
93,102,252,124.17007516778801
93,103,251,124.63469383144383
93,104,250,124.12088233150854
93,105,249,123.76486924409497
93,106,248,124.09509890102703
93,107,247,123.913007663454
93,108,246,124.38222718705632
93,109,245,123.99311650179
93,110,244,123.2302227692029
93,111,243,124.17005512912715
93,112,242,124.39400875704996
93,113,241,124.40882268041548
93,114,240,124.16095193634376
93,115,239,124.36030263376702
93,116,238,124.70727052788419
93,117,237,123.97735657253192
93,118,236,123.20296619595305
93,119,235,122.26947295079454
93,120,234,121.64627629646995
93,121,233,124.73263814447836
93,122,232,122.29691931017238
93,123,231,123.24303807544167
93,124,230,121.25282923014541
93,125,229,120.75322700950304
93,126,228,121.65036736303361
93,127,227,122.68690071646645
93,128,226,121.2003243325914
93,129,225,121.87765339218991
93,130,224,119.04662260619135
93,131,223,119.41415922822293
93,132,222,119.6341650570738
93,133,221,120.62923809785333
93,134,220,121.33799151603137
93,135,219,121.56195196113225
93,136,218,121.26386182155284
93,137,217,120.9750959803747
93,138,216,119.17419094320428
93,139,215,115.4561235606871
93,140,214,120.81535757083866
93,141,213,121.26395650997188
93,142,212,122.01177302354462
93,143,211,122.45526510304836
93,144,210,123.1021920836555
93,145,209,123.07335766725484
93,146,208,122.93885642641041
93,147,207,122.79996376826189
93,148,206,123.09553255415747
93,149,205,123.84215036824378
93,150,204,123.46983513679464
93,151,203,123.53261604053597
93,152,202,124.17589787754716
93,153,201,124.65830402442903
93,154,200,125.0
93,155,199,124.15144520320615
93,156,198,123.39448981729299
93,157,197,122.37347228315264
93,158,196,122.97973980725683
93,159,195,121.74209299918131
93,160,194,122.20585701491223
93,161,193,121.56955474967194
93,162,192,121.72969152736869
93,163,191,122.15705984602567
93,164,190,122.69194553993532
93,165,189,122.08414147647807
93,166,188,122.31862095399842
93,167,187,123.27823679855243
93,168,186,121.27524159114729
93,169,185,122.11485147912055
93,170,184,121.1686285045643
93,171,183,120.96924600165374
93,172,182,122.70114122031025
93,173,181,123.04728737329002
93,174,180,122.78098436477774
93,175,179,122.15362528200504
93,176,178,121.0381984276292
93,177,177,120.97634561927558
93,178,176,120.09190736781474
93,179,175,121.11398284289396
93,180,174,121.82841585921875
93,181,173,121.29238518334404
93,182,172,121.48099379967545
93,183,171,121.51335945523813
93,184,170,122.30419647470286
93,185,169,121.87685639690616
93,186,168,121.90275470216284
93,187,167,122.72941670763565
93,188,166,122.28415798979364
93,189,165,121.12487178364125
93,190,164,118.38226012678416
93,191,163,120.02035364232103
93,192,162,119.09865911217173
93,193,161,120.63258281744177
93,194,160,123.84193638857747
93,195,159,123.03488652392355
93,196,158,123.26913883573178
93,197,157,123.39803573619838
93,198,156,122.65371935829494
93,199,155,122.70594449453647
93,200,154,121.048791885263
94,40,194,125.0
94,41,193,124.47254390545044
94,42,192,124.31919690401367
94,43,191,124.79329388173258
94,44,190,124.90733654851833
94,45,189,124.75175538870738
94,46,188,124.56792653281802
94,47,187,125.0
94,48,186,124.90400383685078
94,49,185,125.0
94,50,184,125.0
94,51,183,124.89643946648755
94,52,182,124.53457595244313
94,53,181,123.22424567508952
94,54,180,122.70667841929097
94,55,179,123.0858144487743
94,56,178,122.34451811831934
94,57,177,123.02592884731718
94,58,176,124.15874539241591
94,59,175,123.86311818351477
94,60,174,124.45785352649514
94,61,173,123.71296505520303
94,62,172,123.30772796444299
94,63,171,123.17492679913101
94,64,170,123.09475708896565
94,65,169,123.44470409951523
94,66,168,122.11168087743053
94,67,167,123.95338155595067
94,68,166,123.21263631908977
94,69,165,123.29258424263051
94,70,164,124.1308765811155
94,71,163,124.9794201134874
94,72,162,123.90373020156265
94,73,161,122.60664655083258
94,74,160,122.40700529399635
94,75,159,123.0281645949095
94,76,158,124.46126261835238
94,77,157,124.02921303124705
94,78,156,123.47840805030614
94,79,155,123.55936867529618
94,80,154,123.69601520677116
94,81,153,123.90448911776596
94,82,152,124.0003367210756
94,83,151,123.14090200441386
94,84,150,121.71181168871917
94,85,149,122.25603322675767
94,86,148,123.40677985841069
94,87,147,123.68847690337708
94,88,146,123.76208756483786
94,89,145,123.20411575803578
94,90,144,121.86674889665085
94,91,143,122.73963915842334
94,92,142,123.73372001803224
94,93,141,121.87632793856244
94,94,140,121.76522401487381
94,95,139,122.0123192809235
94,96,138,120.67671161591912
94,97,137,117.66829083256059
94,98,136,117.6887957573735
94,99,135,116.99637203839598
94,100,134,116.34626503788914
94,101,133,115.12536113273825
94,102,132,118.10965504648595
94,103,131,120.15249638031003
94,104,130,119.8482909494671
94,105,129,118.98870748340632
95,40,241,119.8975637977002
95,41,240,119.57809460465731
95,42,239,119.34321517227673
95,43,238,117.77864301160832
95,44,237,117.83718344142625
95,45,236,115.46703230789723
95,46,235,114.6567163613666
95,47,234,113.23545558814632
95,48,233,113.78529537120608
95,49,232,114.04996058550114
95,50,231,113.83332769615629
95,51,230,112.95224248374228
95,52,229,111.36918341419161
95,53,228,110.84072880737753
95,54,227,111.19080975543974
95,55,226,110.98861887596479
95,56,225,110.64018827953407
95,57,224,108.73530503319478
95,58,223,109.49851491185248
95,59,222,107.09577586168831
95,60,221,104.99835146632103
95,61,220,106.47507766244875
95,62,219,99.81532253432503
95,63,218,106.66331602700265
95,64,217,103.91115020895731
95,65,216,104.1839131401799
95,66,215,103.41009907924327
95,67,214,102.15355910172607
95,68,213,108.00239275767723
95,69,212,107.77795602075724
95,70,211,107.77866159910596
95,71,210,109.40301098678752
95,72,209,112.873493806925
95,73,208,113.9851459261185
95,74,207,114.26709880131413
95,75,206,116.49059656863722
95,76,205,115.79210731593346
95,77,204,113.52463599869151
95,78,203,115.38010871592323
95,79,202,112.54223505087457
95,80,201,112.10096204917579
95,81,200,116.04783879354783
95,82,199,117.94331428482849
95,83,198,114.84152360029864
95,84,197,115.38312977447946
95,85,196,115.66285442807563
95,86,195,115.25509859787435
95,87,194,111.07007476003594
95,88,193,113.13144968622294
95,89,192,113.61137600811682
95,90,191,113.72909216627274
95,91,190,111.14678321407169
95,92,189,107.4271411995326
95,93,188,101.69498211494312
95,94,187,105.0469896355295
95,95,186,106.77948448090595
95,96,185,106.39984417993519
95,97,184,101.54431246665419
95,98,183,98.18199545868022
95,99,182,99.14137317294902
95,100,181,104.88381159960986
95,101,180,106.44854591438059
95,102,179,105.68012946911406
95,103,178,111.25891110544666
95,104,177,110.74225353765578
95,105,176,114.56026053551105
95,106,175,115.22343118223856
95,107,174,113.31982185432733
95,108,173,113.77671557192397
95,109,172,112.53275877349489
95,110,171,115.36127867200122
96,40,154,124.84035482636958
96,41,153,124.1064894413569
96,42,152,124.18429631202892
96,43,151,123.27378844756987
96,44,150,123.28900895067201
96,45,149,123.75666364425501
96,46,148,121.79766618363237
96,47,147,121.46448350106762
96,48,146,121.77603058925031
96,49,145,121.3209671636549
96,50,144,122.73753856325277
96,51,143,122.77534443152012
96,52,142,123.24486493624408
96,53,141,123.14196402298701
96,54,140,122.37800241088271
96,55,139,121.37976953876415
96,56,138,120.00414578000766
96,57,137,120.04181256886255
96,58,136,120.22999386306365
96,59,135,117.59890277096629
96,60,134,115.58613034196713
96,61,133,117.90240150631371
96,62,132,116.43966605247957
96,63,131,119.16168901623624
96,64,130,121.67678095151956
96,65,129,117.41501679702195
96,66,128,117.95529970328852
96,67,127,118.01839807048356
96,68,126,112.32315630935533
96,69,125,113.24933863348929
96,70,124,109.20234882446744
96,71,123,112.39309599624764
96,72,122,115.27915466065093
96,73,121,113.13441918869995
96,74,120,114.06953092826649
96,75,119,114.58414579840425
96,76,118,116.74152179411468
96,77,117,116.6326938759131
96,78,116,117.93221976411282
96,79,115,117.15929700655852
96,80,114,116.69226980941241
96,81,113,116.12501033680574
96,82,112,115.52781915027607
96,83,111,115.4005857340592
96,84,110,118.36397182293607
96,85,109,120.03340612858022
96,86,108,120.10058936413535
96,87,107,117.78737812013287
96,88,106,117.68934173484459
96,89,105,117.52872435112113
96,90,104,118.15427886365215
96,91,103,119.86373165009078
96,92,102,120.3694551430105
96,93,101,119.30794784714976
96,94,100,117.70032742571073
96,95,99,117.5979654245447
96,96,98,116.91312840042136
96,97,97,115.71901834949367
96,98,96,115.41706920793933
96,99,95,114.62208109747787
96,100,94,115.47828156864222
96,101,93,112.00087905717919
96,102,92,110.54374383933437
96,103,91,110.45906300038715
96,104,90,110.76660505462115
96,105,89,108.75152648365062
96,106,88,106.46637157436943
96,107,87,105.34790131189997
96,108,86,99.76364973712192
96,109,85,97.82620597206468
96,110,84,94.02963878273593
96,111,83,96.09487123629233
96,112,82,95.53795018337433
96,113,81,89.34115445154563
96,114,80,88.07311865173884
96,115,79,83.71469253533152
96,116,78,82.46294674148086
96,117,77,78.7499063509034
96,118,76,82.27583243346069
96,119,75,82.18038697490367
96,120,74,82.88075657548538
96,121,73,88.30168218169102
96,122,72,88.90050688550653
96,123,71,86.71506089639239
97,40,116,123.24209810757547
97,41,115,125.0
97,42,114,125.0
97,43,113,125.0
97,44,112,124.04948303769062
97,45,111,124.27929793693761
97,46,110,123.14665162524597
97,47,109,122.62541122614158
97,48,108,122.47075178058373
97,49,107,120.80843533882214
97,50,106,120.93628644016523
97,51,105,119.7034450810593
98,40,155,124.36567530001938
98,41,154,123.32519091998748
98,42,153,122.89591940493615
98,43,152,123.13088184179092
98,44,151,122.85872406495227
98,45,150,123.61700980806077
98,46,149,122.48712513945438
98,47,148,122.71117175884208
98,48,147,123.23797422941747
98,49,146,123.19285714127591
98,50,145,122.5705211947939
98,51,144,122.24309134225442
98,52,143,123.18349109915681
98,53,142,121.68119275222458
98,54,141,122.2716439373609
98,55,140,120.9543837159803
98,56,139,120.69295140474154
98,57,138,121.41146113044243
98,58,137,120.8640243977345
98,59,136,120.57860925851395
98,60,135,120.66509425837282
98,61,134,120.930182962202
98,62,133,122.0543363186339
98,63,132,122.37904304527153
98,64,131,121.55891654082365
98,65,130,122.35174290237705
98,66,129,121.23465083794744
98,67,128,120.25648405469268
98,68,127,119.55185065319388
98,69,126,117.27260486762984
98,70,125,117.64801852412074
98,71,124,116.54189515015781
98,72,123,117.22344416157861
98,73,122,117.36155509413302
98,74,121,115.33927666058162
98,75,120,118.29066784995263
98,76,119,115.85064371271343
98,77,118,118.37072328707396
98,78,117,119.42060274133053
98,79,116,118.3712921094907
98,80,115,118.51560227956992
98,81,114,119.09586827295561
98,82,113,118.62779911709455
99,40,234,123.86590718625796
99,41,233,124.67224289831861
99,42,232,124.61332430686562
99,43,231,124.35858330082198
99,44,230,125.0
99,45,229,125.0
99,46,228,124.9100144076831
99,47,227,123.95482601785523
99,48,226,124.96547911366164
99,49,225,125.0
99,50,224,125.0
99,51,223,125.0
99,52,222,123.93914279938004
99,53,221,124.16283518741606
99,54,220,124.40221356250788
99,55,219,124.76317221805272
99,56,218,124.649352436454
99,57,217,124.9356623811828
99,58,216,125.0
99,59,215,124.88308838456878
99,60,214,125.0
99,61,213,125.0
99,62,212,125.0
99,63,211,124.87965472162062
99,64,210,124.35924209708972
99,65,209,123.67073004012062
99,66,208,123.89757856952752
99,67,207,124.17288305599283
99,68,206,123.44833840133357
99,69,205,123.25063845713467
99,70,204,123.06813213493997
99,71,203,123.44306079080994
99,72,202,123.26280660469989
99,73,201,123.82580594384612
99,74,200,124.3164371944534
99,75,199,124.47642214397857
99,76,198,124.73632936603532
99,77,197,124.7108672451746
99,78,196,124.67287607400655
99,79,195,124.54670023502632
99,80,194,123.8992807309935
99,81,193,122.48078989578289
99,82,192,122.68486621683218
99,83,191,122.231367120404
99,84,190,120.85168908287702
99,85,189,121.75306150395579
99,86,188,120.6200741617802
99,87,187,122.18581544164009
99,88,186,123.55151703666988
99,89,185,122.56804172749
99,90,184,121.54128909739009
99,91,183,120.67775557154896
99,92,182,120.0128792890256
99,93,181,121.0176912600545
99,94,180,122.57058845783855
99,95,179,124.15667021805262
99,96,178,123.09328502852472
99,97,177,122.86843253822467
99,98,176,122.07999321579496
99,99,175,122.85561223182356
99,100,174,123.57530072078883
99,101,173,124.14923061392007
99,102,172,122.44941105128996
99,103,171,122.50006862562245
99,104,170,122.47009370777019
99,105,169,122.25323002303367
99,106,168,122.22994663845614
99,107,167,122.11588430033788
99,108,166,118.84513150277576
99,109,165,118.64707693761576
99,110,164,116.88509334870184
99,111,163,118.24073392245984
99,112,162,117.15052275651979
99,113,161,118.51442165172148
99,114,160,120.36045941089014
99,115,159,122.43633384443721
99,116,158,123.33632179699211
99,117,157,123.65322620037023
99,118,156,123.85577238920294
99,119,155,123.2316014557802
99,120,154,123.05510443633635
99,121,153,123.38563059387326
99,122,152,122.14709212118717
99,123,151,122.82987672166999
99,124,150,122.7416607405124
99,125,149,121.98067243560646
99,126,148,122.44013408961253
99,127,147,121.4486046008978
99,128,146,122.32284175258827
99,129,145,120.01393212594644
99,130,144,119.47489542011411
99,131,143,121.04950762457557
99,132,142,122.16670864611964
99,133,141,122.39156855315935
99,134,140,122.4011612587222
99,135,139,123.19496535535532
99,136,138,122.97992757293895
99,137,137,122.97404930434496
99,138,136,123.20485717494095
99,139,135,123.01231149454583
99,140,134,122.68898138550782
99,141,133,121.82676136673143
99,142,132,122.66913962491698
99,143,131,123.84360914211308
99,144,130,123.48290419310456
99,145,129,123.003440591296
99,146,128,122.59633779292483
99,147,127,119.12931157980765
99,148,126,120.83795958320276
99,149,125,118.45973237990134
99,150,124,113.18053554191977
99,151,123,113.85595521700954
99,152,122,112.18447729427682
99,153,121,106.32816236037337
99,154,120,104.7040363467583
99,155,119,102.55571875719573
99,156,118,106.56596494146407
99,157,117,108.41145221952812
99,158,116,110.7101944219895
99,159,115,111.21684520001244
99,160,114,111.51319632033808
99,161,113,110.03647188000801
99,162,112,113.59998487301502
99,163,111,109.99999734914556
99,164,110,113.50718359893166
99,165,109,111.43002172655757
99,166,108,115.12613623870075
99,167,107,114.06447899724367
99,168,106,113.4621438905722
99,169,105,111.04619419468634
99,170,104,108.75877547479524
99,171,103,109.94284211241157
99,172,102,112.58151435178253
99,173,101,113.32774386084947
99,174,100,115.48056990396934
99,175,99,117.36299227576076
99,176,98,119.10980485497066
99,177,97,119.34845639364616
99,178,96,115.16541815869425
99,179,95,112.66271913678659
99,180,94,107.44350992496184
99,181,93,103.83660645789962
99,182,92,108.37078713648545
99,183,91,109.31092189060944
99,184,90,112.47665928066439
99,185,89,109.71738902144219
99,186,88,109.1906667598796
99,187,87,99.84674310569453
99,188,86,104.40838114219525
99,189,85,93.01910200167138
99,190,84,90.99907807687426
99,191,83,85.3809151843088
99,192,82,87.11860661714599
99,193,81,84.16958719116633
99,194,80,77.17457138022252
99,195,79,68.80092022765001
99,196,78,67.09549682686101
99,197,77,73.1283047702782
99,198,76,74.06671087338253
99,199,75,71.66680477004633
99,200,74,72.20157830992453
99,201,73,71.9495304044944
99,202,72,75.10068421135283
99,203,71,77.12252969083582
99,204,70,74.80217795290031
99,205,69,70.39361695628385
99,206,68,68.14192097367375
99,207,67,68.24081078501999
99,208,66,70.27058194551896
99,209,65,65.03704166704557
99,210,64,62.99683752094913
99,211,63,66.06878629572938
99,212,62,64.29157850132415
99,213,61,66.79423400022995
99,214,60,68.50261351244808
99,215,59,67.9371277479668
99,216,58,68.1044112575313
99,217,57,69.72117888261562
99,218,56,64.55344669220878
99,219,55,65.30001940540575
99,220,54,63.26833621726997
99,221,53,64.01334234530141
99,222,52,60.931832895617035
99,223,51,58.95713570477989
99,224,50,53.342687249766925
99,225,49,53.35306345760455
99,226,48,55.219943966985824
99,227,47,55.08576036424722
99,228,46,55.90420380799638
99,229,45,54.7631240801708
99,230,44,55.78573097451335
99,231,43,54.11840584430028
99,232,42,51.9031044639606
99,233,41,50.509988258143736
99,234,40,47.74823266162288
99,235,39,47.499514701237025
99,236,38,46.874685153874495
99,237,37,45.17390794035757
100,40,163,123.48663080017661
100,41,162,122.82414100905515
100,42,161,123.22179285558826
100,43,160,123.47958116853825
100,44,159,123.92229346654337
100,45,158,123.7579086386732
100,46,157,124.36538578718424
100,47,156,123.89369800327326
100,48,155,123.21885994458775
100,49,154,123.13927539576397
100,50,153,123.45799144828231
100,51,152,124.65102193486425
100,52,151,124.91290140993992
100,53,150,125.0
100,54,149,125.0
100,55,148,125.0
100,56,147,125.0
100,57,146,125.0
100,58,145,124.62306705509212
100,59,144,123.74443031356012
100,60,143,123.80972273824827
100,61,142,123.81946075558989
100,62,141,123.83372289271543
100,63,140,124.35689391051184
100,64,139,123.45462492771506
100,65,138,122.81592597078864
100,66,137,123.17724055043192
100,67,136,122.9862981725004
100,68,135,122.98717684742368
100,69,134,123.68786750150113
100,70,133,123.4837472273723
100,71,132,123.67743251295971
100,72,131,122.76316113111318
100,73,130,123.69276323032827
100,74,129,123.99086825083485
100,75,128,123.50775295592902
100,76,127,122.08334173187001
100,77,126,122.03175124259533
100,78,125,121.91163355824868
100,79,124,122.23393939966363
100,80,123,121.35117633437261
100,81,122,120.6913991457246
100,82,121,120.7675448996068
100,83,120,118.14064306951437
100,84,119,119.36332409955091
100,85,118,115.87813715824291
100,86,117,113.32595627919554
100,87,116,110.86829581802547
100,88,115,108.47621040327601
100,89,114,103.25244231804666
100,90,113,99.21658250797776
100,91,112,109.77613826085008
100,92,111,110.75144976390524
100,93,110,114.66634350303241
100,94,109,114.20091174743285
100,95,108,115.49045599843193
100,96,107,115.90492852366188
100,97,106,117.7552391846848
100,98,105,115.12771965692613
100,99,104,115.22055724637934
100,100,103,111.95378486179295
100,101,102,116.6694319643532
100,102,101,117.58041882698956
100,103,100,117.58466189115276
100,104,99,118.40399644746182
100,105,98,119.2193573786893
100,106,97,116.9823675395739
100,107,96,117.15552707676801
100,108,95,115.89826842775524
100,109,94,115.49298945261256
100,110,93,113.4264407888536
100,111,92,117.46997046080628
100,112,91,115.52620240581882
100,113,90,113.98962360902871
100,114,89,114.42632947341262
100,115,88,113.98597335903548
100,116,87,114.42204195517883
100,117,86,118.6813012883153
100,118,85,114.95528843085262
100,119,84,115.8290341209601
100,120,83,117.55371643286404
100,121,82,115.16998216457205
100,122,81,114.24919390203145
100,123,80,112.99462961259917
100,124,79,115.3445835391922
100,125,78,114.12871393672214
100,126,77,107.7186239060409
100,127,76,108.32495670139073
100,128,75,104.74311914951176
100,129,74,103.6110624539814
100,130,73,102.67670830519572
100,131,72,106.1075789830031
100,132,71,104.27379584619527
100,133,70,103.03967829089294
100,134,69,95.72314390268801
100,135,68,102.69492396567696
100,136,67,93.15649100764273
100,137,66,94.57756674201221
100,138,65,92.42113871083758
100,139,64,89.20480797818334
100,140,63,88.65513771352434
100,141,62,86.78500523021172
100,142,61,86.70739015440057
100,143,60,87.57635593450223
100,144,59,81.4778399064263
100,145,58,80.80122309824817
100,146,57,74.53760313330764
100,147,56,75.17261092429806
100,148,55,70.42659714467474
100,149,54,68.24114624956306
100,150,53,65.91649711666977
100,151,52,64.96196737435906
100,152,51,57.78238254970093
100,153,50,55.5393496652353
100,154,49,54.68249840394237
100,155,48,52.853667340327874
100,156,47,53.312266278804444
100,157,46,48.08126162704552
100,158,45,47.64873251699541
100,159,44,48.996707430338006
100,160,43,50.85963597253321
100,161,42,47.90609035779269
100,162,41,44.95568773623411
100,163,40,43.8383757407982
100,164,39,45.05889970541162
100,165,38,43.69508770191278
100,166,37,44.01792926101023
100,167,36,46.84682299735043
100,168,35,45.82849288710105
100,169,34,42.94093639960238
100,170,33,41.00135965217909
100,171,32,38.644881169341446
100,172,31,38.0771269866468
100,173,30,36.752807050717166
100,174,29,34.851718027647294
100,175,28,33.02590685083998
100,176,27,30.332218106332295
100,177,26,29.78628436082534
100,178,25,30.321135114300937
100,179,24,27.43956037656001
100,180,23,27.303337769531943
100,181,22,26.864638640545728
100,182,21,25.91206652226144
100,183,20,22.415150533609275
100,184,19,21.763768202304725
100,185,18,20.54237321178462
100,186,17,20.460841398135983
100,187,16,21.43120105807382
100,188,15,18.311562849904078
100,189,14,16.911247538737847
100,190,13,14.552720201264592
100,191,12,14.052216901237234
100,192,11,14.692218915449129
100,193,10,14.436372860673341
100,194,9,14.086550910109846
100,195,8,13.84518683233291
100,196,7,13.288272842698078
101,40,139,124.05236459311485
101,41,138,122.65712709819988
101,42,137,123.32911587355684
101,43,136,124.60649195831876
101,44,135,124.30534390429374
101,45,134,125.0
101,46,133,123.13361960612461
101,47,132,118.10970889213456
101,48,131,118.35155049801429
101,49,130,119.27803886263268
101,50,129,118.8227169579884
101,51,128,120.11921829062445
101,52,127,117.94157148148315
101,53,126,117.91497579079126
101,54,125,118.29422975072197
101,55,124,113.35131132928919
101,56,123,113.12545952524056
101,57,122,112.56570068881831
101,58,121,112.07525676812682
101,59,120,116.00755861821023
101,60,119,116.04636476853729
101,61,118,110.89709383158802
101,62,117,111.71416855590348
101,63,116,111.99870175936935
101,64,115,110.50489457109461
101,65,114,106.95119123565456
101,66,113,110.45964588326947
101,67,112,109.01487568883637
101,68,111,110.61187069873318
101,69,110,109.81532537361967
101,70,109,114.21908925472337
101,71,108,109.2345146071159
101,72,107,106.9711789439282
101,73,106,108.42429287146888
101,74,105,111.73791812248464
101,75,104,108.44719124898236
101,76,103,108.39237009897192
101,77,102,110.82788892023416
101,78,101,114.54727464448243
101,79,100,115.36391108385126
101,80,99,116.36538923112371
101,81,98,116.21307823577106
101,82,97,113.30723947189361
101,83,96,113.12073706187488
101,84,95,116.63787773584804
101,85,94,116.7020959016642
101,86,93,118.38227128764169
101,87,92,118.18428495006802
101,88,91,117.06607048778184
101,89,90,118.52132626169634
101,90,89,117.17130867314683
101,91,88,116.90730732971362
101,92,87,115.86130379410827
101,93,86,115.75233950348115
101,94,85,117.78081010481004
101,95,84,116.45851802242947
101,96,83,114.16463686752641
101,97,82,112.89524683453311
101,98,81,109.99061959035055
101,99,80,110.0326030172113
101,100,79,109.6811449322308
101,101,78,106.43712571182314
101,102,77,106.41967441487031
101,103,76,106.89846914481078
101,104,75,103.76227494419814
101,105,74,110.67744603451791
101,106,73,110.15663958457557
101,107,72,103.73786317995378
101,108,71,101.037821299665
101,109,70,101.45387587350379
101,110,69,99.01646400358247
101,111,68,86.29913123697594
101,112,67,71.76733723706283
101,113,66,63.01160336972251
101,114,65,51.98806420232425
101,115,64,48.342281221952646
101,116,63,44.84465900838598
101,117,62,50.59942545966022
101,118,61,50.90780981908857
101,119,60,50.43840670953061
101,120,59,48.05872127752635
101,121,58,52.29556510467528
101,122,57,45.32042023445648
101,123,56,49.691158227977695
101,124,55,57.20789888692063
101,125,54,61.94109256937239
101,126,53,62.756526201113196
101,127,52,60.15931474124672
101,128,51,56.921412922465734
101,129,50,59.23687089375151
101,130,49,59.166132501800845
101,131,48,62.37071017024888
101,132,47,69.13268653435166
101,133,46,68.0474151210957
101,134,45,65.02640997348719
101,135,44,59.25583666560547
101,136,43,58.394933527531926
101,137,42,54.418321084489634
101,138,41,50.14377816677901
101,139,40,49.70189106170381
101,140,39,45.71654882507486
101,141,38,44.040119044072725
101,142,37,44.932758560040554
101,143,36,46.25584851747563
101,144,35,39.97346623017873
101,145,34,39.97458468448011
101,146,33,37.862290537700574
101,147,32,32.350037737068845
101,148,31,31.34233034019538
101,149,30,30.253899387412226
101,150,29,29.951719058547994
101,151,28,27.530016959890354
101,152,27,27.640571775888368
101,153,26,25.678447789519343
101,154,25,27.305132452415286
101,155,24,21.038356833920396
101,156,23,20.3433968565926
101,157,22,18.31313582040623
101,158,21,16.69571230276749
101,159,20,15.778884538859042
101,160,19,15.14784603605607
101,161,18,12.760627463605623
101,162,17,13.590765380684989
101,163,16,13.455415237654854
101,164,15,13.205248332096634
101,165,14,14.364495863087349
101,166,13,10.787494996388954
102,40,425,125.0
102,41,424,124.29356629604908
102,42,423,124.099761823293
102,43,422,123.87374986352513
102,44,421,123.96366930497656
102,45,420,124.16999864791319
102,46,419,124.88496153070975
102,47,418,124.47062313412678
102,48,417,125.0
102,49,416,125.0
102,50,415,125.0
102,51,414,125.0
102,52,413,125.0
102,53,412,125.0
102,54,411,125.0
102,55,410,125.0
102,56,409,125.0
102,57,408,125.0
102,58,407,124.60582327762663
102,59,406,125.0
102,60,405,124.35018267120306
102,61,404,124.94963571169023
102,62,403,123.87383606092459
102,63,402,124.58052154176501
102,64,401,124.2296342576287
102,65,400,124.90418687720484
102,66,399,124.09770589688523
102,67,398,123.96178339929054
102,68,397,123.89689241076438
102,69,396,122.33939796970898
102,70,395,122.00975008693882
102,71,394,122.40505604923871
102,72,393,123.01190290932632
102,73,392,123.34631511215791
102,74,391,123.17470800169332
102,75,390,122.07087662118562
102,76,389,122.05546165843076
102,77,388,123.29689314147292
102,78,387,122.97714522298556
102,79,386,123.3549677121467
102,80,385,123.03719207143985
102,81,384,124.2567420199822
102,82,383,124.59767423596799
102,83,382,123.48109572861918
102,84,381,123.57920638804573
102,85,380,123.9272215899569
102,86,379,123.8417689022927
102,87,378,124.15127423092119
102,88,377,125.0
102,89,376,124.97913432244087
102,90,375,124.20984207045419
102,91,374,124.90462096921165
102,92,373,124.8277266923547
102,93,372,124.74437076791827
102,94,371,124.44317075125166
102,95,370,124.56145153705543
102,96,369,124.63675046867127
102,97,368,124.61392972197979
102,98,367,124.33393316587477
102,99,366,123.60321577660693
102,100,365,123.49622702850473
102,101,364,123.61040714670537
102,102,363,123.07634934796843
102,103,362,123.13296720920287
102,104,361,123.21845800765074
102,105,360,123.20230179467568
102,106,359,124.12247502692227
102,107,358,123.85310022697945
102,108,357,122.85156173793612
102,109,356,123.21570991805373
102,110,355,123.94896953193697
102,111,354,124.19598757621452
102,112,353,124.15322698181382
102,113,352,124.08734463919728
102,114,351,124.74558445981884
102,115,350,123.85057731145052
102,116,349,124.017098873496
102,117,348,124.33036854106557
102,118,347,124.02203635219323
102,119,346,124.07590200450747
102,120,345,123.60914351965283
102,121,344,122.72489690940043
102,122,343,122.65669872017922
102,123,342,122.94207396800262
102,124,341,121.39142541115027
102,125,340,121.74692776339742
102,126,339,122.90983109401985
102,127,338,123.3681208299133
102,128,337,122.97945078366746
102,129,336,123.80130840622189
102,130,335,123.42460000763472
102,131,334,123.95349702185237
102,132,333,123.85110525662571
102,133,332,124.40521334047193
102,134,331,123.91718597495831
102,135,330,124.25222880880091
102,136,329,124.4171275233845
102,137,328,124.69934678549033
102,138,327,124.64178516964867
102,139,326,124.11778411594103
102,140,325,123.9583924864618
102,141,324,123.73732522533845
102,142,323,124.33650329851666
102,143,322,124.33968962054507
102,144,321,124.57619040049914
102,145,320,123.52141287634379
102,146,319,122.8992541833476
102,147,318,124.49754038812577
102,148,317,123.60158709346014
102,149,316,122.88413451669803
102,150,315,122.19753067269001
102,151,314,122.29607735873097
102,152,313,122.2999686609821
102,153,312,122.52946455168163
102,154,311,122.02847630636147
102,155,310,122.45450689409671
102,156,309,121.92673826340376
102,157,308,122.29747207354296
102,158,307,121.23282118694732
102,159,306,121.29627727084882
102,160,305,120.93934688567508
102,161,304,122.03409402941867
102,162,303,122.3529586363369
102,163,302,122.60905343291087
102,164,301,119.49271478774602
102,165,300,121.86338789606236
102,166,299,122.33272596235392
102,167,298,122.47568328521001
102,168,297,121.42499641670838
102,169,296,120.80244672876026
102,170,295,120.9136396930079
102,171,294,121.31040282893306
102,172,293,120.6801033044693
102,173,292,121.2792235319238
102,174,291,121.62482430492437
102,175,290,121.55148923163514
102,176,289,121.80317013213158
102,177,288,122.43788127278913
102,178,287,122.0397799133109
102,179,286,122.1777085377079
102,180,285,122.99213692482523
102,181,284,122.67168275743515
102,182,283,122.71472210906921
102,183,282,123.37069260579514
102,184,281,123.53449678260479
102,185,280,123.5098047752441
102,186,279,123.92045888774906
102,187,278,124.00605340110857
102,188,277,124.09029548915422
102,189,276,124.36516904956144
102,190,275,123.37420543426914
102,191,274,123.20389137111911
102,192,273,123.55770069247333
102,193,272,122.49279055136321
102,194,271,122.08317545133214
102,195,270,122.86313659796843
102,196,269,123.17550763495677
102,197,268,123.49144933546718
102,198,267,122.0666273735512
102,199,266,122.42688543534877
102,200,265,122.88848267939801
102,201,264,121.76054820250883
102,202,263,120.63645484230523
102,203,262,120.4870931896592
102,204,261,120.23881832308132
102,205,260,120.6177259717852
102,206,259,120.34140695902258
102,207,258,120.07349216537203
102,208,257,120.3800010659894
102,209,256,121.16476128616276
102,210,255,121.7514918968157
102,211,254,121.62440115107552
102,212,253,119.31354135557768
102,213,252,118.00131183498277
102,214,251,118.1597409314021
102,215,250,119.70155387867234
102,216,249,120.00942754521009
102,217,248,122.72266015339034
102,218,247,121.4054925792812
102,219,246,123.223674099037
102,220,245,121.69607625540903
102,221,244,121.70551365667924
102,222,243,121.55508496798029
102,223,242,122.10339127159432
102,224,241,122.94566779711568
102,225,240,123.37743439284824
102,226,239,123.46600281925275
102,227,238,123.34964782346867
102,228,237,123.7083145007574
102,229,236,124.16234365434744
102,230,235,124.49890148120004
102,231,234,123.79248868642597
102,232,233,124.13967729273702
102,233,232,123.57564986663895
102,234,231,123.7799457352755
102,235,230,124.3179321619125
102,236,229,124.8008817329507
102,237,228,125.0
102,238,227,125.0
102,239,226,125.0
102,240,225,125.0
102,241,224,125.0
102,242,223,125.0
102,243,222,125.0
102,244,221,125.0
102,245,220,125.0
102,246,219,125.0
102,247,218,125.0
102,248,217,124.54853755307064
102,249,216,125.0
102,250,215,124.89455959999532
102,251,214,122.61299901436163
102,252,213,122.49009924917918
102,253,212,122.0444483695571
102,254,211,119.4014103697085
102,255,210,119.08896184030013
102,256,209,121.22508208572563
102,257,208,116.15159215438264
102,258,207,116.53473127518224
102,259,206,117.53040877623945
102,260,205,119.33428098795981
102,261,204,118.7526765368643
102,262,203,118.00638052128329
102,263,202,115.3342735488213
102,264,201,119.64435751359017
102,265,200,120.01322501242805
102,266,199,121.56211297621691
102,267,198,122.13537664047878
102,268,197,124.99994947012922
102,269,196,124.69211709058789
102,270,195,124.27460050688984
102,271,194,125.0
102,272,193,125.0
102,273,192,124.49863230470058
102,274,191,125.0
102,275,190,122.18427928363815
102,276,189,123.44492167453623
102,277,188,124.54184620116108
102,278,187,124.92425720651742
102,279,186,124.48712620499487
102,280,185,124.05618148144455
102,281,184,125.0
102,282,183,124.66525785994446
102,283,182,125.0
102,284,181,125.0
102,285,180,125.0
102,286,179,123.32207069090704
102,287,178,122.78395786194032
102,288,177,122.34674835541978
102,289,176,122.63971559113591
102,290,175,123.55909176073064
102,291,174,123.12807869183692
102,292,173,123.49875500437636
102,293,172,123.32087288406207
102,294,171,121.95623343774159
102,295,170,119.89479198860745
102,296,169,118.33845830869346
102,297,168,119.56896429178607
102,298,167,118.278210058371
102,299,166,121.3136962361923
102,300,165,113.14368846291768
102,301,164,113.54617093500254
102,302,163,114.55275267809844
102,303,162,120.15871674275917
102,304,161,121.87330148943863
102,305,160,123.11602640287661
102,306,159,122.88350771038671
102,307,158,120.85727517874606
102,308,157,122.99759991477382
102,309,156,124.67383228634071
102,310,155,125.0
102,311,154,123.96621657494933
102,312,153,122.22378677421412
102,313,152,121.89526177674725
102,314,151,121.80066406061418
102,315,150,120.12306910340793
102,316,149,119.05726784703806
102,317,148,118.14847611582849
102,318,147,118.64355267282053
102,319,146,117.30467371259859
102,320,145,114.01319019215143
102,321,144,116.41755986798506
102,322,143,111.23628605439733
102,323,142,110.24804634697372
102,324,141,113.05381978398631
102,325,140,114.61872163248975
102,326,139,114.33876293317212
102,327,138,117.97215600100539
102,328,137,115.86430296389368
102,329,136,118.52096367139343
102,330,135,117.20611718158489
102,331,134,117.2648325559862
102,332,133,113.17242910098585
102,333,132,116.35877563284026
102,334,131,117.64233737987016
102,335,130,115.68591074522266
102,336,129,113.88573916326055
102,337,128,113.176822720285
102,338,127,110.70189548264295
102,339,126,109.17470725820269
102,340,125,106.62902553455481
102,341,124,105.6739186289248
102,342,123,106.48829614413184
102,343,122,105.84822133803131
102,344,121,105.94554774494154
102,345,120,105.40335593121294
102,346,119,107.23246823401445
102,347,118,105.21351583416282
102,348,117,108.07455965534754
102,349,116,109.4676504916616
102,350,115,110.96226829816203
102,351,114,108.44865160259747
102,352,113,109.36020035452411
102,353,112,106.33221172544899
102,354,111,105.65517691511997
102,355,110,105.85517781585571
102,356,109,99.77193178641923
102,357,108,100.25390563341242
102,358,107,101.02685018965707
102,359,106,100.4593349294676
102,360,105,94.05421473525463
102,361,104,90.60910120824832
102,362,103,91.34290953467485
102,363,102,92.12115902005368
102,364,101,92.92390475838246
102,365,100,91.21520858933303
102,366,99,91.41623001477865
102,367,98,94.06197217511418
102,368,97,92.50042775266473
102,369,96,92.7793398218181
102,370,95,88.96522870049279
102,371,94,86.233271544122
102,372,93,86.06358361203024
102,373,92,82.43703017546714
102,374,91,85.19979388051192
102,375,90,85.40659757539905
102,376,89,88.00024264869751
102,377,88,86.10954266520596
102,378,87,88.6774613074565
102,379,86,86.68784639716804
102,380,85,88.95155716724773
102,381,84,86.46313994194168
102,382,83,87.34244350230551
102,383,82,77.70839346305803
102,384,81,79.05746209797829
102,385,80,78.28580057335391
102,386,79,80.51400628918086
102,387,78,81.61984063900356
102,388,77,84.0468059436385
102,389,76,82.59472160456615
102,390,75,77.94478571328096
102,391,74,80.7929719833653
102,392,73,75.72548545877024
102,393,72,73.90214227102885
102,394,71,69.67647226301321
102,395,70,69.2244173650349
102,396,69,67.47325384779909
102,397,68,69.83284939508489
102,398,67,69.65911128712462
102,399,66,70.44087092219036
102,400,65,70.0278059076677
102,401,64,68.71441314210998
102,402,63,61.98046004102045
102,403,62,60.61627949957839
102,404,61,57.88130336037955
102,405,60,59.079553428803926
102,406,59,60.06494755689427
102,407,58,59.92651895656304
102,408,57,60.24469030233958
102,409,56,57.31899151041834
102,410,55,54.047682037154374
102,411,54,52.95517380037755
102,412,53,50.12967024833133
102,413,52,44.50160546167948
102,414,51,41.112436244630835
102,415,50,40.47786509235762
102,416,49,38.226265044529384
102,417,48,40.38956358821604
102,418,47,40.720806397426514
102,419,46,38.6867769908975
102,420,45,35.587094032706084
102,421,44,35.5297778483171
102,422,43,34.9617969149721
102,423,42,33.872387584652444
102,424,41,33.37668679746574
102,425,40,32.30346330429978
102,426,39,29.702550978697268
102,427,38,32.85835293984785
102,428,37,31.98257868626519
102,429,36,31.032985278391504
102,430,35,28.080955181344123
102,431,34,26.334340922331823
102,432,33,27.04105886430534
102,433,32,26.51951464992606
102,434,31,26.57323343379869
102,435,30,24.75292100120827
102,436,29,25.55670923407645
102,437,28,30.488748224383595
102,438,27,27.809722273133904
102,439,26,24.605291922639083
102,440,25,23.953809583565373
102,441,24,23.551284295250333
102,442,23,19.99032110116457
102,443,22,19.451943827806957
103,40,114,125.0
103,41,113,124.95501809654759
103,42,112,124.86077618113
103,43,111,123.7517619148397
103,44,110,124.65936153661512
103,45,109,125.0
103,46,108,125.0
103,47,107,125.0
103,48,106,125.0
103,49,105,125.0
103,50,104,125.0
103,51,103,123.47363505292472
103,52,102,123.6518256887283
103,53,101,123.62107353609353
103,54,100,122.3258864077128
103,55,99,123.10586807340232
103,56,98,123.356522378547
103,57,97,123.56911028152224
103,58,96,124.75196983073644
103,59,95,124.67038469010345
103,60,94,124.46718037699222
103,61,93,124.10647296522332
103,62,92,121.74235875072488
103,63,91,121.85153828283862
103,64,90,122.8155605747672
103,65,89,123.66733235902097
103,66,88,124.17854645783135
103,67,87,124.60469059776446
103,68,86,121.95829509025836
103,69,85,122.2426453506983
103,70,84,120.48824967729153
103,71,83,122.16870326256023
103,72,82,121.06965222394706
103,73,81,121.14783871830807
103,74,80,121.69056468517977
103,75,79,121.46056098547177
103,76,78,119.76357574544457
103,77,77,121.14813384567579
103,78,76,120.03369290206189
103,79,75,119.8319612575307
103,80,74,120.21286769066015
103,81,73,121.23154863868805
103,82,72,121.98549026473225
103,83,71,121.15734078445539
103,84,70,118.4861231800846
103,85,69,121.14008498945518
103,86,68,116.99116409344084
103,87,67,112.4279641007167
103,88,66,109.58826805452459
103,89,65,116.23369216132687
103,90,64,116.01143454988815
103,91,63,111.42401605172594
103,92,62,110.68221100276621
103,93,61,109.50844333921972
103,94,60,111.25340769010197
103,95,59,115.76883683832887
103,96,58,112.5833592209957
103,97,57,113.6157746450126
103,98,56,111.47893638396025
103,99,55,109.16631910745747
103,100,54,108.24476998397424
103,101,53,105.43909494306497
103,102,52,103.19379583706558
103,103,51,106.76316091283277
103,104,50,101.67481323650863
103,105,49,102.6549273884816
103,106,48,108.03531535399912
103,107,47,95.92252386903877
103,108,46,90.55084462415246
103,109,45,92.36631448780042
103,110,44,88.52819899232148
103,111,43,84.66634194431049
103,112,42,79.89337485116107
103,113,41,73.86737225019647
103,114,40,70.21211784738557
103,115,39,70.04479327736244
103,116,38,68.28773242885352
103,117,37,60.91316591723937
103,118,36,59.295309014829655
103,119,35,52.455018220956134
103,120,34,52.005914366218605
103,121,33,50.26607222470909
103,122,32,51.08985510898838
103,123,31,49.222403832874235
103,124,30,42.196667304159426
103,125,29,38.540668644875964
103,126,28,35.95553222161102
103,127,27,28.83064208993027
103,128,26,25.598238367835403
103,129,25,25.95865871774115
103,130,24,26.556495075975363
103,131,23,20.771866188213934
103,132,22,18.02136613793286
103,133,21,15.447338056112992
103,134,20,14.422121142710042
103,135,19,14.697195218738434
103,136,18,15.01820541395802
103,137,17,17.773780232876845
103,138,16,17.637919989330772
103,139,15,13.088501682810357
103,140,14,14.421837217276845
103,141,13,13.822942848605324
103,142,12,13.350354629299648
103,143,11,12.29467501771929
103,144,10,10.877822669518022
103,145,9,9.321410429721759
104,40,145,123.4993722969906
104,41,144,124.93635394947867
104,42,143,125.0
104,43,142,125.0
104,44,141,125.0
104,45,140,125.0
104,46,139,125.0
104,47,138,125.0
104,48,137,124.80410902628485
104,49,136,124.63651742934667
104,50,135,123.70507448750693
104,51,134,123.8950307807772
104,52,133,124.31588991247064
104,53,132,123.68692793752689
104,54,131,123.92933400664081
104,55,130,123.49307124041599
104,56,129,124.30480820586351
104,57,128,123.42074606930169
104,58,127,123.96516304297732
104,59,126,123.80765026018929
104,60,125,122.14766461229442
104,61,124,122.18604317381964
104,62,123,121.81546302270807
104,63,122,121.07032924430358
104,64,121,122.62056605320045
104,65,120,122.7383123731085
105,40,411,124.92002707694735
105,41,410,125.0
105,42,409,124.72265168773916
105,43,408,124.42534828102345
105,44,407,124.35116336358081
105,45,406,123.78350134373454
105,46,405,123.81595005204076
105,47,404,123.7000118648539
105,48,403,123.8861771200328
105,49,402,124.25137009399634
105,50,401,124.28798499970756
105,51,400,124.77856848076107
105,52,399,125.0
105,53,398,125.0
105,54,397,125.0
105,55,396,125.0
105,56,395,125.0
105,57,394,125.0
105,58,393,124.93630435497178
105,59,392,125.0
105,60,391,125.0
105,61,390,125.0
105,62,389,125.0
105,63,388,124.25907973235535
105,64,387,124.46739554475403
105,65,386,124.09377876148224
105,66,385,125.0
105,67,384,124.878939496804
105,68,383,124.42958531725479
105,69,382,124.67694831130251
105,70,381,124.27084000972826
105,71,380,124.79253347845568
105,72,379,124.07810971409519
105,73,378,123.20309723095903
105,74,377,122.58870631928578
105,75,376,122.70679250024311
105,76,375,124.15084770571534
105,77,374,122.83394629852452
105,78,373,124.68472500783867
105,79,372,125.0
105,80,371,125.0
105,81,370,125.0
105,82,369,124.80078144644116
105,83,368,124.65205687612642
105,84,367,125.0
105,85,366,123.62544363886406
105,86,365,125.0
105,87,364,125.0
105,88,363,124.12284663159733
105,89,362,124.77779398218954
105,90,361,124.99660023601173
105,91,360,124.17598064466983
105,92,359,124.58813794030769
105,93,358,124.46999769910806
105,94,357,125.0
105,95,356,125.0
105,96,355,125.0
105,97,354,124.9963113963386
105,98,353,125.0
105,99,352,125.0
105,100,351,125.0
105,101,350,125.0
105,102,349,125.0
105,103,348,125.0
105,104,347,125.0
105,105,346,125.0
105,106,345,125.0
105,107,344,125.0
105,108,343,125.0
105,109,342,125.0
105,110,341,124.35561938055207
105,111,340,125.0
105,112,339,125.0
105,113,338,125.0
105,114,337,125.0
105,115,336,125.0
105,116,335,125.0
105,117,334,125.0
105,118,333,125.0
105,119,332,125.0
105,120,331,125.0
105,121,330,125.0
105,122,329,125.0
105,123,328,124.28813012173478
105,124,327,123.12326759293387
105,125,326,121.57257061476393
105,126,325,122.9578677315037
105,127,324,123.69212481315671
105,128,323,123.51680806955612
105,129,322,122.45331599388385
105,130,321,121.21467373295758
105,131,320,121.0385682917062
105,132,319,122.1266509046915
105,133,318,122.27717306399742
105,134,317,122.48629761695408
105,135,316,123.56175802110639
105,136,315,123.78240228153882
105,137,314,124.0501465459048
105,138,313,123.7626159597819
105,139,312,123.34106638206816
105,140,311,122.5336717692789
105,141,310,122.77317595386779
105,142,309,122.34165344159845
105,143,308,116.24721583183583
105,144,307,119.63421457067655
105,145,306,120.7448413876877
105,146,305,121.82180333641138
105,147,304,123.39110717729794
105,148,303,123.55611350271334
105,149,302,123.3344632147916
105,150,301,122.06359746351308
105,151,300,121.65527763422989
105,152,299,121.7357698493594
105,153,298,123.50189796518757
105,154,297,124.2441432133636
105,155,296,124.16179872295753
105,156,295,124.79493165946008
105,157,294,122.93328337888966
105,158,293,124.30849901176916
105,159,292,122.37229590125332
105,160,291,123.1735118323729
105,161,290,121.58138002611429
105,162,289,121.29431880917994
105,163,288,123.11288065000036
105,164,287,123.66026331641346
105,165,286,124.21584550611624
105,166,285,124.13024702327321
105,167,284,123.21310379929756
105,168,283,122.23063722604216
105,169,282,121.44992055032739
105,170,281,122.1481208830929
105,171,280,122.93879077165701
105,172,279,121.86901863506222
105,173,278,122.05792878776577
105,174,277,121.02712509919226
105,175,276,120.10087021635653
105,176,275,120.47790206855163
105,177,274,119.9127439595299
105,178,273,121.75965369899949
105,179,272,122.20772109941615
105,180,271,121.08883136186535
105,181,270,120.1406172473077
105,182,269,121.50241302257747
105,183,268,121.8355798183868
105,184,267,120.07684009756792
105,185,266,122.00201119681012
105,186,265,122.16615043442849
105,187,264,122.30786954204973
105,188,263,119.79977241670389
105,189,262,121.93278030157418
105,190,261,121.61254519806309
105,191,260,121.07704694189346
105,192,259,121.46742789981366
105,193,258,121.36771531599798
105,194,257,124.2634946514369
105,195,256,123.61831759896899
105,196,255,121.21465954720443
105,197,254,120.13700609236479
105,198,253,121.23461831333111
105,199,252,122.79144283954798
105,200,251,122.39128991937181
105,201,250,123.38186132663378
105,202,249,123.31401477440409
105,203,248,123.45450086653182
105,204,247,122.46508129892803
105,205,246,123.4738916206359
105,206,245,123.07079354217727
105,207,244,125.0
105,208,243,124.41952159392784
105,209,242,125.0
105,210,241,124.07062545943316
105,211,240,123.51930542398482
105,212,239,123.90997825903625
105,213,238,124.21663597831301
105,214,237,124.43429292429511
105,215,236,124.65691402808056
105,216,235,125.0
105,217,234,125.0
105,218,233,125.0
105,219,232,125.0
105,220,231,125.0
105,221,230,125.0
105,222,229,124.65705367829148
105,223,228,123.60016729536517
105,224,227,122.84960332134492
105,225,226,121.51489779956378
105,226,225,119.28138981831378
105,227,224,122.06832058856273
105,228,223,122.52652556783958
105,229,222,122.81697555040441
105,230,221,124.35324149117206
105,231,220,125.0
105,232,219,125.0
105,233,218,125.0
105,234,217,125.0
105,235,216,122.99679157146232
105,236,215,123.22930068655171
105,237,214,120.75881310795836
105,238,213,118.28216948591624
105,239,212,119.52102569437886
105,240,211,119.04643536372282
105,241,210,119.56034632734276
105,242,209,119.33225433107742
105,243,208,118.16789286197337
105,244,207,120.0970645655596
105,245,206,119.56800489031195
105,246,205,121.37579846917107
105,247,204,121.66376034479143
105,248,203,123.25708825643054
105,249,202,124.2450604340262
105,250,201,125.0
105,251,200,123.90876710718706
105,252,199,123.27194394598158
105,253,198,123.94240283620046
105,254,197,124.37157736171584
105,255,196,124.82530438875546
105,256,195,123.34793657139461
105,257,194,123.83543433092768
105,258,193,123.52599686995504
105,259,192,123.29593229066488
105,260,191,120.85163406163406
105,261,190,124.06582413308857
105,262,189,122.75896244744973
105,263,188,122.8433550891342
105,264,187,122.28556102690528
105,265,186,120.40753238065025
105,266,185,119.579592962161
105,267,184,120.61390434464954
105,268,183,122.82060559070221
105,269,182,121.76738394452155
105,270,181,122.3796000134976
105,271,180,123.53225503912103
105,272,179,123.80078842899077
105,273,178,120.80991544938195
105,274,177,120.83636952719172
105,275,176,120.38177100844386
105,276,175,120.28608513074857
105,277,174,119.25518417100245
105,278,173,115.63497433588542
105,279,172,119.8646963712059
105,280,171,120.02487880685464
105,281,170,122.0786034898
105,282,169,122.55746100851097
105,283,168,122.45180254561407
105,284,167,122.38592513755682
105,285,166,121.85843020361389
105,286,165,121.26319656614317
105,287,164,120.95425811000256
105,288,163,120.69981458780126
105,289,162,119.68236753619763
105,290,161,120.0817072619129
105,291,160,119.05419836561019
105,292,159,118.2175270251459
105,293,158,119.82557180387283
105,294,157,120.39100598244542
105,295,156,120.58440101526335
105,296,155,119.37496623625759
105,297,154,117.26877164499317
105,298,153,117.223614431274
105,299,152,117.13869231822552
105,300,151,118.34165566192067
105,301,150,117.18035104665495
105,302,149,118.13213095239658
105,303,148,117.53305171536213
105,304,147,116.65009747910909
105,305,146,114.47165843860796
105,306,145,110.8603601881177
105,307,144,107.96481687001223
105,308,143,107.77286338869169
105,309,142,106.85841044437726
105,310,141,105.74050331706167
105,311,140,107.70554650703319
105,312,139,105.17674260522233
105,313,138,97.22060028067949
105,314,137,98.51252797673907
105,315,136,100.27431541031645
105,316,135,103.45496807359888
105,317,134,101.85794273974703
105,318,133,102.87157899888004
105,319,132,106.8472467558316
105,320,131,104.43559631403788
105,321,130,100.48392929192873
105,322,129,106.91354970808965
105,323,128,112.42774480106024
105,324,127,114.89095006087928
105,325,126,113.67002284778374
105,326,125,108.30405431259851
105,327,124,104.40606388897899
105,328,123,106.45993803190905
105,329,122,109.42078146202594
105,330,121,108.0218589907975
105,331,120,107.0759406547154
105,332,119,107.00464072902892
105,333,118,105.26427515823232
105,334,117,103.17406599950405
105,335,116,99.45487085708135
105,336,115,96.9917530466898
105,337,114,98.41205457138764
105,338,113,100.53738967148766
105,339,112,102.8308593863883
105,340,111,103.94161219206714
105,341,110,102.29198000532688
105,342,109,104.04008827701051
105,343,108,103.77027296343968
105,344,107,101.74644450031039
105,345,106,102.47222840120347
105,346,105,97.85894967609367
105,347,104,95.69481361053985
105,348,103,100.86625372688835
105,349,102,99.8478061036251
105,350,101,96.56266991224233
105,351,100,95.3611486538068
106,40,215,118.09233857405377
106,41,214,117.29033874299178
106,42,213,116.23720426402261
106,43,212,119.21541379730492
106,44,211,119.8207477943991
106,45,210,117.62007257946644
106,46,209,114.35797608367521
106,47,208,109.81618356177549
106,48,207,102.79867408266247
106,49,206,107.7038008006142
106,50,205,112.57718645894717
106,51,204,115.56787853542848
106,52,203,111.00132131595637
106,53,202,113.47209716988455
106,54,201,114.22779183973952
106,55,200,114.69885013975656
106,56,199,116.32288941320274
106,57,198,118.93334493249465
106,58,197,121.27790275180857
106,59,196,120.58483998614477
106,60,195,120.4812226228183
106,61,194,120.43819094396878
106,62,193,118.9401649568546
106,63,192,118.54430875141382
106,64,191,117.07245363026237
106,65,190,119.64979888477913
106,66,189,119.50162385306909
106,67,188,118.51973835515736
106,68,187,119.24247227558773
106,69,186,120.38592824195635
106,70,185,122.56662668399584
106,71,184,120.99206494470235
106,72,183,120.19786271305983
106,73,182,119.83489082785792
106,74,181,119.43243569733323
106,75,180,117.00213279001724
106,76,179,118.0966574033257
106,77,178,118.5642453746485
106,78,177,118.54927093920185
106,79,176,115.60242349675451
106,80,175,113.3539605396326
106,81,174,113.55288425206041
106,82,173,112.70613592573838
106,83,172,115.60005325427355
106,84,171,115.46053428251187
106,85,170,112.82898955937713
106,86,169,114.19365120207333
106,87,168,111.30312218839555
106,88,167,113.40537894322998
106,89,166,106.40013635818238
106,90,165,105.07864150840513
106,91,164,105.18709056355607
106,92,163,103.23375025857989
106,93,162,101.93243971914893
106,94,161,103.7246523580954
106,95,160,104.67269323524008
106,96,159,103.19609814954404
106,97,158,107.33424197444575
106,98,157,110.25772884015197
106,99,156,112.54064961236543
106,100,155,111.81705817271683
106,101,154,107.23830225686545
106,102,153,103.41619948145102
106,103,152,106.53775698589364
106,104,151,104.0487719581899
106,105,150,107.96526005975784
106,106,149,105.80364503925412
106,107,148,103.64972824253486
106,108,147,103.84350198585682
106,109,146,106.83845283094541
106,110,145,108.38921262133925
106,111,144,109.76978742175416
106,112,143,105.39183981634264
106,113,142,101.88350351366674
106,114,141,102.96815624974707
106,115,140,95.08972715859676
106,116,139,88.25267073779614
106,117,138,83.31803196221776
106,118,137,81.42206793394715
106,119,136,87.69452231509732
106,120,135,86.3467895547802
106,121,134,83.45000080655124
106,122,133,89.58010955885479
106,123,132,89.66358948901228
106,124,131,89.13903605617371
106,125,130,82.63254151985639
106,126,129,74.11309260615214
106,127,128,72.49919443051273
106,128,127,71.99208503328171
106,129,126,73.40015080875546
106,130,125,69.80181852228789
106,131,124,72.85909034814637
106,132,123,74.83464876589542
106,133,122,79.60487285436632
106,134,121,77.1243425647187
106,135,120,82.17173666231554
106,136,119,73.15532749735719
106,137,118,76.81336838302968
106,138,117,82.46280521329484
106,139,116,75.87214391378048
106,140,115,78.24298968289987
106,141,114,80.22577303434514
106,142,113,80.85705998658818
106,143,112,85.73119660999222
106,144,111,88.85419135501893
106,145,110,87.50571476974426
106,146,109,91.01821156816602
106,147,108,88.05071929965254
106,148,107,87.90259152431959
107,40,122,120.59550901467682
107,41,121,122.1606755392437
107,42,120,122.70722380676816
107,43,119,121.55660905450782
107,44,118,118.60745795828018
107,45,117,115.55808940309991
107,46,116,117.91410657184386
107,47,115,117.16250072509656
107,48,114,117.18830767599655
107,49,113,116.51283034344587
107,50,112,119.00982108588886
107,51,111,115.50542660157058
107,52,110,116.55951564882412
107,53,109,117.4227006354503
107,54,108,117.703699206756
107,55,107,119.14460893520028
107,56,106,118.6524502365159
107,57,105,116.49155764035699
107,58,104,112.23166352430502
107,59,103,109.10333765762536
107,60,102,105.3890337640541
107,61,101,105.06182751092419
107,62,100,103.78543561294465
107,63,99,107.91560978439139
107,64,98,102.27877985800492
107,65,97,108.43358393940152
107,66,96,102.37636065446017
107,67,95,104.7657341622846
107,68,94,105.99210835624723
107,69,93,102.22172036201476
107,70,92,101.78304837718926
107,71,91,104.85291713553207
107,72,90,101.85688135556902
107,73,89,102.51383607301804
107,74,88,103.41370874735048
107,75,87,104.79987886726278
107,76,86,108.36334143848588
107,77,85,111.04561531581061
107,78,84,113.93192608091086
107,79,83,111.50836016331851
107,80,82,112.37895033608396
107,81,81,110.59925964267472
107,82,80,107.62636380494442
107,83,79,110.15962882933624
107,84,78,106.62517256581765
107,85,77,104.36620563873737
107,86,76,103.4941718892197
107,87,75,101.74392160543817
107,88,74,106.9752387839377
107,89,73,105.35215067188653
107,90,72,97.82510518609129
107,91,71,93.59694644541845
107,92,70,93.6011805619437
107,93,69,96.65786247372553
107,94,68,95.41060766101023
107,95,67,98.25828721073827
107,96,66,97.61903422064785
107,97,65,93.71505901419414
107,98,64,85.90398039660596
107,99,63,86.38947810755955
107,100,62,85.11814364201449
107,101,61,88.40658582618072
107,102,60,87.37333718160943
107,103,59,85.66882608290717
107,104,58,92.50309956380185
107,105,57,85.31865750105943
107,106,56,84.77867840905674
107,107,55,74.3745666306007
107,108,54,72.3235567388642
107,109,53,65.78386390601995
107,110,52,57.78583226209805
107,111,51,60.42596189297994
107,112,50,55.18964081700453
107,113,49,51.8585756982701
107,114,48,51.44546575457788
107,115,47,48.16186523712649
107,116,46,46.744814763200154
107,117,45,57.15659748085292
107,118,44,61.84019074797964
107,119,43,63.065978536520866
107,120,42,67.17592077024358
107,121,41,64.50778940900037
108,40,258,125.0
108,41,257,125.0
108,42,256,125.0
108,43,255,125.0
108,44,254,125.0
108,45,253,125.0
108,46,252,125.0
108,47,251,124.64791862470977
108,48,250,125.0
108,49,249,125.0
108,50,248,125.0
108,51,247,125.0
108,52,246,125.0
108,53,245,124.79901446124573
108,54,244,124.00477600246987
108,55,243,125.0
108,56,242,124.97727119807371
108,57,241,124.74911166883396
108,58,240,125.0
108,59,239,125.0
108,60,238,124.2659328295583
108,61,237,124.62883008662175
108,62,236,125.0
108,63,235,125.0
108,64,234,125.0
108,65,233,125.0
108,66,232,125.0
108,67,231,125.0
108,68,230,125.0
108,69,229,125.0
108,70,228,125.0
108,71,227,125.0
108,72,226,125.0
108,73,225,125.0
108,74,224,125.0
108,75,223,124.79049569916592
108,76,222,124.4394176250467
108,77,221,125.0
108,78,220,124.30398898502253
108,79,219,124.90815963920124
108,80,218,124.6274859065586
108,81,217,125.0
108,82,216,124.99596552104222
108,83,215,125.0
108,84,214,124.97387138521927
108,85,213,124.54839025492564
108,86,212,124.43197071607847
108,87,211,124.95197696268511
108,88,210,125.0
108,89,209,124.81988397405266
108,90,208,124.04394016890313
108,91,207,122.33505340162714
108,92,206,121.92669855583107
108,93,205,122.2616333459747
108,94,204,122.87320638853012
108,95,203,122.47758526576294
108,96,202,123.08504864572086
108,97,201,121.97854501441387
108,98,200,120.5585701270334
108,99,199,121.79223665457721
108,100,198,120.68764886202104
108,101,197,120.95497171566007
108,102,196,120.37191608267344
108,103,195,118.27458438966313
108,104,194,120.42150678263454
108,105,193,121.62409943217958
108,106,192,121.08576746492375
108,107,191,119.7734178702915
108,108,190,120.3485477436154
108,109,189,121.65460625439323
108,110,188,121.5030701329195
108,111,187,119.97387416084452
108,112,186,120.27441310506345
108,113,185,121.71622961347556
108,114,184,121.03190666667697
108,115,183,121.42746855081393
108,116,182,121.0493817242727
108,117,181,119.18346002942107
108,118,180,119.02267331160493
108,119,179,121.61591833584586
108,120,178,123.32816021128934
108,121,177,122.07858524336058
108,122,176,123.80068408650808
108,123,175,124.699757980806
108,124,174,124.14600034945006
108,125,173,124.0296431957612
108,126,172,124.23485573052166
108,127,171,124.3316975852899
108,128,170,124.6679148228241
108,129,169,123.98858639714202
108,130,168,123.64621024862853
108,131,167,123.03463961752134
108,132,166,123.05820927409721
108,133,165,123.75944492570557
108,134,164,123.52078397743566
108,135,163,122.82010365157386
108,136,162,124.16149081850878
108,137,161,122.67625464663841
108,138,160,122.35799318060089
108,139,159,122.74966283612116
108,140,158,122.83782193679123
108,141,157,121.8597635287926
108,142,156,122.70678171682144
108,143,155,120.79763930231366
108,144,154,121.00059129437656
108,145,153,122.81260975955564
109,40,152,125.0
109,41,151,125.0
109,42,150,124.93529690476021
109,43,149,124.05699518197295
109,44,148,124.76392082085428
109,45,147,124.93477150768553
109,46,146,125.0
109,47,145,124.4898876543042
109,48,144,125.0
109,49,143,124.26171908312301
109,50,142,123.73512386952822
109,51,141,123.14053206917325
109,52,140,122.43477130590212
109,53,139,123.33468752625807
109,54,138,122.90036251866334
109,55,137,124.40200534045883
109,56,136,124.24176095162801
109,57,135,123.94952521759029
109,58,134,123.9907168681818
109,59,133,123.8407749054043
109,60,132,123.10767967032365
109,61,131,123.45964154261324
109,62,130,123.12430110869289
109,63,129,123.38881088672841
109,64,128,123.82083238533828
109,65,127,122.58764711713258
109,66,126,122.03459180593349
110,40,367,125.0
110,41,366,123.7886793789906
110,42,365,125.0
110,43,364,125.0
110,44,363,125.0
110,45,362,125.0
110,46,361,124.68478311748609
110,47,360,124.49157558561706
110,48,359,123.85270007816163
110,49,358,124.77153767468847
110,50,357,125.0
110,51,356,125.0
110,52,355,125.0
110,53,354,125.0
110,54,353,125.0
110,55,352,125.0
110,56,351,125.0
110,57,350,125.0
110,58,349,125.0
110,59,348,125.0
110,60,347,125.0
110,61,346,125.0
110,62,345,125.0
110,63,344,125.0
110,64,343,125.0
110,65,342,124.43719288177036
110,66,341,124.89890299577104
110,67,340,124.9977941903069
110,68,339,125.0
110,69,338,125.0
110,70,337,125.0
110,71,336,125.0
110,72,335,124.96299252345955
110,73,334,124.51128830258915
110,74,333,123.65464187404699
110,75,332,124.58222660514977
110,76,331,124.02539356753555
110,77,330,124.15163150384416
110,78,329,124.39356612827501
110,79,328,124.11841904267052
110,80,327,124.32019419823985
110,81,326,125.0
110,82,325,125.0
110,83,324,125.0
110,84,323,124.8064523827406
110,85,322,124.22718101295808
110,86,321,123.11505957212586
110,87,320,123.79811111504269
110,88,319,123.70361348583194
110,89,318,123.31185661757343
110,90,317,123.59349280797181
110,91,316,123.82385213727676
110,92,315,124.57808169317607
110,93,314,124.10453168671219
110,94,313,124.4362988263847
110,95,312,124.54277938552197
110,96,311,124.53736043911108
110,97,310,124.31262067974957
110,98,309,123.59227987538713
110,99,308,123.4493632461182
110,100,307,122.70090693251069
110,101,306,123.07486657524991
110,102,305,122.06847663230283
110,103,304,123.268221239354
110,104,303,122.19733591683445
110,105,302,121.41423037500222
110,106,301,124.16516581577571
110,107,300,125.0
110,108,299,125.0
110,109,298,125.0
110,110,297,125.0
110,111,296,125.0
110,112,295,125.0
110,113,294,125.0
110,114,293,124.6930714094141
110,115,292,124.24945225701282
110,116,291,123.24249316527627
110,117,290,122.66723955213354
110,118,289,122.66015224949203
110,119,288,121.36374725674128
110,120,287,121.64136550551791
110,121,286,122.86259669410745
110,122,285,122.5066615450568
110,123,284,122.58596989877306
110,124,283,120.79766316608925
110,125,282,121.00000178172064
110,126,281,121.10744690576027
110,127,280,119.34606089005592
110,128,279,121.24592979581143
110,129,278,122.25302179903053
110,130,277,122.84088538302129
110,131,276,122.72780391589049
110,132,275,123.06860650890098
110,133,274,123.39289842762807
110,134,273,122.78426498749953
110,135,272,122.91087238624652
110,136,271,122.6966827576051
110,137,270,122.40997343841637
110,138,269,122.43559619950238
110,139,268,123.49152517604706
110,140,267,123.91851073031319
110,141,266,123.31966660868608
110,142,265,124.08926402265047
110,143,264,123.66630428599541
110,144,263,124.07047623343331
110,145,262,124.49742062900803
110,146,261,124.56747830427031
110,147,260,124.41165330336412
110,148,259,123.71657888214365
110,149,258,123.96521173581047
110,150,257,123.70471868853059
110,151,256,125.0
110,152,255,125.0
110,153,254,125.0
110,154,253,125.0
110,155,252,125.0
110,156,251,125.0
110,157,250,124.99626180948054
110,158,249,124.33130846041763
110,159,248,124.12775330749682
110,160,247,124.1111888637578
110,161,246,123.95509379789365
110,162,245,124.00786647510941
110,163,244,123.5990413134319
110,164,243,123.4895567259573
110,165,242,123.66224171589286
110,166,241,124.58961885111017
110,167,240,122.70488928412279
110,168,239,122.69094468165652
110,169,238,124.0554001455672
110,170,237,123.83367162298669
110,171,236,123.50493814663032
110,172,235,123.85814232385397
110,173,234,124.62152223206444
110,174,233,122.30264532906426
110,175,232,122.07112207230351
110,176,231,121.7064330505718
110,177,230,121.3529630718051
110,178,229,122.07318052814547
110,179,228,120.1674952211407
110,180,227,121.49473763860458
110,181,226,121.20158795816653
110,182,225,122.30995237156918
110,183,224,123.13087417908429
110,184,223,123.07742008790062
110,185,222,122.50028189460221
110,186,221,122.3255260853996
110,187,220,121.81168824684912
110,188,219,120.3114305049993
110,189,218,121.02316584603099
110,190,217,121.20511016423734
110,191,216,122.17979105792261
110,192,215,122.15653042315523
110,193,214,123.83399354238023
110,194,213,123.91746518280667
110,195,212,123.78276804626141
110,196,211,124.16760852201743
110,197,210,123.7567690222762
110,198,209,123.69956704650644
110,199,208,122.3931801597873
110,200,207,123.60442394849379
110,201,206,122.9733355191416
110,202,205,123.67242555861853
110,203,204,124.04550485663688
110,204,203,123.29507733741414
110,205,202,123.08689718541525
110,206,201,123.48193470093646
110,207,200,124.50466848613638
110,208,199,123.36121075062883
110,209,198,122.9187532833483
110,210,197,122.70695084939058
110,211,196,123.19791433618002
110,212,195,125.0
110,213,194,125.0
110,214,193,125.0
110,215,192,125.0
110,216,191,124.39859751348692
110,217,190,124.54560152316287
110,218,189,124.02930830447924
110,219,188,123.44403463193203
110,220,187,123.34977831009866
110,221,186,123.89909668271575
110,222,185,124.5472868799105
110,223,184,124.73979609314516
110,224,183,124.91892286540873
110,225,182,124.63971122500426
110,226,181,123.46790301415288
110,227,180,123.36050707644733
110,228,179,121.8568340773785
110,229,178,123.43314383938625
110,230,177,123.89899177703981
110,231,176,121.23170148088138
110,232,175,122.16777242549122
110,233,174,117.60631334136698
110,234,173,122.86417847946223
110,235,172,119.88387990814044
110,236,171,121.47277701272047
110,237,170,120.22701149517235
110,238,169,123.57418666779586
110,239,168,125.0
110,240,167,123.9453797766376
110,241,166,125.0
110,242,165,123.44614734553993
110,243,164,123.28694588713097
110,244,163,122.95881879381912
110,245,162,122.90245391327302
110,246,161,123.90822838332642
110,247,160,122.1538096748534
110,248,159,120.71202636691541
110,249,158,120.62473952411443
110,250,157,120.7535178684225
110,251,156,121.82140226682071
110,252,155,123.00016158731465
110,253,154,123.87656390960134
110,254,153,124.02524114532923
110,255,152,123.89858361001295
110,256,151,123.79508890461008
110,257,150,122.6078385768778
110,258,149,121.97250998110454
110,259,148,118.47319526350093
110,260,147,120.06684823956729
110,261,146,119.61364748434646
110,262,145,117.46451004927657
110,263,144,118.31104265818107
110,264,143,118.22288199724602
110,265,142,117.8745999132845
110,266,141,117.90570413863807
110,267,140,115.8540853499972
110,268,139,116.01705496815846
110,269,138,113.1248281439468
110,270,137,113.72365639155205
110,271,136,109.63063400952785
110,272,135,103.4530201600123
110,273,134,104.48436803395913
110,274,133,110.24017116689325
110,275,132,108.18188269964116
110,276,131,103.86303757524877
110,277,130,103.2253709735217
110,278,129,106.77165294239525
110,279,128,111.83896828301596
110,280,127,111.53151484317142
110,281,126,111.35577164843431
110,282,125,113.75030430536285
110,283,124,116.395390518803
110,284,123,115.53232964296535
110,285,122,116.2185372582142
110,286,121,112.82490392567139
110,287,120,109.4477515454711
110,288,119,108.99937432232416
110,289,118,102.84287931597288
110,290,117,103.00203282973595
110,291,116,111.86385985501596
110,292,115,108.80804783163221
110,293,114,102.02426493890542
110,294,113,108.83047967151465
110,295,112,108.08634276565778
110,296,111,108.44436939704718
110,297,110,107.97096701877722
110,298,109,109.28852470788458
110,299,108,110.26865946402216
110,300,107,110.97006276081726
110,301,106,112.14667385127808
110,302,105,110.71538031756054
110,303,104,111.31864982584462
110,304,103,110.02570015688012
110,305,102,110.05644973672295
110,306,101,102.84223572714654
110,307,100,101.88041470149008
110,308,99,98.33764932948532
110,309,98,94.57622727343478
110,310,97,92.51332481120502
110,311,96,89.91280743292293
110,312,95,91.57649940701857
110,313,94,93.89805925662687
110,314,93,91.64328950957244
110,315,92,89.24461328322094
110,316,91,83.46815467825255
110,317,90,79.56549907129366
110,318,89,88.96506264908226
110,319,88,94.6983182777
110,320,87,93.49386996183941
110,321,86,93.6545621759928
110,322,85,96.60748814341866
110,323,84,98.221035714039
110,324,83,98.58042700292025
110,325,82,97.04577671388421
110,326,81,92.33721865959971
110,327,80,93.11498339072105
110,328,79,92.45573632406771
110,329,78,93.24913201246441
110,330,77,88.89794402751502
110,331,76,87.79994737761437
110,332,75,92.8294580033859
110,333,74,89.18903159510644
110,334,73,85.28973259716983
110,335,72,85.41967736898368
110,336,71,84.32694813523514
110,337,70,85.36831210818173
110,338,69,77.65850571323986
110,339,68,70.11196692410256
110,340,67,69.09557434466038
110,341,66,66.80427777946214
110,342,65,68.91110810045326
110,343,64,66.25442604274005
110,344,63,64.95519302657507
110,345,62,62.55741127367085
110,346,61,57.219454942674744
110,347,60,58.01698788009749
110,348,59,53.18416633893753
111,40,320,125.0
111,41,319,125.0
111,42,318,125.0
111,43,317,125.0
111,44,316,125.0
111,45,315,124.97853866305871
111,46,314,125.0
111,47,313,125.0
111,48,312,125.0
111,49,311,125.0
111,50,310,125.0
111,51,309,124.40159228826369
111,52,308,124.57688756654538
111,53,307,124.8058765986228
111,54,306,124.36929757470514
111,55,305,124.31269533229394
111,56,304,124.77095149785396
111,57,303,124.62691533369002
111,58,302,124.75316503585688
111,59,301,124.83742686313579
111,60,300,124.57624207672268
111,61,299,124.94064335440288
111,62,298,125.0
111,63,297,125.0
111,64,296,125.0
111,65,295,125.0
111,66,294,124.36302545870598
111,67,293,123.95414655990797
111,68,292,124.56316047472274
111,69,291,124.34553272787608
111,70,290,123.27864188261957
111,71,289,124.21628067653913
111,72,288,124.11240777618013
111,73,287,124.66084098202066
111,74,286,124.95085575260262
111,75,285,124.86030978634781
111,76,284,124.60703187889214
111,77,283,124.34537710024767
111,78,282,124.48672372982473
111,79,281,124.75819090038274
111,80,280,125.0
111,81,279,125.0
111,82,278,124.82731211281155
111,83,277,124.52492126047838
111,84,276,123.97195820309184
111,85,275,123.20863455363174
111,86,274,123.6540480441198
111,87,273,123.05278817428935
111,88,272,124.07647653819731
111,89,271,124.19216842704805
111,90,270,124.77068476169426
111,91,269,124.69571964608551
111,92,268,123.64332533975409
111,93,267,123.80432136435579
111,94,266,123.38421209972556
111,95,265,124.31826981724001
111,96,264,123.28676902951221
111,97,263,123.52006447131282
111,98,262,123.1531602677568
111,99,261,120.17666571359271
111,100,260,120.8930668882264
111,101,259,117.00344524167892
111,102,258,120.40097986034294
111,103,257,121.38396977436909
111,104,256,122.38349604254807
111,105,255,121.9800647018406
111,106,254,119.50580309091836
111,107,253,119.9882883692014
111,108,252,123.43070350214457
111,109,251,123.84827916267574
111,110,250,123.88704646908823
111,111,249,124.43303319737001
111,112,248,124.33894581837676
111,113,247,124.71805306631819
111,114,246,124.33141743429749
111,115,245,124.72727569288466
111,116,244,125.0
111,117,243,125.0
111,118,242,125.0
111,119,241,124.33151669936677
111,120,240,124.29830898960348
111,121,239,124.36614532211907
111,122,238,124.52977419116267
111,123,237,125.0
111,124,236,124.81385218140643
111,125,235,125.0
111,126,234,125.0
111,127,233,125.0
111,128,232,125.0
111,129,231,124.73399654673372
111,130,230,124.7871248204137
111,131,229,124.80392145370666
111,132,228,124.86403996110289
111,133,227,125.0
111,134,226,124.54504632194875
111,135,225,125.0
111,136,224,124.93904075353399
111,137,223,124.21768749328811
111,138,222,123.1875251369683
111,139,221,123.68099460032245
111,140,220,124.07696444334744
111,141,219,123.85759483710453
111,142,218,124.06650756752771
111,143,217,123.67315977128024
111,144,216,124.43443728059626
111,145,215,123.83690859041994
111,146,214,123.79276777370373
111,147,213,122.51061602741993
111,148,212,122.3483739787116
111,149,211,121.38212631446049
111,150,210,123.06275663929924
111,151,209,122.62820748939598
111,152,208,121.58462018231432
111,153,207,124.4861631975811
111,154,206,123.12349763688864
111,155,205,123.26810606337547
111,156,204,124.39104403001801
111,157,203,124.91361236349917
111,158,202,124.50279479017235
111,159,201,125.0
111,160,200,124.55451658234314
111,161,199,124.68889807696564
111,162,198,124.5624609050283
111,163,197,124.8093359317162
111,164,196,124.57316661926546
111,165,195,124.63269973002448
111,166,194,124.05522194710892
111,167,193,124.16009718671248
111,168,192,124.1297603456141
111,169,191,124.93639082734877
111,170,190,124.24356956337215
111,171,189,123.15309913000951
111,172,188,123.36651051140473
111,173,187,120.933972168455
111,174,186,122.09030701001274
111,175,185,119.65676025913301
111,176,184,118.56222021236015
111,177,183,120.14295376751467
111,178,182,119.91791567804896
111,179,181,121.3343607946244
111,180,180,122.04616326462917
111,181,179,122.41930423694575
111,182,178,123.27973009775604
111,183,177,120.3033430261091
111,184,176,122.87517828752271
111,185,175,121.23660530834988
111,186,174,121.34611407832304
111,187,173,118.89544644477513
111,188,172,122.58330322352822
111,189,171,121.99089722636867
111,190,170,121.43715402498918
111,191,169,120.5062509429579
111,192,168,120.65979977554663
111,193,167,119.75063057935202
111,194,166,118.23390734558191
111,195,165,119.72502309593965
111,196,164,121.41336273021123
111,197,163,121.75611124448609
111,198,162,124.23122001305563
111,199,161,123.26007880765073
111,200,160,121.14014533595045
111,201,159,123.84558899112764
111,202,158,123.39275651597441
111,203,157,123.12733117923904
111,204,156,123.33497441941438
111,205,155,122.83029495096989
111,206,154,123.99856296142565
111,207,153,124.73115576849415
111,208,152,122.45950425979632
111,209,151,121.75604899206243
111,210,150,123.38384860429261
111,211,149,123.2437780223598
111,212,148,123.01253953618195
111,213,147,124.63511822545826
111,214,146,123.13507942220576
111,215,145,124.27875906411967
111,216,144,125.0
111,217,143,123.63758928799517
111,218,142,122.89763230527541
111,219,141,120.58260903447308
111,220,140,120.11475145390995
111,221,139,119.27295117029743
111,222,138,120.18827234720638
111,223,137,120.03781192593013
111,224,136,118.52498394014276
111,225,135,118.7127285459897
111,226,134,119.39801046968293
111,227,133,115.20104378540375
111,228,132,114.46065056684587
111,229,131,111.8085928972389
111,230,130,112.73374383411885
111,231,129,111.64830852694277
111,232,128,110.98219571773237
111,233,127,111.4994795083469
111,234,126,115.01084403391482
111,235,125,114.90899002687999
111,236,124,113.75290415383833
111,237,123,116.09487529958298
111,238,122,115.63039092698483
111,239,121,116.4270433359286
111,240,120,118.09321530538514
111,241,119,117.98090008292354
111,242,118,117.15751598765152
111,243,117,119.74489225923986
111,244,116,121.51920574731554
111,245,115,121.9491952779457
111,246,114,120.48241970827621
111,247,113,121.30830907547761
111,248,112,120.40936763663967
111,249,111,119.40717307061331
111,250,110,120.18936345144522
111,251,109,120.33758531109069
111,252,108,120.70529718268386
111,253,107,120.17399965182467
111,254,106,117.68826737887332
111,255,105,116.66143898230865
111,256,104,115.12223264981165
111,257,103,112.88147452088646
111,258,102,114.98039207078479
111,259,101,115.9871930198689
111,260,100,118.14905601839939
111,261,99,117.33136702469366
111,262,98,116.61159596602077
111,263,97,116.45007848617243
111,264,96,113.63701016800243
111,265,95,109.08306880113733
111,266,94,106.87779082088153
111,267,93,104.33575254724565
111,268,92,105.03667079304628
111,269,91,99.96246546377198
111,270,90,97.94313295384295
111,271,89,91.47644899373957
111,272,88,95.59074503020888
111,273,87,94.23086060229107
111,274,86,92.6778454225745
111,275,85,88.73238810760702
111,276,84,82.08777308259928
111,277,83,80.87861885029349
111,278,82,80.79787726205826
111,279,81,80.32139903500634
111,280,80,79.01094442876847
111,281,79,79.43780398390945
111,282,78,75.02610187219892
111,283,77,75.24530976384605
111,284,76,76.83351834484588
111,285,75,74.1232859394899
111,286,74,70.59865557693696
111,287,73,70.77614504303367
111,288,72,66.76243728374554
111,289,71,65.98718088720962
111,290,70,68.17927630348308
111,291,69,70.2035559217116
111,292,68,70.08030845867026
111,293,67,65.92132715297036
111,294,66,62.49048163480032
111,295,65,59.12922097043797
111,296,64,59.21651073578866
111,297,63,56.9837266520816
111,298,62,55.09561873905392
111,299,61,55.69489143822577
111,300,60,52.21271174576539
111,301,59,51.27377411516201
111,302,58,52.49078045553455
111,303,57,52.30548380155298
111,304,56,51.251541214153654
111,305,55,52.58989181921322
111,306,54,53.92165021542776
111,307,53,54.37758028696456
111,308,52,53.11356826761521
111,309,51,53.52895635174001
111,310,50,55.129559258637144
111,311,49,52.598998849022564
111,312,48,53.159022393474984
111,313,47,53.03233392513975
111,314,46,50.769697456385245
111,315,45,51.53333808803101
111,316,44,50.091329383425744
111,317,43,50.45256628005045
111,318,42,47.736227916043966
111,319,41,46.51615829682713
111,320,40,42.96113061071109
111,321,39,43.243279496436905
111,322,38,39.21291155890085
111,323,37,38.33234921890903
111,324,36,42.67468809372637
111,325,35,40.30288879683436
111,326,34,37.04408999417703
111,327,33,34.48223136200205
111,328,32,34.84119985437755
111,329,31,34.92239555129756
111,330,30,34.746941707372756
111,331,29,30.64807193556007
111,332,28,28.866217111579207
111,333,27,26.78205161586844
111,334,26,27.02528981437803
111,335,25,29.162481881363966
111,336,24,26.458293700636126
111,337,23,25.938787869199643
111,338,22,22.114306881776997
111,339,21,24.827387248047756
111,340,20,21.910866810286997
111,341,19,19.56526598924183
111,342,18,21.301926284030912
112,40,114,111.18610085058923
112,41,113,115.77637582181416
112,42,112,115.89875371750759
112,43,111,116.53678528992505
112,44,110,117.50648624738687
112,45,109,118.98670057686407
112,46,108,114.63369897011427
112,47,107,118.70448747053698
112,48,106,120.78180538156143
112,49,105,116.70946686305211
112,50,104,113.58372110724096
112,51,103,115.55702248668308
112,52,102,118.06470508764491
112,53,101,117.66449048194383
112,54,100,117.32724704738482
112,55,99,119.1850510363795
112,56,98,120.26586851416627
112,57,97,120.64785550651027
112,58,96,121.41702667779843
112,59,95,119.8378552525609
112,60,94,120.50915846664442
112,61,93,118.78902439893757
112,62,92,116.76681289275072
112,63,91,118.90333176181949
112,64,90,118.04471382835669
112,65,89,117.06809706405132
112,66,88,115.40547717239247
112,67,87,115.1722604847701
112,68,86,113.6931974587992
112,69,85,111.44654441763893
112,70,84,109.6823190043949
112,71,83,102.46987527007292
112,72,82,112.75301194884918
112,73,81,110.3888679358746
112,74,80,110.46342484517868
112,75,79,109.35436339173646
112,76,78,103.50014991257277
112,77,77,94.5192980206134
112,78,76,87.9084521346125
112,79,75,81.59124738145789
112,80,74,88.27945336480839
112,81,73,88.50751517076318
112,82,72,95.28901812699714
112,83,71,99.5008584753164
112,84,70,95.74410058590423
112,85,69,93.54534667236354
112,86,68,96.49171729414996
112,87,67,104.68876847261023
112,88,66,102.57061802230099
113,40,105,115.19971191955236
113,41,104,114.29247476338551
113,42,103,116.26507799690786
113,43,102,116.13169970582584
113,44,101,114.53026225373009
113,45,100,114.40302602031485
113,46,99,117.24929843311014
113,47,98,112.53846917668642
113,48,97,116.35992602860885
113,49,96,114.88363261481832
113,50,95,116.54994472950638
113,51,94,117.58266756721112
113,52,93,116.0702714174827
113,53,92,112.97662506793532
113,54,91,114.21311326512752
113,55,90,114.67182358172414
113,56,89,115.7211829111852
113,57,88,119.23880882724386
113,58,87,119.77022421580554
113,59,86,115.32304589947822
113,60,85,115.10243802167267
113,61,84,119.04538957581772
113,62,83,119.15258016816
113,63,82,115.19427988508029
113,64,81,116.13673188291072
113,65,80,118.22689821627344
113,66,79,115.29002177032902
113,67,78,114.68454887463497
113,68,77,111.1148904076604
113,69,76,111.35049121398154
113,70,75,112.52270570037598
113,71,74,109.65947084238357
113,72,73,107.85250090827131
113,73,72,105.91967750648114
113,74,71,106.31861887556367
113,75,70,104.12023244005901
113,76,69,102.3445914186957
113,77,68,100.21144303370332
113,78,67,101.91939031734971
113,79,66,102.08667737329823
113,80,65,93.92058974891671
113,81,64,96.14537049503069
113,82,63,85.80185515019667
113,83,62,81.311451106905
113,84,61,66.62568328781046
113,85,60,69.76541173837418
113,86,59,70.02187135718748
113,87,58,65.35350733551486
113,88,57,65.79089799554735
113,89,56,64.7325893317959
113,90,55,66.6048878956333
113,91,54,71.12164186895598
113,92,53,71.73164170282462
113,93,52,66.34387791044063
113,94,51,63.81680867143436
113,95,50,73.4737973842804
113,96,49,68.38335514354821
113,97,48,74.81762214280539
113,98,47,71.7667114518858
113,99,46,79.3569325110694
113,100,45,84.90287096239011
113,101,44,74.32053759815707
113,102,43,75.21174542113008
113,103,42,80.1906381907279
113,104,41,66.76854480048945
113,105,40,68.12609920830374
113,106,39,61.15823283632163
113,107,38,66.25725986094298
113,108,37,62.28964617613845
113,109,36,56.66856861165584
113,110,35,55.01518349336498
113,111,34,49.55694821222956
113,112,33,49.58309828120352
113,113,32,46.46102586455276
113,114,31,40.06677236111543
113,115,30,35.86372307422814
113,116,29,30.303755800959387
113,117,28,32.45958182997298
113,118,27,38.205761920732485
113,119,26,39.561222513138894
113,120,25,32.51688873477703
113,121,24,31.485290712275308
113,122,23,28.773582986186245
113,123,22,24.257963848126238
113,124,21,22.399598494600806
113,125,20,22.64383445442605
113,126,19,18.78311848087505
113,127,18,18.187309120550555
113,128,17,19.371533392866084
113,129,16,14.984555800875512
113,130,15,14.850402559036283
113,131,14,15.420112324951063
113,132,13,12.426939226113403
114,40,192,125.0
114,41,191,125.0
114,42,190,125.0
114,43,189,125.0
114,44,188,124.8278846232806
114,45,187,124.38090614267975
114,46,186,123.45104983183766
114,47,185,123.38193122158711
114,48,184,123.8252926888708
114,49,183,123.75036860155377
114,50,182,123.8040477974383
114,51,181,124.69076988446398
114,52,180,125.0
114,53,179,125.0
114,54,178,125.0
114,55,177,125.0
114,56,176,125.0
114,57,175,123.81259558745575
114,58,174,124.34806279072683
114,59,173,124.37019136488593
114,60,172,124.32500360310152
114,61,171,125.0
114,62,170,125.0
114,63,169,125.0
114,64,168,125.0
114,65,167,125.0
114,66,166,125.0
114,67,165,124.91140638287588
114,68,164,123.53166472714173
114,69,163,123.54843277367007
114,70,162,124.27294532930392
114,71,161,124.43697859933249
114,72,160,123.89495378891168
114,73,159,123.18434728869767
114,74,158,123.58300133583916
114,75,157,123.92554261223029
114,76,156,125.0
114,77,155,125.0
114,78,154,125.0
114,79,153,124.96484123582103
114,80,152,125.0
114,81,151,125.0
114,82,150,125.0
114,83,149,124.7076575011319
114,84,148,124.78290392581494
114,85,147,124.78013995321594
114,86,146,124.55963637412717
114,87,145,124.38883592047837
114,88,144,123.89223479143197
114,89,143,121.13683263528364
114,90,142,120.88351985419354
114,91,141,124.17992657275049
114,92,140,124.1301125295987
114,93,139,122.75749304104784
114,94,138,122.62672727309679
114,95,137,122.25973443509363
114,96,136,120.08182855458568
114,97,135,121.75541075147925
114,98,134,121.7414492377583
114,99,133,120.42724301064243
114,100,132,120.69951992087255
114,101,131,121.64630545687308
114,102,130,122.889932029128
114,103,129,123.60128645186529
114,104,128,124.17636959301089
114,105,127,123.60764967881367
114,106,126,122.75225714407526
114,107,125,124.299129105194
114,108,124,125.0
114,109,123,125.0
114,110,122,124.19151677422718
114,111,121,124.57002563641225
114,112,120,123.81518462412387
114,113,119,123.08764190037337
114,114,118,123.69439547880816
114,115,117,122.15211123815041
114,116,116,122.48468778071961
114,117,115,121.79419249077704
114,118,114,121.34813135727005
114,119,113,120.80956103630746
114,120,112,120.58838732024861
114,121,111,119.32769595380655
114,122,110,120.18839682894256
114,123,109,121.15326286491957
114,124,108,119.98532946354844
114,125,107,119.68080746792398
114,126,106,117.706846785772
114,127,105,117.29956654424984
114,128,104,114.06344792966118
114,129,103,112.35100507904762
114,130,102,113.83702467621137
114,131,101,115.49034258496476
114,132,100,108.44187389242342
114,133,99,104.2882862745193
114,134,98,104.5746751501585
114,135,97,110.07474240911392
114,136,96,106.33909124802787
114,137,95,113.81666755246357
114,138,94,113.25951661809155
114,139,93,110.42056281135456
114,140,92,111.0762297702171
114,141,91,112.54114984439636
114,142,90,111.87969004176603
114,143,89,111.81438192654153
114,144,88,113.40356058766326
114,145,87,111.78359920683818
114,146,86,107.37924622715522
114,147,85,110.3070754807253
114,148,84,110.43479484526777
114,149,83,109.86907004660046
114,150,82,111.24456108757039
114,151,81,109.291706296987
114,152,80,105.25430584762358
114,153,79,108.76332173187994
114,154,78,110.2603406058951
114,155,77,108.56996632904311
114,156,76,111.4192100764619
114,157,75,108.45131072131694
114,158,74,107.85683049517225
114,159,73,105.56569473281428
114,160,72,105.58752544659423
114,161,71,105.14449592006338
114,162,70,102.36465409947245
114,163,69,102.05202110968052
114,164,68,96.28808102668202
114,165,67,90.33702939546012
114,166,66,89.34335497805324
114,167,65,84.02910868487837
114,168,64,80.87798077185292
114,169,63,77.7290014322573
114,170,62,79.89760042545572
114,171,61,77.4307451197499
114,172,60,76.2770202156546
114,173,59,74.16792100049828
114,174,58,75.72321697279955
114,175,57,69.30832186151024
114,176,56,70.06641782876659
114,177,55,69.30119868850603
114,178,54,64.55215603481611
114,179,53,65.110062855404
114,180,52,66.48905282332052
114,181,51,63.06713270705042
114,182,50,62.81404485691225
114,183,49,59.207532698708576
114,184,48,61.40117987020051
114,185,47,59.08773582958668
114,186,46,59.00148531891821
114,187,45,55.63550294973891
114,188,44,56.920117610866754
114,189,43,53.68821165997056
114,190,42,49.713314666280695
114,191,41,52.99381814202842
114,192,40,47.80527536536957
114,193,39,46.60977377809557
114,194,38,44.075439192873404
114,195,37,42.81367710294998
114,196,36,42.99533005344803
114,197,35,43.27299450885826
114,198,34,44.666401881289346
114,199,33,43.86469184923995
114,200,32,40.53928946612682
114,201,31,41.890885597266774
114,202,30,37.046474346388706
114,203,29,32.62665516604184
114,204,28,29.967226578311994
114,205,27,30.113711952985675
114,206,26,28.72027451318669
114,207,25,27.248296208030418
114,208,24,28.699235593809867
114,209,23,24.470846577619184
114,210,22,25.975210918901038
114,211,21,23.741434017051997
114,212,20,28.83095197686947
114,213,19,24.236125416622755
114,214,18,24.810799108466544
114,215,17,22.463512552000196
114,216,16,21.488524161577608
114,217,15,21.078536249347152
114,218,14,28.49919715718174
115,40,181,121.62896526854146
115,41,180,123.80178911656787
115,42,179,123.3002634158027
115,43,178,122.99194144314251
115,44,177,123.6759692008886
115,45,176,123.73052771182019
115,46,175,124.50385564603948
115,47,174,125.0
115,48,173,123.83664539613795
115,49,172,123.60499637636191
115,50,171,123.22589694099193
115,51,170,122.73555689871962
115,52,169,123.45731361888897
115,53,168,123.14733834787124
115,54,167,124.02481417606641
115,55,166,124.0204255179959
115,56,165,123.91913487260427
115,57,164,122.62490154242849
115,58,163,121.84072433948177
115,59,162,122.14296140553255
115,60,161,122.73497930819848
115,61,160,123.35688636202076
115,62,159,120.4996463304524
115,63,158,119.44806737721947
115,64,157,118.69733871831619
115,65,156,119.41506926922222
115,66,155,119.0862548571138
115,67,154,116.59145024394975
115,68,153,118.54870581422414
115,69,152,118.55086830512082
115,70,151,117.9428472106048
115,71,150,117.05127082257529
115,72,149,117.72591158725228
115,73,148,115.57872338647519
115,74,147,114.9406737599742
115,75,146,114.96665018734248
115,76,145,117.04922207580174
115,77,144,119.70249768317953
115,78,143,118.85567472084466
115,79,142,119.4041371160036
115,80,141,117.40070688486259
115,81,140,116.51069970238544
115,82,139,115.11019250197779
116,40,134,117.62641997425334
116,41,133,117.87220558857533
116,42,132,115.81568237482384
116,43,131,120.7711215832046
116,44,130,120.68859903269468
116,45,129,119.2040549522161
116,46,128,117.17858259014997
116,47,127,115.4422234589995
116,48,126,117.1594513220866
116,49,125,117.29328498095043
116,50,124,117.21684986264677
116,51,123,116.2317344850452
116,52,122,114.7477475405438
116,53,121,115.55002935905522
116,54,120,115.59599825780106
116,55,119,115.55642012016355
116,56,118,114.64129669181281
116,57,117,116.10342360513849
116,58,116,119.00043312654037
116,59,115,118.73245600509362
116,60,114,119.63181223669497
116,61,113,119.44214084897197
116,62,112,118.92243998598101
116,63,111,119.51780370460763
116,64,110,117.69937539963406
116,65,109,113.88120488145054
116,66,108,114.1165159500942
116,67,107,113.82137129163348
116,68,106,109.23682464275922
116,69,105,113.89003312738933
116,70,104,115.57559939938798
116,71,103,112.62980508113087
116,72,102,108.94061511624373
116,73,101,106.7383223316537
116,74,100,110.43000629697949
116,75,99,108.09063649474675
116,76,98,104.80131695062295
116,77,97,109.84155272837822
116,78,96,109.24009874470707
116,79,95,106.81054522677806
116,80,94,109.75555573198825
116,81,93,106.03824898219614
116,82,92,101.76034578894553
116,83,91,105.23408582483523
116,84,90,103.99872921573724
116,85,89,100.1817340168774
116,86,88,101.30371313441245
116,87,87,104.23671589961025
116,88,86,106.29972676822153
116,89,85,105.37158058101781
116,90,84,104.50173416858439
116,91,83,102.05087355965723
116,92,82,103.33410032558484
116,93,81,102.04280169887679
116,94,80,97.50956201941513
116,95,79,100.74719939620034
116,96,78,97.0485221489472
116,97,77,98.73236086341623
116,98,76,100.95910360707168
116,99,75,100.75631409821361
116,100,74,98.5867987977662
116,101,73,101.65712000384639
116,102,72,98.78119729722707
116,103,71,97.68299286088484
116,104,70,95.85373056629217
116,105,69,92.57167412003267
116,106,68,94.43099530303738
116,107,67,96.08459146840332
116,108,66,95.6708185553788
116,109,65,100.6709404791652
116,110,64,103.9230535649494
116,111,63,98.85846421933546
116,112,62,89.82136263422498
116,113,61,92.83489743510518
116,114,60,85.392902114321
116,115,59,81.49405588070175
116,116,58,69.2039756816547
116,117,57,80.09889060102799
116,118,56,80.04846223224999
116,119,55,69.52772748447009
116,120,54,62.12916264246191
116,121,53,71.54498854651544
116,122,52,60.89839296758798
116,123,51,52.672671661672325
116,124,50,56.95104933907601
116,125,49,48.86064676251154
116,126,48,43.749200921585185
116,127,47,43.89491126368824
116,128,46,40.27531886876686
116,129,45,46.61824208351194
116,130,44,52.10901167589297
116,131,43,53.23895979542941
116,132,42,44.74188577003952
116,133,41,38.581833733365954
116,134,40,33.856058538135265
116,135,39,33.73852907670032
116,136,38,31.54756969074277
116,137,37,31.743407131530393
116,138,36,30.703722646905327
116,139,35,32.25645850149036
116,140,34,32.82014411568134
116,141,33,37.93080239625625
116,142,32,37.651340780950946
116,143,31,38.99967919154487
116,144,30,36.10109779577517
116,145,29,32.680455112428334
116,146,28,30.46294096240748
116,147,27,34.73253566014471
116,148,26,31.480859026769924
116,149,25,27.898068038087047
116,150,24,22.176938729488164
116,151,23,24.236515833281587
116,152,22,20.492593974805903
116,153,21,18.384296619899303
116,154,20,19.597980277147236
116,155,19,18.46702600889175
116,156,18,15.995873184868467
116,157,17,12.81816376162445
116,158,16,11.00043073665201
116,159,15,11.260032024731789
116,160,14,9.486570950792732
116,161,13,10.942211008364737
117,40,132,124.95347295862167
117,41,131,125.0
117,42,130,124.04758773000447
117,43,129,124.33848700957012
117,44,128,123.90700695081014
117,45,127,123.18751663483157
117,46,126,123.38566167110328
117,47,125,123.48443254026363
117,48,124,123.23435296471598
117,49,123,123.33505139376989
117,50,122,120.7200277555119
117,51,121,121.25862021804805
117,52,120,121.26381402009832
117,53,119,119.27601204555594
117,54,118,115.30200551567856
117,55,117,116.6777682168619
117,56,116,118.79611877402186
117,57,115,116.71883122371713
117,58,114,115.41351884998282
117,59,113,111.31275746793096
117,60,112,115.61644915000286
117,61,111,116.20426070585484
117,62,110,115.8314628272397
117,63,109,116.1530218382772
117,64,108,116.24462315242349
117,65,107,117.2687238605123
117,66,106,117.5963354018273
117,67,105,114.57960627135387
117,68,104,111.75529915818834
117,69,103,116.56521975550075
117,70,102,115.30691620480202
117,71,101,115.76327712198642
117,72,100,115.08373294355948
117,73,99,115.21851091515535
117,74,98,114.69035829676312
117,75,97,114.35723998560792
117,76,96,116.39804633245646
117,77,95,118.58537803575541
117,78,94,118.8637528086843
117,79,93,118.29401019862496
117,80,92,118.51340324828473
117,81,91,118.74609374337265
117,82,90,119.41525657178022
117,83,89,118.60034597783023
117,84,88,118.53419408144548
117,85,87,117.83765220384697
117,86,86,117.17581706887212
117,87,85,114.65581178878537
117,88,84,114.20991863239641
117,89,83,115.35956113558234
117,90,82,110.62231320691373
117,91,81,112.16058555413551
117,92,80,107.45532069377998
117,93,79,105.64116800774823
117,94,78,106.47221993266237
117,95,77,101.22619877891152
117,96,76,102.80937173606168
117,97,75,99.97851915636844
118,40,146,124.99166505385904
118,41,145,125.0
118,42,144,125.0
118,43,143,125.0
118,44,142,125.0
118,45,141,124.87174146096937
118,46,140,125.0
118,47,139,124.9942060509205
118,48,138,123.83260382892948
118,49,137,123.58940058419405
118,50,136,123.20128581734843
118,51,135,123.06677898639472
118,52,134,123.24631756976257
118,53,133,122.25343305585042
118,54,132,124.21768761069353
118,55,131,124.76989956935427
118,56,130,124.51747989867624
118,57,129,125.0
118,58,128,124.92991475677488
118,59,127,124.71951070978648
118,60,126,124.66345209176933
118,61,125,124.23147550679647
118,62,124,122.83222702672128
118,63,123,123.59682689123667
118,64,122,123.43387831611977
118,65,121,123.30298141376028
118,66,120,122.38469169538433
118,67,119,123.47854053471538
118,68,118,123.66437120493462
118,69,117,123.44048947990541
118,70,116,123.1365170942722
118,71,115,122.43563514817637
118,72,114,121.59498400645174
118,73,113,121.03335050409038
118,74,112,121.62246791673589
118,75,111,122.03129548695799
118,76,110,121.40611706012443
118,77,109,121.92309551097009
118,78,108,121.32508830844344
118,79,107,121.55991025470432
118,80,106,120.74329096926058
118,81,105,122.021777944034
118,82,104,122.14048959990288
118,83,103,122.1305968069586
118,84,102,122.12868854923572
118,85,101,123.18977223834557
118,86,100,121.94117786354184
118,87,99,121.18165703359963
118,88,98,117.03512125450357
118,89,97,114.62110805406965
118,90,96,113.65034281778674
118,91,95,112.0967216018694
118,92,94,109.14626966665375
118,93,93,103.5207750420307
118,94,92,107.1013406210819
118,95,91,105.29082745030334
118,96,90,101.71589465823307
118,97,89,108.23124083138035
118,98,88,108.52414579854963
118,99,87,104.92241555278355
118,100,86,106.15813897631993
118,101,85,99.69303752359377
118,102,84,95.21029940193831
118,103,83,100.17018270672737
118,104,82,95.98374230445111
118,105,81,102.68643177849424
118,106,80,102.76394471429964
118,107,79,101.37832193374959
118,108,78,99.8015272647665
118,109,77,100.88448229912466
118,110,76,96.80615663262546
118,111,75,92.64150255058175
118,112,74,92.38780313967675
118,113,73,91.50639735694551
118,114,72,92.78920788901348
118,115,71,95.00902691678442
118,116,70,87.18957604935058
118,117,69,83.72584718487948
118,118,68,88.46757489093633
118,119,67,90.06318862125167
118,120,66,92.88797275862716
118,121,65,93.41243628117604
118,122,64,92.27998471887241
118,123,63,91.87055799545787
118,124,62,95.81441341005609
118,125,61,92.95141614193417
118,126,60,90.71112951650252
118,127,59,91.78442027464635
118,128,58,86.9964997075773
118,129,57,92.06873684446953
118,130,56,86.5928552490548
118,131,55,83.61047708703902
118,132,54,78.1853573722473
118,133,53,76.10945049618508
118,134,52,72.97984092237861
118,135,51,66.5834043828899
118,136,50,71.08286366913497
118,137,49,71.22431004160339
118,138,48,75.82358790511597
118,139,47,76.27166753929745
118,140,46,72.94311736637779
118,141,45,70.07197890833284
118,142,44,68.77682720199964
118,143,43,70.57317679126123
118,144,42,64.61057056596172
118,145,41,62.706432367816035
118,146,40,58.46361577703496
118,147,39,53.8266387300216
118,148,38,52.37207950740124
118,149,37,49.63770105553735
118,150,36,51.345303069476216
118,151,35,52.16510231569394
118,152,34,48.95123556049355
118,153,33,43.58015574884693
118,154,32,47.04713408058731
118,155,31,42.26978709526391
118,156,30,42.635535740146146
118,157,29,41.848238084529996
118,158,28,37.7199179281596
118,159,27,37.38517903043255
118,160,26,34.402956592278485
118,161,25,34.251968681042605
118,162,24,34.41350741432697
118,163,23,32.58831368527616
118,164,22,32.60716672682479
118,165,21,29.719942146466657
118,166,20,29.73045223514241
118,167,19,25.98654517966495
118,168,18,26.743518978525387
118,169,17,27.027023725714002
118,170,16,22.441599072252025
118,171,15,24.07357557933439
118,172,14,21.888237665462352
118,173,13,21.426293688729864
118,174,12,21.2377363067682
118,175,11,17.731614633706275
118,176,10,17.13017198914205
118,177,9,14.698644258959618
118,178,8,12.9196827139924
119,40,297,125.0
119,41,296,125.0
119,42,295,125.0
119,43,294,124.70207031103999
119,44,293,125.0
119,45,292,125.0
119,46,291,125.0
119,47,290,125.0
119,48,289,125.0
119,49,288,125.0
119,50,287,125.0
119,51,286,124.84186335132316
119,52,285,124.87951526662746
119,53,284,125.0
119,54,283,125.0
119,55,282,125.0
119,56,281,125.0
119,57,280,125.0
119,58,279,125.0
119,59,278,125.0
119,60,277,125.0
119,61,276,125.0
119,62,275,125.0
119,63,274,125.0
119,64,273,125.0
119,65,272,125.0
119,66,271,124.54594704007066
119,67,270,124.76596678951927
119,68,269,123.80973487390791
119,69,268,123.57070102641654
119,70,267,123.15832116327935
119,71,266,122.31745117124056
119,72,265,123.46622507667584
119,73,264,124.40539945128535
119,74,263,125.0
119,75,262,124.86742152541902
119,76,261,125.0
119,77,260,125.0
119,78,259,125.0
119,79,258,125.0
119,80,257,125.0
119,81,256,124.83882006427947
119,82,255,124.96484399097173
119,83,254,124.33686927919544
119,84,253,125.0
119,85,252,124.69514797852776
119,86,251,123.77117276891428
119,87,250,124.94725452660069
119,88,249,125.0
119,89,248,124.7648058108378
119,90,247,124.60195782078935
119,91,246,124.38800798660344
119,92,245,125.0
119,93,244,125.0
119,94,243,125.0
119,95,242,124.78249602302895
119,96,241,124.5350528740947
119,97,240,125.0
119,98,239,125.0
119,99,238,125.0
119,100,237,125.0
119,101,236,125.0
119,102,235,125.0
119,103,234,125.0
119,104,233,125.0
119,105,232,124.73909558953909
119,106,231,123.7505080994018
119,107,230,124.22586373397382
119,108,229,123.26799776077077
119,109,228,123.47627269209741
119,110,227,124.35784083307499
119,111,226,123.88633081802351
119,112,225,124.05145928810833
119,113,224,123.65540828191284
119,114,223,123.89475188398615
119,115,222,118.96882440257227
119,116,221,121.29994960125782
119,117,220,118.50300270791067
119,118,219,118.56918343072466
119,119,218,117.80980064077967
119,120,217,120.8290069773352
119,121,216,121.6843227106546
119,122,215,122.88816885477799
119,123,214,123.33669483558685
119,124,213,123.2751541396988
119,125,212,122.98337454360055
119,126,211,122.98909884733914
119,127,210,123.52326123281193
119,128,209,123.06234520183634
119,129,208,122.73573252006321
119,130,207,123.11776083283328
119,131,206,123.60897306661406
119,132,205,122.13414506087861
119,133,204,122.06405484893827
119,134,203,120.74644082455605
119,135,202,119.71807144791454
119,136,201,119.95365612596439
119,137,200,122.58876557272114
119,138,199,122.29061067434257
119,139,198,120.61361687850965
119,140,197,120.17236722764065
119,141,196,117.78056722251873
119,142,195,120.67337695254464
119,143,194,120.2809448130638
119,144,193,121.79997971600307
119,145,192,121.52292221352027
119,146,191,119.06890785582509
119,147,190,118.25726262165351
119,148,189,117.95684045679575
119,149,188,117.29629206173878
119,150,187,113.99110416108837
119,151,186,114.65810075745755
119,152,185,117.2710312472508
119,153,184,115.87703306945053
119,154,183,118.37469262280227
119,155,182,116.41203869769807
119,156,181,113.69096866159126
119,157,180,115.2841716669929
119,158,179,117.24175484787003
119,159,178,115.43969362697051
119,160,177,117.29684970155856
119,161,176,113.20107752486896
119,162,175,116.9332238131743
119,163,174,116.43225166264224
119,164,173,118.76151671232651
119,165,172,118.32824715731164
119,166,171,118.69162434442656
119,167,170,119.78915858682792
119,168,169,119.74034379109787
119,169,168,118.58759482645658
119,170,167,120.86625488275511
119,171,166,119.03763310817722
119,172,165,118.21863986618499
119,173,164,117.54914679934225
119,174,163,117.5115109439413
119,175,162,117.04867039101653
119,176,161,118.92479922189511
119,177,160,116.42983632399572
119,178,159,117.67756968684763
119,179,158,118.56358672715845
119,180,157,119.56773032842756
119,181,156,118.44173959735333
119,182,155,119.07127106280649
119,183,154,119.31004372201298
119,184,153,118.65302951648935
119,185,152,118.81622210675539
119,186,151,118.66547719177493
119,187,150,118.54223778670794
119,188,149,119.76213469451737
119,189,148,118.6825936005024
119,190,147,118.04871971213774
119,191,146,116.64700892659638
119,192,145,118.01055820245728
119,193,144,116.19358395310647
119,194,143,116.87875712095111
119,195,142,114.30523940338631
119,196,141,113.93852477481113
119,197,140,112.8860356036005
119,198,139,116.22542840849547
119,199,138,115.86255533621141
119,200,137,114.82186749388828
119,201,136,116.81548927406504
119,202,135,115.95138450935782
119,203,134,116.72614578487823
119,204,133,117.33862037566183
119,205,132,116.40606747716666
119,206,131,115.56925616951864
119,207,130,116.26642135227515
119,208,129,116.99411281480904
119,209,128,115.2726362571825
119,210,127,115.74219862963278
119,211,126,114.98789910649808
119,212,125,112.24790409272651
119,213,124,113.32149444520388
119,214,123,109.64776303386924
119,215,122,108.4654664488527
119,216,121,110.21027451567042
119,217,120,109.57359017814426
119,218,119,108.79793642650935
119,219,118,108.24204326447915
119,220,117,104.35862107557196
119,221,116,103.81205266520222
119,222,115,99.22368855189315
119,223,114,98.41265037654776
119,224,113,99.885366543247
119,225,112,97.47097983237867
119,226,111,96.22757077150719
119,227,110,94.04940324375276
119,228,109,91.37776975220012
120,40,267,124.60372282689184
120,41,266,123.28555542319009
120,42,265,123.72768292856469
120,43,264,123.3545020449389
120,44,263,122.46526098683856
120,45,262,121.79518104899111
120,46,261,122.90754120390338
120,47,260,123.1042094092123
120,48,259,122.29595295981656
120,49,258,124.20879002718837
120,50,257,124.55101070570441
120,51,256,122.82583256444265
120,52,255,123.89823099715272
120,53,254,124.52283096396769
120,54,253,123.49041622151788
120,55,252,123.43696770088764
120,56,251,123.46340780934428
120,57,250,123.66880622528578
120,58,249,123.63311318115001
120,59,248,123.9859756901603
120,60,247,123.42382061551073
120,61,246,123.17846655731222
120,62,245,122.28625727698704
120,63,244,122.43596580700138
120,64,243,122.53564853326053
120,65,242,123.05236450277462
120,66,241,122.69057094248498
120,67,240,123.1351414531556
120,68,239,122.07495271174757
120,69,238,122.93565914045749
120,70,237,122.92366255500096
120,71,236,122.54091257206971
120,72,235,119.96497409290066
120,73,234,120.51649456542066
120,74,233,118.07780267730291
120,75,232,116.921520537123
120,76,231,117.25141249759358
120,77,230,116.72711296431562
120,78,229,116.94150310330883
120,79,228,114.22386557701782
120,80,227,116.58291976737368
120,81,226,115.88379949781208
120,82,225,115.64180597087844
120,83,224,117.96321469097131
120,84,223,118.36454352620618
120,85,222,118.39266037887376
120,86,221,117.58729630119674
120,87,220,118.32209368121482
120,88,219,119.737928578404
120,89,218,121.01213631648353
120,90,217,119.7748718340534
120,91,216,119.54586090557477
120,92,215,120.22130828787283
120,93,214,120.53807083671667
120,94,213,120.21906688600106
120,95,212,120.1830175039933
120,96,211,121.38982213791121
120,97,210,120.49672578283092
120,98,209,118.08291534099725
120,99,208,118.91091728034114
120,100,207,119.71032463127702
120,101,206,118.68509969032607
120,102,205,118.88334673073571
120,103,204,119.75365807131189
120,104,203,120.44262322387303
120,105,202,119.39011926545503
120,106,201,122.03189544996349
120,107,200,121.22109450651106
120,108,199,121.99095940929847
120,109,198,121.12781659993044
120,110,197,120.78267286614765
120,111,196,121.24325132432307
120,112,195,121.24382422491809
120,113,194,121.3280490431629
120,114,193,120.74291872476364
120,115,192,121.64934568637115
120,116,191,120.49758486831138
120,117,190,120.20962496505716
120,118,189,119.02251532945242
120,119,188,118.21827831664558
120,120,187,107.36814657738547
120,121,186,110.06492000529161
120,122,185,106.96748091003631
120,123,184,101.87985267991577
120,124,183,100.1564409274014
120,125,182,105.33738068129767
120,126,181,108.87137323123225
120,127,180,105.96019846369384
120,128,179,109.32607234983234
120,129,178,117.02028208111473
120,130,177,111.5950911157496
120,131,176,112.67963014281425
120,132,175,116.6413290232571
120,133,174,112.90963119061504
120,134,173,116.75794834929906
120,135,172,115.5378410998118
120,136,171,115.90470822787483
120,137,170,114.97707206134402
120,138,169,113.8341503995573
120,139,168,115.79755760454321
120,140,167,113.02232802249668
120,141,166,114.36638101755327
120,142,165,115.80879434444847
120,143,164,116.50524993270031
120,144,163,119.09856675457621
120,145,162,120.4381344026298
120,146,161,121.9402677785354
120,147,160,120.88181214915905
120,148,159,121.66631694744208
120,149,158,121.64743575016365
120,150,157,119.63617999789616
120,151,156,119.0472780117793
120,152,155,120.58831072275672
120,153,154,121.3608586915274
120,154,153,121.43798597187288
120,155,152,122.87539063628594
120,156,151,120.38930382043426
120,157,150,119.88393947558626
120,158,149,119.78634326680279
120,159,148,117.10855885845395
120,160,147,118.88666330176908
120,161,146,117.0999545964196
120,162,145,114.3020728979966
120,163,144,114.9958405076494
120,164,143,114.26955083143966
120,165,142,112.1479338198067
120,166,141,112.49685884008412
120,167,140,109.34068018872537
120,168,139,112.6312766823483
120,169,138,112.0082864557178
120,170,137,109.74445143873146
121,40,195,120.66764771406764
121,41,194,120.2343943168025
121,42,193,119.31421009712554
121,43,192,118.44536136679383
121,44,191,120.40580627514174
121,45,190,118.64808453516008
121,46,189,116.56307811797127
121,47,188,114.7891152771131
121,48,187,116.81076923932719
121,49,186,117.50877097845945
121,50,185,115.6416974293725
121,51,184,118.29419246767402
121,52,183,116.8146856932154
121,53,182,117.43891507229208
121,54,181,116.87441490789077
121,55,180,117.18565727234594
121,56,179,116.30598280375051
121,57,178,114.57717927481862
121,58,177,115.55444797311281
121,59,176,117.03686363603606
121,60,175,118.95802835605868
121,61,174,116.9709447106505
121,62,173,117.71077983190662
121,63,172,118.25348370539888
121,64,171,117.89428344739838
121,65,170,115.93892458687966
121,66,169,117.03151225462226
121,67,168,117.3764863984658
121,68,167,118.6173741808744
121,69,166,118.29262532797051
121,70,165,118.37350318594135
121,71,164,119.75088103104531
121,72,163,119.49199932045383
121,73,162,117.32423121567933
121,74,161,116.2872096898256
121,75,160,116.95599074527055
121,76,159,116.23472253271399
121,77,158,116.83210935850998
121,78,157,113.90656709569404
121,79,156,113.82603280575088
121,80,155,114.14725736320392
121,81,154,114.17001126561948
121,82,153,113.26619858828053
121,83,152,110.65554851196468
121,84,151,112.83184030198557
121,85,150,112.26741761624399
121,86,149,109.0415735733425
121,87,148,109.3206280504651
121,88,147,108.26722959690014
121,89,146,105.15802312476256
121,90,145,106.15690175769973
121,91,144,109.03668857557145
121,92,143,109.41503154105311
121,93,142,108.97438435863117
121,94,141,107.43579685551225
121,95,140,108.16315235272785
121,96,139,106.07460458220086
121,97,138,106.46976291926245
121,98,137,107.54803167538327
121,99,136,106.98933743449595
121,100,135,108.84310720550783
121,101,134,104.14215140472814
121,102,133,102.45664305897117
121,103,132,97.65562137468024
121,104,131,100.52580727302617
121,105,130,96.8869624365636
121,106,129,104.85866413889482
121,107,128,111.91247572428354
121,108,127,109.231767190645
121,109,126,109.75178324367087
121,110,125,110.77063184383154
121,111,124,111.55175824074485
121,112,123,113.02651469841666
121,113,122,113.3134010772501
121,114,121,114.34526877371499
121,115,120,113.61890509341501
121,116,119,111.25735083632665
121,117,118,109.2371895978415
121,118,117,107.00849278039443
121,119,116,105.63074654989077
121,120,115,101.93963866896014
121,121,114,101.84321808543848
121,122,113,105.08084463640353
121,123,112,100.14814907037132
121,124,111,108.2256694807122
121,125,110,105.54019248327593
121,126,109,104.29325312097788
121,127,108,97.79185780914705
121,128,107,101.56365524243992
121,129,106,96.34892188763457
121,130,105,88.73440847480902
121,131,104,86.84804244376949
121,132,103,90.56059872432743
121,133,102,90.73073205983022
121,134,101,97.16670072527975
121,135,100,104.47039655641603
121,136,99,100.69541301486629
121,137,98,99.06228901575038
121,138,97,98.09486854562948
121,139,96,93.30622375522289
121,140,95,90.68382194188668
121,141,94,83.60003643020059
121,142,93,79.32395538321711
121,143,92,80.40161922386366
121,144,91,78.32482905207283
121,145,90,71.69068360522009
121,146,89,77.327636751318
121,147,88,76.56619462269595
121,148,87,74.78250101583563
121,149,86,75.70294751034874
121,150,85,81.5561245568999
121,151,84,75.7499467704823
121,152,83,78.04815842093385
121,153,82,76.40180822184128
121,154,81,75.25619923632881
121,155,80,68.51862019624437
121,156,79,74.33854382978035
121,157,78,75.69562707968541
121,158,77,78.6123336343013
121,159,76,82.37323004666432
121,160,75,79.82562347632576
121,161,74,79.35531149838735
121,162,73,81.67972217768227
121,163,72,77.22022852346669
121,164,71,71.7928654657511
121,165,70,80.52020613268502
121,166,69,92.92906757755384
121,167,68,89.81215242650556
121,168,67,88.17000682556403
121,169,66,81.50982217806748
121,170,65,71.95210604264713
121,171,64,70.01786565242347
121,172,63,73.73253555657955
121,173,62,77.93329593147719
121,174,61,79.66196855633233
121,175,60,79.99901548977667
121,176,59,77.2520854966609
121,177,58,76.96764442453593
121,178,57,76.8222151545367
121,179,56,73.56123467177818
121,180,55,69.46456154104686
121,181,54,69.28910755269195
121,182,53,68.79477345595492
121,183,52,67.83813070187283
121,184,51,64.51957898530654
121,185,50,61.988912409075
121,186,49,59.285646587029646
121,187,48,57.323645188843216
121,188,47,53.31083458627538
121,189,46,49.34321873444752
121,190,45,45.20107762845394
121,191,44,41.046281826085014
121,192,43,39.19471740239399
121,193,42,39.33043219993479
121,194,41,37.658787707378224
122,40,269,125.0
122,41,268,125.0
122,42,267,125.0
122,43,266,125.0
122,44,265,125.0
122,45,264,125.0
122,46,263,125.0
122,47,262,125.0
122,48,261,125.0
122,49,260,125.0
122,50,259,125.0
122,51,258,124.47869167617787
122,52,257,124.04436504250552
122,53,256,123.73412916876208
122,54,255,124.45667159015217
122,55,254,124.80429344332043
122,56,253,124.79739505415998
122,57,252,125.0
122,58,251,124.92645303896398
122,59,250,124.74478301527557
122,60,249,124.09715655299163
122,61,248,123.88890796924233
122,62,247,123.69628568059395
122,63,246,123.56681430403928
122,64,245,122.72385037027155
122,65,244,123.00533200594987
122,66,243,123.7690229456201
122,67,242,123.59953749518988
122,68,241,123.42091042428541
122,69,240,122.3877371587638
122,70,239,121.63122427218707
122,71,238,123.1817357404439
122,72,237,122.84465963888712
122,73,236,123.13510262129296
122,74,235,123.34824344138798
122,75,234,123.96349822937327
122,76,233,123.52162123780957
122,77,232,123.51766057406707
122,78,231,122.91818444168766
122,79,230,122.67584948656018
122,80,229,121.12965081997878
122,81,228,121.11611536688318
122,82,227,122.22928953829994
122,83,226,122.01741658931539
122,84,225,122.88022508610133
122,85,224,122.54243358203416
122,86,223,122.16766432230052
122,87,222,121.94325368271944
122,88,221,120.51143509551432
122,89,220,119.6196733675776
122,90,219,120.46016038294164
122,91,218,120.53171044949494
122,92,217,121.29434792746292
122,93,216,122.2373699512728
122,94,215,120.7129633176774
122,95,214,123.65844741629206
122,96,213,122.70890056887441
122,97,212,122.48693877162489
122,98,211,121.33988958017028
122,99,210,122.65253331272493
122,100,209,121.4556730883094
122,101,208,123.20174694975013
122,102,207,123.8038865590704
122,103,206,124.27728834255487
122,104,205,124.33150513952631
122,105,204,124.40052025791617
122,106,203,123.8201577216938
122,107,202,124.30497281098262
122,108,201,124.40774635133987
122,109,200,124.36147353832685
122,110,199,124.37082293190586
122,111,198,124.50642915715115
122,112,197,123.60310836907624
122,113,196,124.08349415982892
122,114,195,123.38781573107181
122,115,194,123.67447098692216
122,116,193,124.20586009130943
122,117,192,124.02788679734631
123,40,219,123.59795547084249
123,41,218,124.1051898382975
123,42,217,124.8563903898618
123,43,216,124.77813040436729
123,44,215,123.57718172256997
123,45,214,123.75106564576427
123,46,213,123.96241922077556
123,47,212,123.86191567111604
123,48,211,122.55537467547323
123,49,210,124.20633899638628
123,50,209,125.0
123,51,208,125.0
123,52,207,125.0
123,53,206,125.0
123,54,205,125.0
123,55,204,124.85569945802519
123,56,203,124.68909449138837
123,57,202,125.0
123,58,201,125.0
123,59,200,125.0
123,60,199,125.0
123,61,198,124.78999445738485
123,62,197,124.57370827324426
123,63,196,123.06002931745735
123,64,195,124.74164747055264
123,65,194,124.84252990737554
123,66,193,125.0
123,67,192,125.0
123,68,191,124.17602327329607
123,69,190,124.33394959504605
123,70,189,123.89330966539212
123,71,188,124.48442182801477
123,72,187,123.50494093949757
123,73,186,122.76403415207969
123,74,185,122.2824385261256
123,75,184,122.94671982487355
123,76,183,123.78493052662571
123,77,182,123.621899187694
123,78,181,123.40358810402502
123,79,180,123.27016865475956
123,80,179,123.7428580393346
123,81,178,123.16477065884477
123,82,177,124.22398672331097
123,83,176,122.64311701044063
123,84,175,123.00499448330675
123,85,174,122.0938897160091
123,86,173,119.70876980413314
123,87,172,118.95170542156998
123,88,171,120.40649038203898
123,89,170,121.71207148299781
123,90,169,122.55260590325696
123,91,168,121.83220285880303
123,92,167,121.17885016982038
123,93,166,121.7918795000268
123,94,165,122.91766954999088
123,95,164,123.87065426601842
123,96,163,124.16378489670402
123,97,162,123.9146623310165
123,98,161,123.33134820694508
123,99,160,121.53425802074392
123,100,159,121.01010318763346
123,101,158,120.97022465243549
123,102,157,121.27322452481616
123,103,156,122.17583536401438
123,104,155,122.27254619442121
123,105,154,123.85038517066295
123,106,153,123.70488927639018
123,107,152,124.14891459939133
123,108,151,124.34258673801139
123,109,150,124.06960841494741
123,110,149,123.02429001334028
123,111,148,123.22267583751548
123,112,147,123.06508863760686
123,113,146,122.72928421207911
123,114,145,122.98156500993332
123,115,144,121.67564714568032
123,116,143,121.7704902491039
123,117,142,120.80216422657362
123,118,141,121.9787356697664
123,119,140,122.99848086072515
123,120,139,122.84611898281423
123,121,138,123.654766651182
123,122,137,123.54022919462139
123,123,136,123.11258162603245
123,124,135,121.84917623654562
123,125,134,120.75586124496434
123,126,133,120.15704570451318
123,127,132,120.52213373748845
123,128,131,121.14230063611862
123,129,130,120.45918515739636
123,130,129,121.1882380332176
123,131,128,120.70153670954501
123,132,127,121.8995728257876
123,133,126,122.47571172241729
123,134,125,121.69159296816292
123,135,124,119.81573180398445
123,136,123,120.75465858829179
123,137,122,118.50249772757326
123,138,121,116.57935089748133
123,139,120,113.51888564555722
123,140,119,107.19919643952329
123,141,118,104.85131151929427
123,142,117,102.94092982335
123,143,116,100.44476288364956
123,144,115,97.97107984459473
123,145,114,99.09180912802594
123,146,113,101.52285615656527
123,147,112,109.0710278276579
123,148,111,107.30790786374553
123,149,110,106.57928574268166
123,150,109,106.94501470551566
123,151,108,113.35041224307957
123,152,107,111.2993609336647
123,153,106,110.9141467679028
123,154,105,109.16560863236293
123,155,104,108.63492706864113
123,156,103,107.6756037696089
123,157,102,108.14094743470632
123,158,101,102.93504964345794
123,159,100,103.79329628838481
123,160,99,98.2861036927246
123,161,98,104.69885005937928
123,162,97,103.03892590321232
123,163,96,103.26763840896528
123,164,95,99.79473022594513
123,165,94,97.4940244008225
123,166,93,98.31833661787338
123,167,92,101.08478629908869
123,168,91,97.72824222351213
123,169,90,93.35468996780219
123,170,89,94.2494423114895
123,171,88,96.0570566052537
123,172,87,96.68628236715486
123,173,86,96.39305549770613
123,174,85,92.77323077149725
123,175,84,94.81524152773787
123,176,83,97.84943755393672
123,177,82,91.60686119813143
123,178,81,92.44770547682643
123,179,80,87.79535894370139
123,180,79,85.70782382297816
123,181,78,82.92376928043961
123,182,77,83.49691336099917
123,183,76,80.7252148116437
123,184,75,75.83686986000932
123,185,74,72.86360080484828
123,186,73,72.58790583293175
123,187,72,76.15141708763963
123,188,71,77.23140308863913
123,189,70,78.98153432012865
123,190,69,77.7668287001942
123,191,68,77.0390209751696
123,192,67,78.09279230574111
123,193,66,80.21797683862465
123,194,65,78.25937380898003
123,195,64,75.84733073903317
123,196,63,71.43669051122829
123,197,62,70.34067712693849
123,198,61,65.66455206930829
123,199,60,67.66880594771303
123,200,59,63.23807654275769
123,201,58,65.83656964182808
123,202,57,61.62611543016871
123,203,56,61.41242184364457
123,204,55,59.882014405253074
123,205,54,56.15362680063866
123,206,53,55.796768186639966
123,207,52,52.691255654709394
123,208,51,52.04880915889822
123,209,50,52.677706006295374
123,210,49,51.793735249870124
123,211,48,49.70453966965033
123,212,47,50.2747312182207
123,213,46,52.78027975034722
123,214,45,52.74385473200102
123,215,44,50.880266551657606
123,216,43,50.052923378442856
123,217,42,48.63086487775146
123,218,41,47.98073071489914
123,219,40,43.37994789191468
123,220,39,45.41814726234038
123,221,38,43.134304138763
123,222,37,43.03136787460264
123,223,36,41.41666480339467
123,224,35,39.740288798659975
123,225,34,39.174852777442204
123,226,33,39.02810907168656
123,227,32,37.01580929843914
123,228,31,34.23867230883978
123,229,30,33.063570294062615
123,230,29,30.78175834650131
123,231,28,30.587893598157933
123,232,27,29.64476090803267
123,233,26,28.9620540364106
123,234,25,27.034180305523844
123,235,24,26.027186341855938
123,236,23,26.42861152675146
124,40,276,125.0
124,41,275,124.89866752444007
124,42,274,125.0
124,43,273,124.67150698174818
124,44,272,123.75491099736738
124,45,271,123.9539316145945
124,46,270,123.7542839986219
124,47,269,123.20789825910111
124,48,268,122.89713016256044
124,49,267,123.01154720635293
124,50,266,123.28969966021407
124,51,265,123.33329022044228
124,52,264,123.7377712370763
124,53,263,122.75473386009403
124,54,262,122.16514147752734
124,55,261,121.82297405814293
124,56,260,121.49853103266977
124,57,259,121.54737684572555
124,58,258,121.66621035719166
124,59,257,121.5349548370074
124,60,256,122.67481678809648
124,61,255,122.16807543693898
124,62,254,122.34941080943429
124,63,253,121.45587617993931
124,64,252,122.77880057985361
124,65,251,121.58854896637499
124,66,250,122.59363241094033
124,67,249,122.08782807975372
124,68,248,121.4545577549643
124,69,247,122.412105627714
124,70,246,123.38123089227389
124,71,245,123.32837614159797
124,72,244,124.46770838759747
124,73,243,123.78091122315432
124,74,242,124.32965492352017
124,75,241,124.50651363604365
124,76,240,124.18862257964166
124,77,239,123.49847640609633
124,78,238,123.70489038029704
124,79,237,123.42812072238279
124,80,236,123.73026116071387
124,81,235,123.50195337319474
124,82,234,121.76428284416738
124,83,233,122.7675065831153
124,84,232,121.48046437468125
124,85,231,121.09458343713828
124,86,230,120.61409887256451
124,87,229,119.6147902358048
124,88,228,121.04553384634536
124,89,227,123.376043044623
124,90,226,123.26158890491291
124,91,225,119.56949731210322
124,92,224,122.43613360118033
124,93,223,120.40751059425668
124,94,222,119.99269032571972
124,95,221,119.7306501504676
124,96,220,119.5638529047769
124,97,219,118.93836804808407
124,98,218,119.12902298238174
124,99,217,117.8314636667383
124,100,216,114.48455345673813
124,101,215,117.27215355848904
124,102,214,118.31226402838286
124,103,213,117.90011306681657
124,104,212,119.21238457374716
124,105,211,121.82769970688366
124,106,210,120.92542523035354
124,107,209,120.76844709845682
124,108,208,122.48918498636358
124,109,207,122.68406982355557
124,110,206,123.04370508189865
124,111,205,122.1506342325016
124,112,204,122.81370821212842
124,113,203,122.06785533044413
124,114,202,122.46089282532947
124,115,201,120.94430229536957
124,116,200,122.72277178154943
124,117,199,120.84680860293781
124,118,198,122.94495370837373
124,119,197,121.91103032238284
124,120,196,121.57495183106786
124,121,195,121.02562916238908
124,122,194,120.5323617914598
124,123,193,120.65585321518486
124,124,192,120.91693291146765
124,125,191,122.0461006523977
124,126,190,121.68786851409796
124,127,189,122.95572486262948
124,128,188,122.31298139842323
124,129,187,122.48152199481991
124,130,186,121.79219638188184
124,131,185,122.90484185510564
124,132,184,122.53641860927036
124,133,183,122.24706299764671
124,134,182,122.77230045897365
124,135,181,122.2525757628639
124,136,180,121.42940102046227
124,137,179,122.10016074992984
124,138,178,120.65003973079519
124,139,177,120.8407401864454
124,140,176,117.72074479628156
124,141,175,115.03748900864596
124,142,174,119.71377316180117
124,143,173,119.80840149097673
124,144,172,121.50298086096471
124,145,171,121.88683940174059
124,146,170,122.67586106815448
124,147,169,123.08106427994474
124,148,168,122.95720560259386
124,149,167,121.52089972272975
124,150,166,120.9474448504389
124,151,165,119.89189848466319
124,152,164,118.65760003139668
124,153,163,120.2041748784326
124,154,162,120.23893608015001
124,155,161,120.1735594803935
124,156,160,117.83896795671168
124,157,159,117.516954500748
124,158,158,118.16526739491121
124,159,157,115.39988221249479
124,160,156,115.70235258541814
124,161,155,112.31867943662671
124,162,154,116.48739412203537
124,163,153,110.98347024052018
124,164,152,110.86205626416069
124,165,151,110.68539464576476
124,166,150,109.45293607499022
124,167,149,110.865346304822
124,168,148,109.52466208964336
124,169,147,109.74242444177972
124,170,146,108.4162511322084
124,171,145,106.18976743575753
124,172,144,106.51495833467399
124,173,143,107.42431300477698
124,174,142,106.86179287747825
124,175,141,105.99602202638748
124,176,140,108.97480781326652
124,177,139,108.17416188109057
124,178,138,110.47268789908203
124,179,137,110.26074574355138
124,180,136,113.16359007496044
124,181,135,111.33071168042983
124,182,134,106.43079211067183
124,183,133,104.2586307133989
124,184,132,101.1453045041423
124,185,131,105.45582865088335
124,186,130,108.4147713640354
124,187,129,111.3326838035907
124,188,128,110.8904008829285
124,189,127,105.96967405556174
124,190,126,102.72584561198653
124,191,125,98.69098002437391
124,192,124,97.55613180683127
124,193,123,99.78357310240476
124,194,122,100.51574858308936
124,195,121,102.41096532586381
124,196,120,102.45849013713874
124,197,119,103.32901475947381
124,198,118,102.3505844757388
124,199,117,103.94451190390407
124,200,116,102.0352455980526
124,201,115,102.35688887977012
124,202,114,101.45364465024551
124,203,113,99.1328855641024
124,204,112,96.26031937821003
124,205,111,94.79643794049252
124,206,110,99.87115640336769
124,207,109,94.19967713900654
124,208,108,91.60912000572014
124,209,107,95.97611204283355
124,210,106,87.69057471386512
124,211,105,88.65528368798178
124,212,104,87.05882515207516
124,213,103,87.02240633068746
124,214,102,87.96995318453973
124,215,101,86.43257743091101
124,216,100,83.305064742624
124,217,99,78.78732919567553
124,218,98,77.41457178893059
124,219,97,77.95707552808966
124,220,96,81.84992923670275
124,221,95,80.00346207059161
124,222,94,79.21869417544947
124,223,93,74.72250453986356
124,224,92,73.22297661127226
124,225,91,73.62851955843537
124,226,90,70.23371389091501
124,227,89,70.3900212066094
124,228,88,68.11296476274393
124,229,87,66.55172247454041
124,230,86,68.71214344309433
125,21,184,120.05057007652943
126,40,195,124.71236903165732
126,41,194,121.4203536001391
126,42,193,121.90712981357933
126,43,192,123.64811783589823
126,44,191,123.20137545369307
126,45,190,122.09994538067104
126,46,189,122.12939706134864
126,47,188,121.56210666275118
126,48,187,121.07943169653382
126,49,186,120.36171997548897
126,50,185,120.78356314350336
126,51,184,119.10358370013307
126,52,183,120.18096672515
126,53,182,120.34390428731052
126,54,181,122.59296493910833
126,55,180,119.74352365909553
126,56,179,122.56468611642184
126,57,178,121.42336264715883
126,58,177,124.11999107735967
126,59,176,122.68316349026165
126,60,175,123.73479995869822
126,61,174,122.66117119130905
126,62,173,120.99610276928297
126,63,172,121.20536867821177
126,64,171,119.90797443824492
126,65,170,119.47603997825155
126,66,169,119.33888083122949
126,67,168,117.28027980187488
126,68,167,115.81533201399552
126,69,166,114.69335616122015
126,70,165,114.0593755446898
126,71,164,114.74501873387104
126,72,163,116.64815558422558
126,73,162,116.5184041637632
126,74,161,117.98970701673582
126,75,160,117.67630659967207
126,76,159,117.23464925710607
126,77,158,117.29153361382339
126,78,157,121.1359538940313
126,79,156,119.84424062151331
126,80,155,122.02666540221708
126,81,154,120.611874794927
126,82,153,119.54157958199237
126,83,152,121.70558823161645
126,84,151,121.55450946241405
126,85,150,121.39870316092822
126,86,149,120.38074434136146
126,87,148,119.61180778056902
126,88,147,118.75746839941178
126,89,146,119.38543658437509
126,90,145,116.48140486758538
126,91,144,116.6834800274056
126,92,143,117.83949360386484
126,93,142,119.70103688193446
126,94,141,120.04521043284103
126,95,140,121.05415021840031
126,96,139,122.45056375878548
126,97,138,120.02361740085206
126,98,137,121.50168465277889
126,99,136,117.50935756576541
126,100,135,116.33226592629312
126,101,134,115.64829414284392
126,102,133,117.61922208855816
126,103,132,118.11387340064869
126,104,131,117.5107632052507
126,105,130,119.81454856486445
126,106,129,118.71410567435404
126,107,128,116.99837150944826
126,108,127,121.26761216417881
126,109,126,117.62921169830747
126,110,125,118.43401394879746
126,111,124,117.85161259715923
126,112,123,117.581281901616
126,113,122,119.33906663828785
126,114,121,117.05036004905496
126,115,120,116.69084698067172
126,116,119,117.78661679499393
126,117,118,117.06300511864046
126,118,117,120.0360557338588
126,119,116,118.31688684865544
126,120,115,116.04974042252039
126,121,114,113.76900302615157
126,122,113,116.89334190827458
126,123,112,114.15296648951684
126,124,111,111.16925838019506
126,125,110,108.36904674351725
126,126,109,107.71743938903066
126,127,108,102.43734836918097
126,128,107,101.33036278626142
126,129,106,108.35573392868568
126,130,105,106.48735174486583
126,131,104,109.82224881432646
126,132,103,112.95973021554701
126,133,102,112.30253134774341
126,134,101,115.59005186254497
126,135,100,110.39113168961829
126,136,99,108.03094597450647
126,137,98,106.79596278222859
126,138,97,106.21150400431519
126,139,96,98.35133841899545
126,140,95,97.51022960881207
126,141,94,91.11065325831153
126,142,93,96.7490165528674
126,143,92,91.32237401031776
126,144,91,85.68938557402295
126,145,90,82.30484653629912
126,146,89,83.55126224578116
126,147,88,78.79787050224208
126,148,87,77.36170737619568
126,149,86,75.51824685706666
126,150,85,73.59041321472134
126,151,84,80.63701987690682
126,152,83,77.12523588509698
126,153,82,75.52719185621717
126,154,81,74.60119794741826
126,155,80,72.68499589025075
126,156,79,72.28886158871596
126,157,78,71.69509935486573
126,158,77,84.28715149027596
126,159,76,81.59967405417504
126,160,75,75.97643046803563
126,161,74,78.49032131208392
126,162,73,80.7803838439003
126,163,72,86.04130783561163
126,164,71,71.73416229902088
126,165,70,80.45583687659433
126,166,69,78.8927964855022
126,167,68,72.4874885259647
126,168,67,74.87952558460526
126,169,66,71.32421601485973
126,170,65,64.52474090117694
126,171,64,64.98421552732704
126,172,63,64.21566808417438
126,173,62,62.22438736270871
126,174,61,63.61408198991541
126,175,60,62.70008949872744
126,176,59,61.54290011383205
126,177,58,59.203429865219476
126,178,57,58.844432407257926
126,179,56,59.20225614043834
126,180,55,59.72894697046234
126,181,54,55.05302310392743
126,182,53,62.01357162159353
126,183,52,57.38591116150085
126,184,51,58.45624302910221
126,185,50,55.16494473611833
126,186,49,49.250710680767625
126,187,48,50.37369739666684
126,188,47,48.71480841945912
126,189,46,47.37627201790693
126,190,45,43.391766639415465
126,191,44,49.45025653208276
126,192,43,41.88892688526826
126,193,42,40.21501074445965
126,194,41,37.47062248169141
126,195,40,37.18634724821992
126,196,39,35.60432756593365
126,197,38,32.451820090465965
126,198,37,30.040970249161255
126,199,36,33.135218913935134
126,200,35,29.073278743726114
126,201,34,26.793053265126545
126,202,33,27.71624970731623
126,203,32,35.94037686682913
126,204,31,31.698873057236263
126,205,30,30.62367732232549
126,206,29,33.24051613157596
126,207,28,33.2607644405723
126,208,27,33.83151895651409
126,209,26,31.526411927871273
126,210,25,32.60546592597731
126,211,24,27.380703874614717
126,212,23,26.62898024769253
126,213,22,23.08320336715393
126,214,21,21.714875059886573
126,215,20,21.677420165982504
126,216,19,21.76912195521249
126,217,18,22.331379947003754
126,218,17,24.05297317326586
126,219,16,22.282337270250252
126,220,15,21.398200401233655
127,40,253,125.0
127,41,252,125.0
127,42,251,125.0
127,43,250,125.0
127,44,249,125.0
127,45,248,125.0
127,46,247,125.0
127,47,246,125.0
127,48,245,124.79215627339934
127,49,244,125.0
127,50,243,124.834531930699
127,51,242,124.64587716560916
127,52,241,124.85220016661236
127,53,240,124.96218775819466
127,54,239,125.0
127,55,238,125.0
127,56,237,125.0
127,57,236,125.0
127,58,235,124.5221372651269
127,59,234,124.36009068417508
127,60,233,124.18757172483421
127,61,232,124.27078737450088
127,62,231,124.32311924261226
127,63,230,124.79132529337764
127,64,229,123.75863916027652
127,65,228,124.00897200052546
127,66,227,124.22327178065751
127,67,226,124.32052977613782
127,68,225,124.21284446130903
127,69,224,124.39724604662555
127,70,223,125.0
127,71,222,124.44008360084231
127,72,221,123.96807444734426
127,73,220,124.06512880157783
127,74,219,124.4683083103322
127,75,218,124.21204480021056
127,76,217,124.52472428545107
127,77,216,124.19432485261169
127,78,215,124.78645192490256
127,79,214,124.59010011636222
127,80,213,123.31114086138211
127,81,212,122.59835237342477
127,82,211,122.64794823128685
127,83,210,123.03492303201864
127,84,209,122.9754937677493
127,85,208,123.9629881072999
127,86,207,124.07674518227827
127,87,206,124.39362079685928
127,88,205,122.72690940199281
127,89,204,122.7640577536955
127,90,203,122.79154908204526
127,91,202,123.18131630602548
127,92,201,122.9807420490219
127,93,200,123.00748507575237
127,94,199,123.20474458525918
127,95,198,117.92508154659004
127,96,197,116.03293592269836
127,97,196,116.0632371188355
127,98,195,115.27393182199303
128,40,225,125.0
128,41,224,125.0
128,42,223,125.0
128,43,222,125.0
128,44,221,124.80308835122162
128,45,220,125.0
128,46,219,125.0
128,47,218,123.83143773989764
128,48,217,125.0
128,49,216,125.0
128,50,215,123.71824428966463
128,51,214,123.78553777644827
128,52,213,124.47565767576904
128,53,212,123.89396931918523
128,54,211,124.29762411367341
128,55,210,123.58749136069433
128,56,209,123.56213268070346
128,57,208,123.99211503796698
128,58,207,123.73870408393415
128,59,206,124.30351056590894
128,60,205,123.41836956014288
128,61,204,122.24331112510619
128,62,203,122.61358427898713
128,63,202,123.26985852343756
128,64,201,123.58230621845959
128,65,200,124.53005474684466
128,66,199,124.21135229395246
128,67,198,123.28815541842818
128,68,197,123.36366072943774
128,69,196,123.67024491662477
128,70,195,123.78121443687175
128,71,194,124.00603553839977
128,72,193,124.97765680629942
128,73,192,125.0
128,74,191,124.84469577182605
128,75,190,124.83082958043484
128,76,189,124.89829539018018
128,77,188,124.72192915768903
128,78,187,124.89423988761882
128,79,186,124.71744695445221
128,80,185,124.57551930274866
128,81,184,124.26148557789516
128,82,183,125.0
128,83,182,125.0
128,84,181,125.0
128,85,180,124.5734101777754
128,86,179,123.14450505727226
128,87,178,122.99947366618326
128,88,177,121.72176725447973
128,89,176,121.11793712443131
128,90,175,121.32318609855547
128,91,174,120.09838105282141
128,92,173,120.4850337171716
128,93,172,121.38763034999204
128,94,171,123.57038417316285
128,95,170,122.97948229046403
128,96,169,123.55482380001656
128,97,168,123.52032834166761
128,98,167,123.32152800955139
128,99,166,123.94154812283024
128,100,165,123.53980730824746
128,101,164,123.11485398263834
128,102,163,123.2585799672224
128,103,162,123.55692247903463
128,104,161,123.54014103156304
128,105,160,123.39333297959558
128,106,159,123.3712731406419
128,107,158,123.45244236203541
128,108,157,123.8484011669139
128,109,156,123.69447765069619
128,110,155,123.39646736339665
128,111,154,122.91736866239191
128,112,153,122.44102738407571
128,113,152,122.79869324819379
128,114,151,122.59137588252355
128,115,150,123.01463712002734
128,116,149,124.15090692087779
128,117,148,124.01978305895437
128,118,147,123.81280533717248
128,119,146,122.37632229526596
128,120,145,121.04416050306952
128,121,144,121.44288727676214
128,122,143,121.82172253092844
128,123,142,122.97946853788626
128,124,141,123.0325360486164
128,125,140,122.40137863691592
128,126,139,122.17788435727309
128,127,138,121.20584773365519
128,128,137,120.24751395668497
128,129,136,118.5678108888373
128,130,135,118.86468811564085
128,131,134,118.12479559445802
128,132,133,116.87639789313147
128,133,132,117.45783409760182
128,134,131,117.99234274924665
128,135,130,118.50704396026455
128,136,129,120.11606522626133
128,137,128,119.09855992292438
128,138,127,120.27246890624228
128,139,126,121.78760623379655
129,40,395,124.90469615669181
129,41,394,124.95817297123328
129,42,393,125.0
129,43,392,125.0
129,44,391,125.0
129,45,390,125.0
129,46,389,123.52415136718528
129,47,388,123.47283974579989
129,48,387,123.26055230510417
129,49,386,123.58751898846512
129,50,385,123.74971508959311
129,51,384,123.71650063040326
129,52,383,123.29503316120216
129,53,382,123.60293461666522
129,54,381,123.29551493445052
129,55,380,123.65398214311756
129,56,379,124.37974563298074
129,57,378,124.10255093504887
129,58,377,123.57601494377677
129,59,376,123.09780044302278
129,60,375,122.88652829268815
129,61,374,122.7230896762167
129,62,373,122.47333620674411
129,63,372,122.92342594147429
129,64,371,123.40473244789109
129,65,370,123.69691789405238
129,66,369,124.08143096415748
129,67,368,124.39288846640646
129,68,367,123.98224553125291
129,69,366,124.44201858217468
129,70,365,124.97071717783061
129,71,364,124.43021472343776
129,72,363,124.43116603531683
129,73,362,124.26611564302786
129,74,361,124.29661228898995
129,75,360,124.46171187618289
129,76,359,124.52223322186704
129,77,358,124.50862000154456
129,78,357,124.38896698910482
129,79,356,124.10708910702448
129,80,355,124.08537984147057
129,81,354,124.63008889347623
129,82,353,123.65654430757297
129,83,352,124.69434574784418
129,84,351,124.99771890030836
129,85,350,125.0
129,86,349,124.68172260548903
129,87,348,124.6775549140178
129,88,347,124.70518614780062
129,89,346,124.77465340317701
129,90,345,124.5228744250548
129,91,344,124.27670723232924
129,92,343,123.53145216958549
129,93,342,123.134718870315
129,94,341,123.76816098450007
129,95,340,123.22455565507238
129,96,339,123.66313308843138
129,97,338,122.56854229632026
129,98,337,123.29599311508915
129,99,336,123.26745561164113
129,100,335,121.93191353179918
129,101,334,121.44824689065854
129,102,333,121.07781942388615
129,103,332,121.37594222128251
129,104,331,121.56273387664609
129,105,330,122.26910688542978
129,106,329,122.52715328349505
129,107,328,122.54850919186003
129,108,327,122.45109088224382
129,109,326,122.78089017522457
129,110,325,122.77783108932582
129,111,324,123.26048781992634
129,112,323,123.01973535557953
129,113,322,122.96612097909278
129,114,321,122.43516987936167
129,115,320,122.0295618127984
129,116,319,122.45465239367522
129,117,318,122.089266334536
129,118,317,121.61084705946823
129,119,316,121.24324815527928
129,120,315,122.66571373254263
129,121,314,123.63597561177431
129,122,313,122.71339710851547
129,123,312,124.31181355972655
129,124,311,123.29951896635106
129,125,310,123.49958973709138
129,126,309,122.57029118041734
129,127,308,123.6850677383719
129,128,307,123.88908746383953
129,129,306,123.83884670166248
129,130,305,124.07510860041614
129,131,304,123.93265753611811
129,132,303,124.52938383464746
129,133,302,124.15761501411797
129,134,301,124.22657415858424
129,135,300,124.08431390340607
129,136,299,124.00781200273556
129,137,298,123.83454766813566
129,138,297,123.4282676788103
129,139,296,123.5623517094024
129,140,295,123.45584555108647
129,141,294,122.90472827914849
129,142,293,123.13996911153964
129,143,292,123.69192280009446
129,144,291,123.8705836014298
129,145,290,124.09810635502963
129,146,289,123.97583860730666
129,147,288,124.35871594015421
129,148,287,123.23585752418126
129,149,286,123.04906021478683
129,150,285,123.0141144635831
129,151,284,124.13233181846996
129,152,283,124.68496383737954
129,153,282,124.4746534794736
129,154,281,124.36763937494487
129,155,280,124.47892242134762
129,156,279,123.80192428179384
129,157,278,123.91944829676437
129,158,277,124.00065999874292
129,159,276,124.18871628157069
129,160,275,124.27506588614489
129,161,274,124.14661547604479
129,162,273,124.0445726385262
129,163,272,124.20247894804777
129,164,271,124.32206932313588
129,165,270,124.79236499742265
129,166,269,124.7661959973981
129,167,268,124.61178295323089
129,168,267,124.25272184236992
129,169,266,124.84249173598312
129,170,265,124.5283762083047
129,171,264,124.29532037351828
129,172,263,124.34759711864173
129,173,262,124.84738414106295
129,174,261,125.0
129,175,260,124.9508348968291
129,176,259,125.0
129,177,258,125.0
129,178,257,125.0
129,179,256,125.0
129,180,255,125.0
129,181,254,124.53737869529394
129,182,253,124.56986367881592
129,183,252,124.63151577471345
129,184,251,123.77887320928198
129,185,250,124.60510249151767
129,186,249,123.6554640902518
129,187,248,124.72627129827157
129,188,247,124.09811416801668
129,189,246,123.22262135412917
129,190,245,123.40263193116925
129,191,244,124.47428526176455
129,192,243,125.0
129,193,242,125.0
129,194,241,123.36061554869275
129,195,240,122.01437937084144
129,196,239,123.90207278918089
129,197,238,124.49978221784902
129,198,237,124.49572577100713
129,199,236,124.48130201120034
129,200,235,123.68238978657497
129,201,234,124.26332972024557
129,202,233,124.10784196849347
129,203,232,124.46306374879174
129,204,231,124.61495361267728
129,205,230,123.70905458032104
129,206,229,124.14464385320238
129,207,228,124.48148922413381
129,208,227,124.36125426561452
129,209,226,124.37933036865525
129,210,225,124.7505758569973
129,211,224,125.0
129,212,223,124.32529693310487
129,213,222,124.22121406414307
129,214,221,125.0
129,215,220,124.6920911055112
129,216,219,125.0
129,217,218,124.9652893695702
129,218,217,124.89823248219614
129,219,216,124.51383097808369
129,220,215,124.47896039452499
129,221,214,123.77665191007102
129,222,213,123.96552932723596
129,223,212,124.22492619200898
129,224,211,122.39462322185692
129,225,210,123.19926302399827
129,226,209,122.51480738872039
129,227,208,122.39219334143345
129,228,207,121.5006409187374
129,229,206,122.49130347869442
129,230,205,122.234606668537
129,231,204,121.0107478023233
129,232,203,121.3613435656017
129,233,202,122.14660857109126
129,234,201,122.2406065904058
129,235,200,122.47130105599942
129,236,199,121.32361605940537
129,237,198,121.56739946390536
129,238,197,121.7521303151733
129,239,196,120.766838436955
129,240,195,122.07695336859804
129,241,194,122.81653519981916
129,242,193,122.85927082012608
129,243,192,123.50064848588138
129,244,191,122.18345270501567
129,245,190,123.77492841267096
129,246,189,124.80394040774902
129,247,188,124.27829417100048
129,248,187,125.0
129,249,186,124.98298874425143
129,250,185,125.0
129,251,184,125.0
129,252,183,125.0
129,253,182,125.0
129,254,181,125.0
129,255,180,125.0
129,256,179,125.0
129,257,178,124.89389415516554
129,258,177,124.73212715179048
129,259,176,125.0
129,260,175,125.0
129,261,174,125.0
129,262,173,125.0
129,263,172,125.0
129,264,171,125.0
129,265,170,125.0
129,266,169,125.0
129,267,168,125.0
129,268,167,125.0
129,269,166,125.0
129,270,165,125.0
129,271,164,125.0
129,272,163,125.0
129,273,162,125.0
129,274,161,125.0
129,275,160,125.0
129,276,159,125.0
129,277,158,125.0
129,278,157,125.0
129,279,156,125.0
129,280,155,125.0
129,281,154,125.0
129,282,153,125.0
129,283,152,125.0
129,284,151,125.0
129,285,150,125.0
129,286,149,125.0
129,287,148,125.0
129,288,147,125.0
129,289,146,125.0
129,290,145,124.88150050891818
129,291,144,124.078968341675
129,292,143,124.28114397582098
129,293,142,121.04100652090787
129,294,141,119.32023315778989
129,295,140,119.89248307010845
129,296,139,122.05562067375143
129,297,138,123.20422451192823
129,298,137,123.62485212382107
129,299,136,120.70416980176063
129,300,135,122.10601218310538
129,301,134,122.88300542123997
129,302,133,120.64872727147647
129,303,132,119.35130866933929
129,304,131,118.23681708736298
129,305,130,117.26390402607659
129,306,129,114.69235492373875
129,307,128,115.79251292484484
129,308,127,110.8902561417845
129,309,126,113.76817377508496
129,310,125,113.89381368462563
129,311,124,112.49410147187359
129,312,123,113.33247765516586
129,313,122,111.02037325207996
129,314,121,111.50320437394188
129,315,120,112.81681391592306
130,40,232,120.06037368001674
130,41,231,120.51359608224162
130,42,230,120.95466864022342
130,43,229,121.60201653751562
130,44,228,122.44239200448229
130,45,227,122.90782519209966
130,46,226,122.5092685104883
130,47,225,121.85729068069504
130,48,224,121.38620245009334
130,49,223,120.88065136677807
130,50,222,120.29571615436521
130,51,221,119.92690011201385
130,52,220,119.61261793486233
130,53,219,120.0024474060231
130,54,218,119.01659494753446
130,55,217,119.97825972738322
130,56,216,120.4017353517175
130,57,215,118.8308882662911
130,58,214,118.79875749569763
130,59,213,115.6262931278379
130,60,212,113.08631579414478
130,61,211,114.20085209095376
130,62,210,115.88781328124325
130,63,209,119.23709057056698
130,64,208,115.61505338514064
130,65,207,115.96825927290334
130,66,206,119.73855495634422
130,67,205,118.82006023525227
130,68,204,120.46963517447315
130,69,203,122.00961942348437
130,70,202,120.7277386145947
130,71,201,118.5361802040936
130,72,200,120.33361434575866
130,73,199,120.10928618068621
130,74,198,120.41211763956224
130,75,197,119.70917419693724
130,76,196,120.89651418313215
130,77,195,120.52309515262414
130,78,194,118.6333658670026
130,79,193,119.15316664980134
130,80,192,118.20496921237557
130,81,191,117.88976287693424
130,82,190,116.06522763981937
130,83,189,115.70405660965812
130,84,188,117.66767305685178
130,85,187,117.2866826865511
130,86,186,116.83202154146119
130,87,185,115.86542595560559
130,88,184,116.09135668102408
130,89,183,115.96801856831598
130,90,182,116.44992762763675
130,91,181,117.01995176266729
130,92,180,115.43473915696157
130,93,179,114.3731040588101
130,94,178,113.63623579869653
130,95,177,109.66861030433063
130,96,176,101.2263037410609
130,97,175,93.22821616550362
130,98,174,87.79088552944907
130,99,173,80.314497609878
130,100,172,77.88135267390447
130,101,171,84.0455518164037
130,102,170,87.39475464493975
130,103,169,85.13330014398335
130,104,168,83.2246463045205
130,105,167,87.24489307602101
130,106,166,88.40982070933201
130,107,165,94.77520365426862
131,40,254,122.84926096727659
131,41,253,122.58878082360427
131,42,252,122.88435538594175
131,43,251,122.65822300255003
131,44,250,123.70736496574017
131,45,249,123.45690238093923
131,46,248,122.5987813400841
131,47,247,122.63335045535376
131,48,246,121.82328574912998
131,49,245,120.62191023850333
131,50,244,120.73083030827604
131,51,243,121.06967917260695
131,52,242,120.27353480085043
131,53,241,120.09037988686867
131,54,240,120.22134246074592
131,55,239,119.89204743193841
131,56,238,119.77156723875216
131,57,237,118.81027254900793
131,58,236,117.89182016931616
131,59,235,118.48661697126622
131,60,234,118.42078618414061
131,61,233,118.20518466272856
131,62,232,118.52277522680373
131,63,231,117.62744177910022
131,64,230,118.12255544721981
131,65,229,117.9706796718464
131,66,228,116.16400180992605
131,67,227,115.92994710609344
131,68,226,116.45604023398568
131,69,225,118.3228812123957
131,70,224,118.42885441097025
131,71,223,118.98142870365807
131,72,222,119.16880681713444
131,73,221,119.67508214304894
131,74,220,120.63758326557488
131,75,219,119.00134892287045
131,76,218,119.69234130528116
131,77,217,119.57985966346209
131,78,216,119.33373598940143
131,79,215,118.79030285889516
131,80,214,119.94330873659459
131,81,213,119.43849322376693
131,82,212,118.02954880819811
131,83,211,119.17632007804582
131,84,210,119.1142867064674
131,85,209,119.82534441346147
131,86,208,119.92468726767345
131,87,207,119.26964421238372
131,88,206,118.59284927180114
131,89,205,119.8709291281215
131,90,204,117.02083276013633
131,91,203,119.77327359096284
131,92,202,116.47677939507003
131,93,201,115.51412190699594
131,94,200,116.61750280272187
131,95,199,113.00506323739162
131,96,198,113.23644018205025
131,97,197,111.66232212096324
131,98,196,111.61601906420572
131,99,195,108.62726851854968
131,100,194,112.4377779489165
131,101,193,112.73956906579664
131,102,192,113.40917565290661
131,103,191,114.98199650475489
131,104,190,115.12173873740176
131,105,189,112.08584052587511
131,106,188,110.43069362590178
131,107,187,109.7860047455939
131,108,186,108.4222103414876
131,109,185,105.66891444529159
131,110,184,108.01228809828886
131,111,183,108.16045375846005
131,112,182,114.00734305379764
131,113,181,113.2846876401577
131,114,180,112.74819816081796
131,115,179,114.14010148702522
131,116,178,114.80925788769957
131,117,177,116.74943619798016
131,118,176,118.37155309409002
131,119,175,118.50827509124161
131,120,174,116.52961209389838
131,121,173,113.97265253619898
131,122,172,118.67287771593976
131,123,171,119.8610438719551
131,124,170,118.61140871531452
131,125,169,119.19271261445718
131,126,168,119.49280865548502
131,127,167,118.32457198451229
131,128,166,117.99660456681949
131,129,165,117.99860818779732
131,130,164,120.0166079774198
131,131,163,119.1305281926708
131,132,162,117.82302440267406
131,133,161,117.41204072660148
131,134,160,117.82264060302572
131,135,159,112.24993234107042
131,136,158,113.87742786670805
131,137,157,112.12226845022552
131,138,156,110.37431911626572
131,139,155,111.50721577138566
131,140,154,114.92445587941977
131,141,153,115.48546171226786
131,142,152,117.53233489239423
131,143,151,116.9710802407202
131,144,150,117.98789000654645
131,145,149,114.77234965172501
131,146,148,113.15058400982282
131,147,147,103.88405360288704
131,148,146,99.12830143111674
131,149,145,98.38974687494334
131,150,144,96.83308265177685
131,151,143,90.46496828682683
131,152,142,96.28781809997679
131,153,141,100.42778709084618
131,154,140,98.94157949836489
131,155,139,103.1320755250307
131,156,138,104.97757433728529
131,157,137,99.20471397302337
131,158,136,99.11531653218407
131,159,135,101.89412456201146
131,160,134,101.30284092135206
131,161,133,102.19559930365078
131,162,132,106.549531168678
131,163,131,107.17438422839356
131,164,130,106.42562257066407
131,165,129,107.13830147188351
131,166,128,110.73334453409208
131,167,127,111.91257829773488
131,168,126,113.20783783101493
131,169,125,108.44610721421859
131,170,124,107.13312821990684
131,171,123,98.82319842585181
131,172,122,99.88269047878515
131,173,121,99.77320510580915
131,174,120,104.52724290206456
131,175,119,105.53484439388431
131,176,118,105.89078119276759
131,177,117,108.42176531787058
131,178,116,110.03140562708072
131,179,115,109.68177738898046
131,180,114,101.74348300726209
131,181,113,101.85381885739726
131,182,112,104.31389666809845
131,183,111,97.37894078268017
131,184,110,102.15645410432336
131,185,109,95.68080655958028
131,186,108,92.52878523573219
131,187,107,86.08296144831353
131,188,106,84.4971382431432
131,189,105,79.68438122978756
131,190,104,85.03057396153991
131,191,103,84.8101746588741
131,192,102,84.86361531893212
131,193,101,94.06689626734628
132,40,191,124.45944003130964
132,41,190,123.14717652453871
132,42,189,123.17604535357066
132,43,188,122.37582345489307
132,44,187,122.17711157623161
132,45,186,122.90117363583019
132,46,185,122.34639294762424
132,47,184,121.09953502655056
132,48,183,121.43690773357422
132,49,182,121.74951766081759
132,50,181,121.83420767538465
132,51,180,121.53867015762697
132,52,179,121.33975622775448
132,53,178,122.05688872183165
132,54,177,121.70109261696203
132,55,176,122.1355422289511
132,56,175,121.18144401739958
132,57,174,121.34616775223162
132,58,173,120.27724712692577
132,59,172,119.14901058323171
132,60,171,114.64053523189763
132,61,170,113.38307848275895
132,62,169,113.3788421017175
132,63,168,113.11761590630411
132,64,167,113.83765404579106
132,65,166,115.04982930328939
132,66,165,114.68858490113517
132,67,164,115.93974980761033
132,68,163,116.52650106200747
132,69,162,116.11248596631839
132,70,161,115.67374974968584
132,71,160,116.13050311581935
132,72,159,116.0363902151634
132,73,158,111.02094154630717
132,74,157,112.63019739193695
132,75,156,115.77985458741655
132,76,155,115.82366924073494
132,77,154,112.0150442673623
132,78,153,116.37762692330286
132,79,152,115.89300381189757
132,80,151,114.85577828823338
132,81,150,115.03961430031629
132,82,149,115.01013703781535
132,83,148,112.5817887892658
132,84,147,112.49673592865499
132,85,146,110.79886047957493
132,86,145,103.66142875727166
132,87,144,102.36650939476749
132,88,143,101.91723594447994
132,89,142,108.0439744020512
132,90,141,107.534260506474
132,91,140,104.14506472515039
132,92,139,106.33216187774394
132,93,138,103.2191382796023
132,94,137,98.00566439663052
132,95,136,93.34517826782904
132,96,135,101.83683441902033
132,97,134,98.42341755769264
132,98,133,97.42024649423801
132,99,132,97.34051713886262
132,100,131,93.14232699818712
132,101,130,91.68100057253119
132,102,129,90.84672940149062
132,103,128,94.93431167259959
132,104,127,93.5619014550391
132,105,126,104.93290304797864
132,106,125,109.79063391025211
132,107,124,111.85629848539615
132,108,123,112.18680315921026
132,109,122,112.24447611984225
132,110,121,114.87588364246218
132,111,120,115.79764674529875
132,112,119,116.36199272433618
132,113,118,111.48601783730945
132,114,117,109.01027535056824
132,115,116,109.98651331116758
133,40,160,124.84541204723406
133,41,159,125.0
133,42,158,125.0
133,43,157,124.98802263719932
133,44,156,124.03642564070252
133,45,155,124.7303475438537
133,46,154,124.72443582834126
133,47,153,125.0
133,48,152,125.0
133,49,151,125.0
133,50,150,124.82542708359685
133,51,149,125.0
133,52,148,125.0
133,53,147,125.0
133,54,146,125.0
133,55,145,124.8777169040062
133,56,144,124.53331036903067
133,57,143,125.0
133,58,142,125.0
133,59,141,123.15693960837729
133,60,140,121.9690690502075
133,61,139,124.18048713376551
133,62,138,123.99657653970448
133,63,137,124.30109174203699
133,64,136,123.26916431751742
133,65,135,122.4403402145365
133,66,134,122.42681749878045
133,67,133,122.95359780662557
133,68,132,121.82241135403983
133,69,131,121.49438116111756
133,70,130,121.32016992883774
133,71,129,121.62323206505926
133,72,128,121.30572892020993
133,73,127,121.8903465658745
133,74,126,122.04347972234164
134,40,262,124.911248918538
134,41,261,124.05412379524613
134,42,260,124.1627324102022
134,43,259,124.94859609789123
134,44,258,124.54873383929504
134,45,257,124.47818714014971
134,46,256,123.97783523739878
134,47,255,124.68183072358782
134,48,254,122.93570365743093
134,49,253,122.98544470087992
134,50,252,124.74254515364848
134,51,251,124.86140120028924
134,52,250,125.0
134,53,249,125.0
134,54,248,123.74348024103861
134,55,247,124.50330137706922
134,56,246,123.98682453881975
134,57,245,124.81351635327147
134,58,244,123.706410045866
134,59,243,124.46364060307347
134,60,242,125.0
134,61,241,125.0
134,62,240,125.0
134,63,239,124.70718977296332
134,64,238,125.0
134,65,237,125.0
134,66,236,124.96684790341206
134,67,235,124.80015421125717
134,68,234,124.93593771591966
134,69,233,124.60690391741639
134,70,232,123.70534113953694
134,71,231,121.91026380866424
134,72,230,123.44038482338954
134,73,229,123.00746879356049
134,74,228,123.94226046965511
134,75,227,124.73757569567397
134,76,226,125.0
134,77,225,125.0
134,78,224,124.87379468792801
134,79,223,125.0
134,80,222,124.95492183757113
134,81,221,124.45408338626356
134,82,220,124.4074440442156
134,83,219,123.75093499719776
134,84,218,124.01379332657518
134,85,217,124.04654508527668
134,86,216,122.05209297492212
134,87,215,121.93506146985916
134,88,214,122.90715115362596
134,89,213,122.34725913996681
134,90,212,123.52932887360797
134,91,211,123.68105878114383
134,92,210,123.76880658655094
134,93,209,124.06023989400359
134,94,208,124.09491618501929
134,95,207,124.29152456957453
134,96,206,123.70599275751395
134,97,205,123.51970544712167
134,98,204,123.45492483071848
134,99,203,123.19398432099304
134,100,202,123.33724234597608
134,101,201,123.94301707505642
134,102,200,124.04884299058148
134,103,199,123.68025428200178
134,104,198,123.34364543818766
134,105,197,122.73911568210652
134,106,196,122.81183499114746
134,107,195,123.17146602136421
134,108,194,122.98456875548443
134,109,193,121.77700032913802
134,110,192,122.80597744012019
134,111,191,121.53224268026105
134,112,190,121.8320710194119
134,113,189,123.73646568865576
134,114,188,123.80276428785314
134,115,187,124.45163032579896
134,116,186,124.12152496137941
134,117,185,123.02148358046674
134,118,184,122.72240801083602
134,119,183,123.03215990136644
134,120,182,123.7662003436156
134,121,181,122.8943895312197
134,122,180,122.71507842189047
134,123,179,121.53356141213331
134,124,178,122.14803635638054
134,125,177,122.75045167734584
134,126,176,120.19264439841564
134,127,175,120.31125953172813
134,128,174,119.5506614853559
134,129,173,120.38804242827128
134,130,172,121.16269179298503
134,131,171,121.48814088458982
134,132,170,122.1446852801947
134,133,169,121.91214554988548
134,134,168,121.25778233432075
134,135,167,122.09181497548761
134,136,166,120.99665510147551
134,137,165,120.29059765336342
134,138,164,118.77808320463666
134,139,163,118.9749504556861
134,140,162,119.51808003645672
134,141,161,122.11955748453569
134,142,160,120.424906158553
134,143,159,120.33793383365784
134,144,158,121.12628023168183
134,145,157,120.91927255262611
134,146,156,119.07504302308946
134,147,155,120.30949917858155
134,148,154,118.81602735043074
134,149,153,119.74652441956579
134,150,152,118.65831743235394
134,151,151,120.43382706732294
134,152,150,121.34049989909789
134,153,149,121.18537246236355
134,154,148,120.73948272992413
134,155,147,121.5853928828967
134,156,146,122.48672333913612
134,157,145,122.42812430941376
134,158,144,123.9104277718792
134,159,143,123.86566627861757
134,160,142,123.9234665338287
134,161,141,124.40446156044467
134,162,140,122.68595752922354
134,163,139,123.4461305530286
134,164,138,123.42410474119646
134,165,137,123.9638057787976
134,166,136,122.23490121096845
134,167,135,122.01803900076592
134,168,134,122.03423480115796
134,169,133,121.24636161155662
134,170,132,121.225118865351
134,171,131,122.40413353961024
134,172,130,121.28460654840907
134,173,129,121.40222352053415
134,174,128,117.55614731891492
134,175,127,116.92182696387474
134,176,126,118.46330340478468
134,177,125,118.13830841191637
134,178,124,115.40042050390437
134,179,123,113.08854862168582
134,180,122,116.18288832357955
134,181,121,116.77764411227668
134,182,120,110.40890612835582
134,183,119,113.14440973875699
134,184,118,112.47256223173565
134,185,117,113.04050138793606
134,186,116,114.68888069265259
134,187,115,113.2995989026607
134,188,114,113.82954516916355
134,189,113,109.46905425661132
134,190,112,111.578780237196
134,191,111,106.31741472682562
134,192,110,103.86142486854494
134,193,109,104.73262673435585
134,194,108,110.72540952994926
134,195,107,111.2991407013629
134,196,106,108.57897107134374
134,197,105,106.78013870610764
134,198,104,110.6460880116549
134,199,103,110.90079497167251
134,200,102,114.43733921790911
134,201,101,114.58566347012056
134,202,100,114.97907690588517
134,203,99,117.51285474279874
134,204,98,116.13467743937558
134,205,97,110.87503376007909
134,206,96,110.9692824700206
134,207,95,104.11016939419102
134,208,94,109.08975810461658
134,209,93,109.07402984661441
134,210,92,109.88605359106765
134,211,91,104.50975372912521
134,212,90,102.66938649078867
134,213,89,99.36722084294902
134,214,88,98.67605099329799
134,215,87,98.54636122471481
134,216,86,103.55262984583955
134,217,85,100.75907246268501
134,218,84,104.40996849425719
134,219,83,101.80600168494826
134,220,82,101.18579735692836
134,221,81,101.60169549085884
134,222,80,97.43459778105871
134,223,79,95.98372872210784
134,224,78,97.71615340300764
134,225,77,94.13012751690292
134,226,76,98.25889802803502
134,227,75,99.1159564154857
134,228,74,94.30716149927063
134,229,73,91.22818362211882
134,230,72,94.0905310598784
134,231,71,91.80409998751733
134,232,70,91.0091874307713
134,233,69,87.12331578183282
134,234,68,86.27983809402777
134,235,67,84.76746279874435
134,236,66,84.91616252196403
134,237,65,81.92156809645323
134,238,64,83.01387334167322
134,239,63,86.04634072075766
134,240,62,86.3220877943713
134,241,61,84.98728939966654
134,242,60,81.29486091942374
134,243,59,78.36994521207586
134,244,58,79.28630976397054
134,245,57,76.43558679830033
134,246,56,74.02227783264371
134,247,55,74.23015197767006
134,248,54,73.10065297365291
134,249,53,72.27201032121525
134,250,52,66.8372311200518
134,251,51,61.22399750276126
134,252,50,62.71759962085268
134,253,49,56.559029562410146
134,254,48,57.95327825045855
134,255,47,55.50725081811248
134,256,46,56.20398440037499
134,257,45,55.54098039772099
134,258,44,54.77087246719742
134,259,43,52.75663499422657
134,260,42,51.976730899493745
134,261,41,51.578561234264555
134,262,40,52.346499267653925
134,263,39,46.6462904652962
134,264,38,45.82494661774827
134,265,37,46.401532521695216
134,266,36,47.42234563843364
135,40,402,125.0
135,41,401,125.0
135,42,400,125.0
135,43,399,125.0
135,44,398,124.98793933343683
135,45,397,125.0
135,46,396,124.78145399768204
135,47,395,125.0
135,48,394,125.0
135,49,393,124.7634550382957
135,50,392,124.47816494990587
135,51,391,124.32842248774477
135,52,390,125.0
135,53,389,124.4665050767056
135,54,388,124.68148650198957
135,55,387,124.88748401380991
135,56,386,124.68255208287763
135,57,385,124.67102820098523
135,58,384,124.66732294315551
135,59,383,124.23748473309934
135,60,382,124.44152886861343
135,61,381,124.37791499624691
135,62,380,123.6723892180975
135,63,379,123.69224219787691
135,64,378,123.45198723558696
135,65,377,123.21901442072306
135,66,376,123.32679060019024
135,67,375,123.51835575234614
135,68,374,124.2059354361005
135,69,373,124.27801510764994
135,70,372,124.2999720271462
135,71,371,122.358039077953
135,72,370,122.74898181144135
135,73,369,123.52988299975517
135,74,368,123.46662221224067
135,75,367,124.06323398312153
135,76,366,124.3174097982649
135,77,365,124.28723137010735
135,78,364,123.06058764800133
135,79,363,121.51866138982396
135,80,362,120.77607121979537
135,81,361,123.83131217693666
135,82,360,123.44890902780209
135,83,359,122.02850031562409
135,84,358,122.33687499621352
135,85,357,120.11941858776147
135,86,356,116.00247847816217
135,87,355,119.7036899945092
135,88,354,122.38077076699938
135,89,353,123.7133523925909
135,90,352,124.57715510303856
135,91,351,124.58128364076322
135,92,350,124.4406202960951
135,93,349,124.60162521177492
135,94,348,124.1942680666589
135,95,347,124.49381087484812
135,96,346,124.50874339750196
135,97,345,124.19333829858228
135,98,344,124.0014784237811
135,99,343,124.822325816997
135,100,342,124.64814471208814
135,101,341,124.77994605804723
135,102,340,125.0
135,103,339,125.0
135,104,338,124.71269078786554
135,105,337,125.0
135,106,336,125.0
135,107,335,125.0
135,108,334,125.0
135,109,333,125.0
135,110,332,124.87502706433773
135,111,331,124.82426228192767
135,112,330,125.0
135,113,329,124.87706951138077
135,114,328,124.14910285995211
135,115,327,124.97924873179726
135,116,326,125.0
135,117,325,124.88960037159
135,118,324,123.22345988367526
135,119,323,123.70350087054044
135,120,322,123.53040399517647
135,121,321,124.20701162774299
135,122,320,124.58954865278909
135,123,319,123.43155215279272
135,124,318,122.88704338094334
135,125,317,120.75182726151661
135,126,316,119.27119943270691
135,127,315,119.20647632845092
135,128,314,121.81296767018004
135,129,313,121.60124967177691
135,130,312,121.89264114951177
135,131,311,123.08490531066381
135,132,310,123.88435206043417
135,133,309,124.41414761628897
135,134,308,124.79760280781437
135,135,307,124.36266320125563
135,136,306,123.64314904804573
135,137,305,123.37093474517664
135,138,304,122.58812283365734
135,139,303,122.39528588324958
135,140,302,123.20039069542716
135,141,301,123.51487965392906
135,142,300,124.41630248135685
135,143,299,123.59697138434333
135,144,298,122.34521490459366
135,145,297,123.73645726078749
135,146,296,124.6318826522585
135,147,295,124.4687831141135
135,148,294,125.0
135,149,293,123.97680398491727
135,150,292,123.58011526018873
135,151,291,123.28309213836013
135,152,290,124.63264902301543
135,153,289,125.0
135,154,288,124.68328929979378
135,155,287,123.93354235367939
135,156,286,123.59224803598583
135,157,285,122.3793540480294
135,158,284,123.71980783956494
135,159,283,123.36448053116419
135,160,282,123.47376090523522
135,161,281,123.26320591388273
135,162,280,123.76476577489981
135,163,279,123.83683690049772
135,164,278,123.21864806589674
135,165,277,124.5176111541648
135,166,276,123.8904086301787
135,167,275,123.63784787792522
135,168,274,123.47169751768124
135,169,273,124.27235507508723
135,170,272,123.89627736985003
135,171,271,123.93539446682419
135,172,270,124.30706232348399
135,173,269,124.54859409454588
135,174,268,124.09945128229893
135,175,267,124.64675839899144
135,176,266,124.5004624917151
135,177,265,123.29620764377664
135,178,264,122.16828103186339
135,179,263,121.05203989632565
135,180,262,119.81007371193422
135,181,261,122.58920744067248
135,182,260,120.40243979148562
135,183,259,121.58497331837027
135,184,258,122.47846691643889
135,185,257,123.16602185917148
135,186,256,123.10327659282609
135,187,255,123.55352623025271
135,188,254,122.19455171132103
135,189,253,122.24887295599365
135,190,252,122.18715540387569
135,191,251,123.7767237257793
135,192,250,124.62051357984272
135,193,249,125.0
135,194,248,125.0
135,195,247,125.0
135,196,246,125.0
135,197,245,125.0
135,198,244,125.0
135,199,243,125.0
135,200,242,125.0
135,201,241,125.0
135,202,240,125.0
135,203,239,125.0
135,204,238,125.0
135,205,237,125.0
135,206,236,125.0
135,207,235,125.0
135,208,234,125.0
135,209,233,124.77714257015101
135,210,232,125.0
135,211,231,124.91967355049485
135,212,230,124.87029606039206
135,213,229,123.45826919040482
135,214,228,124.3390848950206
135,215,227,124.47556490230201
135,216,226,123.57245255202257
135,217,225,124.10571166237546
135,218,224,124.3063103703054
135,219,223,124.5323539798928
135,220,222,123.2881241893603
135,221,221,123.31259203371758
135,222,220,121.29335975350993
135,223,219,120.79022370362898
135,224,218,120.58358443478582
135,225,217,121.90949485529046
135,226,216,119.75791311476365
135,227,215,119.4764764107874
135,228,214,118.07704993684648
135,229,213,118.58258158786404
135,230,212,119.56143345418508
135,231,211,120.94583764025934
135,232,210,120.56968520415928
135,233,209,121.61828515163197
135,234,208,122.60157347227398
135,235,207,123.8823642057077
135,236,206,125.0
135,237,205,125.0
135,238,204,125.0
135,239,203,124.10848651333527
135,240,202,123.62613098862707
135,241,201,123.62858266020318
135,242,200,122.9811861739893
135,243,199,123.11246291133864
135,244,198,123.57847588158353
135,245,197,123.79129103016959
135,246,196,124.000432556455
135,247,195,124.41803273725758
135,248,194,124.72413213459467
135,249,193,123.96141392069865
135,250,192,123.17565813933754
135,251,191,123.88444339297695
135,252,190,124.98732714177842
135,253,189,125.0
135,254,188,125.0
135,255,187,124.72970683741735
135,256,186,124.40826549290051
135,257,185,124.50713333878382
135,258,184,123.86902302632751
135,259,183,123.20038518425484
135,260,182,123.2650119370312
135,261,181,124.01034168130946
135,262,180,124.24634940830173
135,263,179,124.2935222961606
135,264,178,123.29572255860703
135,265,177,123.3688283870748
135,266,176,123.50058860951692
135,267,175,122.97621474571093
135,268,174,122.97095781525762
135,269,173,121.7199902621936
135,270,172,122.84847541598572
135,271,171,122.6241300248259
135,272,170,123.12827567620225
135,273,169,124.61166506438983
135,274,168,124.95064582518737
135,275,167,125.0
135,276,166,125.0
135,277,165,124.64191735095142
135,278,164,123.5053043218283
135,279,163,122.8979142564416
135,280,162,122.91587795949215
135,281,161,123.75556945999986
135,282,160,123.36700897703196
135,283,159,120.43640768212921
135,284,158,118.91040064053163
135,285,157,117.23660063582784
135,286,156,117.75636763682144
135,287,155,116.90440074968527
135,288,154,114.50919479059895
135,289,153,109.54222949144047
135,290,152,107.02554256210738
135,291,151,106.9920157502394
135,292,150,104.96664607302341
135,293,149,105.43541653560868
135,294,148,104.67473106807559
135,295,147,109.47447940994172
135,296,146,105.69578781913765
135,297,145,111.92143637355076
135,298,144,113.45082576857865
135,299,143,113.51775525939686
135,300,142,108.78881224142654
135,301,141,110.91814403597846
135,302,140,115.36605072654697
135,303,139,118.22375064878436
135,304,138,115.78285212082578
135,305,137,115.69747690992433
135,306,136,115.45453853395497
135,307,135,105.2902970421139
135,308,134,109.24005855902419
135,309,133,107.447561801239
135,310,132,106.56715593254106
135,311,131,107.39418402312549
135,312,130,113.66620616358546
135,313,129,109.73644045887505
135,314,128,108.60891085292752
135,315,127,106.09811296474479
135,316,126,110.28828541276351
135,317,125,114.15226044353656
135,318,124,114.69147296330472
135,319,123,116.73145034754123
135,320,122,115.06452713687673
135,321,121,116.27563140485461
135,322,120,116.1164423463917
135,323,119,115.68796494444189
135,324,118,115.19481900916784
135,325,117,113.65758872201611
135,326,116,112.27166172601068
135,327,115,110.48941404574725
135,328,114,108.02742263843172
135,329,113,104.68356494545485
135,330,112,97.82823863516532
135,331,111,95.33124553731255
135,332,110,92.3388854464558
135,333,109,88.61392017468297
135,334,108,89.3831702581264
135,335,107,87.72668827567608
135,336,106,88.75125794888575
135,337,105,87.58156490006043
135,338,104,88.30566459474983
135,339,103,86.52164530016299
135,340,102,83.35411043812636
135,341,101,83.91938055377638
135,342,100,85.86017125866564
135,343,99,85.95560997353196
135,344,98,82.41810936393128
135,345,97,82.46723900415579
135,346,96,83.18378288691756
135,347,95,82.33974339257276
135,348,94,84.32285048941318
135,349,93,81.66718634527592
135,350,92,77.39594448090793
135,351,91,76.62897153283032
135,352,90,75.49215499377681
135,353,89,75.81604859669346
135,354,88,73.38852887225312
135,355,87,75.77961233860091
135,356,86,78.62146138540466
135,357,85,79.69620416201428
135,358,84,82.1754924350154
135,359,83,84.69007643060135
135,360,82,87.87233700914393
135,361,81,87.69759192798355
135,362,80,86.34522293137664
135,363,79,82.14314086453143
135,364,78,80.0632992334192
135,365,77,83.4689097629248
135,366,76,82.55717053508799
135,367,75,87.96334448287215
135,368,74,84.23461082182737
135,369,73,79.64495815292923
135,370,72,75.9114266896681
135,371,71,81.04760264983395
135,372,70,76.47714289371959
135,373,69,69.83280926143064
135,374,68,65.85894719683573
135,375,67,66.25119596274074
135,376,66,65.74417299556345
135,377,65,65.99061394324457
135,378,64,68.03325860057251
135,379,63,66.87164119537113
135,380,62,65.23162722650054
135,381,61,65.05942673714563
135,382,60,57.996959048457626
135,383,59,63.746575975395324
135,384,58,52.157766023463736
135,385,57,57.917256239303114
135,386,56,52.2962812410442
135,387,55,54.926695821407705
135,388,54,53.03893039715617
135,389,53,49.77706655759159
135,390,52,50.614651962004615
135,391,51,43.396100799291276
135,392,50,41.080235508338006
135,393,49,40.700959259882275
135,394,48,38.70859263876531
135,395,47,37.61560573237351
135,396,46,36.924179424523565
135,397,45,38.57094177596257
135,398,44,37.71172336269643
135,399,43,35.853293993996594
135,400,42,35.37796671200611
135,401,41,35.16850423227464
135,402,40,35.57391991477647
135,403,39,33.8478127986469
135,404,38,36.911580954303645
135,405,37,33.35915617362519
135,406,36,30.4803471152993
135,407,35,32.11525397209955
135,408,34,30.424735249395997
135,409,33,27.012469782387917
135,410,32,27.68776638356539
135,411,31,26.057005610374926
135,412,30,24.628745711615412
135,413,29,21.512033383208653
135,414,28,22.803876124895133
135,415,27,27.70529462772037
135,416,26,24.992163607629287
135,417,25,24.555815301095542
135,418,24,22.477730909129953
135,419,23,23.351600109373607
135,420,22,23.233658999649265
135,421,21,19.967171696186007
135,422,20,18.835405924435562
135,423,19,21.334671751741055
135,424,18,15.39889787339041
135,425,17,15.240948256125687
135,426,16,13.173029475406935
135,427,15,10.716716995256093
135,428,14,10.283022560351277
135,429,13,10.112705661454584
135,430,12,11.254343053235736
135,431,11,9.181694176506044
135,432,10,8.763782113568178
135,433,9,10.159345029419406
135,434,8,9.140443886243084
135,435,7,10.531911977081316
136,40,138,121.71695070573577
136,41,137,123.62191642122004
136,42,136,121.75193223514638
136,43,135,122.54039701628179
136,44,134,123.59681695128967
136,45,133,124.58778189905952
136,46,132,124.93875134862667
136,47,131,125.0
136,48,130,124.96688869898156
136,49,129,125.0
136,50,128,124.83036524305953
136,51,127,124.81354995191424
136,52,126,122.40340726232361
136,53,125,123.00288566283625
136,54,124,123.50634779436501
136,55,123,123.12602290284858
136,56,122,123.29258799600277
137,40,410,125.0
137,41,409,125.0
137,42,408,125.0
137,43,407,125.0
137,44,406,125.0
137,45,405,125.0
137,46,404,125.0
137,47,403,124.92643119533008
137,48,402,125.0
137,49,401,125.0
137,50,400,124.65459994224773
137,51,399,124.90549888532496
137,52,398,125.0
137,53,397,125.0
137,54,396,125.0
137,55,395,125.0
137,56,394,125.0
137,57,393,125.0
137,58,392,125.0
137,59,391,125.0
137,60,390,124.33704777050843
137,61,389,124.75801885852883
137,62,388,125.0
137,63,387,125.0
137,64,386,124.66593161226692
137,65,385,124.70849677301315
137,66,384,124.95032738091983
137,67,383,124.98127511460028
137,68,382,125.0
137,69,381,124.38156032720508
137,70,380,124.27434792990833
137,71,379,124.28501271908563
137,72,378,123.7578007425334
137,73,377,124.83617050317683
137,74,376,125.0
137,75,375,125.0
137,76,374,125.0
137,77,373,125.0
137,78,372,125.0
137,79,371,125.0
137,80,370,124.19148397431444
137,81,369,125.0
137,82,368,124.86992662466969
137,83,367,124.65109247359757
137,84,366,125.0
137,85,365,125.0
137,86,364,125.0
137,87,363,125.0
137,88,362,125.0
137,89,361,125.0
137,90,360,123.99275165992395
137,91,359,123.55261323557892
137,92,358,124.56579096729146
137,93,357,123.01742814484365
137,94,356,123.88606866387178
137,95,355,124.56687320404173
137,96,354,124.67465952478054
137,97,353,124.08183467279288
137,98,352,125.0
137,99,351,123.56340964261474
137,100,350,123.27665525801056
137,101,349,122.02781908451477
137,102,348,124.21352047616055
137,103,347,124.95681869914733
137,104,346,123.68025829921177
137,105,345,123.43100387637215
137,106,344,122.93303983484776
137,107,343,122.66813541324134
137,108,342,121.64578864821476
137,109,341,121.64023918003033
137,110,340,120.85840644042048
137,111,339,120.31375277763732
137,112,338,121.84644974259663
137,113,337,120.85362208445376
137,114,336,119.96551674941699
137,115,335,121.03942430787808
137,116,334,121.62027054020224
137,117,333,121.6789763180364
137,118,332,121.77522739117461
137,119,331,122.76409551880201
137,120,330,123.69417110271914
137,121,329,123.47668002963962
137,122,328,123.76542381166601
137,123,327,123.31546835596254
137,124,326,124.25842050670741
137,125,325,124.52788915676264
137,126,324,124.07297141581532
137,127,323,124.2935951702288
137,128,322,123.71833546132288
137,129,321,123.96320493292819
137,130,320,124.17380274626733
137,131,319,122.67314652925788
137,132,318,124.79072402733837
137,133,317,123.37680393580763
137,134,316,123.93880707601292
137,135,315,124.73079987778493
137,136,314,124.43390835928224
137,137,313,124.61267936611023
137,138,312,124.80074608662281
137,139,311,124.26389756765442
137,140,310,124.45861546185438
137,141,309,124.42226105881036
137,142,308,124.37959385062499
137,143,307,124.74016159281899
137,144,306,124.2843662876374
137,145,305,122.22323496177
137,146,304,123.22366263524705
137,147,303,123.2822332358964
137,148,302,123.20288859456517
137,149,301,125.0
137,150,300,124.8292570578867
137,151,299,124.89153003801385
137,152,298,124.99960934181865
137,153,297,125.0
137,154,296,124.86991728950218
137,155,295,124.3518747965438
137,156,294,124.48716194095996
137,157,293,124.45479134167104
137,158,292,124.84270010312733
137,159,291,125.0
137,160,290,124.47049635700043
137,161,289,125.0
137,162,288,125.0
137,163,287,125.0
137,164,286,124.56977477466661
137,165,285,125.0
137,166,284,124.75187337681126
137,167,283,125.0
137,168,282,124.36557263375693
137,169,281,124.9503544506477
137,170,280,125.0
137,171,279,124.78776301912984
137,172,278,125.0
137,173,277,125.0
137,174,276,125.0
137,175,275,125.0
137,176,274,125.0
137,177,273,125.0
137,178,272,124.99640480962377
137,179,271,125.0
137,180,270,125.0
137,181,269,125.0
137,182,268,125.0
137,183,267,125.0
137,184,266,125.0
137,185,265,125.0
137,186,264,125.0
137,187,263,125.0
137,188,262,125.0
137,189,261,124.32473745788141
137,190,260,124.3936354415511
137,191,259,124.02927131034424
137,192,258,123.33331158830956
137,193,257,123.18851284056639
137,194,256,123.9049539417748
137,195,255,123.02745461408728
137,196,254,124.84515582172466
137,197,253,123.56020865561808
137,198,252,124.27341126286578
137,199,251,123.51794146449294
137,200,250,124.51376023041462
137,201,249,124.52807042085757
137,202,248,124.57769102862669
137,203,247,124.2426545396556
137,204,246,124.54239100116278
137,205,245,123.66491634582322
137,206,244,123.0229243187367
137,207,243,124.3031134657381
137,208,242,123.84199884119006
137,209,241,123.38286731259781
137,210,240,124.67272915301331
137,211,239,123.74651054740713
137,212,238,124.62997641619091
137,213,237,124.04429803107115
137,214,236,125.0
137,215,235,124.47924348684177
137,216,234,123.49165325376401
137,217,233,122.97664989159213
137,218,232,124.89551662058741
137,219,231,125.0
137,220,230,125.0
137,221,229,125.0
137,222,228,125.0
137,223,227,125.0
137,224,226,125.0
137,225,225,125.0
137,226,224,125.0
137,227,223,125.0
137,228,222,125.0
137,229,221,125.0
137,230,220,125.0
137,231,219,125.0
137,232,218,125.0
137,233,217,123.15388975268837
137,234,216,123.03193606401987
137,235,215,122.4184128699035
137,236,214,125.0
137,237,213,124.06557656757056
137,238,212,125.0
137,239,211,123.87758558331745
137,240,210,123.18081443981578
137,241,209,121.81741279408426
137,242,208,118.60994482323149
137,243,207,116.4364673769973
137,244,206,118.07960033344406
137,245,205,122.62504388567793
137,246,204,122.40260370702539
137,247,203,123.72460387233721
137,248,202,124.11075445993734
137,249,201,123.80805317564737
137,250,200,123.79265329477008
137,251,199,122.41879997966618
137,252,198,122.06887984416585
137,253,197,122.35365638934232
137,254,196,123.10777771714038
137,255,195,123.33295986496445
137,256,194,122.95748999855087
137,257,193,123.15776376396525
137,258,192,122.40872831740286
137,259,191,122.18663735182182
137,260,190,121.84447783980946
137,261,189,123.40218804329737
137,262,188,122.80528782687384
137,263,187,124.35310909391848
137,264,186,124.82359698928988
137,265,185,123.95073625514107
137,266,184,124.06203382992868
137,267,183,123.4581773572076
137,268,182,123.93505701185514
137,269,181,124.06322029435137
137,270,180,123.4967140507778
137,271,179,123.1433548239917
137,272,178,122.39016305550291
137,273,177,122.71914596757931
137,274,176,123.56379603431213
137,275,175,123.44615762305784
137,276,174,123.48639961134106
137,277,173,122.26601529139242
137,278,172,121.69268531139627
137,279,171,121.74683552394731
137,280,170,119.44847550514044
137,281,169,119.3432243607519
137,282,168,119.55380131888332
137,283,167,118.96037871164538
137,284,166,117.78167189258357
137,285,165,117.33195775411363
137,286,164,117.45895654886951
137,287,163,118.40584212365822
137,288,162,118.7948295298101
137,289,161,116.74383245975275
137,290,160,117.56471786321771
137,291,159,114.32919973026164
138,40,287,125.0
138,41,286,125.0
138,42,285,125.0
138,43,284,125.0
138,44,283,125.0
138,45,282,125.0
138,46,281,125.0
138,47,280,125.0
138,48,279,125.0
138,49,278,125.0
138,50,277,125.0
138,51,276,125.0
138,52,275,125.0
138,53,274,125.0
138,54,273,125.0
138,55,272,125.0
138,56,271,125.0
138,57,270,125.0
138,58,269,124.65868450590966
138,59,268,124.85075318617217
138,60,267,124.66142138227971
138,61,266,125.0
138,62,265,124.0901237578483
138,63,264,123.74848958977233
138,64,263,122.7280029335511
138,65,262,122.94806999939304
138,66,261,122.8490124242364
138,67,260,124.13235514054165
138,68,259,123.9659903929217
138,69,258,123.6409732485269
138,70,257,122.23448109592368
138,71,256,122.87707797367426
138,72,255,123.39158109545944
138,73,254,123.93021102903927
138,74,253,123.92449749409872
138,75,252,124.61676678875077
138,76,251,125.0
138,77,250,124.95408212338839
138,78,249,124.80259909120588
138,79,248,124.95014404948715
138,80,247,125.0
138,81,246,124.78006594408073
138,82,245,125.0
138,83,244,125.0
138,84,243,124.63207494146562
138,85,242,125.0
138,86,241,124.45428526189099
138,87,240,125.0
138,88,239,125.0
138,89,238,124.30135474376856
138,90,237,125.0
138,91,236,124.8455921749775
138,92,235,125.0
138,93,234,124.56299198724933
138,94,233,123.9857572616805
138,95,232,124.77070372719123
138,96,231,124.67075910722934
138,97,230,123.86951298202965
138,98,229,124.04311997072918
138,99,228,125.0
138,100,227,124.33026097305947
138,101,226,123.7145547548183
138,102,225,123.29839434343633
138,103,224,123.04162011509656
138,104,223,122.0979864014493
138,105,222,123.07258368927049
138,106,221,123.246674974891
138,107,220,123.12195572112054
138,108,219,123.1487703316789
138,109,218,123.87893798260863
138,110,217,123.92353342764275
138,111,216,121.96356989578496
138,112,215,121.47494284895332
138,113,214,121.1164718891304
138,114,213,121.22108595028291
138,115,212,121.15480168676251
138,116,211,121.52738951797808
138,117,210,120.22501779335016
138,118,209,121.30281222945956
138,119,208,120.2220047321378
138,120,207,121.65974812094149
138,121,206,121.7602912090259
138,122,205,122.75054538011481
138,123,204,121.37963915245865
138,124,203,120.60901308587033
138,125,202,120.21745422565866
138,126,201,121.12854406674163
138,127,200,121.92581824188333
138,128,199,122.11337554861014
138,129,198,123.26990820249401
138,130,197,122.01260340552507
138,131,196,122.32873761486296
138,132,195,121.42324060234743
138,133,194,122.52517781982482
138,134,193,124.67252800836154
138,135,192,124.08293800565366
138,136,191,124.94001279020091
138,137,190,125.0
138,138,189,125.0
138,139,188,125.0
138,140,187,124.09694093003338
138,141,186,123.492485833281
138,142,185,124.07261842893382
138,143,184,123.20615818067643
138,144,183,124.44491979678835
138,145,182,124.22211104836958
138,146,181,124.43832009181675
138,147,180,124.34596178765409
138,148,179,125.0
138,149,178,124.85469493021063
138,150,177,124.6675865931744
138,151,176,124.89115607796087
138,152,175,124.48932421555202
138,153,174,124.2371095795717
138,154,173,124.49353093271228
138,155,172,124.58741432944649
138,156,171,124.29303789739782
138,157,170,123.00423840044512
138,158,169,122.87452809928385
138,159,168,123.76176259651845
138,160,167,124.24730623841597
138,161,166,123.96846899270051
138,162,165,123.74733726675763
138,163,164,121.5051026085808
138,164,163,120.99894671897937
138,165,162,120.99531434759848
138,166,161,120.65068173246792
138,167,160,119.31944170363181
138,168,159,116.63528748508783
138,169,158,118.07756612492386
138,170,157,115.50012334729675
138,171,156,118.23418322477391
138,172,155,118.12731546111254
138,173,154,118.10808260206095
138,174,153,116.92613292720979
138,175,152,114.96306154866878
138,176,151,117.51616976307079
138,177,150,115.0122655304229
138,178,149,117.33328727843575
138,179,148,117.58554944865428
138,180,147,118.58445058527442
138,181,146,115.07296744675193
138,182,145,112.4816926273723
138,183,144,108.99589777124777
138,184,143,110.33014974596034
138,185,142,113.2331207784658
138,186,141,106.43828588286925
138,187,140,102.96062144000695
138,188,139,103.01101862046221
138,189,138,102.01238689057205
138,190,137,104.78735983407196
138,191,136,108.38591249936727
138,192,135,108.78724688553669
138,193,134,112.70983794952204
138,194,133,116.06108315110087
138,195,132,116.41762318424453
138,196,131,117.65713494357774
138,197,130,116.11911378804811
138,198,129,116.23213218755052
138,199,128,117.69135826427389
138,200,127,119.59293442805298
138,201,126,120.57224339943045
138,202,125,117.37580845290483
138,203,124,111.51522299193957
138,204,123,112.89109943494609
138,205,122,110.78852991274124
138,206,121,106.31233609876276
138,207,120,107.79682391849047
138,208,119,108.18945913439913
138,209,118,111.15525350228185
138,210,117,111.86088676320941
138,211,116,111.5431540509493
138,212,115,114.2355740633608
138,213,114,115.66136117853864
138,214,113,115.52134719644881
138,215,112,116.5984844044772
138,216,111,117.79763032246088
138,217,110,118.3604280260177
138,218,109,117.48734624514742
138,219,108,116.53836883004254
138,220,107,117.54758196605619
138,221,106,116.34531432872288
138,222,105,116.1590438066344
138,223,104,114.52524725169405
138,224,103,113.08019301445148
138,225,102,113.50924445729893
138,226,101,113.14974086452366
138,227,100,110.02493396266402
138,228,99,105.68136154881182
138,229,98,106.19044782510872
138,230,97,106.15576073431922
138,231,96,105.35983842024302
138,232,95,102.47376095523063
138,233,94,100.45264473145897
138,234,93,101.46260589124412
138,235,92,102.3390254237203
138,236,91,104.88138373938132
138,237,90,101.90006065327115
138,238,89,101.82565187142633
138,239,88,99.38661032646164
139,40,221,124.5244892028225
139,41,220,123.89845747270002
139,42,219,124.69751490077853
139,43,218,124.94306761447885
139,44,217,123.7993443079469
139,45,216,123.91331298460406
139,46,215,123.10624103742117
139,47,214,122.94352088165459
139,48,213,124.19550903388095
139,49,212,124.3606990897514
139,50,211,124.35447127159797
139,51,210,125.0
139,52,209,125.0
139,53,208,125.0
139,54,207,125.0
139,55,206,125.0
139,56,205,125.0
139,57,204,125.0
139,58,203,125.0
139,59,202,125.0
139,60,201,124.66490808259641
139,61,200,125.0
139,62,199,125.0
139,63,198,125.0
139,64,197,124.89786362608604
139,65,196,124.90467253016092
139,66,195,125.0
139,67,194,125.0
139,68,193,125.0
139,69,192,124.68509539142329
139,70,191,123.45037812764416
139,71,190,123.89459740104293
139,72,189,124.72902813755454
139,73,188,124.73187748318341
139,74,187,124.56678027501047
139,75,186,124.91830997330996
139,76,185,124.97687315131932
139,77,184,125.0
139,78,183,124.48452173647424
139,79,182,123.70205128711173
139,80,181,123.87375277780475
139,81,180,124.44919416586113
139,82,179,124.28658674826931
139,83,178,124.71648286916567
139,84,177,123.65222520445349
139,85,176,123.72859350250917
139,86,175,123.89454536056232
139,87,174,122.48584111731306
139,88,173,121.05092639379288
140,40,266,125.0
140,41,265,124.40446519861723
140,42,264,124.5808109034653
140,43,263,125.0
140,44,262,125.0
140,45,261,125.0
140,46,260,124.99472609812722
140,47,259,125.0
140,48,258,125.0
140,49,257,125.0
140,50,256,125.0
140,51,255,125.0
140,52,254,125.0
140,53,253,125.0
140,54,252,125.0
140,55,251,124.84626618049919
140,56,250,124.74244093033568
140,57,249,124.66128025187598
140,58,248,125.0
140,59,247,125.0
140,60,246,125.0
140,61,245,125.0
140,62,244,125.0
140,63,243,125.0
140,64,242,125.0
140,65,241,125.0
140,66,240,125.0
140,67,239,125.0
140,68,238,124.67191676798501
140,69,237,124.36764532490383
140,70,236,123.54548375281138
140,71,235,122.94969996227809
140,72,234,122.52163645363456
140,73,233,123.24605149216936
140,74,232,124.34051969549259
140,75,231,122.79185149867601
140,76,230,121.80250485086023
140,77,229,121.60319238018599
140,78,228,121.54545063911783
140,79,227,120.4730860710875
140,80,226,120.73478159525392
140,81,225,120.43162294149906
140,82,224,120.59783948065743
140,83,223,120.91750749532952
140,84,222,121.05419979678088
140,85,221,120.63552346670578
140,86,220,120.07795023190374
140,87,219,119.06203330138919
140,88,218,119.66741347147122
140,89,217,120.929183812486
140,90,216,117.6929207484138
140,91,215,116.28939969829852
140,92,214,118.08643488922547
140,93,213,117.98770039535871
140,94,212,117.3717448991467
140,95,211,116.48984145928566
140,96,210,115.17090543833703
140,97,209,117.34506863317155
140,98,208,119.87405019588373
140,99,207,121.0265135768139
140,100,206,119.53589034290943
140,101,205,120.29546242042794
140,102,204,120.58590171630613
140,103,203,120.8313290758674
140,104,202,121.46285459685959
140,105,201,123.34565091100453
140,106,200,123.30753464506287
140,107,199,123.82618242663749
140,108,198,121.88208077030485
140,109,197,120.01513301382084
140,110,196,120.79301212194551
140,111,195,120.69265098591612
140,112,194,120.7555360219839
140,113,193,120.90504394174721
140,114,192,121.53419933702963
140,115,191,117.26727927604307
140,116,190,119.12552943236548
140,117,189,120.08887151241636
140,118,188,119.9347567753313
140,119,187,119.51261940809965
140,120,186,120.21189177107371
140,121,185,119.77295807045633
140,122,184,118.91417773114645
140,123,183,118.09888364421366
140,124,182,118.20502838671777
140,125,181,119.76275149865555
140,126,180,115.69685648697958
140,127,179,114.51193269538643
140,128,178,116.31396833517067
140,129,177,117.72850214616497
140,130,176,118.04725177349493
140,131,175,118.12080714602054
140,132,174,116.77624119104168
140,133,173,114.34538947530154
140,134,172,115.36921286120577
140,135,171,115.0850748037592
140,136,170,115.2641547213644
140,137,169,116.02981960098722
140,138,168,117.95368650695568
140,139,167,118.58861308807035
140,140,166,115.70216127537532
140,141,165,116.64537103107054
140,142,164,114.56914029498026
140,143,163,115.74000527031993
140,144,162,115.63396462256416
140,145,161,115.0850332721794
140,146,160,115.4786149831665
140,147,159,116.66213371712223
140,148,158,116.37610863616166
140,149,157,116.3158587063124
140,150,156,115.53494821992788
140,151,155,115.72182376355369
140,152,154,116.04851489136493
140,153,153,115.61687783906126
140,154,152,116.48021561503744
140,155,151,114.24907492409555
140,156,150,113.72993058420191
140,157,149,112.36207417128011
140,158,148,111.32182765036006
140,159,147,111.47176088943438
140,160,146,107.58091098903603
141,19,130,118.90814843494286
142,40,137,125.0
142,41,136,125.0
142,42,135,124.870525726552
142,43,134,125.0
142,44,133,124.76468784260082
142,45,132,124.58678392950671
142,46,131,124.74371998310838
142,47,130,125.0
142,48,129,125.0
142,49,128,125.0
142,50,127,125.0
142,51,126,124.87657659779984
142,52,125,124.7443251931146
142,53,124,125.0
142,54,123,124.96116572323476
142,55,122,124.59665144590329
142,56,121,124.32545619655546
142,57,120,124.6230859958254
142,58,119,124.70672103765949
142,59,118,124.59541854048389
142,60,117,125.0
142,61,116,125.0
142,62,115,125.0
142,63,114,124.89920476989337
142,64,113,124.6123412842276
142,65,112,124.90792097970645
142,66,111,124.40050296037171
142,67,110,124.6947119059397
142,68,109,123.68442791122095
142,69,108,123.18691499053708
143,40,340,124.44575427067792
143,41,339,125.0
143,42,338,124.83637633124816
143,43,337,125.0
143,44,336,125.0
143,45,335,125.0
143,46,334,125.0
143,47,333,125.0
143,48,332,125.0
143,49,331,125.0
143,50,330,125.0
143,51,329,125.0
143,52,328,125.0
143,53,327,125.0
143,54,326,124.94248040444634
143,55,325,125.0
143,56,324,125.0
143,57,323,124.77844197833187
143,58,322,124.88583986525403
143,59,321,124.8847916349545
143,60,320,125.0
143,61,319,125.0
143,62,318,125.0
143,63,317,125.0
143,64,316,125.0
143,65,315,125.0
143,66,314,124.30265028965358
143,67,313,125.0
143,68,312,122.49294819420189
143,69,311,123.99910095629156
143,70,310,120.40015390221149
143,71,309,124.30908002097934
143,72,308,123.77511626621248
143,73,307,123.94214267124082
143,74,306,124.67390246692494
143,75,305,124.48452227197623
143,76,304,124.29517401047974
143,77,303,123.8735407196844
143,78,302,124.01850029793223
143,79,301,123.87983588940038
143,80,300,123.60467182336933
143,81,299,123.67750714495881
143,82,298,123.62531114930465
143,83,297,124.33797816745826
143,84,296,124.25679770411575
143,85,295,123.89907490232548
143,86,294,124.19599094220129
143,87,293,123.86042932351121
143,88,292,124.38335620613364
143,89,291,123.38184188835714
143,90,290,122.17271410868061
143,91,289,124.2446935406631
143,92,288,123.48582781163802
143,93,287,123.1777437424447
143,94,286,122.5406645507565
143,95,285,122.84466196169261
143,96,284,123.18223650257826
143,97,283,124.0705579227792
143,98,282,122.95346324716505
143,99,281,122.62396328557912
143,100,280,123.4895885706188
143,101,279,123.13939562608061
143,102,278,123.8419310943404
143,103,277,124.34182731553845
143,104,276,124.42888417770652
143,105,275,124.54906082364914
143,106,274,124.40889641274279
143,107,273,124.57472250478426
143,108,272,124.79764968978313
143,109,271,124.88409642437884
143,110,270,124.22907668329614
143,111,269,123.77387970010079
143,112,268,124.23561758651044
143,113,267,123.96349568729201
143,114,266,124.06666607506139
143,115,265,124.20562298843237
143,116,264,124.62177872841086
143,117,263,123.47213453005696
143,118,262,124.70707372274123
143,119,261,125.0
143,120,260,124.39761023771925
143,121,259,123.43050421582922
143,122,258,124.98883356695397
143,123,257,124.64853871875957
143,124,256,124.86144130105197
143,125,255,124.83890473603452
143,126,254,124.7830837934363
143,127,253,123.6431452617239
143,128,252,123.41407978347783
143,129,251,121.80706346908319
143,130,250,121.24977383689557
143,131,249,122.71969943946142
143,132,248,123.22792665036675
143,133,247,123.05391421156331
143,134,246,121.76590097974935
143,135,245,120.39563476903677
143,136,244,120.37523855368255
143,137,243,122.14382832100742
143,138,242,122.97099087132086
143,139,241,123.36156193399111
143,140,240,124.12129767293185
143,141,239,124.25165312606188
143,142,238,124.60392347578774
143,143,237,124.30638784104191
143,144,236,123.82543479134813
143,145,235,123.73791255302228
143,146,234,124.14589660575828
143,147,233,124.39103259876087
143,148,232,123.7827577311117
143,149,231,122.67080805271684
143,150,230,122.34839975390182
143,151,229,122.66629775443364
143,152,228,122.87153139094148
143,153,227,123.00404769815452
143,154,226,123.32471077920275
143,155,225,123.6352164921665
143,156,224,123.32553792209333
143,157,223,121.07062584330133
143,158,222,121.23735722961543
143,159,221,121.5629505255154
143,160,220,120.70777478514643
143,161,219,122.18628426439949
143,162,218,123.15142597664482
143,163,217,124.21300714053264
143,164,216,124.00953792518746
143,165,215,122.47742028020178
143,166,214,123.16740201597148
143,167,213,121.0903373522871
143,168,212,121.74050504983015
143,169,211,121.65278202582974
143,170,210,121.48744326178269
143,171,209,121.72912806256758
143,172,208,122.80419269319967
143,173,207,121.88212900927391
143,174,206,122.31178428408057
143,175,205,122.44174225406763
143,176,204,122.7423012131948
143,177,203,122.71915110383715
143,178,202,122.94623131055444
143,179,201,122.69748750270548
143,180,200,122.2923254252403
143,181,199,121.19427357088392
143,182,198,120.84296285547603
143,183,197,121.45740308810198
143,184,196,121.09412317385228
143,185,195,121.00859683598875
143,186,194,123.0989693933819
143,187,193,122.85797144471776
143,188,192,123.45765309747719
143,189,191,123.3495349175927
143,190,190,122.15005158771014
143,191,189,121.2077996977603
143,192,188,122.82546346874281
143,193,187,122.57198747131552
143,194,186,122.60390789891039
143,195,185,120.78137153150686
143,196,184,119.83176274064218
143,197,183,121.7552915618332
143,198,182,121.47050575794479
143,199,181,123.2640229768339
143,200,180,122.55355479548871
143,201,179,124.19589475705004
143,202,178,124.4455370000885
143,203,177,124.58555851092461
143,204,176,123.07226018345739
143,205,175,122.9740871130874
143,206,174,123.35198680091975
143,207,173,122.37560444147626
143,208,172,123.29356848217301
143,209,171,123.82731809145906
143,210,170,124.08874975313023
143,211,169,123.68801598528643
143,212,168,124.0085489912356
143,213,167,124.29797611299477
143,214,166,124.40584654930623
143,215,165,124.23641410799563
143,216,164,124.10465009361232
143,217,163,123.2684525701932
143,218,162,122.23836573854086
143,219,161,123.21462842020128
143,220,160,122.98827937815844
143,221,159,122.68149553006323
143,222,158,122.4266320283395
143,223,157,120.94198996604416
143,224,156,120.54415803334436
143,225,155,120.24864934376781
143,226,154,119.53109442880452
143,227,153,120.7078268319633
143,228,152,122.39623333100178
143,229,151,122.13563475239488
143,230,150,122.66790127442843
143,231,149,121.24139658722007
143,232,148,121.69672521902876
143,233,147,121.26603713196465
143,234,146,121.59463152814666
143,235,145,121.62713632444832
143,236,144,121.63129584495088
143,237,143,119.81867605337375
143,238,142,117.34577747305626
143,239,141,119.33470403903303
143,240,140,118.0893868379149
143,241,139,118.06752024025472
143,242,138,120.64212597085003
143,243,137,122.84431610758277
143,244,136,122.5403126863213
143,245,135,121.92399151556008
143,246,134,122.36825611232132
143,247,133,121.1511992918539
143,248,132,116.7715067619693
143,249,131,114.73231359470307
143,250,130,113.35771446874662
143,251,129,113.29588726790215
143,252,128,113.29787935802545
143,253,127,113.67148555062904
143,254,126,114.43944710431641
143,255,125,113.12143423374977
143,256,124,112.09679934804961
143,257,123,113.33798656806852
143,258,122,111.26475135940338
143,259,121,110.95800875304212
143,260,120,107.2636188353421
143,261,119,111.00311374444874
143,262,118,112.95243419596918
143,263,117,113.28524690125889
143,264,116,108.4945585579573
143,265,115,109.5967711509555
143,266,114,110.21316903775255
143,267,113,111.10619938212307
143,268,112,113.17219366254906
143,269,111,113.61866737193841
143,270,110,112.85293251578886
143,271,109,111.83922792242618
143,272,108,110.77035111815961
143,273,107,112.08341300069193
143,274,106,112.39105704864187
143,275,105,109.70232956197613
143,276,104,108.91951472045454
143,277,103,102.79802369668889
143,278,102,104.29458533197779
143,279,101,96.78081272945326
143,280,100,97.56666726164701
143,281,99,96.31418711854815
143,282,98,105.6318451784516
143,283,97,104.93341228874826
143,284,96,108.01528195747889
143,285,95,108.78851557322542
143,286,94,107.18367595220417
143,287,93,106.83310558042484
143,288,92,107.34522252598127
143,289,91,107.46033095012206
143,290,90,104.69841041052868
143,291,89,101.41767400311493
143,292,88,101.03480987107898
143,293,87,101.38760376936949
143,294,86,92.03063548445184
143,295,85,93.34558413042157
143,296,84,92.09264002185802
143,297,83,91.95675439853972
143,298,82,92.08630048223118
143,299,81,90.41401785013164
143,300,80,89.31062712497234
143,301,79,91.69524126165567
143,302,78,88.85787885386515
143,303,77,88.61542828673839
143,304,76,87.44899728756153
143,305,75,88.77746071595493
143,306,74,86.84324399899455
143,307,73,82.58011010116762
143,308,72,83.673011063936
143,309,71,79.37894357909497
143,310,70,79.00897061473509
143,311,69,76.21985554266043
143,312,68,73.07470590024707
143,313,67,73.51004039406192
143,314,66,74.28550387850564
143,315,65,70.5454288496765
143,316,64,66.4098614469113
143,317,63,64.06542262059367
143,318,62,63.679968209240855
143,319,61,60.78417590512421
143,320,60,60.91487406693554
143,321,59,60.250949118680836
143,322,58,60.61741389902928
143,323,57,59.51803745361006
143,324,56,59.30005409203307
143,325,55,58.88039898608033
143,326,54,56.4877492531374
143,327,53,57.338293851930025
144,34,162,119.24444739008848
145,40,121,118.82447030880473
145,41,120,119.28851663996069
145,42,119,118.52739627127082
145,43,118,117.48639910783078
145,44,117,116.9626956401112
145,45,116,116.9766741798783
145,46,115,115.59419937651396
145,47,114,112.97360566417268
145,48,113,115.38090785966048
145,49,112,118.02062055543098
145,50,111,118.88000150281002
145,51,110,120.045321804605
145,52,109,117.12061563923243
145,53,108,117.52077115581784
145,54,107,119.7792330880182
145,55,106,119.22862882291071
145,56,105,119.60395130075233
145,57,104,119.7041299621026
145,58,103,118.02709773235995
145,59,102,112.16439302469514
145,60,101,114.28433274489691
145,61,100,115.23593011814452
145,62,99,113.2458998105507
145,63,98,113.2595141175212
145,64,97,112.34369091159621
145,65,96,109.82703696787618
145,66,95,112.64832914560586
145,67,94,105.67782744185409
145,68,93,104.72486679420027
145,69,92,104.61311092578879
145,70,91,103.4686103370357
145,71,90,102.03075924409671
145,72,89,96.6199257563377
145,73,88,86.1322227578866
145,74,87,85.82257396805758
145,75,86,92.75055710308008
145,76,85,101.72495174133303
145,77,84,109.33787987353345
145,78,83,112.30023218279896
145,79,82,110.33348382985561
145,80,81,107.14621737463366
145,81,80,107.08721066597411
145,82,79,106.32124898396384
145,83,78,102.67252700734747
145,84,77,102.93305269833715
145,85,76,100.57138008237135
145,86,75,100.46966298764744
145,87,74,99.29243853016462
145,88,73,103.41761275489037
145,89,72,104.41445302080966
145,90,71,102.74510934167472
145,91,70,94.57538560096805
145,92,69,92.08164575989389
145,93,68,83.65569669535483
145,94,67,84.56898119987162
145,95,66,89.20847515651323
145,96,65,85.29618084616027
145,97,64,86.86739183274294
145,98,63,89.28169391864284
145,99,62,77.90883232900384
145,100,61,76.54912530677902
145,101,60,76.17769378692498
145,102,59,75.10106807046084
146,40,144,125.0
146,41,143,125.0
146,42,142,125.0
146,43,141,125.0
146,44,140,125.0
146,45,139,125.0
146,46,138,125.0
146,47,137,125.0
146,48,136,124.70287451762361
146,49,135,124.19674084973931
146,50,134,123.04376628306653
146,51,133,123.22223057233128
146,52,132,124.02487523652826
146,53,131,122.98569243734872
146,54,130,123.65463070792944
146,55,129,124.88233849352733
146,56,128,125.0
146,57,127,124.66859892834563
146,58,126,122.90254238370262
146,59,125,122.60657731499501
146,60,124,120.48223122237154
146,61,123,121.99098988879436
146,62,122,123.23351727767027
146,63,121,121.86305201650163
146,64,120,121.7663216214383
146,65,119,121.27438044618509
146,66,118,119.91759926280798
146,67,117,118.66431686015767
146,68,116,118.42622539313666
146,69,115,118.57755626950708
146,70,114,117.8332557203758
146,71,113,117.09995341315363
146,72,112,120.23392737724178
146,73,111,116.57028250698814
146,74,110,119.59596460534911
146,75,109,119.36779788806919
146,76,108,121.78118366634224
146,77,107,120.474021888677
146,78,106,121.60935078160668
146,79,105,120.17562118077686
146,80,104,120.52605979552834
146,81,103,121.7491947356906
146,82,102,120.6291526410316
146,83,101,120.22322244630789
146,84,100,120.19148306659577
147,40,132,125.0
147,41,131,125.0
147,42,130,125.0
147,43,129,124.22302860873293
147,44,128,125.0
147,45,127,125.0
147,46,126,124.47559463417251
147,47,125,125.0
147,48,124,122.41477483343468
147,49,123,124.16604127445578
147,50,122,124.9982123975563
147,51,121,125.0
147,52,120,125.0
147,53,119,124.81175618310601
147,54,118,124.55538219634863
147,55,117,124.6764256132686
147,56,116,125.0
147,57,115,123.31996781820953
147,58,114,122.5877650371736
147,59,113,119.79013734796982
147,60,112,118.67477596104231
147,61,111,121.34519298102228
147,62,110,120.51830916683105
147,63,109,120.75161314522103
147,64,108,120.48899581616446
147,65,107,121.38456199647669
147,66,106,122.3204241018278
147,67,105,122.74750672661662
147,68,104,122.82828191224948
147,69,103,121.86691518702733
147,70,102,122.20786038846924
147,71,101,121.49383915087141
147,72,100,121.64187304707109
147,73,99,118.79209427088222
147,74,98,118.47276925102327
147,75,97,119.16467501792675
147,76,96,119.98010043393026
147,77,95,119.62613012222991
147,78,94,116.23861719237817
147,79,93,114.45925064233114
147,80,92,112.8945883989415
147,81,91,112.82885930199092
147,82,90,108.01062180799204
147,83,89,105.08408401924076
147,84,88,100.56290288671596
147,85,87,99.32422089190659
147,86,86,97.72403840464247
147,87,85,97.65385714178069
147,88,84,99.39310582469072
147,89,83,96.65097428849562
147,90,82,92.08610498541572
147,91,81,87.50175271694388
147,92,80,86.03370793139548
147,93,79,77.1997722169833
147,94,78,81.27918618014183
147,95,77,78.37131323315413
147,96,76,82.84802036660292
147,97,75,81.58607946880943
147,98,74,82.3868737764763
147,99,73,73.48048557397055
147,100,72,70.08220841812695
147,101,71,74.4636556514345
147,102,70,72.70255793432534
147,103,69,72.18161285197414
147,104,68,65.56983610635795
147,105,67,65.38071123456389
147,106,66,67.00596142365143
147,107,65,69.84796437780808
147,108,64,67.2852214540541
147,109,63,63.81285730197367
147,110,62,70.16578751858262
147,111,61,64.7918156188242
147,112,60,62.38069433009598
147,113,59,61.70448580900063
147,114,58,64.25283062859569
147,115,57,63.41947893770402
147,116,56,61.328233561648034
148,40,231,125.0
148,41,230,125.0
148,42,229,125.0
148,43,228,125.0
148,44,227,125.0
148,45,226,125.0
148,46,225,125.0
148,47,224,125.0
148,48,223,125.0
148,49,222,125.0
148,50,221,125.0
148,51,220,124.9605737920349
148,52,219,125.0
148,53,218,123.89060632756576
148,54,217,124.17327359794957
148,55,216,124.54284750262099
148,56,215,123.7170977344279
148,57,214,123.73084176673589
148,58,213,123.08547466175347
148,59,212,124.37959461082093
148,60,211,124.6270292841894
148,61,210,124.70432280283595
148,62,209,123.77168546585597
148,63,208,123.87894550690396
148,64,207,124.1791093307207
148,65,206,124.07212652358575
148,66,205,123.85729280938777
148,67,204,123.90342293228031
148,68,203,123.27911967406223
148,69,202,124.1048664437719
148,70,201,124.75314792048944
148,71,200,124.63731806886281
148,72,199,124.20943394003118
148,73,198,122.63753687682095
148,74,197,123.29898222737091
148,75,196,124.1753714929726
148,76,195,122.67480747070834
148,77,194,123.07865224914366
148,78,193,122.80939317914802
148,79,192,123.36550158969885
148,80,191,123.80674922235985
148,81,190,123.9466749520197
148,82,189,123.58597727961028
148,83,188,123.47309870813136
148,84,187,123.59697363785439
148,85,186,123.6586201347594
148,86,185,123.3434938801435
148,87,184,124.87507814356171
148,88,183,124.99230342224584
148,89,182,124.51735971905259
148,90,181,124.64708036640864
148,91,180,124.89577542549124
148,92,179,123.61914738065434
148,93,178,122.86090496510104
148,94,177,122.95332686538947
148,95,176,121.56844612471352
148,96,175,122.72372958389653
148,97,174,122.33052520578968
148,98,173,122.01127437373194
148,99,172,121.94099141137377
148,100,171,120.54065999270289
148,101,170,121.89377548695832
148,102,169,121.73180327765094
148,103,168,120.69822874168884
148,104,167,120.25949754149318
148,105,166,121.3324151349625
148,106,165,120.7348623892907
148,107,164,119.58527322754384
148,108,163,120.8722601047485
148,109,162,120.68525815838176
148,110,161,121.1355649604057
148,111,160,121.27626681012839
148,112,159,121.6204758957764
148,113,158,120.79681726400011
148,114,157,117.8153591863344
148,115,156,119.3490985642506
148,116,155,115.2563968541263
148,117,154,115.46980606039273
148,118,153,116.76899888110421
148,119,152,118.42485640403999
148,120,151,117.85209369892576
148,121,150,118.78307673070863
148,122,149,118.80705133476923
148,123,148,115.59420305891729
148,124,147,115.1624400352494
148,125,146,114.8431760968937
148,126,145,117.40869707257505
149,40,356,124.63710412474558
149,41,355,124.96402170886188
149,42,354,124.8097766204274
149,43,353,124.66583771629759
149,44,352,124.67919416613519
149,45,351,124.2825492087971
149,46,350,124.7173706434208
149,47,349,124.15644496409803
149,48,348,124.62343558479793
149,49,347,124.78290936516252
149,50,346,125.0
149,51,345,125.0
149,52,344,125.0
149,53,343,125.0
149,54,342,125.0
149,55,341,124.93399975611152
149,56,340,125.0
149,57,339,125.0
149,58,338,124.80343406058145
149,59,337,124.70245170851354
149,60,336,124.487039649153
149,61,335,124.60949659846602
149,62,334,124.30460160318356
149,63,333,125.0
149,64,332,124.49264462228064
149,65,331,124.5041179310222
149,66,330,124.58577208299161
149,67,329,123.96003623793976
149,68,328,123.72272402481838
149,69,327,124.16829855222467
149,70,326,124.71232663559964
149,71,325,124.87477201352957
149,72,324,124.46419872041982
149,73,323,125.0
149,74,322,124.31262743502529
149,75,321,124.27128550120635
149,76,320,124.3107933048279
149,77,319,124.04059013066512
149,78,318,123.6302733850002
149,79,317,122.91296799547277
149,80,316,122.38518917862828
149,81,315,122.13471739594486
149,82,314,121.56911857971025
149,83,313,121.75390775935767
149,84,312,121.63560700191599
149,85,311,122.02485956468769
149,86,310,121.19435681016122
149,87,309,120.94545821953838
149,88,308,121.92207648177964
149,89,307,121.85287092831561
149,90,306,122.03509690959166
149,91,305,122.86393597850656
149,92,304,123.009504604319
149,93,303,122.84579726947777
149,94,302,123.16427964989563
149,95,301,123.37212344489143
149,96,300,124.266708913582
149,97,299,124.35946403591844
149,98,298,124.7905100809052
149,99,297,124.62046015193184
149,100,296,124.8084505099109
149,101,295,124.55617577841954
149,102,294,124.26203556642484
149,103,293,123.94316714522594
149,104,292,124.17455651629288
149,105,291,123.78758906376126
149,106,290,124.31661539591005
149,107,289,124.69245949454726
149,108,288,124.26740465697193
149,109,287,124.7113847469162
149,110,286,124.08478815312901
149,111,285,124.54201564091315
149,112,284,124.10627965670113
149,113,283,124.20445964892106
149,114,282,123.92026752512041
149,115,281,124.14646329268126
149,116,280,124.52866736205722
149,117,279,124.10455891082938
149,118,278,124.36969856327393
149,119,277,124.5519856494692
149,120,276,124.32993638122058
149,121,275,124.09101301218334
149,122,274,124.25377803236847
149,123,273,124.14567614504423
149,124,272,123.35616295474611
149,125,271,123.11992029737253
149,126,270,121.74833310109831
149,127,269,122.18606281969701
149,128,268,121.93986577879697
149,129,267,122.57037308061163
149,130,266,121.87485125195528
149,131,265,121.88633085363502
149,132,264,122.39299054592458
149,133,263,122.23641560763639
149,134,262,122.05033790143474
149,135,261,121.50069051597396
149,136,260,122.21898957836217
149,137,259,122.89557073321893
149,138,258,123.79382575037843
149,139,257,123.77916403736323
149,140,256,124.88552305883636
149,141,255,124.73511090128899
149,142,254,124.57536248315327
149,143,253,124.71826716719539
149,144,252,125.0
149,145,251,124.93915940107223
149,146,250,125.0
149,147,249,124.9894950061069
149,148,248,125.0
149,149,247,124.97095307373147
149,150,246,124.77478173850389
149,151,245,124.73808650254938
149,152,244,125.0
149,153,243,125.0
149,154,242,125.0
149,155,241,124.97833034917753
149,156,240,124.87486345375348
149,157,239,124.54977243296969
149,158,238,124.24023393369512
149,159,237,124.50787442872992
149,160,236,124.31945094746709
149,161,235,123.7340247171258
149,162,234,123.01542667986982
149,163,233,123.35975433935135
149,164,232,123.72671535045083
149,165,231,123.70078343449153
149,166,230,124.75615904055937
149,167,229,125.0
149,168,228,124.59746041182673
149,169,227,124.0675411248609
149,170,226,123.99717278057376
149,171,225,124.13046250520367
149,172,224,123.07469328367112
149,173,223,123.1977564075091
149,174,222,122.69721880254565
149,175,221,122.56029614490271
149,176,220,123.1719863447723
149,177,219,123.27107452334508
149,178,218,123.33683855415856
149,179,217,122.49203872605267
149,180,216,122.91991485462529
149,181,215,121.13610396166852
149,182,214,121.95705935773633
149,183,213,122.76614775238791
149,184,212,122.87160828853455
149,185,211,123.65959513587102
149,186,210,124.12868861621774
149,187,209,123.58435302277377
149,188,208,123.8629734046296
149,189,207,122.41635008983057
149,190,206,122.17295802048145
149,191,205,120.97019691187893
149,192,204,120.71813155853653
149,193,203,121.44449261633366
149,194,202,122.98960907185943
149,195,201,122.09486920052662
149,196,200,122.2263340801356
149,197,199,120.95108926454185
149,198,198,121.38045151798359
149,199,197,122.8203377598895
149,200,196,121.26359129213223
149,201,195,121.5979656879588
149,202,194,121.89035653968253
149,203,193,122.98112555823141
149,204,192,123.5086109246175
149,205,191,123.3500892975205
149,206,190,124.02667515631207
149,207,189,124.52586409804165
149,208,188,125.0
149,209,187,125.0
149,210,186,124.86119315606062
149,211,185,124.74235644540184
149,212,184,124.69074454035919
149,213,183,124.5717650235149
149,214,182,124.5001768324533
149,215,181,124.43002071480154
149,216,180,125.0
149,217,179,124.94767431414763
149,218,178,124.57103709850517
149,219,177,123.5997107167809
149,220,176,123.37795936141177
149,221,175,123.19283958300392
149,222,174,122.05969782174628
149,223,173,121.2573475638882
149,224,172,123.73614779761192
149,225,171,124.53936794909231
149,226,170,124.90937650302413
149,227,169,123.6835565404499
149,228,168,123.28155374677178
149,229,167,123.48747028833856
149,230,166,124.77661643683264
149,231,165,124.55232387005054
149,232,164,124.37004073413817
149,233,163,124.17866969760496
149,234,162,124.4113197402009
149,235,161,124.26075303856129
149,236,160,123.51412114657644
149,237,159,124.73672482666551
149,238,158,124.35430402434504
149,239,157,124.56334450635379
149,240,156,124.08589501008726
149,241,155,124.17913919738274
149,242,154,123.27814911152285
149,243,153,122.71128157732349
149,244,152,122.60820452219554
149,245,151,123.14203571139794
149,246,150,122.98207668540789
149,247,149,124.36186125013266
149,248,148,124.57946366933547
149,249,147,123.32079132181019
149,250,146,121.88807755402769
149,251,145,120.71727247191535
149,252,144,122.58730340123614
149,253,143,122.48242236079703
149,254,142,122.75090336368865
149,255,141,122.62071708977108
149,256,140,123.86401481604753
149,257,139,123.1482789480417
149,258,138,122.94096069597364
149,259,137,121.88703486256298
149,260,136,119.34445045410313
149,261,135,117.19045544443964
149,262,134,116.56784094501823
149,263,133,118.12160500321944
149,264,132,113.67305973086357
149,265,131,113.84951044951444
149,266,130,113.99536597379372
149,267,129,112.31100837871696
149,268,128,108.17451870848218
149,269,127,109.85089889994661
149,270,126,110.42280912268546
149,271,125,110.86412638768451
149,272,124,112.53491653339213
149,273,123,111.19168830958719
149,274,122,110.3411715663719
149,275,121,110.66549792418408
149,276,120,108.29144818538677
149,277,119,114.61091704145008
149,278,118,111.29176749861635
149,279,117,107.85180267598695
149,280,116,114.33899202153856
149,281,115,111.76846658743736
149,282,114,111.11105629890652
149,283,113,111.72645365050471
149,284,112,110.33834172553674
149,285,111,117.0605421089765
149,286,110,115.87905061536568
149,287,109,118.24454101516496
149,288,108,118.15772121667713
149,289,107,117.69084424138975
149,290,106,115.7436237469198
149,291,105,115.50309503182714
149,292,104,113.29951350800368
149,293,103,111.95092752282632
149,294,102,110.35736863582147
149,295,101,112.61539840468015
149,296,100,107.1859217071507
149,297,99,109.1608209664108
149,298,98,110.10502621243805
149,299,97,111.1101573563551
149,300,96,110.20098206325576
149,301,95,107.4599012716636
149,302,94,109.12501374547358
149,303,93,113.49164856867657
149,304,92,110.5190157274827
149,305,91,111.9445955080806
149,306,90,112.72286702482353
149,307,89,113.37840725947461
149,308,88,111.27545393655103
149,309,87,111.37332452037387
149,310,86,105.88805941979096
149,311,85,105.44180085036089
149,312,84,98.62483366048488
149,313,83,89.05028065344813
149,314,82,88.86071596156005
149,315,81,87.60723684717348
149,316,80,84.16326783173542
149,317,79,77.88073081963779
149,318,78,75.78540180053415
149,319,77,72.95441679578673
149,320,76,72.3145394877365
150,40,219,119.31824669337377
150,41,218,119.71724383367066
150,42,217,119.73390444875417
150,43,216,118.86005015794478
150,44,215,118.42785554039503
150,45,214,117.6572568420741
150,46,213,119.40385563943838
150,47,212,118.41410593829966
150,48,211,117.11574593970644
150,49,210,117.77629955048934
150,50,209,118.56014450628783
150,51,208,119.2767670655773
150,52,207,119.320557954178
150,53,206,117.9193740282004
150,54,205,121.33263861171002
150,55,204,119.65024253172322
150,56,203,120.56586207377626
150,57,202,118.2009452945528
150,58,201,118.91044748088075
150,59,200,116.49386067158649
150,60,199,116.80881928758261
150,61,198,118.12803987786563
150,62,197,114.21240524605925
150,63,196,112.21727045135904
150,64,195,110.66043803251424
150,65,194,109.42266832318599
150,66,193,108.20556218832533
150,67,192,110.29765308202326
150,68,191,113.17356486195995
150,69,190,113.76627369740334
150,70,189,114.12886713422077
150,71,188,116.65151246176592
150,72,187,117.97251167641824
150,73,186,117.88082653483701
150,74,185,117.27355185583974
150,75,184,119.24783522621848
150,76,183,117.8905921269684
150,77,182,119.29752245785585
150,78,181,115.94323859392011
150,79,180,114.53160317604835
150,80,179,115.8954772747766
150,81,178,116.87775866537902
150,82,177,116.32999621774661
150,83,176,117.04074068128338
150,84,175,116.86503257120043
150,85,174,117.61806634545059
150,86,173,119.50445432226499
150,87,172,117.62785315219851
150,88,171,116.8217257298325
150,89,170,113.81347369022544
150,90,169,110.57223761615705
150,91,168,109.33829252714465
150,92,167,105.50807680050204
150,93,166,104.56645227863757
150,94,165,106.54714306883923
150,95,164,106.22644919799946
150,96,163,99.54726574463032
150,97,162,95.18857127735092
150,98,161,96.1398235454959
150,99,160,93.83358261616371
150,100,159,91.87318853289065
150,101,158,88.55176311641814
150,102,157,94.18536731490684
150,103,156,91.63387113305579
150,104,155,81.04055975513995
150,105,154,83.30344393435922
150,106,153,82.22886081046232
150,107,152,87.4633445662129
150,108,151,84.40161853127323
150,109,150,84.15092789337129
150,110,149,90.04829573111604
150,111,148,93.46083595683847
150,112,147,94.2151110171506
150,113,146,93.89380163904673
150,114,145,96.77503395598097
150,115,144,102.01288147157948
150,116,143,100.21140918295731
150,117,142,105.06116383465346
150,118,141,108.4842683862119
150,119,140,109.07094031405413
150,120,139,112.193446109007
150,121,138,110.2781312357225
150,122,137,112.7867594996406
150,123,136,112.8684435213755
150,124,135,108.82819308033532
150,125,134,109.97292086716844
150,126,133,110.65039035037434
150,127,132,112.41613381751668
150,128,131,111.04094915622758
150,129,130,112.46255118381166
150,130,129,115.57945980079802
150,131,128,113.65402313031376
150,132,127,109.3185146698523
150,133,126,109.41849959331861
150,134,125,112.34125074315233
150,135,124,111.78029868103033
150,136,123,110.5419147937653
150,137,122,111.90806527456712
150,138,121,112.0547390394283
150,139,120,115.968562865357
150,140,119,111.6418934911339
150,141,118,113.34552617209442
150,142,117,113.32312696616431
150,143,116,112.44636535680138
150,144,115,113.9557723305114
150,145,114,114.94009769529997
150,146,113,113.11715266077081
150,147,112,113.95572529831452
150,148,111,114.98222922495603
150,149,110,112.04381018429106
150,150,109,109.43166980206125
150,151,108,107.37688959590328
150,152,107,108.89884037990947
150,153,106,107.68864461230216
150,154,105,103.32575870477658
150,155,104,105.29551805964559
150,156,103,104.72950157036037
150,157,102,101.43607223824705
150,158,101,98.90358588485287
150,159,100,91.9995201515207
150,160,99,96.37837110451136
150,161,98,90.71576454556201
150,162,97,96.05168949221586
150,163,96,94.5002115546402
150,164,95,92.38355296472241
150,165,94,89.67699544410776
150,166,93,87.33006408864321
150,167,92,85.44937617516953
150,168,91,82.11667225541473
150,169,90,86.88323963907983
150,170,89,96.51751155378986
150,171,88,92.40894308917133
150,172,87,82.2495614299081
150,173,86,84.7366346615103
150,174,85,84.04258035104887
150,175,84,79.75683461980492
150,176,83,79.76192531564915
150,177,82,77.86178345352451
150,178,81,71.19971185260763
150,179,80,76.90851384705226
150,180,79,73.74054449594266
150,181,78,72.99970481007401
150,182,77,74.28888831476317
150,183,76,71.58636521211056
150,184,75,68.24588712247481
150,185,74,65.68764658442889
150,186,73,63.439437400867206
150,187,72,61.75112160589838
150,188,71,62.53415892812249
150,189,70,60.64366510691158
150,190,69,59.58018312677156
150,191,68,59.46859525922975
150,192,67,57.51977309652598
150,193,66,55.76950975350285
150,194,65,53.94293898211409
150,195,64,51.45433285963638
150,196,63,50.667514664782324
150,197,62,51.02099855514459
150,198,61,50.815038872460214
150,199,60,52.428834916357026
150,200,59,55.83265694021195
150,201,58,54.73006566639642
150,202,57,54.14834185214684
151,40,276,122.8226624157843
151,41,275,124.1684594863889
151,42,274,123.87717200812315
151,43,273,124.52062624597849
151,44,272,125.0
151,45,271,125.0
151,46,270,124.81670212506424
151,47,269,124.2825717836458
151,48,268,124.75761480605985
151,49,267,124.26551053654524
151,50,266,125.0
151,51,265,124.43810384870463
151,52,264,123.66754826284455
151,53,263,125.0
151,54,262,124.84586019522513
151,55,261,124.83088686605763
151,56,260,125.0
151,57,259,125.0
151,58,258,125.0
151,59,257,124.37748982769344
151,60,256,124.2297412050696
151,61,255,125.0
151,62,254,125.0
151,63,253,125.0
151,64,252,125.0
151,65,251,125.0
151,66,250,125.0
151,67,249,125.0
151,68,248,125.0
151,69,247,125.0
151,70,246,124.79138256184964
151,71,245,124.67729470911765
151,72,244,124.3666914560522
151,73,243,124.37463485700823
151,74,242,123.50788603024412
151,75,241,123.57012509003023
151,76,240,123.15985798415579
151,77,239,122.06740753156068
151,78,238,120.44789168500627
151,79,237,122.60235602200481
151,80,236,121.8905231938248
151,81,235,123.42067711900364
151,82,234,121.61664224973218
151,83,233,122.40616790419358
151,84,232,120.56320977261514
151,85,231,121.6894811939439
151,86,230,120.72186798883276
151,87,229,120.93252110903757
151,88,228,119.45666646307706
151,89,227,119.05552407407413
151,90,226,118.03350088044476
151,91,225,117.94376080909211
151,92,224,119.73538820862316
151,93,223,120.60290175174129
151,94,222,121.32752211832239
151,95,221,121.91941383453204
151,96,220,122.5535998285097
151,97,219,120.8077274585185
151,98,218,119.4202987056519
151,99,217,120.39750652722654
151,100,216,120.34002839601831
151,101,215,119.78599411717508
151,102,214,121.72123795696001
151,103,213,121.11390374071723
151,104,212,120.71025947247485
151,105,211,121.20716504275946
151,106,210,121.24438536784334
151,107,209,122.04710778699621
151,108,208,121.29088510373626
151,109,207,122.17565153076043
151,110,206,122.97883215298403
151,111,205,121.3268322017483
151,112,204,120.727387417968
151,113,203,121.03840977405406
151,114,202,118.53562245749382
151,115,201,121.75131935375362
151,116,200,120.21089677298156
151,117,199,121.88968301312698
151,118,198,121.30742607596285
151,119,197,121.14015894739333
151,120,196,121.25986622705335
151,121,195,122.78788463689344
151,122,194,121.53168020114576
151,123,193,121.24846242465924
151,124,192,122.57503502184187
151,125,191,121.40234232120565
151,126,190,120.06453002102785
151,127,189,123.6003709450126
151,128,188,121.00656568629327
151,129,187,121.86116741042147
151,130,186,122.1557686502897
151,131,185,118.34199121086425
151,132,184,120.98532849840798
151,133,183,119.99925538938285
151,134,182,122.45582648588382
151,135,181,122.03039437900489
151,136,180,120.28862893294094
151,137,179,121.15008071874189
151,138,178,119.49426367936223
151,139,177,117.68475464859063
151,140,176,118.58276747818105
151,141,175,117.89763196459027
151,142,174,117.7943123115032
151,143,173,117.95748158574114
151,144,172,119.86813543438342
151,145,171,119.8438267195697
151,146,170,119.05434687545969
151,147,169,121.90035662406686
151,148,168,122.72335535154912
151,149,167,120.96260831658546
151,150,166,121.70781382654869
151,151,165,121.36380222190613
151,152,164,121.71859648665463
151,153,163,120.16611116058522
151,154,162,117.02275922691858
151,155,161,118.99856837526903
151,156,160,119.4400819825106
151,157,159,119.85212625454074
151,158,158,118.13991697763973
151,159,157,118.19080768348417
151,160,156,119.88815023867679
151,161,155,121.39885283118733
151,162,154,120.59390346406674
151,163,153,119.6722175124311
151,164,152,117.05992480414625
151,165,151,118.50631680685929
151,166,150,118.23136619232892
151,167,149,117.41608721489933
151,168,148,118.12125152159521
151,169,147,118.91611558595667
151,170,146,118.52637910553034
151,171,145,117.87164816212501
151,172,144,118.87629186493984
151,173,143,117.01254528473461
151,174,142,120.60801958271574
151,175,141,117.45333114654608
151,176,140,114.40375223937951
151,177,139,114.05319542568839
151,178,138,115.32085540284865
151,179,137,116.32490377884591
151,180,136,113.6983459415608
151,181,135,113.27366172882542
151,182,134,108.46377335860117
151,183,133,108.869007284966
151,184,132,107.6674717790834
151,185,131,103.92277574544723
151,186,130,106.32102622779665
151,187,129,107.28666250649874
151,188,128,111.04607804302285
151,189,127,110.06082519544776
151,190,126,110.9936107608882
151,191,125,105.45808407497427
151,192,124,104.87331828615488
151,193,123,96.09558806242876
151,194,122,95.6377912724044
151,195,121,92.12039838611688
151,196,120,95.41121591121313
151,197,119,95.3187797407073
151,198,118,95.1133550825189
151,199,117,94.12974342797558
151,200,116,98.54055499348547
151,201,115,96.9397660424859
151,202,114,98.24099260134662
151,203,113,101.32063788909781
151,204,112,104.08917739113284
151,205,111,103.428419001875
151,206,110,101.75248029176637
151,207,109,99.61529876155026
151,208,108,97.02109280332891
151,209,107,98.75239543770468
151,210,106,93.03155479398656
151,211,105,91.74830798704869
151,212,104,93.5138821882297
151,213,103,93.69083903459007
151,214,102,100.27823671052812
151,215,101,97.87564875835095
151,216,100,92.19172087106162
151,217,99,88.6648104001201
151,218,98,85.82759329720228
151,219,97,88.92834255431603
151,220,96,88.08463071196098
151,221,95,86.82423181089318
151,222,94,81.51138036799338
151,223,93,79.35451923317758
151,224,92,82.73411526717227
151,225,91,70.45888998501599
151,226,90,73.94996933376206
151,227,89,76.1008966589572
151,228,88,73.74460174190195
151,229,87,79.39509245687194
151,230,86,74.99010229804006
151,231,85,80.18871993855231
151,232,84,67.83565655995788
151,233,83,71.37156497508838
151,234,82,80.11292171702014
151,235,81,75.98747987307532
151,236,80,77.28872775192394
151,237,79,75.66187101952106
151,238,78,74.32179604724058
151,239,77,74.58851167200642
151,240,76,72.93445985209655
151,241,75,71.76064183738325
151,242,74,72.68026256317323
151,243,73,75.57762698457964
151,244,72,79.08830336749173
151,245,71,75.09982935602545
151,246,70,78.25353329287351
151,247,69,78.05496697085916
151,248,68,80.57615902711262
151,249,67,80.35322469467015
151,250,66,78.8227461751521
151,251,65,73.43201053583206
151,252,64,74.12016846462382
151,253,63,73.90323641580937
151,254,62,73.04331813955427
151,255,61,72.29288057042604
151,256,60,70.7552447396215
151,257,59,70.20495076000385
151,258,58,68.9761033898693
151,259,57,62.380063407766556
151,260,56,62.051470759617054
151,261,55,58.756035859784134
151,262,54,56.782519399758705
151,263,53,52.09408821204481
151,264,52,56.304716880186135
151,265,51,51.341943847249006
151,266,50,48.666122756230195
151,267,49,48.321986067364335
151,268,48,44.807626923351776
151,269,47,48.838167909811574
151,270,46,44.82405988845218
151,271,45,39.13820458007355
151,272,44,32.99320703406995
151,273,43,33.83800257669093
151,274,42,33.88861965353183
151,275,41,32.64528722590915
151,276,40,37.605674686636505
151,277,39,35.940750021015724
151,278,38,35.31382047839713
151,279,37,32.29164098287695
151,280,36,31.230453801579976
151,281,35,32.68896764566905
151,282,34,33.453420453763485
151,283,33,30.55215405068464
151,284,32,25.558385510325877
151,285,31,27.61948461947091
152,40,243,124.19455949780411
152,41,242,124.42820769697333
152,42,241,124.21287706432821
152,43,240,123.41327925131068
152,44,239,123.0151602252605
152,45,238,123.28482174105645
152,46,237,123.86907872917408
152,47,236,124.25754650280498
152,48,235,124.4758641491035
152,49,234,125.0
152,50,233,125.0
152,51,232,125.0
152,52,231,125.0
152,53,230,125.0
152,54,229,125.0
152,55,228,124.89662990298919
152,56,227,124.83544442732446
152,57,226,124.84678870648258
152,58,225,124.42977423527819
152,59,224,122.9838936909347
152,60,223,121.23995943411579
152,61,222,120.46282821178266
152,62,221,118.23034497940229
152,63,220,118.9498205512881
152,64,219,119.0988617695644
152,65,218,117.70182567923308
152,66,217,117.94988654925905
152,67,216,120.84470035999146
152,68,215,118.48721860141734
152,69,214,123.02577822311311
152,70,213,125.0
152,71,212,125.0
152,72,211,125.0
152,73,210,125.0
152,74,209,125.0
152,75,208,125.0
152,76,207,125.0
152,77,206,125.0
152,78,205,124.63395479952646
152,79,204,125.0
152,80,203,125.0
152,81,202,125.0
152,82,201,124.82984164662201
152,83,200,124.50660267918889
152,84,199,124.17954449330324
152,85,198,124.21847934756096
152,86,197,125.0
152,87,196,124.83393476426532
152,88,195,125.0
152,89,194,124.18267294762742
152,90,193,124.62148747926378
152,91,192,124.26517978521423
152,92,191,124.11879246781928
152,93,190,124.3788080940562
152,94,189,123.36983256064056
152,95,188,124.79329081775177
152,96,187,124.58532530660966
152,97,186,124.0248410658021
152,98,185,123.60231533376032
152,99,184,124.13583214598361
152,100,183,124.12389188909594
152,101,182,124.71907299259402
152,102,181,124.67014410639402
152,103,180,125.0
152,104,179,124.93398462642432
152,105,178,124.27588392698583
152,106,177,123.57772399520837
152,107,176,123.00341334292635
152,108,175,122.77743073679682
152,109,174,123.55086951381654
152,110,173,123.7566322711716
152,111,172,123.54675948198977
152,112,171,122.95919362350583
152,113,170,123.3651906959371
152,114,169,122.4753764647865
152,115,168,123.08846472927104
152,116,167,122.42529491195299
152,117,166,123.69423852581453
152,118,165,122.87801484631845
152,119,164,122.22804221452033
152,120,163,121.88811010774751
152,121,162,120.42528531256781
152,122,161,118.47404409669628
152,123,160,119.60957848015724
152,124,159,119.14894283351128
152,125,158,119.31389658723776
152,126,157,116.57017794526942
152,127,156,117.29921792061643
152,128,155,119.23752038282505
152,129,154,120.98952357940377
152,130,153,122.31331520843898
152,131,152,120.82096868880457
152,132,151,123.23340897098063
152,133,150,123.37507567985023
152,134,149,123.45644253526552
152,135,148,123.96012048640506
152,136,147,122.97345582473919
152,137,146,119.88881627518629
152,138,145,119.54852221209376
152,139,144,118.96635777233593
152,140,143,120.3389321739831
152,141,142,122.30505937360621
152,142,141,123.89421200993868
152,143,140,121.45699589025315
152,144,139,120.23713238526162
152,145,138,121.36006400901888
152,146,137,123.61915295273403
152,147,136,120.48771899410859
152,148,135,121.6893394371534
152,149,134,120.40458191932387
152,150,133,120.45270749453579
152,151,132,123.2388199478768
152,152,131,123.88339754369925
152,153,130,122.75019022538633
152,154,129,122.96344036899208
152,155,128,121.01477431910553
152,156,127,118.6819145893247
152,157,126,115.99360517757368
152,158,125,115.84912074595604
152,159,124,114.87703147494568
152,160,123,114.447720429413
152,161,122,112.65543238796143
152,162,121,113.05339744684373
152,163,120,114.84893351623539
152,164,119,116.51701129580344
152,165,118,118.25670870135545
152,166,117,116.93711970199507
152,167,116,117.87313674276307
152,168,115,118.05236629559663
152,169,114,117.85500046769353
152,170,113,118.29712819616222
152,171,112,119.43004459150096
152,172,111,120.45524354243517
152,173,110,121.85705777664387
152,174,109,121.82168448928088
152,175,108,119.60407239925694
152,176,107,119.69701617746287
152,177,106,117.48754443267879
152,178,105,113.9147108000196
152,179,104,113.83436910355326
152,180,103,112.78113954897329
152,181,102,117.2733739149055
152,182,101,117.02596918712969
152,183,100,118.23083661645057
152,184,99,116.30541616937134
152,185,98,114.71915695401705
152,186,97,108.99601430874222
152,187,96,107.72553420711807
152,188,95,103.91344952802841
152,189,94,103.977315910734
152,190,93,104.46024824308925
152,191,92,106.89436085550312
152,192,91,105.59263875475209
152,193,90,106.50879490660768
152,194,89,97.23155013254978
152,195,88,97.42838725788965
153,40,263,122.43780661928201
153,41,262,122.51949918304635
153,42,261,119.40457942556635
153,43,260,122.40931273470508
153,44,259,122.00613559096878
153,45,258,122.74391538787918
153,46,257,123.79323275178892
153,47,256,123.01663179542807
153,48,255,122.77766671553798
153,49,254,122.31152947050958
153,50,253,122.9645652901527
153,51,252,120.65374850499842
153,52,251,121.45959294633094
153,53,250,120.7923687435358
153,54,249,122.16631063671078
153,55,248,121.62911071973491
153,56,247,122.1646203833279
153,57,246,120.00781256154144
153,58,245,121.06814035933849
153,59,244,122.73660581124051
153,60,243,123.57823237366239
153,61,242,122.85444999790963
153,62,241,121.1344551714323
153,63,240,121.98508507981697
153,64,239,122.20072004191066
153,65,238,122.32456036017778
153,66,237,123.61864445853652
153,67,236,122.55714632751504
153,68,235,122.93874251971914
153,69,234,123.32431388562954
153,70,233,122.49977812614387
153,71,232,123.64259261656441
153,72,231,124.40794514870393
153,73,230,123.3710737030699
153,74,229,122.60622440181757
153,75,228,122.43499894220517
153,76,227,122.2965164569404
153,77,226,122.73543896916732
153,78,225,122.73631956801307
153,79,224,122.18011525734119
153,80,223,122.89828505716144
153,81,222,122.51852066742346
153,82,221,122.9231516781694
153,83,220,122.05132004685646
153,84,219,121.22860606456311
153,85,218,120.87375305210233
153,86,217,119.51129755616333
153,87,216,121.35926002757034
153,88,215,122.03436179563225
153,89,214,120.1183610576483
153,90,213,118.00868650157466
153,91,212,116.08296493296027
153,92,211,114.6040274307175
153,93,210,111.8804944335045
153,94,209,110.23526214894662
153,95,208,111.60312634972414
153,96,207,112.37116689071806
153,97,206,112.72339918620304
153,98,205,106.6562076246333
153,99,204,108.80006856414218
153,100,203,113.68272266898387
153,101,202,115.72562851060925
153,102,201,118.04700849898819
153,103,200,117.83500625339303
153,104,199,119.93699537755447
153,105,198,116.14695085244165
153,106,197,112.30658538645815
153,107,196,111.32411758837114
153,108,195,110.79198128003344
153,109,194,111.22286835179563
153,110,193,112.52236299322112
153,111,192,111.43357485023733
153,112,191,108.28773204137234
153,113,190,107.57943474303761
153,114,189,113.4729332215389
153,115,188,112.75167321610695
153,116,187,110.15644509234139
153,117,186,113.98982118200081
153,118,185,113.6735875221649
153,119,184,113.74104516742932
153,120,183,118.22654856888032
153,121,182,117.6255802996688
153,122,181,118.91905621529281
153,123,180,119.97292184780547
153,124,179,118.13054180326967
153,125,178,119.48086595778801
153,126,177,116.9645330433902
153,127,176,117.27642629723132
153,128,175,116.78989621096753
153,129,174,109.04356706429863
153,130,173,109.03480695699992
154,40,116,117.62177440488684
154,41,115,120.37904800684852
154,42,114,119.71992521081364
154,43,113,116.5304627206183
154,44,112,117.6680898104463
154,45,111,119.48495504287797
154,46,110,119.88987295482943
154,47,109,119.03591756734644
154,48,108,114.68738598936858
154,49,107,116.13648272572482
154,50,106,116.0745929974878
154,51,105,116.06814098680104
154,52,104,117.42834084351053
154,53,103,117.49052844541089
154,54,102,116.94731734514296
154,55,101,116.39566781942867
154,56,100,117.82068488483489
154,57,99,117.85771391472531
154,58,98,116.94860800352407
154,59,97,117.34454575538803
154,60,96,118.0464671267866
154,61,95,117.47123452203252
154,62,94,115.74183275912246
154,63,93,116.02258183649147
154,64,92,115.89399966017109
154,65,91,115.85340780401506
154,66,90,114.94503670442904
154,67,89,116.25408074202646
154,68,88,116.24641410940427
154,69,87,116.36885860066101
154,70,86,116.34448700475878
154,71,85,117.88404314844871
154,72,84,122.56382831570403
154,73,83,120.51170221276026
154,74,82,122.06161238552089
154,75,81,118.32619354422076
154,76,80,114.93818448363369
154,77,79,103.99128952906528
154,78,78,95.97724308779618
154,79,77,102.30004916396368
154,80,76,103.2407488818069
154,81,75,109.76696709583968
154,82,74,105.72801348566108
154,83,73,107.27506663481506
154,84,72,104.51955218963425
154,85,71,92.9035858594815
154,86,70,102.6890187151908
154,87,69,93.87601956179033
154,88,68,84.95246469219849
154,89,67,91.12923346525655
154,90,66,85.7845868532788
154,91,65,84.94493362190832
154,92,64,84.27058370921438
154,93,63,85.55903919074744
154,94,62,90.71978274026006
154,95,61,89.08784251958505
154,96,60,78.58289706901206
154,97,59,74.55864825400977
154,98,58,74.07031535192624
154,99,57,80.98664051723307
154,100,56,83.75722992401717
154,101,55,80.31398640363597
154,102,54,78.9808950810037
154,103,53,75.6945487961276
154,104,52,74.26902041063991
154,105,51,67.45905242829323
154,106,50,64.85818518903507
154,107,49,61.44829584151727
154,108,48,56.3593561177614
154,109,47,56.72433401629207
154,110,46,57.58988789020207
154,111,45,57.50009234766839
154,112,44,54.23807027593935
154,113,43,54.530053708365045
154,114,42,53.00921168612141
154,115,41,47.467365377052644
154,116,40,47.86025520329274
154,117,39,48.97535415382718
154,118,38,47.8929768222189
154,119,37,42.896065636355516
154,120,36,41.13001433472557
154,121,35,40.13221682387258
154,122,34,38.46370459503098
155,40,128,124.633973778788
155,41,127,122.54359844153058
155,42,126,122.11078231571821
155,43,125,122.03308633814643
155,44,124,122.98822263510299
155,45,123,123.84966529468444
155,46,122,123.39805487159084
155,47,121,123.69861910955805
155,48,120,123.62376114653213
155,49,119,123.55438284461329
155,50,118,123.69943344622389
155,51,117,123.65462452136268
155,52,116,124.12931054863205
155,53,115,124.34735248428782
155,54,114,124.0664172918406
155,55,113,123.6130812363708
155,56,112,122.41792685714742
155,57,111,123.10580962767702
155,58,110,123.22460776162606
155,59,109,122.54024357560561
155,60,108,123.23690414300921
155,61,107,123.67184872941601
155,62,106,123.89081694491566
155,63,105,123.77427985911831
155,64,104,124.08181836408113
155,65,103,124.34117604852408
155,66,102,124.1438182680044
155,67,101,123.6883671932336
155,68,100,123.76687568393172
155,69,99,122.45684780352016
155,70,98,122.37415526311537
155,71,97,122.76442573225589
155,72,96,121.31119169475754
155,73,95,120.60984082685192
155,74,94,121.26279830133717
155,75,93,121.25281442453431
155,76,92,119.60870238842531
155,77,91,119.52303272404322
155,78,90,118.97816625587737
155,79,89,118.74949094638819
155,80,88,117.58212349217675
155,81,87,115.81466896833888
155,82,86,114.87241457415573
155,83,85,116.91962175258115
155,84,84,109.38910987659472
155,85,83,109.77197960151489
155,86,82,102.34511074621979
155,87,81,105.2200705040195
155,88,80,103.78089784953545
155,89,79,100.86641814559854
155,90,78,100.41204499448237
155,91,77,101.22073085215018
155,92,76,97.8942622241413
155,93,75,93.15390473758744
155,94,74,85.55739840911653
155,95,73,85.98718240452054
155,96,72,84.95409653996302
155,97,71,80.256500047588
155,98,70,82.77739751567273
155,99,69,77.31488174764621
155,100,68,77.68039120914707
155,101,67,75.79208595794293
155,102,66,70.92281856788088
155,103,65,78.20479173753876
155,104,64,78.2493104123719
155,105,63,81.28316348945924
155,106,62,75.41458802060069
155,107,61,75.5647175860184
155,108,60,73.22935383236761
155,109,59,70.74749337902448
155,110,58,70.65883968447832
155,111,57,74.52086146432956
155,112,56,70.8667956764451
155,113,55,83.50866288895674
155,114,54,92.19755887235866
155,115,53,89.11405833090444
155,116,52,87.48080250887685
155,117,51,94.44077730707144
155,118,50,97.85423926607666
155,119,49,87.12296132058765
155,120,48,82.32503984807067
155,121,47,77.3547300197101
155,122,46,82.5990309057259
155,123,45,85.79356121667846
155,124,44,68.26497318862569
155,125,43,70.29661410386419
155,126,42,71.06304947018599
155,127,41,69.23746948189643
155,128,40,64.35363173147644
155,129,39,73.63645043793994
155,130,38,64.88853013226952
155,131,37,65.92595168251161
155,132,36,57.6315065064473
155,133,35,55.12379544981188
155,134,34,55.98456467847896
155,135,33,54.82206082866525
155,136,32,54.795905210397976
155,137,31,41.745233239645515
155,138,30,40.30894274112461
155,139,29,33.799278319256636
155,140,28,32.8989852917143
155,141,27,28.09515164656109
155,142,26,25.6599982651869
155,143,25,23.440980299472912
155,144,24,27.23768626564099
155,145,23,26.365241642982763
155,146,22,23.849796062109853
155,147,21,20.706775526988185
155,148,20,16.446276087887068
155,149,19,22.05476716564366
155,150,18,21.298653622985732
155,151,17,22.60042599983405
155,152,16,22.14061718486075
155,153,15,18.910021166172776
155,154,14,17.196604492079715
155,155,13,15.613998041106854
155,156,12,14.831742131158943
155,157,11,12.495027006229977
155,158,10,13.467004625828906
155,159,9,12.553545753514385
155,160,8,11.964344061676766
155,161,7,11.590248691812102
156,28,133,110.89237333794159
157,40,270,124.808517988911
157,41,269,124.8830108454841
157,42,268,124.5846406914028
157,43,267,124.14448763241371
157,44,266,123.76733104092489
157,45,265,123.7731986019603
157,46,264,123.90442592813972
157,47,263,124.29081507444883
157,48,262,124.35271108751117
157,49,261,124.5763878025245
157,50,260,123.96824187756408
157,51,259,124.77040715659577
157,52,258,125.0
157,53,257,124.35731983976176
157,54,256,124.71851456088218
157,55,255,124.23621720819585
157,56,254,124.00067592261888
157,57,253,124.2641844352112
157,58,252,124.30587720077556
157,59,251,124.48405645772439
157,60,250,124.50327412405431
157,61,249,123.51196283009673
157,62,248,122.95022023985806
157,63,247,123.19252489279236
157,64,246,122.83105542817293
157,65,245,123.17051522836167
157,66,244,124.09836787273248
157,67,243,123.63919952028188
157,68,242,123.73946844839003
157,69,241,123.30661737990272
157,70,240,122.98174878701887
157,71,239,123.21935230433962
157,72,238,122.2789785463595
157,73,237,121.09116465280897
157,74,236,120.82403956537081
157,75,235,120.92175404839493
157,76,234,121.50323102052363
157,77,233,120.98927816524463
157,78,232,120.91401241834438
157,79,231,121.75519457884377
157,80,230,122.11268109272856
157,81,229,122.90390808259085
157,82,228,122.95319047583924
157,83,227,123.18974435748683
157,84,226,123.27907401204693
157,85,225,122.72824710212018
157,86,224,123.42429383002874
157,87,223,122.89163248367106
157,88,222,123.26055374649428
157,89,221,123.57543412478631
157,90,220,123.97038184883563
157,91,219,123.70683774988441
157,92,218,123.52975991848874
157,93,217,123.90297743746564
157,94,216,123.96960503789592
157,95,215,123.93823464187949
157,96,214,123.8573985884048
157,97,213,124.11314924734381
157,98,212,123.7949359463134
157,99,211,123.86476370281021
157,100,210,123.70089127904723
157,101,209,123.57026916560102
157,102,208,123.77912002692442
157,103,207,123.56040934361593
157,104,206,123.02736875963728
157,105,205,123.03216008298082
157,106,204,122.76644736639913
157,107,203,122.52165257324249
157,108,202,122.39806353219797
157,109,201,122.64672345875553
157,110,200,123.1010989864001
157,111,199,122.46918108613019
157,112,198,122.11440806548208
157,113,197,122.52148982785565
157,114,196,122.78743531828138
157,115,195,123.39539133820159
157,116,194,122.56475529222462
157,117,193,122.38920081228909
157,118,192,122.10900299680152
157,119,191,122.67657456031893
157,120,190,123.03239281432066
157,121,189,123.89085150675052
157,122,188,123.76233810593455
157,123,187,123.41575171718429
157,124,186,123.60768251129915
157,125,185,124.03475730569224
157,126,184,123.66090770296874
157,127,183,123.4181068825713
157,128,182,123.0725859538983
157,129,181,122.07814999366627
157,130,180,122.63446340984251
157,131,179,122.73103825725849
157,132,178,121.67515932676287
157,133,177,121.27828590693959
157,134,176,120.74851427790428
157,135,175,121.12089991234157
157,136,174,121.42363374678413
157,137,173,120.31796884933898
157,138,172,119.43246303007263
158,40,137,119.91204186147117
158,41,136,120.25660354345196
158,42,135,121.56301674030175
158,43,134,121.01608038319931
158,44,133,122.01803017996929
158,45,132,120.17863085062116
158,46,131,121.21370923482344
158,47,130,121.4389424832556
158,48,129,121.90749888805223
158,49,128,123.04552499554748
158,50,127,122.98796324780712
158,51,126,122.55001613192466
158,52,125,121.4296835231837
158,53,124,119.03807126648282
158,54,123,118.70335095748001
158,55,122,120.03468625452818
158,56,121,121.59925985341064
158,57,120,120.62856540053535
158,58,119,120.66332572123159
158,59,118,120.33114351152626
158,60,117,120.89303398142047
158,61,116,119.30046199742574
158,62,115,118.42998360675548
158,63,114,120.72705693462063
158,64,113,118.14191845613624
158,65,112,117.44134570922145
158,66,111,116.10693499408534
158,67,110,116.63515522289512
158,68,109,115.93660833004246
158,69,108,116.62767385046732
158,70,107,116.93139014217465
158,71,106,113.0584296013489
158,72,105,106.13558077579532
158,73,104,105.84874496594549
158,74,103,97.74079324969597
158,75,102,91.94059325623434
158,76,101,79.62709234449056
158,77,100,78.4736169729637
158,78,99,75.36887630972328
158,79,98,89.42835962985583
158,80,97,96.31621315900965
158,81,96,98.14104228664213
158,82,95,90.94232010878422
158,83,94,92.86872447967625
158,84,93,83.18155610551852
158,85,92,84.36929060338608
158,86,91,84.0374254072696
158,87,90,83.64367872829538
158,88,89,80.22920958859089
158,89,88,85.56926070722872
158,90,87,86.22172828107557
158,91,86,91.10950872330548
158,92,85,88.570146424626
158,93,84,83.89390508669446
158,94,83,72.71129618600376
158,95,82,85.25028887591935
158,96,81,88.1008442650451
158,97,80,82.79695507203955
158,98,79,83.28653713600623
158,99,78,89.16356306926988
158,100,77,89.6159055157851
158,101,76,84.83473694651643
158,102,75,86.00710188514955
158,103,74,89.40833280516674
158,104,73,87.03756841872328
158,105,72,86.33280068005307
158,106,71,80.7238428964707
158,107,70,82.5932542058247
158,108,69,81.15469812633125
158,109,68,85.1420258160741
158,110,67,77.85249485893517
158,111,66,79.05758448056463
158,112,65,75.17667314708206
158,113,64,77.39635803378775
158,114,63,74.15054175051718
158,115,62,70.23853745589463
158,116,61,72.95984440182563
158,117,60,76.17428180604728
158,118,59,72.23797152007256
158,119,58,83.06931253648162
158,120,57,90.95478198700492
158,121,56,91.68946552152984
158,122,55,83.7175998671874
158,123,54,84.41735156499601
158,124,53,72.237109786871
158,125,52,66.44429651159798
158,126,51,64.29781131467661
158,127,50,68.38423427129918
158,128,49,72.32344224667207
158,129,48,62.64251130835854
158,130,47,55.62391923065064
158,131,46,50.60338917703591
158,132,45,50.51990799501467
158,133,44,54.240219927815126
158,134,43,50.40754445730728
158,135,42,50.56211311510016
158,136,41,51.49667429847673
158,137,40,49.02428212705331
158,138,39,51.347096100164535
158,139,38,47.650716356596405
158,140,37,54.541604536270555
158,141,36,46.484434967880844
158,142,35,47.19644754653824
158,143,34,44.53043364497974
158,144,33,45.67332844154896
158,145,32,39.092856512941
158,146,31,34.24631209861264
158,147,30,35.369891333085874
158,148,29,30.815360720927792
158,149,28,30.70126987273531
158,150,27,29.113807680400836
158,151,26,25.33527439265288
158,152,25,24.46272668427161
158,153,24,25.275885102773422
158,154,23,22.84867183906941
158,155,22,21.913477583579724
158,156,21,23.254863101541655
158,157,20,22.725560470250855
158,158,19,23.12016247378223
158,159,18,22.056154573957183
158,160,17,17.938723182790003
158,161,16,18.669373013333487
158,162,15,16.58427324513888
158,163,14,18.02212922434939
158,164,13,14.275083977340817
158,165,12,14.995838254540839
158,166,11,11.238500583897633
158,167,10,11.237115988912517
158,168,9,10.050985648111121
158,169,8,8.45409745932626
158,170,7,7.52954491014032
158,171,6,6.879740302700114
159,40,142,114.38544724595691
159,41,141,107.10402425255525
159,42,140,112.94462519041144
159,43,139,111.16635538809298
159,44,138,116.3467168578989
159,45,137,113.48715779053563
159,46,136,112.21692763278472
159,47,135,113.93255089279668
159,48,134,113.67004532625555
159,49,133,115.85488424540627
159,50,132,116.8198814617248
159,51,131,119.94298820360828
159,52,130,119.75805658386727
159,53,129,122.19655234085124
159,54,128,122.07456413113013
159,55,127,122.13089958180618
159,56,126,122.4070541740788
159,57,125,122.04679060387896
159,58,124,121.57720925392002
159,59,123,120.35071816558929
159,60,122,114.62084268008644
159,61,121,107.8848111130093
159,62,120,105.45689019565657
159,63,119,106.52869228621867
159,64,118,103.99158517455987
159,65,117,107.39897400115939
159,66,116,116.99653466699112
159,67,115,117.35811263285251
159,68,114,117.52840705975349
159,69,113,118.40436012645293
159,70,112,115.56231442675201
159,71,111,118.30459669474493
159,72,110,118.53430466574218
159,73,109,118.50411782050395
159,74,108,114.84247370255093
159,75,107,116.43738299654723
159,76,106,113.18915721160539
159,77,105,114.85419684307271
159,78,104,112.0901468150718
159,79,103,110.54223718653853
159,80,102,111.59358878307324
159,81,101,107.19772919924094
159,82,100,110.01044252464578
159,83,99,103.62165093006743
159,84,98,100.92868913160086
159,85,97,90.13981127562364
159,86,96,82.22886730170828
159,87,95,80.29269295153267
159,88,94,79.62403147232693
159,89,93,78.75902503276123
159,90,92,85.98580410668922
159,91,91,90.86275846609404
159,92,90,88.05205355667195
159,93,89,80.12205724101604
159,94,88,78.2796999901399
159,95,87,79.1511038043977
159,96,86,83.36249174412265
159,97,85,79.5519241486188
159,98,84,81.49259528846241
159,99,83,72.71107300944823
159,100,82,66.36150810564678
159,101,81,69.51489255822119
159,102,80,66.21561117363427
159,103,79,64.72993086737745
159,104,78,61.15553342689849
159,105,77,73.42044901078549
159,106,76,82.97015738219798
159,107,75,76.57748356564036
159,108,74,81.91006749330555
159,109,73,81.81929359976805
159,110,72,84.14661619538157
159,111,71,81.86791124789269
159,112,70,76.31359008859805
159,113,69,74.84431530127631
159,114,68,75.42833149027439
159,115,67,77.611299027772
159,116,66,70.29891140500995
159,117,65,70.63112649987885
159,118,64,78.83249566867693
159,119,63,75.92234387738117
159,120,62,69.42514067093322
159,121,61,70.50026309060412
159,122,60,64.16417836045173
159,123,59,65.44892858157593
159,124,58,51.80744919962836
159,125,57,44.81454005537597
159,126,56,43.54486481020113
159,127,55,43.13918966545512
159,128,54,43.375129795142946
159,129,53,44.81524428859848
159,130,52,45.58737749771516
159,131,51,47.19652412777356
159,132,50,43.44914414652831
159,133,49,35.164502551534
159,134,48,48.1147508152018
159,135,47,44.01439330745042
159,136,46,46.20655107577482
159,137,45,44.18628401837094
159,138,44,47.448584121555285
159,139,43,42.220882468466776
159,140,42,43.64770666427238
159,141,41,43.27097205933587
159,142,40,44.0546964352418
159,143,39,37.510499677120336
159,144,38,41.153561295023394
159,145,37,36.308380934282866
159,146,36,35.61102606718954
159,147,35,33.53854782372044
159,148,34,33.41288169166118
159,149,33,30.32415984469224
159,150,32,38.274136138415216
159,151,31,37.27110528115084
159,152,30,36.58798292589394
159,153,29,38.04961291423475
159,154,28,36.51577459951895
159,155,27,33.002991923097426
159,156,26,30.940895344850833
159,157,25,27.02283843375556
159,158,24,25.90382917182053
159,159,23,25.17912398358115
159,160,22,23.05183600207727
160,40,165,123.64995099666857
160,41,164,123.69966150029515
160,42,163,123.87451700504388
160,43,162,124.11384036374363
160,44,161,124.30634979114936
160,45,160,124.5329975198012
160,46,159,124.58145429947018
160,47,158,124.86650214344883
160,48,157,124.81705007666525
160,49,156,124.39410128671238
160,50,155,123.7685292326325
160,51,154,124.21159248926408
160,52,153,124.38555742624723
160,53,152,124.16218391749854
160,54,151,124.42256378344436
160,55,150,124.88079805821118
160,56,149,124.16597977385982
160,57,148,123.3842537188137
160,58,147,122.73646967796557
160,59,146,122.60942168481782
160,60,145,121.10116179682137
160,61,144,119.71891373514816
160,62,143,120.25794104827622
160,63,142,121.26367139366072
160,64,141,120.61010778660264
160,65,140,120.78359435883618
160,66,139,122.99776735354045
160,67,138,123.98662180419382
160,68,137,123.63841631328023
160,69,136,124.74673741682113
160,70,135,123.5486508726075
160,71,134,123.09176742743871
160,72,133,123.08500943074674
160,73,132,123.07455495059287
160,74,131,122.246299906282
160,75,130,122.2891977286047
160,76,129,122.27650230315595
160,77,128,122.31816755158567
160,78,127,122.87310731134036
160,79,126,122.7050433390946
160,80,125,122.63383828652508
160,81,124,122.43635580067587
160,82,123,123.21953519626771
160,83,122,122.85999285065054
160,84,121,122.12509687198286
160,85,120,121.63779839312474
160,86,119,120.85848847769518
160,87,118,123.76676251080724
160,88,117,124.48231528949125
160,89,116,122.8535342792409
160,90,115,123.29829489548466
160,91,114,122.64665404846193
160,92,113,122.84017727100562
160,93,112,122.06329619728879
160,94,111,120.86904539681467
160,95,110,121.9957957508457
160,96,109,119.81549630662775
160,97,108,117.33299782591958
160,98,107,117.77724364561786
160,99,106,116.74572498127037
160,100,105,114.94832074282178
160,101,104,113.40104721998024
160,102,103,110.3915272979169
160,103,102,112.8984632607959
160,104,101,112.2366068165769
160,105,100,110.88470784779244
160,106,99,112.59555259010558
160,107,98,112.94422483225674
160,108,97,113.85011797365192
160,109,96,113.63164546775936
160,110,95,112.10729903332174
160,111,94,114.7140852992492
160,112,93,114.404525835755
160,113,92,115.41101985206392
160,114,91,114.42665665750515
160,115,90,116.25153099768652
160,116,89,115.43093711657016
160,117,88,112.64122387369744
160,118,87,114.99724799086604
160,119,86,114.68123767891603
160,120,85,114.49620153923914
160,121,84,112.97474453571674
160,122,83,109.1900145521374
161,40,299,124.61184026883313
161,41,298,124.40286938663372
161,42,297,124.94488512514815
161,43,296,124.73387432701114
161,44,295,124.73583657594722
161,45,294,124.62216620852888
161,46,293,124.68346508161991
161,47,292,124.6156391708673
161,48,291,124.54938859588063
161,49,290,123.64743958835518
161,50,289,124.07604898255777
161,51,288,123.3709564370424
161,52,287,123.92471197074507
161,53,286,123.6360761604488
161,54,285,124.43163469732085
161,55,284,124.17285685819493
161,56,283,123.94626001936892
161,57,282,123.66817209721873
161,58,281,123.97541233985272
161,59,280,124.83238733171736
161,60,279,124.12967115326444
161,61,278,124.19205694049947
161,62,277,124.7766217429361
161,63,276,124.06066469151065
161,64,275,124.53965198155639
161,65,274,123.9470285799386
161,66,273,125.0
161,67,272,123.97643580657743
161,68,271,125.0
161,69,270,123.31786953385877
161,70,269,123.39254967516769
161,71,268,123.05501540537894
161,72,267,123.41813892944246
161,73,266,122.86044077687635
161,74,265,122.7612870497989
161,75,264,122.29767559009875
161,76,263,122.89355981733961
161,77,262,123.49825201374881
161,78,261,123.15437588010971
161,79,260,122.65391494436349
161,80,259,122.53246376324694
161,81,258,123.3297483652515
161,82,257,123.33163073304863
161,83,256,123.27131476762725
161,84,255,123.72829069112376
161,85,254,123.95042853719616
161,86,253,124.03193900454224
161,87,252,123.57771504162763
161,88,251,122.91865671531743
161,89,250,123.54298171233353
161,90,249,123.6939342141219
161,91,248,123.27264875196681
161,92,247,123.70728653708483
161,93,246,124.07863629835956
161,94,245,123.88680576415072
161,95,244,124.3653806175657
161,96,243,124.67411065778987
161,97,242,124.56375578170503
161,98,241,124.11205940492184
161,99,240,123.86113241503318
161,100,239,124.05814798979901
161,101,238,123.97619796252724
161,102,237,124.31836479897714
161,103,236,124.60594985594975
161,104,235,124.59357274779731
161,105,234,124.24097937961162
161,106,233,124.06771911754359
161,107,232,123.79606150130695
161,108,231,123.9873144895952
161,109,230,124.49857598021194
161,110,229,124.36330353890577
161,111,228,124.13399639108049
161,112,227,123.0050130601168
161,113,226,122.83102842405822
161,114,225,121.77848881133397
161,115,224,122.60385018548743
161,116,223,120.8058818361956
161,117,222,121.0633666071608
161,118,221,120.6719132091012
161,119,220,118.49831560355179
161,120,219,119.76434961462209
161,121,218,120.87135672286473
161,122,217,122.18916300352655
161,123,216,123.10002181382531
161,124,215,122.89605530883838
161,125,214,120.91951444015626
161,126,213,122.31325266749207
161,127,212,121.65212055830264
161,128,211,121.41181785403745
161,129,210,121.23468153101862
161,130,209,121.78513646969523
161,131,208,122.74914948725348
161,132,207,123.24564764042535
161,133,206,123.36317371968538
161,134,205,123.13784054249041
161,135,204,122.95487308140571
161,136,203,123.98769806462914
161,137,202,123.71091050076836
161,138,201,123.9145536654133
161,139,200,124.00439243713498
161,140,199,124.10128692705817
161,141,198,124.25539328615382
161,142,197,122.26941698795329
161,143,196,123.73835932369111
161,144,195,123.87245760251321
161,145,194,123.60119516303129
161,146,193,122.49627134635288
161,147,192,123.25276756375318
161,148,191,123.2895497081334
161,149,190,124.97437661034456
161,150,189,123.84855427592333
161,151,188,124.23810438499422
161,152,187,124.59062892835854
161,153,186,124.56784632618954
161,154,185,124.83784349958137
161,155,184,125.0
161,156,183,124.74080082153066
161,157,182,124.67600262025115
161,158,181,125.0
161,159,180,125.0
161,160,179,125.0
161,161,178,125.0
161,162,177,125.0
161,163,176,124.99815539223843
161,164,175,124.93768492937704
161,165,174,124.51669676344615
161,166,173,124.41037792085734
161,167,172,123.51986606139522
161,168,171,121.49911369431618
161,169,170,122.7739470482515
161,170,169,123.99827367512091
161,171,168,122.65460229437053
161,172,167,123.52688493985876
161,173,166,124.04428086063704
161,174,165,123.4364461923212
161,175,164,123.50732425174408
161,176,163,123.91474421867991
161,177,162,123.24491450462361
161,178,161,123.62019284701057
161,179,160,124.10692771665393
161,180,159,124.97652288775434
161,181,158,125.0
161,182,157,125.0
161,183,156,125.0
161,184,155,125.0
161,185,154,125.0
161,186,153,125.0
161,187,152,125.0
161,188,151,124.53829927987293
161,189,150,125.0
161,190,149,125.0
161,191,148,125.0
161,192,147,125.0
161,193,146,125.0
161,194,145,125.0
161,195,144,125.0
161,196,143,125.0
161,197,142,124.80893952603358
161,198,141,123.81222362746868
161,199,140,123.41916774295139
161,200,139,124.27579669923284
161,201,138,125.0
161,202,137,124.63156937624467
161,203,136,123.91238401865203
161,204,135,124.31658373735388
161,205,134,123.89354291798901
161,206,133,122.83529000692363
161,207,132,120.45066339221242
161,208,131,121.89830907435072
161,209,130,122.87191870188443
161,210,129,122.02789664136938
161,211,128,119.91082497082793
161,212,127,119.34132453917772
161,213,126,119.68892184341573
161,214,125,115.65613692221461
161,215,124,115.43608172637398
161,216,123,111.18632739607119
161,217,122,111.58633578441786
161,218,121,111.6487478847894
161,219,120,110.18101861472027
161,220,119,110.06253360100153
161,221,118,119.14558924433216
161,222,117,121.65055574828367
161,223,116,117.97259300954809
161,224,115,117.13142997346128
161,225,114,116.56856581851156
161,226,113,112.61459290068343
161,227,112,111.3783865260304
161,228,111,108.84583288007343
161,229,110,108.022897651859
161,230,109,110.32147145718665
161,231,108,108.75993951124386
161,232,107,107.4132759957163
161,233,106,106.04745204809836
161,234,105,106.30012955799933
161,235,104,106.47809117145934
161,236,103,100.59529832677569
161,237,102,98.5409237905508
161,238,101,99.00694201866852
161,239,100,96.03839324925758
161,240,99,95.40686644431412
161,241,98,97.60971036249948
161,242,97,94.84130806124357
161,243,96,93.64784388226805
161,244,95,93.5892618958586
161,245,94,91.52960989485959
161,246,93,94.59929980824504
161,247,92,94.55894468275638
161,248,91,92.80167167505861
161,249,90,94.37393785167544
161,250,89,96.75430378734899
161,251,88,98.23455887423154
161,252,87,96.34776406950346
161,253,86,94.95950426087045
161,254,85,92.4508752577959
161,255,84,90.14068084746097
161,256,83,86.08245279361799
161,257,82,84.89031735272366
162,40,143,121.70515360789018
162,41,142,122.3762476683593
162,42,141,123.00813614959539
162,43,140,123.73655119475846
162,44,139,123.73472855828847
162,45,138,123.97501565483773
162,46,137,125.0
162,47,136,123.17792007021195
162,48,135,122.6503891216311
162,49,134,121.31847327009389
162,50,133,123.16475352806673
162,51,132,124.4409937134836
162,52,131,123.94925216252193
162,53,130,124.18369260939814
162,54,129,122.4159614714988
162,55,128,120.96748633440609
162,56,127,121.76889702277623
162,57,126,118.30582008436994
162,58,125,119.3955702191895
162,59,124,116.53014486824522
162,60,123,112.7903439917281
162,61,122,113.71230179289998
162,62,121,110.8726939122517
162,63,120,112.48990920670394
162,64,119,107.68743620790622
162,65,118,110.9508316965964
162,66,117,110.60617480435266
162,67,116,104.95683667247252
162,68,115,100.75370348470179
162,69,114,99.83841604583336
162,70,113,101.63176586330593
162,71,112,99.59062117510173
162,72,111,94.66193804269528
162,73,110,98.57982432258899
162,74,109,97.46195162786813
162,75,108,93.01416873022535
162,76,107,91.41454776720977
162,77,106,93.77718610506713
162,78,105,80.32133028265233
162,79,104,79.19963130567564
162,80,103,86.10053465203983
162,81,102,89.64167567065746
162,82,101,92.14378771063377
162,83,100,97.77241730000681
162,84,99,105.56333253563191
162,85,98,103.32737244402674
162,86,97,105.89883149108259
162,87,96,102.95637489297182
162,88,95,100.84482646448672
162,89,94,95.23789387461255
162,90,93,93.975113725716
162,91,92,102.38174267066938
162,92,91,104.41112965994384
162,93,90,102.49227392987902
162,94,89,100.91075537346876
162,95,88,99.18276146578192
162,96,87,103.15724767767168
162,97,86,102.05091662617902
162,98,85,101.49797996446846
162,99,84,99.90691427700716
163,40,177,124.93931648103163
163,41,176,125.0
163,42,175,125.0
163,43,174,125.0
163,44,173,125.0
163,45,172,125.0
163,46,171,125.0
163,47,170,125.0
163,48,169,124.6541995093811
163,49,168,124.53506175346894
163,50,167,124.26913401346246
163,51,166,125.0
163,52,165,125.0
163,53,164,125.0
163,54,163,125.0
163,55,162,125.0
163,56,161,125.0
163,57,160,125.0
163,58,159,124.5637329607427
163,59,158,124.35805311555062
163,60,157,123.48490929328435
163,61,156,123.74833332182675
163,62,155,123.044074898281
163,63,154,121.97996198537521
163,64,153,122.67671460732512
163,65,152,122.13170202310451
163,66,151,122.84811230426976
163,67,150,122.94219850138079
163,68,149,122.97130594603988
163,69,148,123.18804125638108
163,70,147,122.22824842511835
163,71,146,122.87770113598066
163,72,145,123.8743868971455
163,73,144,122.9211493685186
163,74,143,123.6395132274476
163,75,142,123.35083980524884
163,76,141,124.45192628863897
163,77,140,122.96067290026102
163,78,139,123.10762835698063
163,79,138,123.92104525524516
163,80,137,121.9368379696696
163,81,136,120.02843324348004
163,82,135,116.27179282463679
163,83,134,118.69043163927333
163,84,133,120.26452607351064
163,85,132,120.24138298884863
163,86,131,120.67829436069026
163,87,130,115.77674972992128
163,88,129,104.37521572911693
163,89,128,103.78725512967812
163,90,127,102.44390326480456
163,91,126,105.01117975489802
163,92,125,108.87972144376701
163,93,124,107.27677670522608
163,94,123,105.75621134719745
163,95,122,106.55279888805222
163,96,121,105.62358758955689
163,97,120,112.20148222618917
163,98,119,109.5261492500539
163,99,118,112.23840982376359
163,100,117,111.93562370825083
163,101,116,115.14112540855555
163,102,115,114.63664495762144
163,103,114,116.1890945049727
163,104,113,114.95232623246906
163,105,112,116.84860075215494
163,106,111,112.69892809621513
163,107,110,111.23357378632417
163,108,109,108.16751676781072
163,109,108,108.24065849098676
163,110,107,106.10401780089794
163,111,106,105.72925466236654
163,112,105,107.39564622541972
163,113,104,107.37952049983998
163,114,103,108.64585062208616
163,115,102,109.42214678212858
163,116,101,108.48248892053005
163,117,100,104.7007866602465
163,118,99,108.75227110689872
163,119,98,107.36129481859734
163,120,97,107.939472276445
163,121,96,106.08372098905355
163,122,95,107.19023711460201
164,29,174,114.28143893334186
165,40,249,123.96832866424778
165,41,248,123.57581265722106
165,42,247,123.25148016628586
165,43,246,123.69210896878576
165,44,245,123.97808194281487
165,45,244,124.0042632389609
165,46,243,123.8370665242216
165,47,242,123.96447079209197
165,48,241,123.40622599697073
165,49,240,123.96272807429015
165,50,239,124.39873272197487
165,51,238,124.25120162069523
165,52,237,124.33068430835634
165,53,236,124.46542274931699
165,54,235,124.2988756823253
165,55,234,124.69154289348066
165,56,233,124.22955172426902
165,57,232,124.06711044046702
165,58,231,123.8451422409322
165,59,230,122.75611479254044
165,60,229,123.37739977797044
165,61,228,123.6490736274491
165,62,227,123.97521300741712
165,63,226,123.85894995435669
165,64,225,123.69616060973311
165,65,224,123.3536784286614
165,66,223,123.72052002848469
165,67,222,123.8257149092136
165,68,221,123.77187972524908
165,69,220,123.42947400652776
165,70,219,123.30117737592988
165,71,218,123.11219863418943
165,72,217,122.60735487450444
165,73,216,121.16095584868265
165,74,215,121.59541282596507
165,75,214,123.40042094939021
165,76,213,123.08601925326232
165,77,212,122.80479303151766
165,78,211,123.81901498726047
165,79,210,123.47302124105283
165,80,209,122.40299629575811
165,81,208,122.84760453875388
165,82,207,119.86028256094687
165,83,206,122.31499638329868
165,84,205,122.95878536645344
165,85,204,122.8579012439308
165,86,203,122.88383395313215
165,87,202,123.12246147811938
165,88,201,122.86254141413417
165,89,200,123.59964337856962
165,90,199,123.83604153682413
165,91,198,124.08903483087369
165,92,197,123.61002568586872
165,93,196,123.43871718936487
165,94,195,122.97002587161069
165,95,194,122.686847952443
165,96,193,122.26672287597081
165,97,192,122.03677079244014
165,98,191,122.10917845072794
165,99,190,120.53512999701718
165,100,189,121.09348059026456
165,101,188,121.92021309184594
165,102,187,122.71553353896502
165,103,186,122.44077082399897
165,104,185,122.28127500938291
165,105,184,122.88306375961182
165,106,183,123.37884973008505
165,107,182,124.18344684169202
165,108,181,124.05254844673513
165,109,180,124.16321843052107
165,110,179,123.14162129062055
165,111,178,122.82923016518137
165,112,177,123.41539712835592
165,113,176,122.5049664526511
165,114,175,122.26396504270062
165,115,174,123.19021732735081
165,116,173,122.90294672328213
165,117,172,123.29205520051774
165,118,171,123.00961586983071
165,119,170,123.19637613159011
165,120,169,122.26124043364999
165,121,168,123.33420345056878
165,122,167,122.84690905711003
165,123,166,123.73373339846088
165,124,165,123.04885742304509
165,125,164,122.35229331024587
165,126,163,122.08571674767946
165,127,162,121.90938439988136
165,128,161,122.9563315184453
165,129,160,123.70532446271747
165,130,159,123.16871960822796
165,131,158,122.63636699496894
165,132,157,122.06336003912241
165,133,156,122.04706556932567
165,134,155,122.94828194319395
165,135,154,122.23338285212571
165,136,153,121.45785380336083
165,137,152,121.04875876777587
165,138,151,121.6438688656454
165,139,150,121.41843456629692
165,140,149,121.51573031369682
165,141,148,121.67813784983107
165,142,147,121.93399095061709
165,143,146,122.0330494818404
165,144,145,121.99603814625836
165,145,144,121.18369088721019
165,146,143,122.22759115513662
165,147,142,122.79977508883835
165,148,141,121.29398116701769
165,149,140,121.11923367527254
165,150,139,120.74985901801821
165,151,138,119.88240929514473
165,152,137,120.2019908263639
165,153,136,118.32350891590005
165,154,135,119.17898811299017
165,155,134,120.0811238737565
165,156,133,117.94787160324286
165,157,132,116.9541026754591
165,158,131,118.81595178891405
165,159,130,121.00198137028468
165,160,129,120.34237043271602
165,161,128,120.96640189695933
165,162,127,120.35628169024363
165,163,126,119.77891224839757
165,164,125,118.91603316180908
165,165,124,120.66151442558791
165,166,123,120.93009743523442
165,167,122,120.11212398455385
165,168,121,122.36724015493442
165,169,120,120.73465055708616
165,170,119,120.07653730911312
165,171,118,120.63440699150209
165,172,117,118.56510370591027
165,173,116,119.79749310844355
165,174,115,120.87396014762587
165,175,114,119.73372042748427
165,176,113,116.88429109343483
165,177,112,118.62008133036494
165,178,111,120.5927828043271
166,40,95,120.7564307204697
166,41,94,120.04951989677387
166,42,93,121.11422246453822
166,43,92,121.81644007560557
166,44,91,122.91250244030141
166,45,90,120.58494872233288
166,46,89,122.15619909699215
166,47,88,121.39439545722485
166,48,87,120.93865905787318
166,49,86,121.56223826117588
166,50,85,121.42918925702618
166,51,84,121.54025809578454
166,52,83,120.94958174231422
166,53,82,120.75091373845683
166,54,81,121.65865532345457
166,55,80,120.96375570708064
166,56,79,118.62794606469829
166,57,78,114.61350192687593
166,58,77,113.97186449718302
166,59,76,114.21706784312353
166,60,75,114.60966441001445
166,61,74,112.25924276219564
166,62,73,110.8346960529673
166,63,72,114.29138379424725
167,40,168,124.52672170694078
167,41,167,124.45442558405131
167,42,166,125.0
167,43,165,124.52633473813404
167,44,164,124.58352442000563
167,45,163,125.0
167,46,162,125.0
167,47,161,125.0
167,48,160,125.0
167,49,159,125.0
167,50,158,125.0
167,51,157,125.0
167,52,156,124.989476675632
167,53,155,125.0
167,54,154,124.6119848219644
167,55,153,124.66789207348813
167,56,152,124.07388504992467
167,57,151,124.81994444235971
167,58,150,124.80422277508653
167,59,149,124.94755038286672
167,60,148,125.0
167,61,147,125.0
167,62,146,125.0
167,63,145,125.0
167,64,144,125.0
167,65,143,124.47451294722
167,66,142,123.18612408528665
167,67,141,123.17676754368043
167,68,140,124.17374902236958
167,69,139,122.96172327936837
167,70,138,120.28793803606305
167,71,137,116.26195097786736
167,72,136,121.39889965724882
167,73,135,120.524939954522
167,74,134,121.44068806077144
167,75,133,120.02413246605292
167,76,132,121.40912469228363
167,77,131,117.9462154297856
167,78,130,119.80132625485744
167,79,129,122.410253245684
167,80,128,121.54365776352248
167,81,127,119.22567502802075
167,82,126,118.24698885590391
167,83,125,118.64445668169049
167,84,124,122.28489053774243
167,85,123,120.95342610781029
167,86,122,122.95166115577445
167,87,121,123.83387283747885
167,88,120,122.42297070202186
167,89,119,122.8338971136584
167,90,118,123.23921339212563
167,91,117,122.63805965676849
167,92,116,123.70749221281797
167,93,115,123.53836434135461
167,94,114,122.8442309255145
167,95,113,122.29158223091326
167,96,112,122.28204333678661
167,97,111,121.58164509295636
167,98,110,121.58609821639652
167,99,109,121.6009822910601
168,40,121,121.94408638163017
168,41,120,120.62729973520396
168,42,119,119.42692366266542
168,43,118,120.17860771563812
168,44,117,119.61863669359187
168,45,116,117.74497708779357
168,46,115,118.3262834946007
168,47,114,115.32981107924901
168,48,113,115.76831853346594
168,49,112,116.25242680964752
168,50,111,117.54587581839075
168,51,110,117.54396133625895
168,52,109,119.09264260280239
168,53,108,118.52337826484151
168,54,107,118.94309293638892
168,55,106,119.6063806044256
168,56,105,121.0357914608285
168,57,104,120.21499214178894
168,58,103,118.35926080343356
168,59,102,117.66499504489994
168,60,101,117.58522118118103
168,61,100,116.64338224707487
168,62,99,113.99852799449931
168,63,98,113.86072458396706
168,64,97,106.28048102579649
168,65,96,100.24758763958428
168,66,95,101.26504946055769
168,67,94,103.08961519906265
168,68,93,100.9252187310673
168,69,92,99.58093132228906
168,70,91,93.61666634206952
168,71,90,98.76108934989696
168,72,89,99.87496098508308
168,73,88,102.95034395462505
168,74,87,101.84200926339815
169,34,179,121.34116872709905
170,40,166,123.97622634693212
170,41,165,123.72506808366776
170,42,164,123.59774631449379
170,43,163,123.5003163549078
170,44,162,123.79046983041312
170,45,161,123.81523046796596
170,46,160,124.12911698670052
170,47,159,124.1366194659402
170,48,158,124.22968903102142
171,40,441,125.0
171,41,440,125.0
171,42,439,125.0
171,43,438,125.0
171,44,437,125.0
171,45,436,125.0
171,46,435,125.0
171,47,434,125.0
171,48,433,125.0
171,49,432,125.0
171,50,431,125.0
171,51,430,125.0
171,52,429,125.0
171,53,428,125.0
171,54,427,125.0
171,55,426,125.0
171,56,425,125.0
171,57,424,125.0
171,58,423,125.0
171,59,422,125.0
171,60,421,125.0
171,61,420,124.6611912351007
171,62,419,124.4529043090903
171,63,418,124.2338425985899
171,64,417,124.71776427032327
171,65,416,124.70193576245829
171,66,415,124.20970392925787
171,67,414,125.0
171,68,413,124.92264652464402
171,69,412,124.73254736477261
171,70,411,122.26697388632438
171,71,410,123.22468563505473
171,72,409,123.61890072093162
171,73,408,125.0
171,74,407,124.89619215792294
171,75,406,125.0
171,76,405,125.0
171,77,404,125.0
171,78,403,125.0
171,79,402,125.0
171,80,401,125.0
171,81,400,124.00775996584025
171,82,399,124.94202331365244
171,83,398,124.71205176463374
171,84,397,124.5081524369443
171,85,396,123.54464319413438
171,86,395,123.88932694301131
171,87,394,124.32118034644299
171,88,393,124.93195384195731
171,89,392,124.89284917476522
171,90,391,125.0
171,91,390,124.7036878672965
171,92,389,124.51207751700477
171,93,388,124.05711788904587
171,94,387,124.3781411609292
171,95,386,123.9386692763153
171,96,385,123.11289876166238
171,97,384,122.60149063592652
171,98,383,122.8463179436132
171,99,382,123.54907586214566
171,100,381,123.94674370174121
171,101,380,123.81582132987523
171,102,379,123.61831115252738
171,103,378,124.14548343742997
171,104,377,123.58566743617119
171,105,376,123.35585862298615
171,106,375,122.05875372995888
171,107,374,122.73213110653228
171,108,373,122.60524790850044
171,109,372,123.1026633495089
171,110,371,121.72684703300371
171,111,370,123.53565397199412
171,112,369,123.00042474943612
171,113,368,123.31293679662923
171,114,367,122.24437723156373
171,115,366,123.94290013807279
171,116,365,123.88813176543019
171,117,364,123.19206641495148
171,118,363,123.79785608585016
171,119,362,124.19980325066848
171,120,361,122.92206288147584
171,121,360,124.81980021313842
171,122,359,123.8451320170775
171,123,358,124.67196569583888
171,124,357,124.59257263081949
171,125,356,124.71321013535615
171,126,355,125.0
171,127,354,125.0
171,128,353,125.0
171,129,352,124.40565845464127
171,130,351,124.32669212596264
171,131,350,124.2980329574321
171,132,349,124.17347571834205
171,133,348,123.21253193409642
171,134,347,123.69681565255158
171,135,346,123.93875197239757
171,136,345,123.0746621321
171,137,344,123.32896373225678
171,138,343,122.41947133949982
171,139,342,121.37886984080956
171,140,341,120.7978104846962
171,141,340,120.04607078315942
171,142,339,123.10478191618351
171,143,338,118.27696832703029
171,144,337,118.96029809086036
171,145,336,117.50395350085832
171,146,335,122.38476258478053
171,147,334,122.46732126846615
171,148,333,118.76114593127474
171,149,332,120.8581055677239
171,150,331,120.5434972670003
171,151,330,120.44672690000746
171,152,329,121.08046795330087
171,153,328,122.48453545646225
171,154,327,122.16223081111268
171,155,326,123.39285946593921
171,156,325,124.63699875579067
171,157,324,123.59587587182402
171,158,323,125.0
171,159,322,124.75277856367107
171,160,321,124.65137511798441
171,161,320,124.20730450370053
171,162,319,124.34746523017297
171,163,318,124.33133957894611
171,164,317,124.79264736175344
171,165,316,125.0
171,166,315,125.0
171,167,314,125.0
171,168,313,125.0
171,169,312,125.0
171,170,311,125.0
171,171,310,125.0
171,172,309,125.0
171,173,308,125.0
171,174,307,125.0
171,175,306,125.0
171,176,305,125.0
171,177,304,125.0
171,178,303,125.0
171,179,302,125.0
171,180,301,125.0
171,181,300,125.0
171,182,299,125.0
171,183,298,125.0
171,184,297,125.0
171,185,296,125.0
171,186,295,124.99079612998061
171,187,294,124.35850201073171
171,188,293,124.93952506119535
171,189,292,124.99600573992313
171,190,291,124.99823882665066
171,191,290,125.0
171,192,289,124.84049770863584
171,193,288,124.65844912567107
171,194,287,124.37224935010289
171,195,286,124.50561708633037
171,196,285,123.10074936895973
171,197,284,123.78219450831875
171,198,283,124.24403597700237
171,199,282,123.02094394296913
171,200,281,123.15712429097809
171,201,280,122.23391304342286
171,202,279,121.69721127498072
171,203,278,122.52132659136113
171,204,277,124.14132688697421
171,205,276,124.65703080549909
171,206,275,124.23247359164888
171,207,274,123.53173900727339
171,208,273,123.15037569075358
171,209,272,124.23441597769124
171,210,271,124.39621355357703
171,211,270,123.59427284899883
171,212,269,122.7392895724496
171,213,268,120.04317341349841
171,214,267,119.48438513010885
171,215,266,119.66531102743326
171,216,265,121.20029635341173
171,217,264,121.8868400402631
171,218,263,122.85458549468251
171,219,262,123.18934710894129
171,220,261,123.39760719507606
171,221,260,123.85844742094397
171,222,259,123.3405063349944
171,223,258,122.66701997550828
171,224,257,121.72273897336137
171,225,256,122.11461421373617
171,226,255,124.44251464454516
171,227,254,125.0
171,228,253,125.0
171,229,252,125.0
171,230,251,125.0
171,231,250,125.0
171,232,249,124.79954315635337
171,233,248,124.0232817228513
171,234,247,124.0456297518111
171,235,246,123.97784111234617
171,236,245,123.98687726703253
171,237,244,124.37664523135874
171,238,243,123.31002773705617
171,239,242,124.33632578496871
171,240,241,123.57621828119005
171,241,240,124.61926021920245
171,242,239,125.0
171,243,238,124.05419359823821
171,244,237,125.0
171,245,236,125.0
171,246,235,124.69652684140168
171,247,234,124.55401931669905
171,248,233,125.0
171,249,232,125.0
171,250,231,124.59667755861439
171,251,230,124.1605617111634
171,252,229,124.32603089489476
171,253,228,124.43510496240827
171,254,227,124.6916602022039
171,255,226,124.21952133072014
171,256,225,123.16443350272921
171,257,224,123.26148060922313
171,258,223,122.88405240611701
171,259,222,121.69540063148268
171,260,221,121.03858705492421
171,261,220,121.32261642458263
171,262,219,120.98045326720678
171,263,218,121.38640235916287
171,264,217,120.37590941606373
171,265,216,120.7142853504698
171,266,215,123.11399665969896
171,267,214,123.4877390149419
171,268,213,124.13491176386154
171,269,212,124.58578335383811
171,270,211,124.08834517491886
171,271,210,123.22568044734842
171,272,209,121.85512005870292
171,273,208,121.05527315045757
171,274,207,122.83985507417896
171,275,206,122.48010277128921
171,276,205,122.22721748379267
171,277,204,121.71605146376169
171,278,203,122.04336406715262
171,279,202,123.62857453353502
171,280,201,123.5650196841776
171,281,200,124.09715505139144
171,282,199,122.46582534820972
171,283,198,123.25498194353416
171,284,197,123.73976096514033
171,285,196,124.27229808398707
171,286,195,123.77866201871603
171,287,194,123.86267285080005
171,288,193,124.1875749552647
171,289,192,123.78920661414585
171,290,191,123.78789742246354
171,291,190,123.38864391124025
171,292,189,123.45215735934134
171,293,188,123.6794011333833
171,294,187,123.1506602176138
171,295,186,124.18737862295117
171,296,185,124.96204140736475
171,297,184,125.0
171,298,183,125.0
171,299,182,125.0
171,300,181,125.0
171,301,180,125.0
171,302,179,124.74710079461609
171,303,178,124.85529362685486
171,304,177,124.96703151998557
171,305,176,125.0
171,306,175,125.0
171,307,174,125.0
171,308,173,125.0
171,309,172,125.0
171,310,171,125.0
171,311,170,125.0
171,312,169,124.64444402702904
171,313,168,121.6817146858541
171,314,167,123.72530726211413
171,315,166,123.3928297592946
171,316,165,123.13441361243267
171,317,164,123.14037569291084
171,318,163,122.19938294481076
171,319,162,123.85701178519162
171,320,161,123.83517635553221
171,321,160,124.32082103019614
171,322,159,123.21232965600063
171,323,158,122.30342622624738
171,324,157,121.93384017053664
171,325,156,119.39521598515529
171,326,155,118.0356545034929
171,327,154,116.28398473910102
171,328,153,113.74408204948978
171,329,152,113.7106037590397
171,330,151,112.32869756495019
171,331,150,111.67512341841689
171,332,149,109.33635303541217
171,333,148,112.28690362080575
171,334,147,111.81555220014681
171,335,146,112.9736064771215
171,336,145,114.98414451709482
171,337,144,110.05887027784676
171,338,143,113.77935267037961
171,339,142,115.60743986640594
171,340,141,117.08012432285865
171,341,140,114.8312510162977
171,342,139,115.30245887397766
171,343,138,116.32515945076645
171,344,137,115.21582196561977
171,345,136,113.35034048806402
171,346,135,109.45730792605872
171,347,134,109.95838652228372
171,348,133,110.94635768101892
171,349,132,108.38364026234947
171,350,131,103.44807568700514
171,351,130,110.47885076257845
171,352,129,110.42811853667963
171,353,128,105.30570939392285
171,354,127,111.03037367946823
171,355,126,102.14130869884278
172,40,104,120.19071850933165
172,41,103,121.08364724237336
172,42,102,118.29720927265427
172,43,101,118.22344670128166
172,44,100,118.78281216755497
172,45,99,118.14885130635709
172,46,98,118.18880946937105
172,47,97,118.1692639195123
172,48,96,118.89539163119619
172,49,95,119.16048892666514
172,50,94,119.57721558531594
172,51,93,119.71517353944486
172,52,92,120.03645714954152
172,53,91,119.68703576661882
172,54,90,118.95618156084606
172,55,89,118.00346103594524
172,56,88,117.26019359868695
172,57,87,118.15940146016865
172,58,86,117.48290803462939
172,59,85,116.36462017141115
172,60,84,118.57017447638216
172,61,83,118.0402296019628
172,62,82,118.4255296444652
172,63,81,118.1272702621162
172,64,80,117.11741615250187
172,65,79,113.8345347822814
172,66,78,108.42939486596543
172,67,77,108.64446219951847
172,68,76,110.01486571607943
172,69,75,110.27318062987464
172,70,74,103.98104953163924
172,71,73,106.31353709371378
172,72,72,106.01699601213755
172,73,71,109.79273763423514
172,74,70,109.43105608104051
172,75,69,111.56292414598445
172,76,68,111.51962451999773
172,77,67,106.91050365540353
172,78,66,99.07378770995174
172,79,65,97.9793567159497
172,80,64,97.33685681663323
172,81,63,85.20060087061626
172,82,62,82.19641732733331
172,83,61,84.23371190121787
172,84,60,79.2193464000201
172,85,59,71.58520187808813
172,86,58,74.66466087412489
172,87,57,68.19365958003155
172,88,56,70.2055350145085
172,89,55,65.27792345295633
172,90,54,75.69518617746753
172,91,53,65.40073338594979
172,92,52,65.80436901336303
172,93,51,50.039440514988655
172,94,50,47.31512368015507
172,95,49,38.351526493950786
172,96,48,37.35425633642103
172,97,47,37.95699752265325
172,98,46,42.321311119911925
172,99,45,36.473718090389774
172,100,44,36.19120651284475
172,101,43,34.03079124084298
172,102,42,35.686418375753306
172,103,41,30.837756064064294
172,104,40,38.720341542559964
172,105,39,37.107584631394616
172,106,38,40.291605013624086
172,107,37,37.47700207361087
172,108,36,44.49130022369252
172,109,35,35.850497411183014
172,110,34,33.91531045325706
172,111,33,35.740241154661504
172,112,32,27.758577331674182
172,113,31,27.447590596900515
172,114,30,31.559814751152057
172,115,29,34.55188416386457
172,116,28,32.891829224784075
172,117,27,31.413591517276416
172,118,26,34.07810016836602
172,119,25,32.406266153701
172,120,24,31.506733585447908
172,121,23,32.12539782714188
172,122,22,29.17130596608104
172,123,21,30.514572545117225
172,124,20,29.50727749604814
172,125,19,26.02354288359434
172,126,18,29.16686396172336
172,127,17,29.35962150254843
172,128,16,32.00988430029775
172,129,15,28.70150825529594
172,130,14,26.978787783193166
172,131,13,25.29689485319124
172,132,12,21.5908996913224
173,40,119,121.5143998057699
173,41,118,120.49108431562425
173,42,117,119.27938630902892
173,43,116,120.49632489136738
173,44,115,123.17490407422446
173,45,114,122.50123031130133
173,46,113,122.80072905133258
173,47,112,123.428525867671
173,48,111,122.32969141016797
173,49,110,122.29436205175405
173,50,109,122.02610069054657
173,51,108,123.39304848127708
173,52,107,123.58349134261543
173,53,106,121.7902322286115
173,54,105,122.14452694414126
173,55,104,119.97103225445065
173,56,103,119.47093819964095
173,57,102,122.03211292087295
173,58,101,120.26568582861486
173,59,100,118.70324956305774
173,60,99,111.64174836189318
173,61,98,111.7556136581896
173,62,97,110.66902458720864
173,63,96,110.75059714310828
173,64,95,114.59119811799803
173,65,94,115.46481449033956
173,66,93,113.6918944702615
173,67,92,110.38187929501262
173,68,91,107.37135576380865
173,69,90,106.71870846768024
173,70,89,104.95779037475518
173,71,88,108.20687061364501
173,72,87,105.44829537692289
173,73,86,103.0777047339859
173,74,85,98.69500224835298
173,75,84,96.59529335962944
173,76,83,98.63848844223368
173,77,82,91.65401712857654
173,78,81,89.69412444552135
173,79,80,93.27438381595756
173,80,79,86.16520417426
173,81,78,89.10185713623576
173,82,77,90.21769399987014
173,83,76,91.130345762845
173,84,75,94.94619762095557
173,85,74,98.117065844054
173,86,73,95.53988854491156
173,87,72,97.24150816527651
173,88,71,102.14475143159085
173,89,70,105.11294862109327
173,90,69,99.33900480988424
173,91,68,101.00855854793888
173,92,67,105.22812665723418
173,93,66,104.0096002095304
173,94,65,98.61659315532219
173,95,64,102.6185179334253
173,96,63,99.48450424559118
173,97,62,95.16669576431303
173,98,61,84.42034639894206
173,99,60,84.58897965427654
173,100,59,77.98120892791809
173,101,58,92.74489459339735
173,102,57,94.12480059346667
173,103,56,99.48748477140774
173,104,55,103.59806268065364
173,105,54,104.0077190080999
173,106,53,105.78687737029263
173,107,52,100.63003642757693
173,108,51,101.48561562244713
173,109,50,95.74007853538122
173,110,49,98.34898611953132
173,111,48,91.66831833795791
173,112,47,81.22732545084824
173,113,46,72.77773147993676
173,114,45,62.61380935818862
173,115,44,66.03515716675601
173,116,43,56.17206402834541
173,117,42,51.11959023012169
173,118,41,48.706529467698346
173,119,40,49.17936033438199
173,120,39,46.44457131004087
173,121,38,46.55266485631339
173,122,37,48.751122700463156
173,123,36,45.51317616911547
173,124,35,44.43935733961335
173,125,34,47.65058365539414
173,126,33,38.11029413305309
173,127,32,36.569973061372906
173,128,31,37.53213229027992
173,129,30,37.52112879721608
173,130,29,27.46366313126861
173,131,28,27.794371468143808
173,132,27,25.49716966052563
173,133,26,26.842538348331068
173,134,25,26.060810387737682
173,135,24,27.300111465782464
173,136,23,23.82813229660373
173,137,22,20.620790669184423
173,138,21,23.270627677015433
173,139,20,20.027048714598134
173,140,19,17.07703239415929
173,141,18,18.37589106663719
173,142,17,19.247810752311445
173,143,16,16.336396177511368
173,144,15,15.541416266777274
173,145,14,12.080375922776135
173,146,13,10.539777334758694
173,147,12,8.799522658813721
173,148,11,7.175078743343051
173,149,10,8.164149769491889
173,150,9,8.134439956031752
173,151,8,5.929349672294747
174,40,105,123.51638278370571
174,41,104,123.81511157160307
174,42,103,124.35382362014522
174,43,102,124.1161889404411
174,44,101,123.24306132613609
174,45,100,123.43608575941184
174,46,99,123.29383845554466
174,47,98,122.04576648728022
174,48,97,122.88966954859113
174,49,96,120.86619723707776
174,50,95,120.99347526295463
174,51,94,121.7083578794056
174,52,93,121.80955377814183
174,53,92,120.23530874226637
174,54,91,121.57479060474635
174,55,90,120.94392712464165
174,56,89,122.38919494123043
174,57,88,122.49432628429147
174,58,87,122.80205772563511
174,59,86,123.66484506482502
174,60,85,122.78781516887548
174,61,84,122.27349265077164
174,62,83,122.23616396213171
174,63,82,121.68081718611131
174,64,81,120.96723169899079
174,65,80,119.84680484190527
174,66,79,115.48515684426869
174,67,78,114.95573146863607
174,68,77,108.62161064795558
174,69,76,111.31935199753504
174,70,75,108.97657990362327
174,71,74,99.96764445902147
174,72,73,95.92207303452129
174,73,72,100.89529172922651
174,74,71,107.80733420698778
174,75,70,105.27767540116047
174,76,69,108.65363524633676
174,77,68,105.59023394131
174,78,67,106.76696379630165
174,79,66,107.42081153926367
174,80,65,104.44456129044485
174,81,64,100.40599784717679
174,82,63,98.02194306670012
174,83,62,95.91372816803619
174,84,61,97.26383441467505
174,85,60,97.50502956369499
174,86,59,91.55741387505486
174,87,58,88.07843520710217
174,88,57,85.08631509543164
174,89,56,81.45528615668532
174,90,55,75.86982593470483
174,91,54,81.33394173360334
174,92,53,77.35924899714406
174,93,52,82.21676853247234
174,94,51,73.73643114508857
174,95,50,76.85210460601701
174,96,49,77.37944986260352
174,97,48,79.56251945778479
174,98,47,81.68762532850573
174,99,46,79.44039058923994
174,100,45,74.83004343190586
174,101,44,78.74119366963379
174,102,43,82.90887192547194
174,103,42,74.13118982825719
174,104,41,71.49885019827266
174,105,40,77.14495663059105
174,106,39,73.00951782656168
174,107,38,73.37026395434884
174,108,37,70.06445437558186
174,109,36,71.35806786972836
174,110,35,62.37433766300992
174,111,34,53.50362066939968
174,112,33,53.228845483603465
174,113,32,51.67508237247238
174,114,31,55.049625515058295
174,115,30,41.07500690160346
174,116,29,35.60933879331613
174,117,28,35.942317395850566
174,118,27,33.99748603100907
174,119,26,32.64666250685852
174,120,25,31.482383071718157
174,121,24,33.65264322395443
174,122,23,27.14303841489008
174,123,22,22.385644572261416
174,124,21,20.016707186420042
174,125,20,16.635605934220052
174,126,19,14.198857441644675
174,127,18,14.663704562342513
174,128,17,15.017517998297862
174,129,16,15.61592305945634
174,130,15,15.964992749000059
174,131,14,15.515809029075026
174,132,13,12.516656108745096
174,133,12,12.456303079867247
174,134,11,11.709524338421504
174,135,10,8.415064994758668
175,40,199,123.16868498984918
175,41,198,124.0073580076984
175,42,197,124.01680607524901
175,43,196,122.63039628778174
175,44,195,123.55724435320391
175,45,194,123.75842428088325
175,46,193,123.49948004616459
175,47,192,122.83569414088265
175,48,191,120.84050650662199
175,49,190,119.8092682335724
175,50,189,120.84215785131639
175,51,188,118.9240808572903
175,52,187,119.89645172904446
175,53,186,118.38927003142246
175,54,185,119.32339538791561
175,55,184,121.00822216355753
175,56,183,118.93481853120724
175,57,182,114.9673831343581
175,58,181,111.42988607168604
175,59,180,113.27874268150407
175,60,179,115.63525383232485
175,61,178,114.00455850709864
175,62,177,110.35821993552089
175,63,176,112.23762854218093
175,64,175,114.85365950703655
175,65,174,118.6145801479195
175,66,173,119.86643590406823
175,67,172,119.87998534086228
175,68,171,120.21598018040447
175,69,170,118.95067192636563
175,70,169,118.40694055455717
175,71,168,118.03961571854123
175,72,167,120.13196618491584
175,73,166,120.33112301222647
175,74,165,118.64847190720599
175,75,164,115.63276836858486
175,76,163,111.7219082064751
175,77,162,107.57295218833974
175,78,161,108.28124588836039
175,79,160,107.40197151539083
175,80,159,106.90093646358599
175,81,158,111.2436315819283
175,82,157,112.04313263009814
175,83,156,103.98719069275343
175,84,155,105.53146456363135
175,85,154,99.95255784854726
175,86,153,98.74756076461168
175,87,152,93.20514104974924
175,88,151,95.18304100156828
175,89,150,99.44450800574856
175,90,149,101.63646332023535
175,91,148,101.71690820369633
175,92,147,100.82456027692817
175,93,146,101.89675604041179
175,94,145,100.6583084537092
175,95,144,101.73616621433291
175,96,143,98.57332211394106
175,97,142,103.05610768058784
175,98,141,97.64726271152892
175,99,140,98.5089595819496
175,100,139,88.37080417460865
175,101,138,85.11811377718493
175,102,137,68.86043806979701
175,103,136,74.80301622388339
175,104,135,73.71076558829621
175,105,134,87.28021866267935
175,106,133,87.60479961045634
175,107,132,94.17166532090235
175,108,131,91.45255141934393
175,109,130,95.4777589752796
175,110,129,101.82752541080595
175,111,128,94.8514806993175
175,112,127,101.11204849351903
175,113,126,102.09266951449767
175,114,125,102.81548085108574
175,115,124,96.7636654109494
175,116,123,95.12649087808214
176,40,248,125.0
176,41,247,125.0
176,42,246,125.0
176,43,245,125.0
176,44,244,125.0
176,45,243,125.0
176,46,242,125.0
176,47,241,125.0
176,48,240,125.0
176,49,239,125.0
176,50,238,125.0
176,51,237,125.0
176,52,236,124.45604179918476
176,53,235,124.50345312706443
176,54,234,125.0
176,55,233,125.0
176,56,232,125.0
176,57,231,124.19776555199655
176,58,230,124.54203403342719
176,59,229,122.82072961644212
176,60,228,122.78195393820596
176,61,227,122.99054272817355
176,62,226,123.42862358756048
176,63,225,122.9629180324086
176,64,224,120.22376916337551
176,65,223,120.7881557029824
176,66,222,120.80641524651196
176,67,221,119.35320149605832
176,68,220,121.91776103612793
176,69,219,121.09424669553323
176,70,218,120.35431288520729
176,71,217,116.64774438737024
176,72,216,118.56023525132024
176,73,215,121.09613697182373
176,74,214,122.44705430028792
176,75,213,117.66345481511196
176,76,212,121.73898314541285
176,77,211,121.91267008020931
176,78,210,122.158199671672
176,79,209,120.81647141133702
176,80,208,122.29648061762657
176,81,207,120.56127227475386
176,82,206,115.28088958096595
176,83,205,112.91050986606777
176,84,204,111.50476614513425
176,85,203,112.40048760579415
176,86,202,113.82309437308385
176,87,201,115.12190363481288
176,88,200,113.60202746965581
176,89,199,114.76668130794316
176,90,198,112.45788404379198
176,91,197,114.10245660807513
176,92,196,113.36775769975353
176,93,195,112.58394062527887
176,94,194,113.3232718354488
176,95,193,115.84641458830573
176,96,192,116.87023393159082
176,97,191,114.38461421974856
176,98,190,111.6617545317228
176,99,189,113.59738947766584
176,100,188,111.72553837899422
176,101,187,109.3483637728375
176,102,186,106.39387654548298
176,103,185,104.84745307146153
176,104,184,104.22425512683218
176,105,183,106.33042605110116
176,106,182,95.00657818997836
176,107,181,94.97384154061264
176,108,180,101.86922953069504
176,109,179,100.42904673786393
176,110,178,103.48960262414238
176,111,177,106.72996585938397
176,112,176,107.02169034000758
176,113,175,110.59036955435887
176,114,174,113.38426472174487
176,115,173,115.28344423400287
176,116,172,116.39357097693558
176,117,171,115.01970006949581
176,118,170,111.55414749566768
176,119,169,112.01658104929206
176,120,168,112.81965197214089
176,121,167,113.96512065834426
176,122,166,114.90772781142984
176,123,165,113.01848755342489
176,124,164,116.48204602416183
176,125,163,112.13194269328156
176,126,162,114.90902043986691
176,127,161,116.81366434448465
176,128,160,115.87733980205493
176,129,159,116.56943212514966
176,130,158,118.13639347311036
176,131,157,119.5181188146882
176,132,156,118.55287217189775
176,133,155,119.38473355180832
176,134,154,118.5742924019686
176,135,153,119.05970743002885
176,136,152,118.61491732951386
176,137,151,117.65204638008058
176,138,150,117.97971764946021
176,139,149,118.35972558812657
176,140,148,118.2976128505091
176,141,147,116.36063042074159
176,142,146,117.4862819777087
176,143,145,113.0530552837998
176,144,144,111.78273350870154
176,145,143,112.0423140894271
176,146,142,105.69474609563407
176,147,141,101.54026180480083
176,148,140,98.51208342603333
176,149,139,98.54286471240911
176,150,138,95.74434608067324
176,151,137,101.87159110296086
176,152,136,100.80429659337035
176,153,135,102.27725368045623
176,154,134,100.13727039710054
176,155,133,98.66642495122005
176,156,132,98.61651583885049
176,157,131,90.81229128905667
176,158,130,90.85163944528503
176,159,129,90.97735092200821
176,160,128,90.57064794188913
176,161,127,90.57992973943065
176,162,126,92.26463426057886
176,163,125,91.36597796648311
176,164,124,92.00571252521668
176,165,123,94.99519806315863
176,166,122,92.79964619870552
176,167,121,98.44706199401134
176,168,120,95.12223579967056
176,169,119,96.74359432984447
176,170,118,92.880554578346
176,171,117,95.28345542997252
176,172,116,97.53010370764784
176,173,115,104.40707410936518
176,174,114,110.42751242443522
176,175,113,113.01772648790768
176,176,112,113.65304723705137
176,177,111,112.01510148622606
176,178,110,110.78158768571387
176,179,109,107.23577608791885
176,180,108,105.93176118254824
176,181,107,107.53803495596023
176,182,106,102.49680452537402
176,183,105,101.83038090017867
176,184,104,97.2795103012713
176,185,103,96.87741429955878
177,40,118,123.68467665531162
177,41,117,123.95602393170267
177,42,116,124.38353293298042
177,43,115,122.9983419658355
177,44,114,124.64823647280623
177,45,113,123.45093919870632
177,46,112,122.70899900779813
177,47,111,121.70895963810696
177,48,110,122.3546801406315
177,49,109,122.8986680497606
177,50,108,121.01066507415152
177,51,107,121.38618937166544
177,52,106,120.39776250714067
177,53,105,122.28514565320746
177,54,104,120.81447434346535
177,55,103,121.38997708461656
177,56,102,121.99626060142008
177,57,101,120.50659060300453
177,58,100,119.35446862117777
177,59,99,121.42452594216374
177,60,98,117.88467767064179
177,61,97,116.37954657688066
177,62,96,116.96708916107926
177,63,95,114.4163362955192
177,64,94,117.65578545928568
177,65,93,120.48618910449329
177,66,92,120.76740660398977
177,67,91,118.27843721789714
177,68,90,121.53805152381219
177,69,89,118.99073902687707
177,70,88,115.94330333359221
177,71,87,115.41754324112293
177,72,86,115.14145240522885
177,73,85,115.0328623011523
177,74,84,116.8305531983052
177,75,83,119.4149719054792
177,76,82,118.08259585628788
177,77,81,115.16542348281007
177,78,80,116.47596590404272
177,79,79,107.60707243701917
177,80,78,112.6413191664438
177,81,77,109.63898259910346
177,82,76,114.3635488925237
177,83,75,117.0975338501419
177,84,74,117.84713044758729
177,85,73,110.97179981162037
177,86,72,114.073520021901
177,87,71,113.85160673777337
177,88,70,111.90199070988754
177,89,69,113.24240852690593
177,90,68,112.1976106763886
177,91,67,111.37602939677797
177,92,66,104.06570515668321
177,93,65,109.45397996535513
177,94,64,111.17706897039704
177,95,63,106.34192358295248
177,96,62,107.95457049553649
177,97,61,97.28771834746036
177,98,60,92.47051977753236
177,99,59,91.8386729790456
177,100,58,92.09049976583287
177,101,57,88.35698193479945
177,102,56,88.47957853667705
177,103,55,88.3432449100369
177,104,54,80.79811677386522
177,105,53,81.24329589620396
177,106,52,84.17424756940837
177,107,51,82.60606938068443
177,108,50,81.65973967475078
177,109,49,81.42189834581482
177,110,48,79.32555879316405
177,111,47,76.38040231328935
177,112,46,77.56300671282085
177,113,45,78.09216257168028
177,114,44,76.3101636904589
177,115,43,75.84472278106549
177,116,42,66.47609866640141
177,117,41,63.79777834457863
177,118,40,63.65906953541122
177,119,39,58.93352205526759
177,120,38,59.16905412670819
177,121,37,59.31413657274351
177,122,36,59.43377999933054
177,123,35,56.83929183184462
177,124,34,60.16224630938834
177,125,33,61.014016736370294
177,126,32,64.64327737473789
177,127,31,62.83234183656232
177,128,30,64.21968093447614
177,129,29,58.08585326348937
177,130,28,54.7835770480018
177,131,27,48.112348772249156
177,132,26,42.75120053002771
177,133,25,38.72633011235317
177,134,24,38.29211744825146
177,135,23,39.764210574081694
177,136,22,38.91573151912871
177,137,21,36.86691939626888
177,138,20,32.96752740045939
177,139,19,27.64941745256624
177,140,18,29.80118486997296
177,141,17,27.415339538174663
177,142,16,28.43483487848199
177,143,15,27.584567808791785
177,144,14,23.524057349646036
177,145,13,20.1336856466826
177,146,12,18.9942998881123
178,40,345,124.22492134817529
178,41,344,124.77514280060154
178,42,343,124.89864521287474
178,43,342,125.0
178,44,341,125.0
178,45,340,125.0
178,46,339,124.8382788853545
178,47,338,124.40764188292823
178,48,337,124.04127142455857
178,49,336,123.8171589738206
178,50,335,124.21560066427826
178,51,334,123.20116160378006
178,52,333,122.86021025231761
178,53,332,122.66218618177322
178,54,331,123.03167855297627
178,55,330,124.18138333928596
178,56,329,123.55467998179242
178,57,328,124.4371742172616
178,58,327,123.25919392813047
178,59,326,122.76193202971095
178,60,325,123.94453274614378
178,61,324,123.90616708784715
178,62,323,123.43523605824424
178,63,322,124.13480105022981
178,64,321,124.93770903182661
178,65,320,125.0
178,66,319,125.0
178,67,318,124.6214995552856
178,68,317,124.56932749840587
178,69,316,123.91958275800768
178,70,315,124.69364507834942
178,71,314,123.8784886911393
178,72,313,123.43850835505825
178,73,312,123.75069115215194
178,74,311,123.36132402761618
178,75,310,124.0055518191131
178,76,309,123.82079642466749
178,77,308,123.98682476164666
178,78,307,124.44186422175356
178,79,306,124.3310455954124
178,80,305,124.89535334834217
178,81,304,123.77954693032416
178,82,303,124.48972360070002
178,83,302,124.3211249905779
178,84,301,122.91379452583132
178,85,300,124.27662273420509
178,86,299,124.05911989532699
178,87,298,125.0
178,88,297,124.96975349716905
178,89,296,124.6091388577767
178,90,295,124.41291923652423
178,91,294,124.54522421741078
178,92,293,124.67073366988672
178,93,292,124.61537517509828
178,94,291,124.06497746979963
178,95,290,123.65208813715284
178,96,289,123.46505761467571
178,97,288,124.04228296297472
178,98,287,123.76314782162369
178,99,286,124.15703806783398
178,100,285,123.88003955944951
178,101,284,123.94384165893044
178,102,283,123.99605788309029
178,103,282,123.82045272249863
178,104,281,123.73719734090844
178,105,280,123.3697549226943
178,106,279,123.08614577541314
178,107,278,123.0727424032448
178,108,277,123.30201932361705
178,109,276,123.05145199491434
178,110,275,124.06361887223954
178,111,274,123.72543965063451
178,112,273,121.795833425472
178,113,272,121.1285817981799
178,114,271,121.4576586802903
178,115,270,123.39752155137629
178,116,269,123.67935943721048
178,117,268,124.47674957549509
178,118,267,124.51122282758514
178,119,266,123.00151544327825
178,120,265,123.79887404688145
178,121,264,122.49418880123007
178,122,263,121.30992771491071
178,123,262,121.52661764813074
178,124,261,119.58201593152054
178,125,260,121.43056375379034
178,126,259,121.04984976449147
178,127,258,122.4559547760108
178,128,257,122.91274578045869
178,129,256,123.28986055788897
178,130,255,123.22584344500436
178,131,254,123.54261486972199
178,132,253,123.92187446001184
178,133,252,124.0720189020686
178,134,251,123.88803050486389
178,135,250,124.82589322126151
178,136,249,124.59331810451371
178,137,248,124.65749195791375
178,138,247,124.56020559779527
178,139,246,124.37829115736356
178,140,245,125.0
178,141,244,124.2375319957936
178,142,243,124.03372631682015
178,143,242,124.3079391877954
178,144,241,124.29199445934333
178,145,240,123.97806392018163
178,146,239,124.12477989380422
178,147,238,124.69556196658795
178,148,237,124.83687947932404
178,149,236,124.08455413694462
178,150,235,123.8116209308373
178,151,234,124.55542062898573
178,152,233,125.0
178,153,232,124.55811782097985
178,154,231,123.66206912098697
178,155,230,122.71901059157572
178,156,229,124.35041565772656
178,157,228,125.0
178,158,227,125.0
178,159,226,124.35817518453007
178,160,225,123.73716987632119
178,161,224,123.15134585254911
178,162,223,123.01684573673944
178,163,222,122.53127550887781
178,164,221,121.96531110665273
178,165,220,121.94817411328142
178,166,219,122.16824143905728
178,167,218,122.98389365767486
178,168,217,122.84161846348348
178,169,216,122.73414369369492
178,170,215,121.66803940317965
178,171,214,121.07995899303316
178,172,213,121.95139960883124
178,173,212,121.35280632718329
178,174,211,121.74389506859518
178,175,210,121.91154634461661
178,176,209,121.34680809972158
178,177,208,120.50348076616467
178,178,207,119.5405244495484
178,179,206,120.75971580394463
178,180,205,122.99902123816148
178,181,204,122.95766786057453
178,182,203,121.29847957864183
178,183,202,121.34898851599992
178,184,201,121.76379903548266
178,185,200,121.063793829199
178,186,199,121.53071838775712
178,187,198,121.82559795188345
178,188,197,123.31665799569663
178,189,196,122.35009735386765
178,190,195,121.7013533518514
178,191,194,121.39599417132412
178,192,193,122.51751501490912
178,193,192,122.90348802464429
178,194,191,121.45922114741035
178,195,190,121.61023877937754
178,196,189,123.72742781405081
178,197,188,123.46349810603571
178,198,187,124.12296162908105
178,199,186,124.50478088002299
178,200,185,124.62007043321341
178,201,184,124.1583148920233
178,202,183,124.70113827023319
178,203,182,124.85731216387148
178,204,181,124.25633475332012
178,205,180,123.652982479191
178,206,179,124.13957085756348
178,207,178,124.35834993215238
178,208,177,124.44354550272058
178,209,176,122.49946688341834
178,210,175,123.50263533595374
178,211,174,125.0
178,212,173,124.50937520943333
178,213,172,125.0
178,214,171,125.0
178,215,170,124.09043802753064
178,216,169,124.05335603964289
178,217,168,124.84692651543466
178,218,167,124.25537445238822
178,219,166,125.0
178,220,165,125.0
178,221,164,125.0
178,222,163,125.0
178,223,162,124.79340187983536
178,224,161,124.02569092757258
178,225,160,124.36170016265295
178,226,159,124.405480353044
178,227,158,123.09991515263077
178,228,157,125.0
178,229,156,125.0
178,230,155,124.84024398237062
178,231,154,123.9151152569107
178,232,153,121.6144589446482
178,233,152,121.61756435331971
178,234,151,124.20186980475013
178,235,150,124.49736779806801
178,236,149,124.6008125102621
178,237,148,125.0
178,238,147,125.0
178,239,146,125.0
178,240,145,124.90510491003181
178,241,144,124.41534222186495
178,242,143,124.95046460893892
178,243,142,124.96220832666498
178,244,141,124.7462439406276
178,245,140,123.81506806472237
178,246,139,124.23089283629031
178,247,138,123.40810887581299
178,248,137,123.24124736061299
178,249,136,121.40927739084603
178,250,135,119.78280369502028
178,251,134,115.99448893532285
178,252,133,116.01361134556014
178,253,132,117.65195670419669
178,254,131,119.21177597072818
178,255,130,120.08501524536021
178,256,129,122.61645124666526
178,257,128,120.54694048536416
178,258,127,116.55329520289537
178,259,126,117.89134585700114
178,260,125,115.92075421827184
178,261,124,113.64653383902318
178,262,123,111.76126236241441
178,263,122,113.03846286968106
178,264,121,112.38211930114102
178,265,120,112.8490034324316
178,266,119,114.44714439036267
178,267,118,111.74351190046639
178,268,117,107.08561325111602
178,269,116,111.79090451481298
178,270,115,114.37449574597282
178,271,114,107.68330106609287
178,272,113,102.16354660952092
178,273,112,106.60531945322691
178,274,111,110.58850273501727
178,275,110,111.42195288397976
178,276,109,111.1448547661527
178,277,108,117.01476530473505
178,278,107,121.61412844901214
178,279,106,121.38304904264848
179,40,234,125.0
179,41,233,125.0
179,42,232,125.0
179,43,231,125.0
179,44,230,125.0
179,45,229,125.0
179,46,228,125.0
179,47,227,125.0
179,48,226,124.94928660537431
179,49,225,123.53136176288959
179,50,224,123.55473322039303
179,51,223,123.81527124555615
179,52,222,123.58967360059825
179,53,221,124.14657903459982
179,54,220,124.64234795528824
179,55,219,124.74005726393737
179,56,218,124.91051780978955
179,57,217,124.49353170426897
179,58,216,123.95824539517517
179,59,215,124.16575894526838
179,60,214,123.56513089528941
179,61,213,123.45460093604919
179,62,212,123.75933673098751
179,63,211,123.40656678771167
179,64,210,123.49529858370863
179,65,209,122.42709888709089
179,66,208,122.6755613792034
179,67,207,121.81440222915431
179,68,206,122.61977278146625
179,69,205,122.97913041761475
179,70,204,122.70817398040074
179,71,203,122.78398584312632
179,72,202,122.56960357795222
179,73,201,122.74582348597062
179,74,200,123.71815803944082
179,75,199,123.43892985372308
179,76,198,123.2182456322277
179,77,197,123.56396611962496
179,78,196,124.37183411511937
179,79,195,124.4780347445703
179,80,194,124.14487808297035
179,81,193,123.00857633206084
179,82,192,123.44483468046165
179,83,191,122.90231649868159
179,84,190,122.84990885955352
179,85,189,123.42645711501737
179,86,188,123.50732115878904
179,87,187,123.46527323609902
179,88,186,123.31455597115048
179,89,185,123.08908657791872
179,90,184,122.15281456536778
179,91,183,121.91743745954452
179,92,182,120.29549626028887
179,93,181,122.66156185586856
179,94,180,121.42789744276988
179,95,179,122.68934620074998
179,96,178,122.43127029324793
179,97,177,123.0280294690448
179,98,176,121.63001901463369
179,99,175,121.53602811316208
179,100,174,122.09402094403582
179,101,173,121.94250630614123
179,102,172,120.49317026074243
179,103,171,118.61503487477535
179,104,170,117.49722435857629
179,105,169,119.67176787253436
179,106,168,122.06064489169442
179,107,167,123.18429401623106
179,108,166,123.89431705575419
179,109,165,124.36009868019534
179,110,164,123.86486557098307
179,111,163,123.08937382641616
179,112,162,122.73428675875317
179,113,161,121.66804092735649
179,114,160,120.61659903941077
179,115,159,121.03081540111766
179,116,158,121.24891895690425
179,117,157,121.71910249379664
179,118,156,121.85623149292792
179,119,155,122.96597684254911
179,120,154,123.93702958641964
179,121,153,124.10487298403953
179,122,152,124.4557187225669
179,123,151,124.5761845745449
179,124,150,124.50037523722263
179,125,149,124.50636852172885
179,126,148,124.50466467933069
179,127,147,124.8943505190086
179,128,146,124.57119822890999
179,129,145,124.0082059825929
179,130,144,124.85789984154752
179,131,143,124.38497400468084
179,132,142,123.65123927467567
179,133,141,123.62380062841851
179,134,140,124.52228997860524
179,135,139,123.54954726527964
179,136,138,122.64892624966424
179,137,137,122.42286309489563
179,138,136,122.09309359972028
179,139,135,119.76695378187755
179,140,134,121.65788159556706
179,141,133,120.12521717645404
179,142,132,122.30429676338318
179,143,131,121.20706886010969
179,144,130,120.58635128491551
179,145,129,123.292657669363
179,146,128,123.96932046885564
179,147,127,123.70035099029512
179,148,126,122.26196280160431
179,149,125,122.82680848939981
179,150,124,122.48916990735276
179,151,123,122.50909762113437
179,152,122,119.87656603583287
179,153,121,116.52000903147143
179,154,120,109.62654586575532
179,155,119,104.18395811018954
179,156,118,101.90625819467454
179,157,117,101.03958469570634
179,158,116,98.68386677911244
179,159,115,104.89888372764827
179,160,114,99.9534834933803
179,161,113,105.19987500551939
179,162,112,103.85985235402964
179,163,111,107.41154634096128
179,164,110,110.1041739639968
179,165,109,106.52483307080433
179,166,108,108.50342288445563
179,167,107,106.1833800361742
179,168,106,100.27466515474214
179,169,105,98.84174247357466
179,170,104,104.43920332777333
179,171,103,102.84769789121826
179,172,102,103.97884339510489
179,173,101,102.50984511482054
179,174,100,105.04759414393354
179,175,99,106.12908022600647
179,176,98,106.8872364062329
179,177,97,109.73939167631897
179,178,96,109.94311625891433
179,179,95,112.2643149365984
179,180,94,114.06954299157358
179,181,93,114.67206171733145
179,182,92,115.37065441955187
179,183,91,114.75534571799771
179,184,90,113.17782725396373
179,185,89,111.83957570940552
179,186,88,111.69639381137212
179,187,87,112.71743621877869
179,188,86,111.61440914695044
179,189,85,108.1701076488485
179,190,84,107.57381241003492
179,191,83,105.5467032607157
179,192,82,101.89154879429313
179,193,81,89.58678294117878
179,194,80,88.03545436505814
179,195,79,90.73106899759597
179,196,78,92.22370772758029
179,197,77,87.85250602909932
179,198,76,91.6978176729197
179,199,75,93.38201948231077
179,200,74,91.71875400066506
179,201,73,90.95688675730374
179,202,72,88.3350281512891
179,203,71,89.4536901350331
179,204,70,84.60727022129848
179,205,69,77.50111411596275
179,206,68,71.15952783212867
179,207,67,69.90375630974643
179,208,66,69.08839676870012
179,209,65,71.18746262237308
179,210,64,73.00377480041855
179,211,63,72.06020143961904
179,212,62,69.91773243830598
179,213,61,66.82625874927804
179,214,60,69.23522645114934
179,215,59,69.14744598036484
179,216,58,69.18113290752571
179,217,57,70.54234903573354
179,218,56,66.85769528823761
179,219,55,65.3714962150033
179,220,54,64.4639444663264
179,221,53,58.76787810860138
179,222,52,56.351189848334826
179,223,51,55.52671621255911
179,224,50,56.366188795031874
179,225,49,56.80291018831339
179,226,48,57.986840431688194
179,227,47,56.78647617824504
179,228,46,51.81093242239807
179,229,45,48.495173716921286
179,230,44,48.55359731252226
179,231,43,48.522513301070674
179,232,42,47.66136411764856
179,233,41,43.97027156539096
179,234,40,41.79477829737012
179,235,39,42.39771839767187
179,236,38,40.764427024668336
179,237,37,40.60413574967822
179,238,36,40.16750394528893
179,239,35,39.83450017533922
179,240,34,40.1686504522569
179,241,33,41.41674284836344
179,242,32,39.086268946010385
179,243,31,35.4209801977501
179,244,30,34.334921873387906
179,245,29,33.55579557036148
179,246,28,29.94991813120817
179,247,27,30.503869227129023
179,248,26,27.482036515453068
179,249,25,28.3152511340614
179,250,24,26.336045751717734
179,251,23,24.088433328166555
179,252,22,34.64591274055313
179,253,21,32.68318315320877
179,254,20,33.410791062232406
179,255,19,31.011970538538637
179,256,18,29.934984088065377
179,257,17,29.662914639166797
179,258,16,25.408834050590308
179,259,15,21.264341880416573
179,260,14,21.034807671397047
179,261,13,17.452708737290084
179,262,12,19.858890344455276
180,40,359,121.97580683966278
180,41,358,121.66616779881093
180,42,357,121.55244138641358
180,43,356,123.88265120276793
180,44,355,124.93089121077337
180,45,354,124.81083947146891
180,46,353,125.0
180,47,352,124.59867169953857
180,48,351,124.8291237121262
180,49,350,124.33610444939141
180,50,349,124.59137441962362
180,51,348,124.78453693798684
180,52,347,124.3041691379646
180,53,346,124.34318174271763
180,54,345,123.75644346620165
180,55,344,123.50589798637213
180,56,343,123.56839059722537
180,57,342,123.46207153260389
180,58,341,123.88044369770566
180,59,340,124.36582259827907
180,60,339,124.57966225164208
180,61,338,124.11686679473425
180,62,337,123.4505545592663
180,63,336,123.8881398710626
180,64,335,122.60399564645019
180,65,334,123.4016993364433
180,66,333,123.86813755582435
180,67,332,124.64493971868595
180,68,331,124.16221254301445
180,69,330,124.49426403486066
180,70,329,124.33957856450668
180,71,328,124.07670468041002
180,72,327,124.53245960584366
180,73,326,123.93735823810607
180,74,325,123.5062060617654
180,75,324,123.80355787314065
180,76,323,124.84368848013843
180,77,322,123.85115138591615
180,78,321,124.11554352246765
180,79,320,123.77398330768372
180,80,319,123.03514247448734
180,81,318,122.50056263992266
180,82,317,121.79348336427017
180,83,316,123.21327847740736
180,84,315,122.67530075945368
180,85,314,123.67776894997974
180,86,313,123.25828205601124
180,87,312,121.91499048924302
180,88,311,120.96326143495524
180,89,310,118.64590244675361
180,90,309,114.50551484048785
180,91,308,109.34041661605303
180,92,307,103.5491198361452
180,93,306,102.19470511531762
180,94,305,102.87720718143504
180,95,304,106.75887333537796
180,96,303,105.53891634611648
180,97,302,107.0200901321085
180,98,301,105.00154236096915
180,99,300,104.98760425114111
180,100,299,107.51609277554675
180,101,298,105.53551006481686
180,102,297,109.31652570388314
180,103,296,107.88859910589892
180,104,295,103.10234566932138
180,105,294,100.25971437061787
180,106,293,99.82702733743821
180,107,292,104.65855463055439
180,108,291,105.81421656931263
180,109,290,106.9507771548517
180,110,289,111.2142018874894
180,111,288,109.91130927294424
180,112,287,113.30921370776122
180,113,286,112.15985464857948
180,114,285,113.60713831224768
180,115,284,111.0490852302174
180,116,283,110.97024223316058
180,117,282,107.93657503849036
180,118,281,105.25128324171135
180,119,280,107.98256497723048
180,120,279,104.76422436667693
180,121,278,102.85763705874638
180,122,277,91.5773917375472
180,123,276,91.00995613385247
180,124,275,86.05552848438204
180,125,274,88.34351934616481
180,126,273,88.22498706067171
180,127,272,85.93389816790527
180,128,271,83.09683064831074
180,129,270,80.3280408208512
180,130,269,79.81175874567731
180,131,268,76.17401779895602
180,132,267,71.82709760339449
180,133,266,71.26646162897438
180,134,265,71.80917394744148
180,135,264,68.42810524332242
180,136,263,67.27083854725035
180,137,262,64.60337595818268
180,138,261,65.94513647783322
180,139,260,63.998239049612536
180,140,259,64.51040228646258
180,141,258,63.79315256085782
180,142,257,58.81574534810824
180,143,256,62.275051025066645
180,144,255,65.59576950883229
180,145,254,63.675167471162595
180,146,253,62.204057792504166
180,147,252,55.797356544206785
180,148,251,52.886997515339885
180,149,250,56.80740584120434
180,150,249,53.59757168751676
180,151,248,50.9334236751928
180,152,247,45.43495822141772
180,153,246,44.27275305800204
180,154,245,43.72709998208191
180,155,244,42.76513597996033
180,156,243,40.07411122413044
180,157,242,42.427842367739146
180,158,241,40.42104787866678
180,159,240,42.00952752506527
180,160,239,39.206190197374966
180,161,238,37.9565952726873
180,162,237,34.721081124266476
180,163,236,32.904893492783756
180,164,235,33.59099225367707
180,165,234,30.098006201798135
180,166,233,29.225903560941674
180,167,232,28.537863188596077
180,168,231,25.991400200836736
180,169,230,25.39272242427924
180,170,229,26.673597862503648
180,171,228,27.78909503520814
180,172,227,30.824386220736063
180,173,226,25.22087691451518
180,174,225,25.155192823543892
180,175,224,22.6968035921894
180,176,223,22.609748954199613
180,177,222,23.546639428415993
180,178,221,22.2886787297067
180,179,220,19.109933608584925
180,180,219,18.91834686082658
180,181,218,17.077139615228575
180,182,217,14.814848411467402
180,183,216,13.684215561631808
180,184,215,15.245343296630974
180,185,214,16.512849726360734
180,186,213,13.82514921811599
180,187,212,10.781045381047925
180,188,211,9.753685271604137
180,189,210,38.83015239213987
180,190,209,57.16347086681169
180,191,208,63.23333907773409
180,192,207,65.75666975871138
180,193,206,71.21645861884907
180,194,205,76.15638961794781
180,195,204,80.43070751903211
180,196,203,79.86976953220739
180,197,202,82.25477534086815
180,198,201,85.36808022859562
180,199,200,86.72278036722554
180,200,199,89.55558007455221
180,201,198,88.40383974103847
180,202,197,89.03677533384726
180,203,196,90.29992245252907
180,204,195,90.8537592706673
180,205,194,95.37359246095964
180,206,193,98.66585955811715
180,207,192,96.7003236873885
180,208,191,94.56260649904713
180,209,190,99.91352039720962
180,210,189,101.40415548330255
180,211,188,100.84345574967627
180,212,187,103.90816004232694
180,213,186,102.49767164965945
180,214,185,104.80884060673434
180,215,184,105.6357696513741
180,216,183,101.61455169943832
180,217,182,102.4026480486472
180,218,181,105.19296412565393
180,219,180,109.01431287688577
180,220,179,114.78666830846913
180,221,178,115.44363896206372
180,222,177,110.60154941153903
180,223,176,115.61900637696954
180,224,175,114.47578690522403
180,225,174,117.70270768610432
180,226,173,115.47334678703264
180,227,172,118.53356015192881
180,228,171,120.90099612710011
180,229,170,121.71599839376995
180,230,169,121.41993310279385
180,231,168,120.58734736186858
180,232,167,119.49658709915622
180,233,166,118.98513649538657
180,234,165,118.59325248164049
180,235,164,118.09550226978811
180,236,163,120.39910457774805
180,237,162,119.23294134241728
180,238,161,121.55770419230515
180,239,160,121.34390526912631
180,240,159,121.57057165721942
180,241,158,119.14100116859143
180,242,157,120.66880795736022
180,243,156,120.85818924788016
180,244,155,121.92821254174746
180,245,154,121.83440047164783
180,246,153,117.60842163655049
180,247,152,119.77394115008656
180,248,151,120.1950826464757
180,249,150,117.24442699800696
180,250,149,119.84448027289756
180,251,148,118.00081213951364
180,252,147,117.39535000806363
180,253,146,115.67535867898056
180,254,145,115.95810500838832
180,255,144,116.92408897702506
180,256,143,117.02926230082664
180,257,142,116.78948126739934
180,258,141,117.26978187050746
180,259,140,117.64573281581949
180,260,139,115.02244764299309
180,261,138,112.53521313676922
180,262,137,107.44996448587459
180,263,136,108.12225900244205
180,264,135,107.19368241531394
180,265,134,102.09640452313829
180,266,133,108.22912199389702
180,267,132,107.84029301601342
180,268,131,106.69148655225894
180,269,130,105.16448728782122
180,270,129,105.77579508824763
180,271,128,101.44495422518457
180,272,127,99.8927649341282
180,273,126,97.79702656902657
180,274,125,98.68321564188646
180,275,124,93.36663283602331
180,276,123,96.2650611473829
180,277,122,93.03794191560209
180,278,121,97.96347364938113
180,279,120,97.25757643035261
180,280,119,93.67674310169824
180,281,118,96.7434179263046
180,282,117,100.91296681727398
180,283,116,98.31795418459816
180,284,115,97.21762700376972
180,285,114,103.20925917352236
180,286,113,104.82630370252079
180,287,112,102.55909008867866
180,288,111,105.94747602188787
180,289,110,103.32624842839529
180,290,109,103.00764773315328
180,291,108,100.49148170542999
180,292,107,101.85861885850423
180,293,106,99.33332153266485
180,294,105,105.29406496327135
180,295,104,106.08488693679374
180,296,103,104.1495925751575
180,297,102,106.04656093375556
180,298,101,103.68839735326488
180,299,100,97.51032893449732
180,300,99,93.64411566851136
180,301,98,92.8466253199697
180,302,97,90.41475231437352
180,303,96,89.02117045575872
180,304,95,88.12258688951361
180,305,94,85.37187140343276
180,306,93,83.37341222389139
180,307,92,88.22878946038776
180,308,91,87.01112239412097
180,309,90,86.72670067074023
180,310,89,80.41289990802713
180,311,88,78.20925726613726
180,312,87,74.93169771002422
180,313,86,73.07402096185965
180,314,85,71.77086662855588
180,315,84,72.81129001559842
180,316,83,71.105038834082
180,317,82,68.9441919349189
180,318,81,70.44285067024107
180,319,80,69.63590949757906
180,320,79,64.29275203613298
180,321,78,65.07401226045106
180,322,77,65.38905283771741
180,323,76,67.02554746688054
180,324,75,67.32172638342209
180,325,74,67.29381574788152
180,326,73,63.13351122184061
180,327,72,62.65542735453966
180,328,71,64.73856255231091
180,329,70,57.68070523359308
180,330,69,57.4592532491375
180,331,68,52.076221397406826
180,332,67,53.039107726059555
180,333,66,53.63603589316029
180,334,65,53.13266799752605
180,335,64,52.4188620684361
180,336,63,52.69510815356866
180,337,62,56.08981041909163
180,338,61,57.80991607851326
180,339,60,51.071722386848315
180,340,59,56.165053753675224
180,341,58,57.49061693287251
180,342,57,58.56374495316791
180,343,56,54.58146812227814
180,344,55,48.525136812130796
180,345,54,48.8760822494483
180,346,53,47.524694604528065
180,347,52,51.33443065795644
180,348,51,49.99570906989133
180,349,50,45.72180729552481
180,350,49,44.52525543937131
180,351,48,42.98341579999653
180,352,47,41.42427238899073
180,353,46,50.20177594320854
180,354,45,45.15691253482554
180,355,44,41.435811647335704
180,356,43,43.55484185669251
180,357,42,46.00826982892582
180,358,41,43.386007750552174
180,359,40,42.072739163634495
180,360,39,41.19074420047704
180,361,38,40.79287107985318
180,362,37,40.74767163929021
180,363,36,37.90303499522108
180,364,35,36.17028639039652
180,365,34,32.67118233257297
180,366,33,30.728114317796457
180,367,32,28.97059223295767
181,40,196,119.9199548480641
181,41,195,122.24846441072835
181,42,194,122.11850643080977
181,43,193,122.2029254483453
181,44,192,122.56928713491251
181,45,191,121.03214281552735
181,46,190,120.21266373619974
181,47,189,121.40669303452387
181,48,188,120.33369486531276
181,49,187,123.466817747394
181,50,186,121.48916152853843
181,51,185,119.41199322583275
181,52,184,120.5086847687127
181,53,183,119.74656189103239
181,54,182,118.1928144673252
181,55,181,118.23197100080523
181,56,180,118.59945206642455
181,57,179,118.3797715664515
181,58,178,118.13681259395774
181,59,177,121.16739186332313
181,60,176,120.3241186584107
181,61,175,120.18290058171365
181,62,174,119.18045063719896
181,63,173,120.4313490467403
181,64,172,120.97294294005525
181,65,171,120.68759962430738
181,66,170,120.99007073457716
181,67,169,119.4344416716248
181,68,168,118.32257759549017
181,69,167,118.60764029161251
181,70,166,119.15222336845858
181,71,165,119.04162871024593
181,72,164,119.34415828453321
181,73,163,116.696013882438
181,74,162,114.82350549441684
181,75,161,112.43779088492738
181,76,160,114.92249121915444
181,77,159,111.47463607056675
181,78,158,112.17627026537903
181,79,157,110.64262804204533
181,80,156,113.9115238952769
181,81,155,114.8867374109665
181,82,154,116.665264851419
181,83,153,117.54567361315185
181,84,152,116.85593889764812
181,85,151,115.05575855682247
181,86,150,115.7482190822592
181,87,149,113.53676707994543
181,88,148,111.95467449779724
181,89,147,112.6222008630628
181,90,146,106.57837444782359
181,91,145,104.33278731109965
181,92,144,106.84269385780534
181,93,143,107.95505337731724
181,94,142,107.63119484346632
181,95,141,109.23864546611799
181,96,140,109.656055727202
181,97,139,109.38445864622793
181,98,138,111.72354799833184
181,99,137,111.62706162860243
181,100,136,112.21097961845311
181,101,135,108.98569510489044
181,102,134,111.47348130293697
181,103,133,111.92569581345846
181,104,132,110.68600510533459
181,105,131,113.30343174814142
181,106,130,110.55937003746051
181,107,129,108.30893065423288
181,108,128,107.39758762846424
181,109,127,108.46847232397454
181,110,126,106.99760279057324
181,111,125,105.39473328144328
181,112,124,100.58452661760631
181,113,123,98.3545389501621
181,114,122,93.3237385198162
181,115,121,95.72617050463708
181,116,120,93.85600990883387
181,117,119,91.42219276041756
181,118,118,81.55629798124257
181,119,117,84.13402019655746
181,120,116,88.896089027801
181,121,115,87.11203020410622
181,122,114,89.81497265495229
181,123,113,94.5728994845606
181,124,112,99.66106608356571
181,125,111,98.55676730881822
181,126,110,95.38428291082957
181,127,109,92.720136908218
181,128,108,85.22062047888934
181,129,107,83.19809166971336
181,130,106,85.06129006002581
181,131,105,91.04333600189055
181,132,104,92.13083326880653
181,133,103,93.41518527369504
181,134,102,95.06769112544325
181,135,101,84.303888571599
181,136,100,82.14710525223876
181,137,99,79.51042361757516
181,138,98,81.4017202825261
181,139,97,80.13526729247613
181,140,96,76.27713317614034
181,141,95,77.49474045537507
181,142,94,74.73224653104926
181,143,93,73.17272337633652
181,144,92,70.5454430586083
181,145,91,68.94312253036942
181,146,90,65.68333355064013
181,147,89,64.2247534928278
181,148,88,69.3078626801878
181,149,87,66.8830126795717
181,150,86,67.8153564700003
181,151,85,65.81854068528291
181,152,84,65.59102379163228
181,153,83,64.46091956510377
181,154,82,62.44716882618992
181,155,81,59.19983547320916
181,156,80,58.88082474818545
181,157,79,59.38247158725352
181,158,78,59.08605527844693
181,159,77,58.50268228397792
181,160,76,56.25391001222022
181,161,75,56.76578967457661
181,162,74,54.52278318177475
181,163,73,55.81593381963834
181,164,72,55.244491863612936
181,165,71,57.62240477080667
181,166,70,57.73757653657903
181,167,69,56.83661006234912
181,168,68,56.45857517911803
181,169,67,54.47817169072024
181,170,66,53.78801457128982
181,171,65,50.445877925859286
181,172,64,50.29194634550395
181,173,63,48.55748817826443
181,174,62,47.114407499489985
181,175,61,49.07319297967281
181,176,60,52.425143106063146
181,177,59,49.515433864820935
181,178,58,45.909322405280776
181,179,57,43.106063232347424
181,180,56,39.06371264303843
181,181,55,37.05860327095299
181,182,54,35.808048408829684
181,183,53,36.978589993560014
181,184,52,36.023749768277995
181,185,51,34.12375284572818
181,186,50,30.342385746681725
181,187,49,31.369258245238935
181,188,48,35.66419886934331
181,189,47,36.90005069514309
181,190,46,37.97715128208907
181,191,45,30.140514192488048
181,192,44,28.64866635622999
181,193,43,25.54042380294522
181,194,42,26.471640349999234
181,195,41,21.310413124560064
181,196,40,22.452626441557477
181,197,39,21.1029153872136
181,198,38,19.85191334906021
181,199,37,20.280822627602316
182,40,174,122.11088798918863
182,41,173,122.0372503156767
182,42,172,121.36583121778153
182,43,171,116.61768519955145
182,44,170,121.15768116492191
182,45,169,121.36877286692007
182,46,168,120.85422037709945
182,47,167,119.3705124839106
182,48,166,119.80330142499037
182,49,165,118.42497664765713
182,50,164,117.0925859948261
182,51,163,119.90337336408541
182,52,162,121.8640737876439
182,53,161,122.69156016929071
182,54,160,123.90785229264922
182,55,159,124.03039296579341
182,56,158,123.56265137715991
182,57,157,124.3829135052867
182,58,156,123.75827947709638
182,59,155,124.00842739754569
182,60,154,124.1550954012034
182,61,153,124.12483152976947
182,62,152,124.5016174141843
182,63,151,123.90554706185182
182,64,150,123.36807318154155
182,65,149,124.32265275541008
182,66,148,124.78919361407739
182,67,147,122.28631635816537
182,68,146,122.87166043809125
182,69,145,120.88287148531205
182,70,144,122.29555567745882
182,71,143,121.05775221772254
182,72,142,120.75664711823401
182,73,141,120.4785426831121
182,74,140,120.30666307789076
182,75,139,118.77398244261424
182,76,138,120.54229242454205
182,77,137,121.19908246876184
182,78,136,122.21925671968847
182,79,135,122.62837049130704
182,80,134,122.4892368173796
182,81,133,122.29274448611193
182,82,132,121.3728692893058
182,83,131,119.33942452553917
182,84,130,118.58557638724031
182,85,129,114.96252013220152
182,86,128,112.69056057494032
182,87,127,110.73165932282696
182,88,126,111.88675590472513
182,89,125,111.32625740374417
182,90,124,114.54337946829185
182,91,123,115.57464362488241
182,92,122,113.67778163408684
182,93,121,117.36483409884477
182,94,120,110.69337068641647
182,95,119,112.73417049730969
182,96,118,113.45208412843833
182,97,117,112.48983159064733
182,98,116,115.0031841822333
183,40,100,119.22461165477536
183,41,99,117.26488252654352
183,42,98,117.74390284160847
183,43,97,117.55048785556636
183,44,96,118.35934940441744
183,45,95,119.78090116703694
183,46,94,119.7506354133337
183,47,93,117.3806533670101
183,48,92,117.07057203231057
183,49,91,113.89344140998617
183,50,90,109.47828664687921
183,51,89,113.98956029613008
183,52,88,111.10504767669875
183,53,87,106.18958249402581
183,54,86,110.42837243635456
183,55,85,115.07871108975742
183,56,84,110.79757889173413
183,57,83,106.55037505633209
183,58,82,105.83981843993374
183,59,81,108.14383932313328
183,60,80,107.18178719404756
183,61,79,105.04983446320279
183,62,78,106.62214948017996
183,63,77,104.36746636671239
183,64,76,100.16315839023176
183,65,75,101.35561349769856
183,66,74,93.75222365015333
183,67,73,89.55166559690697
183,68,72,88.21458563183363
183,69,71,90.46260321012868
183,70,70,91.42460099250522
183,71,69,86.07259423711402
183,72,68,81.66646947718198
183,73,67,84.10744613923835
183,74,66,86.46378138986697
183,75,65,89.65653791974296
183,76,64,86.31849592772441
183,77,63,83.63393439574573
183,78,62,73.79618242034798
183,79,61,73.48047252926473
183,80,60,69.18778024421968
183,81,59,65.78048415783948
183,82,58,69.41399332697708
183,83,57,71.6290412175243
183,84,56,67.57112866163787
183,85,55,68.24031597126647
183,86,54,69.01275533827157
183,87,53,64.02644317499158
183,88,52,60.1082704987662
183,89,51,53.80879076498056
183,90,50,56.5693608701211
183,91,49,58.035340042009125
183,92,48,55.03227852631079
183,93,47,52.95659695806134
183,94,46,51.28683504921415
183,95,45,50.10929252463947
183,96,44,44.12090567037657
183,97,43,36.28075651905841
183,98,42,39.34684860904105
183,99,41,37.21598675827465
183,100,40,36.85029984710617
183,101,39,35.95316342793453
183,102,38,34.74878290323672
183,103,37,40.51578333372957
183,104,36,34.11547363011724
183,105,35,38.72726295828616
183,106,34,35.89771439026499
183,107,33,33.368295763845225
183,108,32,34.468140031333554
183,109,31,31.094810092321648
183,110,30,29.663533613930806
183,111,29,27.61815329127453
183,112,28,25.65594167789415
183,113,27,25.51577953369047
183,114,26,27.006825076763356
183,115,25,25.83405597700908
183,116,24,21.524412865253865
183,117,23,19.985151330662518
183,118,22,18.5582369234519
183,119,21,20.044589115091167
183,120,20,15.248623409263228
183,121,19,15.84581897766222
183,122,18,16.480901960728016
183,123,17,15.37366135152283
183,124,16,16.682184387813415
183,125,15,12.779535104701733
184,40,124,120.43166029663558
184,41,123,120.82862926750285
184,42,122,119.72158172301752
184,43,121,119.55351119044886
184,44,120,119.42243990726645
184,45,119,119.99352547864174
184,46,118,119.47113183310023
184,47,117,118.92834618911928
184,48,116,118.47241291688522
184,49,115,120.37634617483015
184,50,114,120.28479480238981
184,51,113,120.41188545428363
184,52,112,118.90653307683792
184,53,111,117.47923959810156
184,54,110,115.27228639684711
184,55,109,114.14154659204056
184,56,108,114.61297844140807
184,57,107,116.99741497041907
184,58,106,118.82605842541743
184,59,105,118.51930709220946
184,60,104,118.54923542407005
184,61,103,119.12443735938686
184,62,102,116.62897712836542
184,63,101,113.54209523714334
184,64,100,114.5445665671046
184,65,99,111.29906381174979
184,66,98,107.50873987101158
184,67,97,110.11337610049335
184,68,96,109.00499606417057
184,69,95,111.3021692649198
184,70,94,110.58017287602611
184,71,93,107.92351115159015
184,72,92,105.24348945344914
184,73,91,103.77875275218034
184,74,90,100.59440412097595
184,75,89,99.92217027494416
184,76,88,91.3485685131445
184,77,87,96.21885108178466
184,78,86,104.69576779766689
184,79,85,104.63062305026241
184,80,84,105.78864710961764
184,81,83,108.99894340932424
184,82,82,105.50982520361828
184,83,81,108.4129617635852
184,84,80,107.12027466009522
184,85,79,107.16558422734116
184,86,78,105.90814018040484
184,87,77,105.43716444424749
184,88,76,102.55894859270282
184,89,75,100.42491625164163
184,90,74,96.75176956300551
184,91,73,93.5338652552011
184,92,72,89.32373235297771
184,93,71,80.31305392382427
184,94,70,74.25980850729789
184,95,69,74.51768264273656
184,96,68,76.30779552294385
184,97,67,90.57017295274356
184,98,66,83.61105283742089
184,99,65,74.49783360202879
184,100,64,67.2302718263018
184,101,63,70.74846024789446
184,102,62,69.92579211309861
184,103,61,65.31727215920506
184,104,60,58.818895131641554
184,105,59,57.93878995724454
184,106,58,66.86090131603137
184,107,57,64.8363078656405
184,108,56,66.37603048137437
184,109,55,72.6664289706847
184,110,54,72.2206440146781
184,111,53,72.3716233780016
184,112,52,75.09197770248937
184,113,51,74.84625469641865
184,114,50,70.61631383499711
184,115,49,72.87411948772291
184,116,48,66.64717036846801
184,117,47,71.06339750941157
184,118,46,77.65653859698702
184,119,45,76.21604131786853
184,120,44,73.06025365908106
184,121,43,72.43286785440215
184,122,42,71.91165917134013
184,123,41,71.72076867374835
184,124,40,71.75339325988213
184,125,39,67.4414531686983
184,126,38,60.40522864802797
184,127,37,62.81370440666096
184,128,36,59.12018696949865
184,129,35,50.67595032789678
184,130,34,47.2713820234
184,131,33,47.92740160883498
184,132,32,46.785790793302745
184,133,31,37.98030954824104
184,134,30,35.920351338179465
184,135,29,33.94059156403337
184,136,28,38.66615436416932
184,137,27,40.110036969706
184,138,26,43.027500959848936
184,139,25,37.99894910458475
184,140,24,37.95139413469394
184,141,23,30.56802483594818
184,142,22,32.30066183038599
184,143,21,26.74233277494072
184,144,20,24.758807259902014
184,145,19,21.316137462643532
184,146,18,22.40796591659731
184,147,17,17.472433528660066
184,148,16,14.962714737429863
184,149,15,17.047041820317215
184,150,14,14.832585021821952
184,151,13,14.941338275142435
184,152,12,12.547933904130229
184,153,11,12.057804561333409
184,154,10,9.027400443482911
185,40,209,124.3421222284824
185,41,208,123.74195110284604
185,42,207,122.34716090175405
185,43,206,122.62669330167557
185,44,205,123.16097732145349
185,45,204,122.31746966353494
185,46,203,122.44785864357036
185,47,202,122.61999234163522
185,48,201,123.9114617447303
185,49,200,123.44998960039943
185,50,199,123.22073686564767
185,51,198,124.18186480407428
185,52,197,123.2508245862812
185,53,196,122.94165004785592
185,54,195,123.12551342436196
185,55,194,123.35321457487203
185,56,193,123.96102074370266
185,57,192,124.37201200151634
185,58,191,124.37011174665223
185,59,190,125.0
185,60,189,124.73173592011285
185,61,188,125.0
185,62,187,124.1958806560759
185,63,186,123.95864303327195
185,64,185,123.71835604962321
185,65,184,122.77234255938302
185,66,183,123.20432864955778
185,67,182,122.6096068035803
185,68,181,122.8533309196134
185,69,180,122.65775043855633
185,70,179,122.41410193402768
185,71,178,121.53224111254059
185,72,177,122.99860156341148
185,73,176,123.2876624362842
185,74,175,122.20458437471441
185,75,174,122.8531457967135
185,76,173,123.3091601435756
185,77,172,121.5149418985176
185,78,171,120.82076588880871
185,79,170,122.06819930207149
185,80,169,122.40869855795546
185,81,168,122.70670415352004
185,82,167,121.94372218454038
185,83,166,120.37627708697994
185,84,165,119.56096271753395
185,85,164,119.48740189854752
185,86,163,120.2110935545169
185,87,162,118.72761002535228
185,88,161,115.73098056867317
185,89,160,115.2593741835927
185,90,159,115.6927440197916
185,91,158,114.78099952903875
185,92,157,115.29150882263409
185,93,156,115.78990633463964
185,94,155,117.44036592023826
185,95,154,118.8031804706862
185,96,153,115.62287853431862
185,97,152,116.33557369499334
185,98,151,115.96536643166183
185,99,150,116.1961269811801
185,100,149,115.93557414967327
185,101,148,115.52019367922921
185,102,147,118.88632889681193
185,103,146,118.53986203761276
185,104,145,119.2974576612419
185,105,144,118.32666002771055
185,106,143,112.5248572471126
185,107,142,111.25960207520316
185,108,141,112.94890021774196
185,109,140,114.22749140153161
185,110,139,115.35721416279254
185,111,138,113.68507567486051
185,112,137,115.39575850165643
185,113,136,116.43089469813778
185,114,135,113.01693050295098
185,115,134,115.52181969760076
185,116,133,114.98736660621947
185,117,132,114.21876536661854
185,118,131,114.54607067632716
185,119,130,118.12400693582029
185,120,129,117.17942595226249
185,121,128,118.93378070352671
185,122,127,120.76246393317595
185,123,126,119.32175887751558
185,124,125,119.19925839123806
185,125,124,117.93117689301222
185,126,123,122.30434492285488
185,127,122,117.66097852897478
185,128,121,119.65171926012954
185,129,120,117.25492857707144
185,130,119,115.83366491937079
185,131,118,113.56560254221472
185,132,117,113.14346327725963
185,133,116,111.46921951374844
185,134,115,112.17599193027968
185,135,114,111.91987674232499
185,136,113,110.53527503383935
185,137,112,105.21646644098234
185,138,111,107.77038780062863
185,139,110,104.44954245326946
185,140,109,108.36233152776464
185,141,108,103.59635145588408
185,142,107,102.4810798441053
185,143,106,105.12048948148947
185,144,105,107.59946516898688
185,145,104,106.31331889492077
185,146,103,104.0122870605633
185,147,102,94.13011079391838
185,148,101,91.14786553486162
185,149,100,84.57584021829206
185,150,99,83.36382808618183
185,151,98,82.53745154218599
185,152,97,83.49966950233289
185,153,96,86.60028875402539
185,154,95,80.81969974958787
185,155,94,84.43948841994049
185,156,93,91.13138011944952
185,157,92,94.90946337871463
185,158,91,96.8504401067074
185,159,90,86.84375935192892
185,160,89,87.89243894635612
185,161,88,96.28935658661185
185,162,87,98.76422920105732
185,163,86,99.61807403936237
185,164,85,107.88517429844552
185,165,84,111.93994770932102
185,166,83,107.64336372761815
185,167,82,106.14068025697627
185,168,81,102.54690925890549
185,169,80,101.26450370227536
185,170,79,96.86217378046047
185,171,78,82.0354563467429
185,172,77,88.67223420103969
185,173,76,86.1855153814677
185,174,75,79.65479464028519
185,175,74,73.04752127125028
185,176,73,66.83678360760267
185,177,72,72.59556113454266
185,178,71,73.98938105433126
185,179,70,71.02154309838767
185,180,69,77.42866097544581
185,181,68,74.18832580434703
185,182,67,69.93024206732036
185,183,66,73.6595196762747
185,184,65,77.67401101719085
185,185,64,75.0580641315828
185,186,63,69.56107245650003
185,187,62,63.445543701897414
185,188,61,54.23287080962704
185,189,60,48.12117164234583
185,190,59,44.546380743546365
185,191,58,47.89671617882281
185,192,57,49.75245465330495
185,193,56,47.97642487606199
185,194,55,57.51718189352516
185,195,54,45.64097155827521
185,196,53,51.14747467970622
185,197,52,48.166330068710586
185,198,51,49.68001128713607
185,199,50,44.28728235605818
185,200,49,44.0343076565593
185,201,48,40.38954171018544
185,202,47,43.83513173982122
185,203,46,45.81914039107377
186,40,149,122.56911975210895
186,41,148,121.6453116700016
186,42,147,121.24686593342703
186,43,146,119.59884234861548
186,44,145,122.09087564575972
186,45,144,122.84831677241357
186,46,143,121.62931929120757
186,47,142,121.3089839248308
187,40,105,117.6125300572456
187,41,104,119.09336907830229
187,42,103,120.08614580121358
187,43,102,118.83741336815487
187,44,101,119.60867134885876
187,45,100,118.3219969269132
187,46,99,119.13388567151331
187,47,98,118.18553867909375
187,48,97,120.35487142873313
187,49,96,120.23153919680476
187,50,95,117.87793142742215
187,51,94,117.89143586834379
187,52,93,117.711044231422
187,53,92,118.0351144734407
187,54,91,116.44511561763393
187,55,90,118.53543723163077
187,56,89,118.32330002608157
187,57,88,121.59222999299399
187,58,87,119.599934882108
187,59,86,117.61995988878775
187,60,85,115.09498663730996
187,61,84,113.55615118765422
187,62,83,110.10369395805176
187,63,82,112.68347093034103
187,64,81,112.24638800458993
187,65,80,109.48599326394435
187,66,79,107.6680561269327
187,67,78,108.13621223861077
187,68,77,108.74628070256327
187,69,76,105.65364299134096
187,70,75,104.03018336645397
187,71,74,104.86314438516084
187,72,73,106.53259864377483
187,73,72,103.70844004533654
187,74,71,106.76434668699173
187,75,70,104.91009954692048
187,76,69,100.49781473553554
187,77,68,98.10031207013043
187,78,67,100.7052127878315
187,79,66,92.41957671790672
187,80,65,87.97771782535386
187,81,64,89.69725945621562
187,82,63,89.77812324166814
187,83,62,88.6346863488208
187,84,61,82.1119821074844
187,85,60,76.84729805537185
187,86,59,83.14778210542019
187,87,58,81.91224565494662
187,88,57,88.97081101129561
187,89,56,86.93166896889747
187,90,55,84.5931968549809
187,91,54,84.28769368424247
187,92,53,81.65872261977177
187,93,52,90.21041852177319
187,94,51,86.16241437338489
187,95,50,87.16492262727974
187,96,49,86.7897800662528
187,97,48,89.86814487161587
187,98,47,82.71267159055262
187,99,46,85.54233934477735
187,100,45,87.05718161467024
187,101,44,87.23081075407933
187,102,43,86.10515577545993
187,103,42,86.32794629434437
187,104,41,79.59158457060931
187,105,40,73.29926975873241
187,106,39,69.67041353826696
187,107,38,71.17497930936248
187,108,37,63.73663681536641
187,109,36,53.396348838056994
187,110,35,52.78573187138767
187,111,34,56.49188983431661
187,112,33,53.02127441510062
187,113,32,51.17469340168436
187,114,31,39.13492629521204
187,115,30,37.757352813379256
187,116,29,35.2864151326159
187,117,28,34.08957658133366
187,118,27,32.05006380640976
187,119,26,30.33868918589283
187,120,25,28.939264731407462
187,121,24,25.70972229159742
188,40,252,122.54007374131038
188,41,251,121.23651053170556
188,42,250,122.09723554496189
188,43,249,121.6515903745364
188,44,248,122.06040563088041
188,45,247,120.61895149903964
188,46,246,122.21539070570114
188,47,245,121.08190207147673
188,48,244,120.87688778431556
188,49,243,121.20812536424384
188,50,242,117.88710036718294
188,51,241,119.72340802887788
188,52,240,121.44901873610756
188,53,239,121.44005022488042
188,54,238,120.44521052166291
188,55,237,118.71131295767528
188,56,236,116.41657214970995
188,57,235,115.37869309922868
188,58,234,113.45616665501443
188,59,233,112.0281375442502
188,60,232,108.62630830350429
188,61,231,104.5751457767035
188,62,230,115.04159363253186
188,63,229,114.21515730923105
188,64,228,116.10066232416656
188,65,227,118.9208610790275
188,66,226,117.5921202895774
188,67,225,118.86407677087817
188,68,224,118.73540717311533
188,69,223,120.11022809622119
188,70,222,120.53180053672384
188,71,221,121.26261226476316
188,72,220,121.98248364850673
188,73,219,121.32471883299856
188,74,218,121.21338175957219
188,75,217,118.61196893401947
188,76,216,119.03892895962994
188,77,215,118.67868429625597
188,78,214,118.0323189288143
188,79,213,116.33679654136384
188,80,212,117.41076608774053
188,81,211,114.23369843072925
188,82,210,113.56916284829195
188,83,209,113.75130430516751
188,84,208,112.47790039514834
188,85,207,109.03793442797223
188,86,206,109.48548630460267
188,87,205,109.45681499390551
188,88,204,109.37156543505616
188,89,203,108.56188299352488
188,90,202,109.89857082364554
188,91,201,112.29092356333098
188,92,200,114.32341220549313
188,93,199,113.79766751075778
188,94,198,113.03883239352669
188,95,197,108.34800229314807
188,96,196,110.46541484211329
188,97,195,112.33708079325423
188,98,194,105.48116271464434
188,99,193,101.97356630556143
188,100,192,96.40089968688571
188,101,191,91.58969694049334
188,102,190,95.15340689762509
188,103,189,90.83264000410637
188,104,188,95.35233952074788
188,105,187,94.11639037419576
188,106,186,92.42543812325037
188,107,185,92.67159415380877
188,108,184,97.79813747192182
188,109,183,98.94306177220795
188,110,182,100.24085174227766
188,111,181,105.99702203897002
188,112,180,110.8840315998696
188,113,179,113.80781845653257
188,114,178,112.31547931465485
188,115,177,113.1813317049466
188,116,176,110.36900505653578
188,117,175,113.17109709760294
188,118,174,114.29006222138166
188,119,173,113.07352032874076
188,120,172,114.08200749244492
188,121,171,112.43074178831013
188,122,170,111.70213990424791
188,123,169,107.98042428730292
188,124,168,103.73977182715569
188,125,167,97.72540736991
188,126,166,96.82309759976127
188,127,165,88.90594353175851
188,128,164,97.05766658597494
188,129,163,84.34781355743604
188,130,162,85.74156324748887
188,131,161,85.93565550267755
188,132,160,85.8927522587945
188,133,159,89.40096704827656
188,134,158,91.15401170148837
188,135,157,106.46559721799059
188,136,156,107.9052566825248
188,137,155,108.02588846648621
188,138,154,109.93688573930284
188,139,153,101.07892167612384
188,140,152,102.43030278504503
188,141,151,100.5509168003778
188,142,150,100.86123910245759
188,143,149,97.84330661631046
188,144,148,101.25270052503976
188,145,147,102.56701447742515
188,146,146,104.30870263176605
188,147,145,105.13437612942627
188,148,144,107.22327371884212
188,149,143,107.08250701542661
188,150,142,102.42040557193553
188,151,141,100.58098637801636
188,152,140,103.42350138770166
188,153,139,107.54575425949733
188,154,138,105.17889598233023
188,155,137,108.9246814106227
188,156,136,106.68223018708892
188,157,135,110.10175773866203
189,40,123,125.0
189,41,122,125.0
189,42,121,125.0
189,43,120,125.0
189,44,119,125.0
189,45,118,125.0
189,46,117,124.97136962833865
189,47,116,124.46060422778456
189,48,115,125.0
189,49,114,125.0
189,50,113,125.0
189,51,112,125.0
189,52,111,125.0
189,53,110,125.0
189,54,109,125.0
189,55,108,125.0
189,56,107,125.0
189,57,106,125.0
189,58,105,125.0
189,59,104,125.0
189,60,103,124.88045182001903
189,61,102,124.083684239587
189,62,101,123.55172272743155
189,63,100,123.68632571629807
189,64,99,123.54492820056173
189,65,98,123.92218328336826
189,66,97,122.70313772138405
189,67,96,121.61040795698068
189,68,95,119.45230906810066
189,69,94,116.89783512710602
189,70,93,119.26684324092716
189,71,92,120.50890072312897
189,72,91,120.76557566464132
189,73,90,120.18493631843481
189,74,89,120.3269834502295
189,75,88,121.6027070227739
189,76,87,122.59278037162244
189,77,86,122.04398494699926
189,78,85,124.02829387841507
189,79,84,123.4089240601601
189,80,83,121.2458461452498
189,81,82,122.00488058743966
189,82,81,122.34553517868915
189,83,80,119.27955177930093
189,84,79,121.17000280086852
189,85,78,119.21765140358289
189,86,77,120.26443617102396
189,87,76,118.59423431045846
189,88,75,119.76817537896176
189,89,74,117.05633636201964
189,90,73,115.51078452018325
189,91,72,116.93306368419002
189,92,71,118.57704768837681
189,93,70,115.83333348315739
189,94,69,112.83938982369185
189,95,68,111.93147040576862
189,96,67,115.34969428856903
189,97,66,115.74908968104137
189,98,65,111.16854365553996
189,99,64,106.31953690480276
189,100,63,99.35802711809924
189,101,62,101.56968632246213
189,102,61,96.54364076875635
189,103,60,95.14566108496578
189,104,59,89.10036519378829
189,105,58,87.59992508487362
189,106,57,84.30308323220635
189,107,56,85.73370094678214
190,40,203,122.97614678539274
190,41,202,123.11727259067925
190,42,201,122.64597530108182
190,43,200,122.83796489339798
190,44,199,123.04175169788448
190,45,198,122.96441151626283
190,46,197,123.47669400721443
190,47,196,123.62384397838392
190,48,195,124.26755568841163
190,49,194,124.55200370582338
190,50,193,125.0
190,51,192,125.0
190,52,191,125.0
190,53,190,125.0
190,54,189,125.0
190,55,188,124.878866816885
190,56,187,125.0
190,57,186,124.62218370936031
190,58,185,124.37681935121748
190,59,184,124.8895830612899
190,60,183,124.78447632255799
190,61,182,125.0
190,62,181,125.0
190,63,180,124.980918154931
190,64,179,124.1261123243599
190,65,178,123.59118665632062
190,66,177,122.72291512320527
190,67,176,122.9594245664554
190,68,175,123.66200383869213
190,69,174,124.08448609247603
190,70,173,124.27319816084966
190,71,172,124.12763012102968
190,72,171,124.4748978368927
190,73,170,124.40237197198917
190,74,169,124.14237619236607
190,75,168,123.77712430055116
190,76,167,123.27006199889122
190,77,166,122.43502207448398
190,78,165,121.97161514315411
190,79,164,121.25165420078464
190,80,163,119.54918506142346
190,81,162,119.05011920416591
190,82,161,117.28291853539798
190,83,160,115.23651473823583
190,84,159,115.2057843343625
190,85,158,118.7254141344975
190,86,157,118.4768230500326
190,87,156,119.8072552507683
190,88,155,117.4357377279243
190,89,154,116.81026859808836
190,90,153,119.18555388608888
190,91,152,120.18773162425904
190,92,151,119.11406298179031
190,93,150,119.30110678264624
190,94,149,119.01544039666283
190,95,148,118.633260638339
190,96,147,116.97645082070783
190,97,146,116.08382589824421
190,98,145,118.342045769353
190,99,144,118.01018618674868
190,100,143,118.80077039448369
190,101,142,122.13131541661942
190,102,141,121.3212640945629
190,103,140,122.38127328404751
190,104,139,120.69482128005532
190,105,138,119.92927578725568
190,106,137,120.79692320558071
190,107,136,119.05116892910488
190,108,135,115.55087269995767
190,109,134,114.73522526024897
190,110,133,114.55710374074457
190,111,132,116.41103965030352
190,112,131,121.24253945338597
190,113,130,121.66690309427182
190,114,129,123.76853727088853
190,115,128,122.79613621967772
190,116,127,122.2470894321851
190,117,126,121.57075286007976
190,118,125,122.29674092204779
190,119,124,119.10434079726738
190,120,123,115.30001270785769
190,121,122,112.76310499270014
190,122,121,113.40412823764458
190,123,120,113.69881608278615
190,124,119,116.34718648422108
190,125,118,121.2794962251923
190,126,117,118.19161043005388
190,127,116,120.61082425612648
190,128,115,115.78865459352684
190,129,114,114.24282813528978
190,130,113,114.65710787555562
190,131,112,114.21301317592209
190,132,111,116.08292908285473
190,133,110,114.3610811018302
190,134,109,113.68360751271572
190,135,108,111.0203609948732
190,136,107,114.77119988948883
190,137,106,114.27251072051435
190,138,105,118.1674607929869
190,139,104,117.71571691207143
190,140,103,110.65162744850116
190,141,102,117.04915481230094
190,142,101,114.88214140534566
190,143,100,117.47615372269084
190,144,99,119.05050174554236
190,145,98,114.87422332899274
190,146,97,111.33587817465454
190,147,96,108.38876549738089
190,148,95,106.64663567077302
190,149,94,105.99282320320079
190,150,93,102.62103571761611
190,151,92,107.82421783314443
190,152,91,106.69767654233434
190,153,90,107.1335703605495
190,154,89,110.61209641821992
190,155,88,106.03517851919872
190,156,87,103.51499081921885
190,157,86,107.27031223233456
190,158,85,104.86756503954126
190,159,84,98.75681589010787
190,160,83,94.68848745465705
190,161,82,97.66964084177515
190,162,81,94.54174660417507
190,163,80,96.64290105561327
190,164,79,102.40907735463446
190,165,78,101.72293815506345
190,166,77,100.21789683085794
190,167,76,93.1833315551919
190,168,75,90.82632271672284
190,169,74,90.25092658733988
190,170,73,76.72120728409334
190,171,72,84.33239443489686
190,172,71,81.9827801650631
190,173,70,79.601441508513
190,174,69,79.74557310174578
190,175,68,78.25569632176209
190,176,67,77.05610565868618
190,177,66,73.73597055639154
190,178,65,76.56286552084
190,179,64,69.30169953362383
190,180,63,68.51511406692772
190,181,62,68.81203087952187
190,182,61,61.131640453336104
190,183,60,61.31715387596438
190,184,59,60.03673432382786
190,185,58,59.3015173474825
190,186,57,59.28764967873727
190,187,56,60.42826001124094
190,188,55,57.66993423619496
190,189,54,56.39707710971524
190,190,53,55.951619950776234
190,191,52,56.402708802669906
190,192,51,54.26864544487888
190,193,50,55.2100806213038
190,194,49,54.152236398666744
190,195,48,54.773723341315325
190,196,47,56.983014887400856
190,197,46,54.67716937382043
190,198,45,52.36956013685172
190,199,44,52.26511122181621
190,200,43,53.25470120435659
191,40,209,124.95338013112604
191,41,208,124.54406978398293
191,42,207,124.4849144177919
191,43,206,123.99681315233636
191,44,205,123.84513184946505
191,45,204,124.57512513251447
191,46,203,124.88715677296904
191,47,202,124.5674192794787
191,48,201,124.15064821595595
191,49,200,123.25351189698276
191,50,199,122.80176671210357
191,51,198,123.01207737141355
191,52,197,122.7990953209505
191,53,196,123.40134387535863
191,54,195,124.73780323731805
191,55,194,124.84903481112751
191,56,193,124.84355929749739
191,57,192,124.61470641109514
191,58,191,124.91936087429823
191,59,190,125.0
191,60,189,125.0
191,61,188,124.62373701632646
191,62,187,124.44817009293892
191,63,186,124.69885423567226
191,64,185,124.29500155679227
191,65,184,124.30728387322574
191,66,183,124.18393045165966
191,67,182,124.07901563304863
191,68,181,124.06056389815669
191,69,180,123.66613762320247
191,70,179,123.05321466410645
191,71,178,123.14539728425626
192,40,234,124.42766579949156
192,41,233,125.0
192,42,232,125.0
192,43,231,125.0
192,44,230,125.0
192,45,229,125.0
192,46,228,125.0
192,47,227,125.0
192,48,226,125.0
192,49,225,125.0
192,50,224,125.0
192,51,223,125.0
192,52,222,124.9241403561601
192,53,221,123.93021640309041
192,54,220,124.97992866986314
192,55,219,124.22857881853325
192,56,218,124.02671851188364
192,57,217,124.70796219051908
192,58,216,125.0
192,59,215,125.0
192,60,214,125.0
192,61,213,124.7093441974211
192,62,212,124.78605531171559
192,63,211,124.7631458280976
192,64,210,124.68139601553023
192,65,209,124.01024276722264
192,66,208,123.81362836289179
192,67,207,123.7227714691781
192,68,206,123.73964657209895
192,69,205,124.92232004240958
192,70,204,123.8235995531522
192,71,203,124.53991344698856
192,72,202,125.0
192,73,201,125.0
192,74,200,123.65157635393348
192,75,199,124.17414088267884
192,76,198,124.4412221385936
192,77,197,122.20817515874268
192,78,196,122.0714101247672
192,79,195,123.36184796955864
192,80,194,122.89209134528599
192,81,193,124.06850845881056
192,82,192,124.59238689508709
192,83,191,124.2055186386721
192,84,190,123.56143007002046
192,85,189,123.05199489669624
192,86,188,124.26691167545124
192,87,187,124.36277676391711
192,88,186,124.63887451207773
192,89,185,124.10975667219105
192,90,184,122.96552613018169
192,91,183,123.31617865409741
192,92,182,123.60575048435604
192,93,181,123.99455774315706
192,94,180,124.05690483826196
192,95,179,123.39379600907935
192,96,178,124.1125055950019
192,97,177,123.38904090541486
192,98,176,124.0067031353744
192,99,175,124.6954625845564
192,100,174,124.65705156842446
192,101,173,124.7289739990621
192,102,172,123.54592490645547
192,103,171,124.81179839203531
192,104,170,122.97716294094802
192,105,169,123.56421982484308
192,106,168,123.48563643611037
192,107,167,124.51371321713955
192,108,166,122.91387525670999
192,109,165,123.76927970158386
192,110,164,125.0
192,111,163,125.0
192,112,162,124.35335294076096
192,113,161,122.99829515673196
192,114,160,122.19779628792116
192,115,159,122.68421968313488
192,116,158,123.27005551791194
192,117,157,123.19409103487382
192,118,156,124.13557202931577
192,119,155,123.90202582318307
192,120,154,123.3524051046124
192,121,153,123.19089790414557
192,122,152,122.60775057649077
192,123,151,122.05466802033425
192,124,150,122.00657059618806
192,125,149,123.0192861331731
192,126,148,122.26409494363207
192,127,147,123.5546107524571
192,128,146,121.7149630490618
192,129,145,121.39537835883422
192,130,144,122.19098839021365
192,131,143,121.61952714971216
192,132,142,121.41190977661435
192,133,141,121.08476257322866
192,134,140,117.76160241728635
192,135,139,119.80833855846188
192,136,138,121.55637964335048
192,137,137,116.54456622361221
192,138,136,117.86801791275627
192,139,135,120.75709607593211
192,140,134,120.49099978649741
192,141,133,120.94523179912392
192,142,132,121.10634650974072
192,143,131,119.23883962909481
192,144,130,119.4614916679329
192,145,129,122.00541373862772
192,146,128,121.13382449989345
192,147,127,121.28705656381621
192,148,126,120.2907234023551
192,149,125,119.06953160835246
192,150,124,118.90932380138557
192,151,123,120.59564065255276
192,152,122,116.25784434771782
192,153,121,110.57369752489109
192,154,120,115.36196196450436
192,155,119,112.57110971850727
192,156,118,115.65658410334112
192,157,117,118.00478374808549
192,158,116,119.44577205596214
192,159,115,117.29763065968453
192,160,114,117.30130707179555
192,161,113,116.47758572556197
192,162,112,113.21022445258828
192,163,111,113.54097500254129
192,164,110,108.60179827449703
192,165,109,106.14643718206477
192,166,108,107.25869329727857
192,167,107,108.39703751466766
192,168,106,110.73342355481759
192,169,105,108.55751780283158
192,170,104,112.30430367385273
192,171,103,112.64591034907534
192,172,102,107.61064967296622
192,173,101,106.62597974355016
192,174,100,105.45480232097023
192,175,99,104.24265754351086
192,176,98,106.08223781449453
192,177,97,104.6959627706213
192,178,96,101.24107069395141
192,179,95,103.59978827966324
192,180,94,107.00092939528894
192,181,93,104.59864781079375
192,182,92,103.23559882863177
192,183,91,104.17733942549299
192,184,90,104.19657279158059
192,185,89,105.05853748990516
192,186,88,103.67167522511355
192,187,87,97.01846194745889
192,188,86,101.37415019328196
192,189,85,101.89163733415828
192,190,84,89.27624233012834
192,191,83,95.03121034994273
192,192,82,89.12888759158463
192,193,81,91.14158075985162
192,194,80,94.51193037468667
192,195,79,89.14656559574823
192,196,78,94.93413362084978
192,197,77,97.13566977288025
192,198,76,98.57983720629392
192,199,75,99.94828444701648
192,200,74,92.84447764333171
192,201,73,88.65326285402915
192,202,72,85.30455236933159
192,203,71,84.8925799643089
193,40,327,124.05268954783419
193,41,326,124.26150406918299
193,42,325,125.0
193,43,324,125.0
193,44,323,125.0
193,45,322,125.0
193,46,321,125.0
193,47,320,125.0
193,48,319,125.0
193,49,318,124.94605341194112
193,50,317,124.72920207485832
193,51,316,124.30105036372511
193,52,315,124.04769567121093
193,53,314,122.20387964362192
193,54,313,122.87885267602235
193,55,312,124.10446032198813
193,56,311,125.0
193,57,310,124.60813470445537
193,58,309,124.82437833679234
193,59,308,125.0
193,60,307,125.0
193,61,306,125.0
193,62,305,125.0
193,63,304,125.0
193,64,303,125.0
193,65,302,125.0
193,66,301,125.0
193,67,300,124.77775550850998
193,68,299,124.6755870834744
193,69,298,124.89739354840953
193,70,297,125.0
193,71,296,124.77712211180206
193,72,295,124.82266911945317
193,73,294,124.66165697033746
193,74,293,124.90283342338086
193,75,292,124.82200626813665
193,76,291,124.38190649563683
193,77,290,123.93480564734685
193,78,289,123.99966890655983
193,79,288,122.55866972829389
193,80,287,123.82283535977726
193,81,286,124.24610700102579
193,82,285,124.68563754723766
193,83,284,123.80360120771579
193,84,283,123.42778193674391
193,85,282,122.53666374366821
193,86,281,122.69177348383965
193,87,280,123.57038156867381
193,88,279,122.59956102240875
193,89,278,121.7930634247015
193,90,277,121.97937769063654
193,91,276,121.10937591985427
193,92,275,118.85641741480828
193,93,274,117.09765390376907
193,94,273,118.98947507718927
193,95,272,119.96956661138945
193,96,271,120.80412319902905
193,97,270,121.67720118096828
193,98,269,122.37185606401958
193,99,268,124.4429583796577
193,100,267,124.43201409910341
193,101,266,124.86308056379593
193,102,265,123.81933248578318
193,103,264,123.06034223249922
193,104,263,120.42480903555722
193,105,262,121.34675295483531
193,106,261,120.31451664169234
193,107,260,121.19942657798114
193,108,259,121.04419258141128
193,109,258,121.59942431907336
193,110,257,122.35436764002775
193,111,256,122.68545849513279
193,112,255,122.44046302447961
193,113,254,122.52355304948995
193,114,253,121.63968316817687
193,115,252,122.8479632314674
193,116,251,122.76572445897907
193,117,250,122.95564208555051
193,118,249,123.08612575251043
193,119,248,123.46198480510617
193,120,247,123.08431141567084
193,121,246,122.57042729351934
193,122,245,121.99071526192247
193,123,244,122.9355970728208
193,124,243,122.5724691896622
193,125,242,123.18169789074679
193,126,241,123.45909711362333
193,127,240,122.95387672205538
193,128,239,121.04337495366376
193,129,238,120.28832670409456
193,130,237,119.89080557830765
193,131,236,119.3560524815359
193,132,235,118.05237177822931
193,133,234,118.82480079903718
193,134,233,120.8287396649828
193,135,232,121.82413277692477
193,136,231,121.14724903275848
193,137,230,122.06319253503437
193,138,229,123.2337490636561
193,139,228,123.16240770730043
193,140,227,123.732884039152
193,141,226,124.84437506705662
193,142,225,125.0
193,143,224,125.0
193,144,223,125.0
193,145,222,124.49423378795905
193,146,221,125.0
193,147,220,123.70547318144068
193,148,219,124.41515488843493
193,149,218,124.13996135871359
193,150,217,122.5078291081457
193,151,216,123.6420875560638
193,152,215,123.25051634024769
193,153,214,122.27683680429416
193,154,213,122.87720622919937
193,155,212,123.87819844343113
193,156,211,122.57370736128402
193,157,210,121.41092885214664
193,158,209,121.74127199743786
193,159,208,122.01608342205895
193,160,207,120.65201070892714
193,161,206,122.11149355271782
193,162,205,121.18494701891885
193,163,204,120.60914744377571
193,164,203,120.61210268599572
193,165,202,120.10833294230869
193,166,201,121.36126891237674
193,167,200,123.05761097216796
193,168,199,121.18164766008607
193,169,198,121.72481752787638
193,170,197,121.19939006221747
193,171,196,119.91077162149423
193,172,195,120.06737318133369
193,173,194,121.21204346237641
193,174,193,119.10500717897753
193,175,192,120.0979939627695
193,176,191,115.66511946132374
193,177,190,118.1037262906992
193,178,189,117.99045155531286
193,179,188,118.70274082934318
193,180,187,118.95794120525505
193,181,186,122.00014231173006
193,182,185,122.11179853860172
193,183,184,123.25292236439196
193,184,183,124.20495437629037
193,185,182,122.70797745969503
193,186,181,122.38146659182678
193,187,180,121.40304524389232
193,188,179,121.34784888558556
193,189,178,121.63220772412569
193,190,177,121.02190965552494
193,191,176,122.15440070493904
193,192,175,122.2964955541508
193,193,174,121.62157528356998
193,194,173,122.80583770971462
193,195,172,123.14348018697063
193,196,171,122.87427887610158
193,197,170,122.56711708319813
193,198,169,123.47162546321337
193,199,168,122.42376626406984
193,200,167,123.11065243857345
193,201,166,123.98359713812941
193,202,165,124.33600948700152
193,203,164,124.58615230122831
193,204,163,125.0
193,205,162,125.0
193,206,161,124.80664952292621
193,207,160,124.87378425784664
193,208,159,124.47388428286445
193,209,158,124.55313675342924
193,210,157,123.18271915261595
193,211,156,122.67813365938193
193,212,155,122.01749820669636
193,213,154,121.13989655067985
193,214,153,119.47387719452837
193,215,152,120.69705831119573
193,216,151,119.22777136247498
193,217,150,118.47368607820036
193,218,149,120.42388316794066
193,219,148,122.11314008980821
193,220,147,122.65166018663771
193,221,146,121.77465810472503
193,222,145,122.54187071808545
193,223,144,119.5652289424635
193,224,143,118.46412508074803
193,225,142,118.09388679270478
193,226,141,120.8022954903222
193,227,140,119.3561560647638
193,228,139,116.51024679979469
193,229,138,115.65770711788834
193,230,137,115.55198458525976
193,231,136,114.93698893671879
193,232,135,114.85214173128568
193,233,134,106.1109522163922
193,234,133,106.91789113161082
193,235,132,109.74228661336406
193,236,131,111.9301421256434
193,237,130,113.73034117344943
193,238,129,111.96814153949711
193,239,128,114.38927292182188
193,240,127,109.85445792814197
193,241,126,108.2559525167895
193,242,125,108.63409760846483
193,243,124,114.92495799338406
193,244,123,114.30231815818567
193,245,122,115.40123629446998
193,246,121,117.67807029818565
193,247,120,117.48728532165214
193,248,119,117.22048372264857
193,249,118,115.95872140077458
193,250,117,112.67987199584587
193,251,116,109.78887950549199
193,252,115,109.61001869351946
193,253,114,105.32636965114469
193,254,113,104.41671064628217
193,255,112,104.37527523199954
193,256,111,107.00401420807765
193,257,110,108.92081133399239
193,258,109,111.43397223363374
193,259,108,111.93734762965289
193,260,107,111.49853916043564
193,261,106,111.89800714848721
193,262,105,110.76742422694865
193,263,104,108.24187457588621
194,40,189,124.76225071892672
194,41,188,124.76190690940848
194,42,187,125.0
194,43,186,125.0
194,44,185,125.0
194,45,184,125.0
194,46,183,125.0
194,47,182,125.0
194,48,181,125.0
194,49,180,125.0
194,50,179,125.0
194,51,178,125.0
194,52,177,124.12215618557323
194,53,176,124.30290546814723
194,54,175,122.940808546594
194,55,174,124.55209808743984
194,56,173,125.0
194,57,172,124.7705228904899
194,58,171,124.04476170833647
194,59,170,124.59778169201226
194,60,169,124.32971665008446
194,61,168,124.7301720766952
194,62,167,124.45056346335585
194,63,166,125.0
194,64,165,125.0
194,65,164,124.86499000205782
194,66,163,124.50079592700176
194,67,162,124.34203104394214
194,68,161,123.37702404269945
194,69,160,120.95917772953244
194,70,159,121.1780241856593
194,71,158,120.99182777587049
194,72,157,119.499839437681
194,73,156,120.97265631921869
194,74,155,119.69140063464633
194,75,154,120.97920774781966
194,76,153,119.20614497223715
194,77,152,119.81695969292713
194,78,151,118.2998648518299
194,79,150,117.94794120605906
194,80,149,113.46544334325606
194,81,148,111.7871643747385
194,82,147,112.0685773925416
194,83,146,113.24049031177954
194,84,145,112.83352098633588
194,85,144,110.21036846013695
194,86,143,118.65530379153316
194,87,142,121.316673649906
194,88,141,121.93790973030058
194,89,140,122.42856407509501
194,90,139,122.25418589955333
194,91,138,123.51277702766552
194,92,137,123.69075137190964
194,93,136,123.31491884809188
194,94,135,123.7557339358672
194,95,134,124.41363323331234
194,96,133,123.71529069448995
194,97,132,123.51950085018476
194,98,131,123.30450805861065
194,99,130,124.06783067531507
194,100,129,123.93229130517771
194,101,128,123.95809682807698
194,102,127,124.70391922348827
194,103,126,124.51009228852786
194,104,125,124.0121542298198
194,105,124,124.46022918292618
194,106,123,124.382685663502
194,107,122,123.64507671121653
194,108,121,123.492328331473
194,109,120,122.74551365209973
194,110,119,122.65318974438546
194,111,118,122.95448775946771
194,112,117,122.56943787195763
194,113,116,122.50209050151258
194,114,115,121.60706104893029
194,115,114,121.41409983304732
194,116,113,122.9188052581454
194,117,112,121.29728683308753
194,118,111,120.48900550526663
194,119,110,120.28210764736488
194,120,109,119.70295181574454
194,121,108,117.24590992937388
194,122,107,116.57493951904135
194,123,106,116.77651528073002
194,124,105,109.10678059019537
194,125,104,106.20351694964148
194,126,103,105.57716183159738
194,127,102,104.9044051803989
194,128,101,107.82256920807464
194,129,100,103.56094985695407
194,130,99,106.42506193777342
194,131,98,110.28182543060656
194,132,97,114.70813527874985
194,133,96,113.92588958231327
194,134,95,115.69103118253062
194,135,94,114.76977987242009
194,136,93,111.05061685548289
194,137,92,108.77665504206081
194,138,91,98.51107143834835
194,139,90,101.55041565324163
194,140,89,98.62550831340505
194,141,88,99.14082095237059
194,142,87,95.82783324550098
194,143,86,85.14894483606841
194,144,85,86.62516437054082
194,145,84,83.89803188023853
194,146,83,74.9195395019085
194,147,82,74.36081123438976
194,148,81,76.26284566213296
194,149,80,76.89023548085268
194,150,79,80.56936259277855
194,151,78,79.27994132521533
194,152,77,84.66792938454239
194,153,76,79.7313254423351
194,154,75,83.72493240032159
194,155,74,82.29881934637325
194,156,73,85.04560474589931
194,157,72,88.23494988135596
194,158,71,83.67754794315337
194,159,70,77.65471904111907
194,160,69,79.76739988769228
194,161,68,81.28017876811168
194,162,67,80.54463987675763
194,163,66,76.15196214635905
194,164,65,75.76629457574913
194,165,64,75.16306613899506
194,166,63,70.5131153137899
194,167,62,70.30962777238935
194,168,61,73.3817183423206
194,169,60,74.30422481910003
194,170,59,69.78834882516094
194,171,58,71.60098082104022
194,172,57,67.43651714804585
194,173,56,64.10944212250556
194,174,55,64.46237041364088
194,175,54,64.97684480229873
194,176,53,62.815646241827984
194,177,52,60.33377859939014
194,178,51,58.309932450544025
194,179,50,55.1810919283197
194,180,49,54.31883646457352
194,181,48,53.52404155562332
194,182,47,50.04800636108182
194,183,46,49.56923782791358
194,184,45,48.15720756244393
194,185,44,45.242293812530306
194,186,43,42.59014103162879
194,187,42,41.81332768908865
194,188,41,39.52004919172815
194,189,40,38.3628672988321
194,190,39,36.28875530299254
194,191,38,36.07251730732911
194,192,37,35.99902387051223
194,193,36,34.594507659016884
194,194,35,33.134995919610965
194,195,34,32.755216164578385
194,196,33,31.421200637224864
194,197,32,32.28596645187018
194,198,31,31.247856528195936
194,199,30,29.720044935929018
194,200,29,28.27252255627594
194,201,28,28.584555273824677
194,202,27,27.815074348172036
194,203,26,26.285397152077532
194,204,25,25.53190386808547
194,205,24,24.81585269379203
194,206,23,22.733291438092458
194,207,22,23.183242551136697
194,208,21,23.002435595169004
194,209,20,20.736855931728563
194,210,19,19.85499723033608
194,211,18,16.300441557713793
194,212,17,17.024022488656236
194,213,16,15.3473426159571
194,214,15,13.238722478306066
195,40,312,124.44672750738637
195,41,311,124.07667648152528
195,42,310,124.42665472698371
195,43,309,124.07211894773027
195,44,308,124.72214697543467
195,45,307,124.91098103621633
195,46,306,124.95498433282535
195,47,305,124.25176047228155
195,48,304,124.22084131266425
195,49,303,124.26980881205556
195,50,302,124.23096992361675
195,51,301,123.2075856136722
195,52,300,123.39897067179294
195,53,299,124.65997399892265
195,54,298,124.51924177931798
195,55,297,123.90909417031187
195,56,296,123.92018639680717
195,57,295,124.72321122367738
195,58,294,123.90671666733034
195,59,293,124.1328191032958
195,60,292,124.13080221846181
195,61,291,124.41335560869094
195,62,290,124.44387569998808
195,63,289,124.1151532375789
195,64,288,123.74281323330301
195,65,287,123.77614671553057
195,66,286,123.62585294212332
195,67,285,123.67767783426208
195,68,284,124.57074104621803
195,69,283,124.31759554585705
195,70,282,123.21870189643434
195,71,281,124.53105679752926
195,72,280,124.07444274942148
195,73,279,124.08894572171519
195,74,278,124.00635774956429
195,75,277,124.04082865502788
195,76,276,124.14410838812601
195,77,275,124.2902509186408
195,78,274,124.0513563978515
195,79,273,123.90873563611781
195,80,272,123.84792765058364
195,81,271,123.76302814608977
195,82,270,123.8477358683182
195,83,269,124.36077453469179
195,84,268,124.40784993233899
195,85,267,123.79356107965714
195,86,266,124.79715487054429
195,87,265,125.0
195,88,264,124.82329669669144
195,89,263,124.95619644810392
195,90,262,125.0
195,91,261,124.34813951388071
195,92,260,124.30753521661659
195,93,259,123.69996892469854
195,94,258,123.9869196573211
195,95,257,123.31470408691077
195,96,256,122.85022127525
195,97,255,121.83822206522424
195,98,254,121.38741250301649
195,99,253,122.37808393830397
195,100,252,122.48147786163574
195,101,251,122.19020355660999
195,102,250,122.62079319875717
195,103,249,122.57100822568214
195,104,248,123.1271754694105
195,105,247,123.58020581236313
195,106,246,124.04615403614545
195,107,245,123.66350229102619
195,108,244,123.56423016556019
195,109,243,123.70583735285855
195,110,242,121.92879615520644
195,111,241,121.86957177532486
195,112,240,120.30748258074219
195,113,239,119.33021280651545
195,114,238,119.99636297559874
195,115,237,119.35006519180472
195,116,236,119.7580554294567
195,117,235,119.36049496037103
195,118,234,119.83353670449159
195,119,233,119.87469189370563
195,120,232,121.74259595787723
195,121,231,122.18904562537217
195,122,230,122.23246807044937
195,123,229,122.00374577474994
195,124,228,121.8335032093267
195,125,227,121.6810985771994
195,126,226,122.70328488757443
195,127,225,122.53860062606122
195,128,224,123.10873111500763
195,129,223,122.67825082005353
195,130,222,121.77469242768979
195,131,221,122.21739902635267
195,132,220,121.66533066700703
195,133,219,122.9715862207003
195,134,218,122.51787018835597
195,135,217,121.93226933958397
195,136,216,123.20828906914986
195,137,215,122.35004871440331
195,138,214,122.03448120370787
195,139,213,122.79580305685384
195,140,212,122.12907156338579
195,141,211,122.4616357002604
195,142,210,122.73588260248667
195,143,209,122.97336246319419
195,144,208,123.18468665517433
195,145,207,123.02615701505765
195,146,206,123.6181958757173
195,147,205,123.7954088234383
195,148,204,124.28419835398222
195,149,203,124.08282922379834
195,150,202,123.9228432526858
195,151,201,123.81927251835732
195,152,200,123.0297677839553
195,153,199,122.16668873583697
195,154,198,123.32004039246422
195,155,197,123.50742219457311
195,156,196,123.954729040884
195,157,195,124.15456004144296
195,158,194,123.34269118736529
195,159,193,124.25668330116997
195,160,192,124.14736441509746
195,161,191,124.04185071709954
195,162,190,124.16324290822376
195,163,189,123.74519450198804
195,164,188,123.9755276735319
195,165,187,124.56173821522638
195,166,186,124.53456310176702
195,167,185,125.0
195,168,184,124.81894390492373
195,169,183,124.318175426122
195,170,182,124.54664630153164
195,171,181,123.97140673399154
195,172,180,124.42892121093556
195,173,179,124.23154802762713
195,174,178,124.0798445507852
195,175,177,124.64816480500193
195,176,176,124.62440758184417
195,177,175,124.6323614183168
195,178,174,124.83170870956117
195,179,173,124.49137290445505
195,180,172,124.04736625646893
195,181,171,123.92245038682438
195,182,170,123.95094848785834
195,183,169,123.29225792594781
195,184,168,122.51498488489094
195,185,167,123.11870627417353
195,186,166,121.95430032074154
196,40,119,125.0
196,41,118,124.04992736228917
196,42,117,124.77265762138617
196,43,116,124.37506847224961
196,44,115,125.0
196,45,114,124.26202803193581
196,46,113,125.0
196,47,112,125.0
196,48,111,125.0
196,49,110,123.20773970111728
196,50,109,124.0546021080946
196,51,108,125.0
196,52,107,123.17030977268674
196,53,106,123.67873051673597
196,54,105,122.33230204555886
196,55,104,121.81286410259098
196,56,103,122.72112629283643
196,57,102,122.4378277106043
196,58,101,121.56855608115414
196,59,100,121.51567626336944
196,60,99,122.85690955005302
196,61,98,122.40447191573
196,62,97,122.31706947021422
196,63,96,120.11382326169172
196,64,95,120.51122263826318
196,65,94,120.17512512511468
196,66,93,120.62505061654554
196,67,92,117.06195027590857
196,68,91,117.67361008586686
196,69,90,114.58992542768328
196,70,89,112.07721492498132
197,40,192,118.73311836986176
197,41,191,119.78561376323964
197,42,190,122.34361258786714
197,43,189,122.99735917960294
197,44,188,123.69799025485514
197,45,187,124.91066948685958
197,46,186,124.87490913940195
197,47,185,123.04888091125541
197,48,184,120.04701823284553
197,49,183,121.49130882822327
197,50,182,120.53581681342315
197,51,181,120.49725245968
197,52,180,120.86243913980815
197,53,179,121.22442828245445
197,54,178,120.22636198315985
197,55,177,123.70081142565127
197,56,176,123.88076168258914
197,57,175,125.0
197,58,174,124.68693587451844
197,59,173,124.07986131008639
197,60,172,125.0
197,61,171,124.8725386640998
197,62,170,125.0
197,63,169,125.0
197,64,168,125.0
197,65,167,125.0
197,66,166,125.0
197,67,165,125.0
197,68,164,124.631977444874
197,69,163,124.80698602609138
197,70,162,124.47674368940775
197,71,161,124.39187648425091
197,72,160,124.79418900211954
197,73,159,124.39875583523798
197,74,158,124.4133626512951
197,75,157,125.0
197,76,156,124.8328236838484
197,77,155,123.20701753941802
197,78,154,122.61292335807744
197,79,153,122.86186779871294
197,80,152,124.2043534937053
197,81,151,123.56322348781114
197,82,150,122.86063427398881
197,83,149,122.97774255171348
197,84,148,122.29754383589707
197,85,147,123.62281142061198
197,86,146,123.2845841442427
197,87,145,124.29984980083935
197,88,144,123.50784568313664
197,89,143,123.2670789634939
197,90,142,122.35193489333568
197,91,141,121.04062551244206
197,92,140,121.63700086397341
197,93,139,122.03764492343004
197,94,138,121.53389106318275
197,95,137,120.39314410697477
197,96,136,120.00309491103012
197,97,135,121.54406072058947
197,98,134,121.4574054375857
197,99,133,121.65693642720653
197,100,132,119.65113847781971
197,101,131,116.3728972025217
197,102,130,120.0578011104457
197,103,129,119.83747674857214
197,104,128,118.67951262514043
197,105,127,116.73194982827803
197,106,126,116.9189099211554
197,107,125,115.4081264217318
197,108,124,114.76641373571789
197,109,123,114.7281453770851
197,110,122,114.95508006115938
197,111,121,113.46458649754534
197,112,120,113.69976937163443
197,113,119,111.47854985122899
197,114,118,116.02316712492961
197,115,117,115.18575456561264
197,116,116,118.57775269888897
197,117,115,117.63837810428578
197,118,114,117.93996595922724
197,119,113,121.79179395851384
197,120,112,120.66533865183743
197,121,111,117.2469600524127
197,122,110,119.41951488068435
197,123,109,117.27755237780923
197,124,108,119.28802784805815
197,125,107,115.88994732265016
197,126,106,113.92449240974005
197,127,105,114.85605523693144
197,128,104,115.80460020434806
197,129,103,108.15101807931202
197,130,102,114.88609991727856
197,131,101,115.403181814075
197,132,100,112.10774441960339
197,133,99,113.62478113800138
197,134,98,112.16736640538369
197,135,97,108.4071514673386
197,136,96,111.05808963380395
197,137,95,106.07826293221174
197,138,94,105.28629046654548
197,139,93,106.10279894871806
197,140,92,106.28192215284744
197,141,91,105.04431244992318
197,142,90,102.40544397623802
197,143,89,100.5203500689201
197,144,88,99.18577480354902
197,145,87,104.65947968698339
197,146,86,99.80677976261451
197,147,85,97.0087306843237
197,148,84,100.44075786067779
197,149,83,101.45528019051991
197,150,82,99.07821794448483
197,151,81,86.14885999338628
197,152,80,86.30081822589186
197,153,79,83.80197968602727
197,154,78,85.23648989158329
197,155,77,83.65206181154132
197,156,76,82.3036444628891
197,157,75,77.9710112891527
197,158,74,77.80151180240995
197,159,73,79.91538782048444
197,160,72,79.84793554251699
197,161,71,84.53270796497202
197,162,70,81.68796224750533
197,163,69,77.43344902735193
197,164,68,76.89561996214798
197,165,67,75.77940614601903
197,166,66,75.09781428554098
197,167,65,77.19934807068954
197,168,64,75.21678824855546
197,169,63,72.05525487947341
197,170,62,71.91973321055184
197,171,61,77.05860142299325
197,172,60,72.41970900743335
197,173,59,67.63102643426794
197,174,58,66.04055443352817
197,175,57,62.45079959487923
197,176,56,62.78841243753663
197,177,55,61.00841615380468
197,178,54,52.92764747391715
197,179,53,50.696304581719254
197,180,52,49.317796110682636
197,181,51,49.54255871253994
197,182,50,50.34188318231291
197,183,49,49.27473513608241
197,184,48,52.10279896122114
197,185,47,50.61788035612793
197,186,46,50.762945498119876
197,187,45,45.426808884533585
197,188,44,48.290092409169844
197,189,43,46.13271500438169
197,190,42,40.50139723052858
197,191,41,40.97215849899979
197,192,40,43.471774186467236
197,193,39,39.31314466521706
197,194,38,39.31774001545457
197,195,37,37.70322095855637
197,196,36,37.908818165010175
198,40,86,118.31303633471195
198,41,85,122.64450717670321
198,42,84,120.15867723684201
198,43,83,119.19200100010438
198,44,82,118.97933525655816
198,45,81,118.76609171880307
198,46,80,118.72615925709667
198,47,79,118.75319389079621
198,48,78,118.88084386459076
198,49,77,119.89441465783855
198,50,76,116.70942075286877
198,51,75,120.3045081831652
198,52,74,117.79421528285067
198,53,73,121.1061328182418
198,54,72,121.16677757337636
198,55,71,118.45552826189314
198,56,70,118.72068818777626
198,57,69,119.98864636464685
198,58,68,120.2013422522657
198,59,67,119.79449291883003
198,60,66,118.42517070858852
198,61,65,117.72733779722716
198,62,64,116.15647762841843
198,63,63,111.9919544415009
198,64,62,100.91331043937237
198,65,61,107.32722286049415
198,66,60,112.60799286091847
198,67,59,108.55747005572985
198,68,58,105.89389175036503
198,69,57,103.98075532875086
198,70,56,98.70857101994815
198,71,55,99.51357740053695
198,72,54,89.61153303084552
198,73,53,82.52083714488876
198,74,52,89.11106697987798
198,75,51,82.55186077341742
198,76,50,81.02500083677664
198,77,49,81.15741792592374
198,78,48,78.53520829761663
198,79,47,73.47946647440051
198,80,46,66.74616056848967
198,81,45,60.48689941297694
198,82,44,51.493388932903976
198,83,43,49.99032612802402
198,84,42,44.86320580228792
198,85,41,44.07868862601839
198,86,40,48.64775438189044
198,87,39,43.728872632342785
198,88,38,43.68903658496643
198,89,37,41.96073398033313
198,90,36,46.37440387880284
198,91,35,53.121610957069834
198,92,34,48.93075824978835
198,93,33,48.61002006481722
198,94,32,45.79378265553593
198,95,31,38.0750335712393
198,96,30,37.82962949915138
198,97,29,38.13999481318825
198,98,28,34.82430238056667
198,99,27,33.31220131161565
198,100,26,30.32034256002921
198,101,25,27.849847271880293
198,102,24,27.708639984458223
198,103,23,27.185445686870032
198,104,22,23.387165295884444
198,105,21,29.836625238537234
198,106,20,28.05651087678919
198,107,19,22.286414658751426
198,108,18,20.872857154955707
198,109,17,17.71811697587801
198,110,16,18.858076983808303
198,111,15,15.340296809837373
198,112,14,13.579703285157311
198,113,13,12.282005416323146
198,114,12,11.714459189569054
198,115,11,9.714557775851208
199,40,229,124.05247161062378
199,41,228,124.77312032381809
199,42,227,123.52243122392122
199,43,226,123.5640094148736
199,44,225,123.19459434266022
199,45,224,123.00226005115317
199,46,223,121.62644971253457
199,47,222,122.56076201483866
199,48,221,121.18534749516466
199,49,220,120.69178776294223
199,50,219,121.14337683934639
199,51,218,120.61520871443766
199,52,217,120.68008487738872
199,53,216,120.06859112118943
199,54,215,119.86714346495148
199,55,214,118.48834413344062
199,56,213,119.68869686085856
199,57,212,121.18527231423016
199,58,211,120.0656533722829
199,59,210,121.67642926343761
199,60,209,121.2682247521513
199,61,208,118.87800978681933
199,62,207,119.32610974322465
199,63,206,119.75287667717541
199,64,205,118.11411580403546
199,65,204,120.8362730128815
199,66,203,119.49888531839194
199,67,202,122.05919842480532
199,68,201,122.04385655614479
199,69,200,121.6769654417431
199,70,199,119.34107098439442
199,71,198,110.86150595188917
199,72,197,113.0332643636438
199,73,196,107.58896600535387
199,74,195,98.78590390190138
199,75,194,96.40046882599522
199,76,193,91.42154265291872
199,77,192,101.56250012641104
199,78,191,97.32943111592084
199,79,190,93.63585258681563
199,80,189,98.40189956231279
199,81,188,95.35509738644109
199,82,187,99.1934989072482
199,83,186,94.73549893725009
199,84,185,92.80040505015674
199,85,184,84.68993581790758
199,86,183,81.85786460997886
199,87,182,83.14574082817771
199,88,181,75.45235799210376
199,89,180,85.9766967842066
199,90,179,73.08855985536783
199,91,178,84.81350844634926
199,92,177,79.89019005786228
199,93,176,95.77812834734064
199,94,175,94.60696356701828
199,95,174,98.62424042116949
199,96,173,95.41898336330317
199,97,172,101.30632501759786
199,98,171,105.21959385308216
199,99,170,107.81583890204593
199,100,169,107.27395061636057
199,101,168,106.94152440647999
199,102,167,107.60106310512236
199,103,166,107.54923253313703
199,104,165,106.87808927265813
199,105,164,105.49676629545566
199,106,163,108.21962370941725
199,107,162,111.46251918121371
199,108,161,114.4339611615201
199,109,160,112.93769248649998
199,110,159,112.88387661082129
199,111,158,111.82216424596123
199,112,157,112.15546895836414
199,113,156,115.25392130858302
199,114,155,111.59471173687666
199,115,154,112.37175349751146
199,116,153,113.29984114771226
199,117,152,113.10065141348119
199,118,151,112.09408763644927
199,119,150,111.26739783216738
199,120,149,110.77125979407117
199,121,148,110.74259943703424
199,122,147,110.94213159466048
199,123,146,105.49698107357729
199,124,145,105.54553060464382
199,125,144,99.22144490234342
199,126,143,97.42505217170293
199,127,142,95.04304229743585
199,128,141,95.06542013335704
199,129,140,90.45071989201305
199,130,139,85.73158988650812
199,131,138,89.63572305976834
199,132,137,88.7109818377441
199,133,136,91.68524257942968
199,134,135,89.95202723339207
199,135,134,90.00226970564407
199,136,133,81.66394096988611
199,137,132,82.37103929546981
199,138,131,76.80516065570768
199,139,130,72.68737612918108
199,140,129,71.9693561893689
199,141,128,76.09860426622458
199,142,127,80.42660057140952
199,143,126,77.61391503407592
199,144,125,76.71128955970576
199,145,124,79.38351758138995
199,146,123,84.13506244347496
199,147,122,88.05451816126147
199,148,121,88.87129732879333
199,149,120,89.59788925373996
199,150,119,88.35108057899575
199,151,118,86.71815419282744
199,152,117,86.13815093469768
199,153,116,92.66385704664201
199,154,115,95.58502509909323
199,155,114,98.10084928529159
199,156,113,96.65140448370548
199,157,112,94.11528398241347
199,158,111,90.32766805430396
199,159,110,91.38522686800425
199,160,109,87.7078141095206
199,161,108,86.97526831850737
199,162,107,87.00573007836576
199,163,106,86.84686806197914
199,164,105,88.60647846894545
199,165,104,88.78199246758109
199,166,103,94.27238435191629
199,167,102,86.61683284106614
199,168,101,82.33357087229939
199,169,100,84.90856665226184
199,170,99,81.70399968498148
199,171,98,82.69351309806179
199,172,97,82.12751221133996
199,173,96,78.90481809985857
199,174,95,77.45270957276665
199,175,94,74.62612395073026
199,176,93,75.39275333737086
199,177,92,71.10909054923522
200,40,171,119.0337329199465
200,41,170,118.57832233623172
200,42,169,119.66311264313256
200,43,168,116.98443639577243
200,44,167,118.5360973287076
200,45,166,118.6212448673214
200,46,165,118.55275563102998
200,47,164,113.65945623640184
200,48,163,113.54911257094736
200,49,162,115.12277907179111
200,50,161,115.92809437399646
200,51,160,115.31983255477948
200,52,159,114.9902003541214
200,53,158,115.6567227408535
200,54,157,115.2392965711426
200,55,156,117.17821281293845
200,56,155,116.027111547543
200,57,154,115.61667163747876
200,58,153,114.45272619522845
200,59,152,115.82747320380028
200,60,151,115.96327457151818
200,61,150,117.54576414353122
200,62,149,116.89855142695725
200,63,148,116.6233988853511
200,64,147,118.17559565156736
200,65,146,118.90495087670917
200,66,145,118.1924251765544
200,67,144,115.39329089134428
200,68,143,114.34470010742682
200,69,142,113.81712218230001
200,70,141,111.3897292613614
200,71,140,112.56742940114222
200,72,139,110.40442015842736
200,73,138,111.81482699671577
200,74,137,104.87900862418613
200,75,136,102.36977320302813
200,76,135,103.45129042686962
200,77,134,103.47678421381339
200,78,133,96.69933106835832
200,79,132,91.02781005805267
200,80,131,90.9477220475289
200,81,130,92.51935610778946
200,82,129,89.87233699212811
200,83,128,88.81472515299
200,84,127,88.99583641419154
200,85,126,80.20378382196365
200,86,125,79.76048134273113
200,87,124,78.73420842622627
200,88,123,83.76891135007735
200,89,122,83.77744707422339
200,90,121,84.99213127339634
200,91,120,86.81836225886875
200,92,119,95.59954722220077
200,93,118,93.35242506181328
200,94,117,94.18887239563159
200,95,116,90.14321023007736
200,96,115,81.92835124685247
200,97,114,83.70802140320474
200,98,113,85.26465706324649
200,99,112,76.468962624846
200,100,111,82.51935063310128
200,101,110,91.32487879400047
200,102,109,95.73806722660285
200,103,108,95.83513425432848
200,104,107,89.1170278146341
200,105,106,98.9427268306166
200,106,105,101.81225481884032
200,107,104,99.4776992959343
200,108,103,103.84952342907224
200,109,102,99.62842404338838
200,110,101,101.02578892358216
200,111,100,98.81307488271682
200,112,99,95.37287388937409
200,113,98,94.61479870869302
200,114,97,89.53885552932866
200,115,96,94.18843230782781
201,40,158,125.0
201,41,157,125.0
201,42,156,125.0
201,43,155,125.0
201,44,154,125.0
201,45,153,125.0
201,46,152,124.96323754773955
201,47,151,122.73065076265696
201,48,150,121.34973868967276
201,49,149,122.41686389890619
201,50,148,123.6642799233633
201,51,147,123.2786795163379
201,52,146,123.52231064793827
201,53,145,119.59508903240749
201,54,144,119.85945580230461
201,55,143,123.41699250582289
201,56,142,124.19198905875143
201,57,141,124.0174279415883
201,58,140,124.03762030563777
201,59,139,124.27031209968315
201,60,138,124.52070164780349
201,61,137,124.70283608680786
201,62,136,124.49355751764833
201,63,135,124.60964030139561
201,64,134,124.81769013398323
201,65,133,124.54687155282022
201,66,132,125.0
201,67,131,125.0
201,68,130,125.0
201,69,129,125.0
201,70,128,125.0
201,71,127,122.94005442723294
201,72,126,125.0
201,73,125,123.34727313114254
201,74,124,123.61609672332808
201,75,123,123.94100585189442
201,76,122,122.93567354273455
201,77,121,121.46224034478703
201,78,120,122.71301926489576
201,79,119,122.37252711491485
201,80,118,122.45951920313607
201,81,117,122.55039908144758
201,82,116,121.81895287313053
201,83,115,120.76923759466422
201,84,114,121.00040255470793
201,85,113,120.55327712159533
201,86,112,119.32538115648379
201,87,111,116.94476880083306
201,88,110,115.18510564891682
201,89,109,117.73732953218887
201,90,108,118.94294196774432
201,91,107,115.89830084358249
201,92,106,116.61590676957931
201,93,105,114.3789963808162
201,94,104,114.61481950318478
201,95,103,113.45147673228364
201,96,102,110.1904046272114
201,97,101,105.32648165487504
201,98,100,98.76880512139735
201,99,99,101.43761944280337
201,100,98,95.53274523736384
201,101,97,95.65855876134609
201,102,96,88.223266352948
201,103,95,94.585347955496
201,104,94,99.88551638550993
201,105,93,102.01641954887998
201,106,92,108.20106215662537
201,107,91,113.32849451671571
201,108,90,115.11031750355215
201,109,89,115.54908413457491
201,110,88,111.6862417230754
201,111,87,114.20345545179325
201,112,86,114.05388031913708
201,113,85,115.40943148936022
201,114,84,118.19724794145334
201,115,83,115.66644839281625
201,116,82,115.27803130396057
201,117,81,114.2279103238323
201,118,80,115.3229895061689
201,119,79,114.59657941323016
201,120,78,114.82522277897905
201,121,77,112.66193397580949
201,122,76,109.25275055252341
201,123,75,102.95938209700766
201,124,74,107.96670550981509
201,125,73,109.60590283843894
201,126,72,107.42453344057472
201,127,71,108.34559699370948
201,128,70,100.88358091363625
201,129,69,99.57946939949801
201,130,68,100.32550344849689
201,131,67,103.61917594615585
201,132,66,98.56072703767884
201,133,65,90.62697454405216
201,134,64,86.35015130538397
201,135,63,80.91159729707938
201,136,62,75.14031179351775
201,137,61,76.48700530311487
201,138,60,76.20021185065303
201,139,59,70.19183545251629
202,40,195,120.16833265032238
202,41,194,121.1879451026164
202,42,193,116.64981685082287
202,43,192,120.91249513330627
202,44,191,122.67626599446405
202,45,190,122.86944527251919
202,46,189,122.12298973617854
202,47,188,122.56164249357678
202,48,187,123.44653041088802
202,49,186,123.2211608507819
202,50,185,123.56448676766209
202,51,184,122.23907402717266
202,52,183,124.06397136683333
202,53,182,122.35000629998324
202,54,181,122.39169547213646
202,55,180,124.1968793703665
202,56,179,123.85762722595948
202,57,178,122.76638223179384
202,58,177,122.4703445732281
202,59,176,121.90056537903587
202,60,175,120.83337375741685
202,61,174,121.04408385660489
202,62,173,120.20771415438173
202,63,172,119.55416526498078
202,64,171,118.21681935240683
202,65,170,118.25041571880043
202,66,169,115.1757058599498
202,67,168,115.22751308483569
202,68,167,110.60674711908581
202,69,166,115.22663590204469
202,70,165,114.286409466659
202,71,164,114.6681662923987
202,72,163,115.65533874688276
202,73,162,112.90392407790446
202,74,161,113.73354277860678
202,75,160,116.67842344879492
202,76,159,113.11360905250707
202,77,158,113.33026927510724
202,78,157,110.30862158784672
202,79,156,110.72310400438128
202,80,155,108.41031459016034
202,81,154,108.78924775421088
202,82,153,104.8489212324908
202,83,152,107.89241638119827
202,84,151,107.7290814086293
202,85,150,108.84772716076594
202,86,149,108.55168070678559
202,87,148,107.59981815675467
202,88,147,104.82514980152675
202,89,146,105.20018823860296
202,90,145,99.33659763436076
202,91,144,99.30194862852468
202,92,143,103.06390015363925
202,93,142,101.48633658617445
202,94,141,99.66329662485822
202,95,140,96.6268169593422
202,96,139,99.49530991995827
202,97,138,103.07629565051947
202,98,137,102.4321727804732
202,99,136,105.47871615490183
202,100,135,99.92017943057519
202,101,134,102.19893511661544
202,102,133,100.49076237781213
202,103,132,102.32051889139947
202,104,131,102.87169721216868
202,105,130,105.2112431340533
202,106,129,100.39844651946456
202,107,128,99.4924891236286
202,108,127,95.5817921901
202,109,126,101.7070964874475
202,110,125,100.10484453859024
202,111,124,101.30184775365305
202,112,123,99.48261613418663
202,113,122,101.16645029678563
202,114,121,100.25181552358777
202,115,120,103.84379054134922
202,116,119,105.22687434141676
202,117,118,107.25115712502483
202,118,117,101.81488483489275
202,119,116,101.07731203393428
202,120,115,97.64716662437297
202,121,114,94.23085519028737
202,122,113,96.16503955320209
202,123,112,95.46578583773166
202,124,111,101.3480126334743
202,125,110,105.7824477055231
202,126,109,108.11437594274159
202,127,108,107.53828966998108
202,128,107,104.79996726961542
202,129,106,105.97272968449026
202,130,105,106.5499047123488
202,131,104,106.78822880601383
202,132,103,105.19646715276173
202,133,102,109.64301883482834
202,134,101,110.40858512101732
202,135,100,107.13779269661151
202,136,99,108.46334041433337
202,137,98,104.60094458258439
202,138,97,105.54953984922471
202,139,96,106.38126708200656
202,140,95,103.72065972584377
202,141,94,110.00414503981551
202,142,93,110.07107023427072
202,143,92,111.3993519754572
202,144,91,110.62098824557415
202,145,90,103.89535481872946
202,146,89,100.41180938968114
202,147,88,99.42392376758522
202,148,87,87.14857017846853
202,149,86,85.54871152189631
202,150,85,77.28121154684726
202,151,84,66.85826161093827
202,152,83,64.56325447398268
202,153,82,62.87996109787497
202,154,81,64.4593497922716
202,155,80,62.39981281702722
202,156,79,65.5733380975044
202,157,78,63.12798765664383
202,158,77,57.62443428902889
202,159,76,53.09405195197253
202,160,75,50.2732516089504
202,161,74,49.48088775550093
202,162,73,50.8003665077874
202,163,72,57.495957744854735
202,164,71,56.74072941007267
202,165,70,54.795477134131616
202,166,69,54.453181694300994
202,167,68,53.1134477297839
202,168,67,49.6038002145159
202,169,66,45.71003156658461
202,170,65,47.228409952137326
202,171,64,51.03389918165701
202,172,63,49.54061015696447
202,173,62,52.774383256519855
202,174,61,53.88899522565427
202,175,60,53.97519616577475
202,176,59,53.742782355632
202,177,58,55.04026633414058
202,178,57,51.214832472795784
202,179,56,52.67759414341651
202,180,55,51.59084098917689
202,181,54,50.16230060022838
202,182,53,50.607961183557165
202,183,52,51.91616805011279
202,184,51,51.93911650917594
202,185,50,45.968175408882345
202,186,49,45.950374680651805
202,187,48,44.15700859158051
202,188,47,42.00149631154977
202,189,46,44.06084856248425
202,190,45,44.11372324105774
202,191,44,46.43128989818514
202,192,43,44.70279380331074
202,193,42,43.44949532917206
202,194,41,39.24248569610857
202,195,40,37.31711844390625
202,196,39,33.166604530970716
202,197,38,31.69498994680542
202,198,37,30.199058946666415
202,199,36,32.567122365947405
202,200,35,32.283030356585684
202,201,34,30.6275620193405
202,202,33,31.17090585943424
202,203,32,30.062679758101527
202,204,31,28.683209472291026
202,205,30,28.372043515423798
202,206,29,26.094659810707142
202,207,28,23.8690070768861
202,208,27,22.469855920698777
202,209,26,22.880546449516018
202,210,25,19.916937171138297
202,211,24,17.726577817194055
202,212,23,17.98501191707098
202,213,22,19.509303102316025
202,214,21,17.30944060450269
202,215,20,17.0710059219978
202,216,19,18.243598144826613
202,217,18,14.278758684811969
202,218,17,13.223461954056653
202,219,16,11.248012714041092
202,220,15,11.2710928908534
202,221,14,8.43323880579859
202,222,13,8.212475728528524
203,40,214,124.52186842697216
203,41,213,124.7896368430093
203,42,212,123.74459696254426
203,43,211,123.71222417547304
203,44,210,123.40564658940411
203,45,209,124.70507019930346
203,46,208,124.62859490270367
203,47,207,124.84699598304354
203,48,206,124.93111496945637
203,49,205,124.37850630655501
203,50,204,124.5587710523433
203,51,203,125.0
203,52,202,125.0
203,53,201,124.42003654063521
203,54,200,125.0
203,55,199,124.48223308404562
203,56,198,124.48762102663336
203,57,197,124.46996287861312
203,58,196,124.69069948586068
203,59,195,124.39178347071562
203,60,194,124.73879497982759
203,61,193,124.67341295797928
203,62,192,124.82397852503922
203,63,191,125.0
203,64,190,125.0
203,65,189,124.92829306322707
203,66,188,124.32141209745006
203,67,187,124.59025846950536
203,68,186,125.0
203,69,185,125.0
203,70,184,124.94207789694538
203,71,183,124.7669367949479
203,72,182,124.89969215714419
203,73,181,125.0
203,74,180,124.69873563184856
203,75,179,124.08204768641887
203,76,178,124.54635386251184
203,77,177,124.67342575906143
203,78,176,124.71635843869112
203,79,175,124.73817305133369
203,80,174,124.34281172164745
203,81,173,124.32779114704486
203,82,172,123.71834003153589
203,83,171,122.87507755474948
203,84,170,121.98205099406951
203,85,169,122.66435016968087
203,86,168,124.12387276391529
203,87,167,122.43483268327611
204,19,151,103.00271788520989
205,40,209,117.20612016778844
205,41,208,116.32808111818768
205,42,207,116.14974112709709
205,43,206,117.36739801074854
205,44,205,118.05233598853323
205,45,204,117.86679727766082
205,46,203,119.97785498119734
205,47,202,118.44805314379235
205,48,201,117.67826987219296
205,49,200,116.1306290822522
205,50,199,117.57622332950318
205,51,198,120.01209490755225
205,52,197,120.81782222354556
205,53,196,119.9808452589157
205,54,195,119.53120929681464
205,55,194,120.56947581317407
205,56,193,121.15141955358041
205,57,192,120.20358659553648
205,58,191,117.94087564082298
205,59,190,117.1606870847626
205,60,189,116.46719401882899
205,61,188,115.90282282533877
205,62,187,117.75560263027035
205,63,186,116.41061601966852
205,64,185,116.63603181782244
205,65,184,112.8730952349625
205,66,183,114.4975141686013
205,67,182,115.57213737542531
205,68,181,114.34429068228633
205,69,180,114.7256182393147
205,70,179,111.8857005458615
205,71,178,113.89649063552045
205,72,177,113.49865802581024
205,73,176,110.50419581733486
205,74,175,111.21334848801406
205,75,174,112.99844935881707
205,76,173,112.76569410803297
205,77,172,111.87724685941456
205,78,171,110.89181704687991
205,79,170,111.20922964184889
205,80,169,109.44017000586814
205,81,168,109.74038143954347
205,82,167,107.33211111454779
205,83,166,108.2453308261725
205,84,165,106.80920251868756
205,85,164,109.441723885502
205,86,163,110.43706088807565
205,87,162,108.14268601905174
205,88,161,114.30355158198745
205,89,160,111.21546906956922
205,90,159,111.44942936926114
205,91,158,110.18551897898615
205,92,157,110.76394661119966
205,93,156,110.86346064748915
205,94,155,110.62912431736677
205,95,154,108.9003312541879
206,40,360,125.0
206,41,359,125.0
206,42,358,125.0
206,43,357,125.0
206,44,356,124.43002351140946
206,45,355,124.11294240720105
206,46,354,122.47540349780961
206,47,353,123.2949615870919
206,48,352,124.61002679722407
206,49,351,123.17201566428338
206,50,350,122.10280189993478
206,51,349,121.89825735646248
206,52,348,121.19986219990005
206,53,347,119.8087407461398
206,54,346,120.1029104276829
206,55,345,120.026329420682
206,56,344,121.95602883826186
206,57,343,122.61622181019617
206,58,342,119.60271201202335
206,59,341,122.51099992937108
206,60,340,123.11813159023637
206,61,339,124.33706450314398
206,62,338,123.98448432563931
206,63,337,123.6712689870777
206,64,336,124.14892395556603
206,65,335,124.46226110556483
206,66,334,124.64124675317689
206,67,333,124.67369280995918
206,68,332,125.0
206,69,331,125.0
206,70,330,125.0
206,71,329,125.0
206,72,328,124.75017851925662
206,73,327,124.28751160429653
206,74,326,122.54334207964904
206,75,325,122.87637515539886
206,76,324,122.97098489101509
206,77,323,122.52611333875389
206,78,322,123.24652023752716
206,79,321,122.93911614565091
206,80,320,124.45389161018568
206,81,319,124.03955648434216
206,82,318,123.30827831930401
206,83,317,122.67176184665425
206,84,316,122.27432592782878
206,85,315,122.492286891367
206,86,314,121.75116463604776
206,87,313,123.14208400614511
206,88,312,123.6505944368916
206,89,311,122.98905135940699
206,90,310,122.54726235231458
206,91,309,121.6783750879259
206,92,308,122.15231829989372
206,93,307,120.53602499917655
206,94,306,120.16824486088258
206,95,305,120.08001409051138
206,96,304,117.55831514848217
206,97,303,119.21477833344105
206,98,302,116.57424799821307
206,99,301,118.39426449235563
206,100,300,119.46286525478742
206,101,299,116.9283443375827
206,102,298,116.26750751215809
206,103,297,114.34445118372813
206,104,296,116.75637650763383
206,105,295,114.9614746885418
206,106,294,115.52204576210956
206,107,293,113.04589259336075
206,108,292,110.82269654519477
206,109,291,115.43426410446082
206,110,290,112.00712469309326
206,111,289,112.29979675571406
206,112,288,115.57320640158237
206,113,287,114.10064195214369
206,114,286,114.33050284614174
206,115,285,115.12658890975169
206,116,284,112.86668619386259
206,117,283,112.74302720379558
206,118,282,111.1234816618685
206,119,281,109.87911538398008
206,120,280,108.99136781515969
206,121,279,108.35870299937858
206,122,278,108.88958384173311
206,123,277,110.16003942806199
206,124,276,113.77221370013811
206,125,275,114.91702652893903
206,126,274,114.4560448773679
206,127,273,111.41136621071155
206,128,272,109.07522593575163
206,129,271,110.27570417917264
206,130,270,110.81967649203105
206,131,269,111.54106243386099
206,132,268,108.76908906630504
206,133,267,107.48461631039753
206,134,266,109.84984071442736
206,135,265,106.35361173873525
206,136,264,102.73292554148148
206,137,263,103.4039012716891
206,138,262,100.54702204847871
206,139,261,96.50593573546432
206,140,260,95.05031646345094
206,141,259,92.45752288606829
206,142,258,95.16061008006145
206,143,257,94.10063193267942
206,144,256,89.94331088527245
206,145,255,90.1276612617976
206,146,254,96.23410799823321
206,147,253,91.31540660004109
206,148,252,86.85838467925726
206,149,251,86.41277764713851
206,150,250,83.91812600100121
206,151,249,82.44372545572753
206,152,248,87.57023025413795
206,153,247,85.11818917899873
206,154,246,81.90313424069818
206,155,245,79.89273855412226
206,156,244,77.35308117010047
206,157,243,76.0002339426269
206,158,242,69.01593504255744
206,159,241,66.35908380160191
206,160,240,63.98126259588781
206,161,239,61.626141178294894
206,162,238,59.93156125390243
206,163,237,56.40242915594964
206,164,236,60.17044669017708
206,165,235,61.37552484409609
206,166,234,56.61594458800026
206,167,233,49.19814248514459
206,168,232,47.07628120205599
206,169,231,45.4785199442645
206,170,230,47.52132779142201
206,171,229,47.33349553181556
206,172,228,43.89986983811834
206,173,227,45.52940699533663
206,174,226,44.47449735908892
206,175,225,45.15865512326863
206,176,224,45.73034626124786
206,177,223,42.656575355767416
206,178,222,43.82548083593551
206,179,221,41.852147833933
206,180,220,40.54560904968456
206,181,219,39.54671888120302
206,182,218,41.15881215685392
206,183,217,37.32718506090626
206,184,216,35.852867325108036
206,185,215,34.827112295313654
206,186,214,36.2773854467453
206,187,213,35.77329408488792
206,188,212,35.32999692744204
206,189,211,33.963492564438994
206,190,210,33.24334229062182
206,191,209,33.76399058648187
206,192,208,33.203932784431274
206,193,207,32.670754589219186
206,194,206,30.838945942725374
206,195,205,30.915378355226725
206,196,204,28.067933508330217
206,197,203,25.81358061227977
206,198,202,26.45688896124235
206,199,201,24.572438381204005
206,200,200,24.669909342904717
206,201,199,24.164954642539293
206,202,198,26.105776970291625
206,203,197,21.94222384081048
206,204,196,20.208321551657832
206,205,195,22.032606072240327
206,206,194,19.341712177649267
206,207,193,18.341636300227435
206,208,192,16.985406374546677
206,209,191,17.50811764170249
206,210,190,18.28825920603177
206,211,189,16.47858092171561
206,212,188,15.211827785797713
206,213,187,17.61686824231814
206,214,186,17.245479004817984
206,215,185,16.00102799001415
206,216,184,15.314462591049828
206,217,183,14.050368782424364
206,218,182,10.398905210050527
206,219,181,51.152666888653876
206,220,180,72.53024279000331
206,221,179,85.68373867496356
206,222,178,88.02848581339379
206,223,177,91.39343672934743
206,224,176,98.78129206054365
206,225,175,101.2038700593539
206,226,174,103.68858048670822
206,227,173,103.5455747453896
206,228,172,105.37397393434422
206,229,171,109.36318519353279
206,230,170,116.65239590536314
206,231,169,121.89503861391628
206,232,168,115.87582775688593
206,233,167,118.6445259240233
206,234,166,120.22203032137918
206,235,165,120.41014318824462
206,236,164,116.95087375620403
206,237,163,118.54625920610448
206,238,162,122.10274016685588
206,239,161,115.01305135222538
206,240,160,120.16325112741264
206,241,159,116.30635821215188
206,242,158,114.98608944734676
206,243,157,115.63062543059533
206,244,156,118.71969408088174
206,245,155,119.32733344967059
206,246,154,117.22863509996112
206,247,153,119.18401377286327
206,248,152,118.48494985776382
206,249,151,115.02196370068799
206,250,150,118.4449569675223
206,251,149,119.99006455764581
206,252,148,117.48938267795143
206,253,147,116.12615299868808
206,254,146,118.12800263790496
206,255,145,120.71721668680665
206,256,144,121.40617593707468
206,257,143,121.36267094328431
206,258,142,119.63770078490808
206,259,141,121.9791076458088
206,260,140,121.11933383208205
206,261,139,122.48113590389366
206,262,138,121.87476877272391
206,263,137,121.59178396105536
206,264,136,121.67354585316968
206,265,135,121.35383660205017
206,266,134,121.3944111871647
206,267,133,121.25613603514716
206,268,132,121.21959777351981
206,269,131,121.93923132470263
206,270,130,118.67654709485684
206,271,129,119.59938850313628
206,272,128,117.74983420442797
206,273,127,119.1753399629421
206,274,126,119.57260082205977
206,275,125,118.27512476452705
206,276,124,117.74557536466779
206,277,123,117.32819213500352
206,278,122,118.93742644265285
206,279,121,117.29681411997208
206,280,120,117.56494326104418
206,281,119,118.88755600073966
206,282,118,119.58789253991716
206,283,117,118.85840446689997
206,284,116,118.9710494052443
206,285,115,118.23054923449399
206,286,114,118.18465699837387
206,287,113,116.0635867681826
206,288,112,116.49698688474709
206,289,111,115.76732778684587
206,290,110,111.04542525752726
206,291,109,108.00191286047004
207,40,255,125.0
207,41,254,125.0
207,42,253,125.0
207,43,252,125.0
207,44,251,125.0
207,45,250,125.0
207,46,249,125.0
207,47,248,125.0
207,48,247,125.0
207,49,246,125.0
207,50,245,125.0
207,51,244,125.0
207,52,243,125.0
207,53,242,125.0
207,54,241,125.0
207,55,240,125.0
207,56,239,124.9974763179369
207,57,238,123.82618595556957
207,58,237,123.89328880188427
207,59,236,123.751381097717
207,60,235,122.74597904721307
207,61,234,123.68895635911443
207,62,233,123.29064165690755
207,63,232,124.02207397274502
207,64,231,124.22722047556822
207,65,230,123.66085335965099
207,66,229,124.52830953722682
207,67,228,124.59034873528356
207,68,227,125.0
207,69,226,124.18333322374357
207,70,225,123.6862901301024
207,71,224,124.53010116514406
207,72,223,123.34972509191877
207,73,222,124.72131417273079
207,74,221,125.0
207,75,220,125.0
207,76,219,125.0
207,77,218,124.5371009373975
207,78,217,124.8038176152006
207,79,216,124.29096612718706
207,80,215,124.82640683291984
207,81,214,125.0
207,82,213,125.0
207,83,212,125.0
207,84,211,125.0
207,85,210,125.0
207,86,209,125.0
207,87,208,125.0
207,88,207,125.0
207,89,206,125.0
207,90,205,125.0
207,91,204,125.0
207,92,203,125.0
207,93,202,125.0
207,94,201,125.0
207,95,200,125.0
207,96,199,125.0
207,97,198,125.0
207,98,197,125.0
207,99,196,124.37418441220566
207,100,195,125.0
207,101,194,124.00296988964561
207,102,193,125.0
207,103,192,124.98833620702135
207,104,191,124.21771165178835
207,105,190,125.0
207,106,189,125.0
207,107,188,123.45918061181627
207,108,187,124.62783596409292
207,109,186,123.98901528628173
207,110,185,124.08346959498692
207,111,184,123.39537008971325
207,112,183,121.77745243914526
207,113,182,122.39456140343778
207,114,181,121.22648601322473
207,115,180,122.12729140582576
207,116,179,122.80381476210577
207,117,178,122.18163838500578
207,118,177,120.87570153897047
207,119,176,121.19479230677015
207,120,175,121.428983983824
207,121,174,121.47023734167345
207,122,173,120.69533500661922
207,123,172,120.5138295218278
207,124,171,121.39307449323219
207,125,170,120.63976906202825
207,126,169,121.41345717723236
207,127,168,122.19267827471738
207,128,167,122.44711551663836
207,129,166,121.64709539208368
207,130,165,122.01502989710818
207,131,164,121.81150500491805
207,132,163,121.75166994634876
207,133,162,121.76143110812879
207,134,161,122.43317127100427
207,135,160,122.62540131108307
207,136,159,121.2194767594888
207,137,158,121.17161773833146
207,138,157,119.52875573319344
207,139,156,118.8239948760932
207,140,155,119.53320133490519
207,141,154,119.54404030891463
207,142,153,118.89187097258743
207,143,152,118.54886952829793
207,144,151,118.46985136815914
207,145,150,117.21273604219519
207,146,149,118.44513630963482
207,147,148,117.87811306245814
207,148,147,117.4036775111012
207,149,146,118.03113791880843
207,150,145,118.58824497283635
207,151,144,121.17640612241028
207,152,143,119.25197902191198
207,153,142,118.9045790938322
207,154,141,117.76767633009953
207,155,140,119.75321142743147
207,156,139,119.89752652733668
207,157,138,118.9885224862593
207,158,137,118.15802129432691
207,159,136,116.00546428846549
207,160,135,113.65256089984837
207,161,134,115.2983166933947
207,162,133,119.42451593040298
207,163,132,119.00324318083075
207,164,131,118.65242523187112
207,165,130,116.43285756066896
207,166,129,117.47338099283394
207,167,128,118.80819388187979
207,168,127,121.18322094421401
207,169,126,121.11333445593013
207,170,125,121.7365963577717
207,171,124,122.56352372560076
207,172,123,122.54558158305109
207,173,122,121.61616914385641
207,174,121,120.46217325239996
207,175,120,120.62317840847719
207,176,119,121.35128331036785
207,177,118,119.72417273682287
207,178,117,118.94471184911924
207,179,116,119.46524475169224
208,40,231,122.29996388062503
208,41,230,122.48964744961934
208,42,229,123.04907806086698
208,43,228,121.30908971596617
208,44,227,121.28077135552941
208,45,226,123.11946764322528
208,46,225,122.9191721884836
208,47,224,122.973074218217
208,48,223,121.72903641214393
208,49,222,117.43257555283353
208,50,221,117.09873811953278
208,51,220,118.00509015892251
208,52,219,118.47199266247836
208,53,218,118.09738216855938
208,54,217,117.69865525216278
208,55,216,113.11330128120348
208,56,215,112.12204648926422
208,57,214,108.91397449291662
208,58,213,110.0055890717133
208,59,212,113.9946312963734
208,60,211,115.43210398455486
208,61,210,116.725300271386
208,62,209,112.67455821602155
208,63,208,115.34640499684576
208,64,207,116.11031800772525
208,65,206,112.4688105232321
208,66,205,114.3434544479491
208,67,204,115.86249905016646
208,68,203,113.08398078790523
208,69,202,113.88607700948128
208,70,201,116.51145048393957
208,71,200,115.42326214824948
208,72,199,110.99235451218271
208,73,198,116.90513545334015
208,74,197,117.21610615415864
208,75,196,116.12638560453703
208,76,195,117.74951980157435
208,77,194,118.43503637015512
208,78,193,117.88637641138834
208,79,192,115.41619961223108
208,80,191,115.94231464677773
208,81,190,116.59529585727459
208,82,189,116.87121525010238
208,83,188,116.44803373080988
208,84,187,118.28539294658994
208,85,186,117.91444794475525
208,86,185,118.62114461890634
208,87,184,119.85180418184004
208,88,183,118.54313321419694
208,89,182,117.69320151765925
208,90,181,116.24916016719902
208,91,180,116.1355890708804
208,92,179,116.33835710440121
208,93,178,118.0506240181395
208,94,177,117.7876935162432
208,95,176,116.11156397916315
208,96,175,108.650362879856
208,97,174,104.17044627441827
208,98,173,104.41031175713404
208,99,172,102.02988391549597
208,100,171,104.0970593009304
208,101,170,98.61692145969951
208,102,169,91.95832848979776
208,103,168,96.34047203358166
208,104,167,102.36162600713342
208,105,166,99.05862703088292
208,106,165,98.5515439503088
208,107,164,93.91782007616436
208,108,163,91.09422474601485
208,109,162,92.55892782913861
208,110,161,85.8534202544704
208,111,160,89.8851698099193
208,112,159,101.84570597016925
208,113,158,102.89563719497791
208,114,157,103.9110225145136
208,115,156,100.14231279546388
208,116,155,104.9824471576427
208,117,154,106.10780409477556
208,118,153,103.34031639970274
208,119,152,91.43019668793812
208,120,151,99.15436868182582
208,121,150,94.9879389432377
208,122,149,96.89839809166526
208,123,148,83.21359530641786
208,124,147,88.10741316227362
208,125,146,91.24805180178198
208,126,145,94.15975946520189
208,127,144,98.85986666455409
208,128,143,97.08412276198663
208,129,142,99.17381561800336
208,130,141,96.90987575037647
208,131,140,99.11541791905441
208,132,139,102.08904059708917
208,133,138,105.37965797501951
208,134,137,104.44605006324545
208,135,136,107.90497253084658
208,136,135,103.31566810713106
208,137,134,107.73098186711957
208,138,133,103.0510608563954
208,139,132,104.45863169183713
208,140,131,105.62748947288135
208,141,130,105.28053116926856
208,142,129,101.73769786364538
208,143,128,108.51087997792874
208,144,127,113.04495553575276
208,145,126,112.53018555365745
208,146,125,113.58839143732409
208,147,124,111.51161439185822
208,148,123,110.72749956437136
208,149,122,108.73368021876553
208,150,121,110.31848809828563
208,151,120,112.88362018243859
208,152,119,112.48801928720977
208,153,118,109.9666115123286
208,154,117,107.77818966529485
208,155,116,108.97140421768862
208,156,115,107.32569633583668
208,157,114,106.43585834277118
208,158,113,102.4512137529306
208,159,112,101.51355685650354
208,160,111,107.74965434864683
208,161,110,106.89336528121746
208,162,109,107.51172687013059
208,163,108,103.69987781193416
208,164,107,104.33434686541023
208,165,106,103.62536463409681
208,166,105,97.05698811724034
208,167,104,96.32256451466822
208,168,103,95.19682618602192
208,169,102,95.61735542122744
208,170,101,88.6280032969415
208,171,100,92.53445659056513
208,172,99,88.96188381659054
208,173,98,94.10074227625364
208,174,97,96.38668491675445
208,175,96,94.08660832233971
208,176,95,93.26492166106667
208,177,94,95.27838235467595
208,178,93,93.91514721906526
208,179,92,88.17316611409873
208,180,91,97.24835162632971
209,40,142,119.44432790672579
209,41,141,120.5437640957202
209,42,140,122.03460788528723
209,43,139,120.14849622454338
209,44,138,118.76478027624147
209,45,137,117.44154608367819
209,46,136,114.32927995753847
209,47,135,113.0471441427197
209,48,134,114.27891317313768
209,49,133,116.02429083846809
209,50,132,113.00572662219915
209,51,131,106.6925359501372
209,52,130,108.76800599719544
209,53,129,114.23592002897132
209,54,128,114.57316513333205
209,55,127,113.53634078514327
209,56,126,113.95549761848125
209,57,125,114.86120110583381
209,58,124,116.02734474930668
209,59,123,115.34208814720313
209,60,122,119.06928219215126
209,61,121,114.44802237333555
209,62,120,113.96404546777796
209,63,119,112.4040084950843
209,64,118,108.0842000135391
209,65,117,114.01391003462504
209,66,116,118.05323133084119
209,67,115,118.8544111734103
209,68,114,120.26793312271467
209,69,113,119.3378055769998
209,70,112,117.86847002476742
209,71,111,115.83194148802394
209,72,110,113.78726882498702
209,73,109,112.1514688775268
209,74,108,111.56583045548466
209,75,107,111.91809062039081
209,76,106,109.1063244763503
209,77,105,111.03418391760081
209,78,104,110.80996875124592
209,79,103,114.06405107729174
209,80,102,111.9647111987249
209,81,101,108.92876876116347
209,82,100,110.61918638006041
209,83,99,111.96199365740497
209,84,98,109.53134343460944
209,85,97,108.08688058890147
209,86,96,103.80133069982712
209,87,95,96.16492796331204
209,88,94,90.26472279171168
209,89,93,85.93001613537706
209,90,92,87.58160571170475
209,91,91,77.98095934400538
209,92,90,74.56395369832785
209,93,89,73.35159178172054
209,94,88,79.14128701867426
209,95,87,81.68279981505688
209,96,86,89.6187847925379
209,97,85,95.46391253150811
209,98,84,94.88197649371119
209,99,83,94.70168350853788
209,100,82,86.94235706730788
209,101,81,84.05240427735237
209,102,80,83.71847998521983
209,103,79,81.98439577190757
209,104,78,77.18936337265355
209,105,77,81.20697283253268
209,106,76,84.44402543537295
209,107,75,87.45491124693639
209,108,74,85.34575859408307
209,109,73,88.35980214144345
209,110,72,92.58993139945127
209,111,71,89.23818850220269
209,112,70,89.50669652331973
209,113,69,94.37602365559424
209,114,68,91.43775608041675
209,115,67,91.24858256564109
209,116,66,89.94482388880041
209,117,65,93.79632156229776
209,118,64,85.97318083683868
209,119,63,83.67871874317339
209,120,62,84.44662916194076
209,121,61,76.23302584473083
209,122,60,69.27005948838433
209,123,59,67.4834006434082
209,124,58,60.329934011423596
209,125,57,56.92445777330219
209,126,56,58.80268527993213
209,127,55,44.058453522245074
209,128,54,38.23328074246788
209,129,53,35.618385270247714
209,130,52,33.80516871711395
209,131,51,35.13019502292733
209,132,50,36.67044718084398
209,133,49,36.53662420366798
209,134,48,37.954839960463985
209,135,47,40.4156188611697
209,136,46,36.347725549951285
209,137,45,34.557014841029
209,138,44,36.29633240583714
209,139,43,36.41724383432032
209,140,42,34.69576740427542
209,141,41,38.13675241256641
209,142,40,41.804382858340794
209,143,39,35.294644674642115
209,144,38,31.502977031294886
209,145,37,34.03235024394789
209,146,36,35.00008543165028
209,147,35,34.801870671612676
209,148,34,30.48593348617681
209,149,33,33.02878143995021
209,150,32,37.42652997109552
209,151,31,32.95222810031103
209,152,30,31.67820044629753
209,153,29,30.25144120153516
209,154,28,31.554158090910246
209,155,27,32.36283926296537
209,156,26,37.80823308914772
209,157,25,34.477743727350514
209,158,24,28.436380121186694
209,159,23,26.041026411301637
209,160,22,30.80065388233243
209,161,21,31.102450990618888
209,162,20,32.69635541486246
209,163,19,26.253075972981737
209,164,18,23.20336096947826
209,165,17,23.210276876630704
209,166,16,26.03761506718933
209,167,15,23.103963327316958
209,168,14,18.830178704376493
209,169,13,17.165775971273384
209,170,12,15.278442407517385
209,171,11,14.271167595899618
210,40,183,118.39853702176191
210,41,182,121.23945794916534
210,42,181,120.8537194956377
210,43,180,118.9392742355138
210,44,179,120.55056259004698
210,45,178,120.39200791099105
210,46,177,121.42281021899814
210,47,176,120.38848578438834
210,48,175,119.82352393363493
210,49,174,120.66183473759394
210,50,173,120.1058883497754
210,51,172,121.76595712739314
210,52,171,122.37296711544052
210,53,170,122.23803549688462
210,54,169,122.35779272666322
210,55,168,122.62169025804276
210,56,167,122.0470068354989
210,57,166,122.38565544523041
210,58,165,121.55498828913733
210,59,164,120.26391533246542
210,60,163,119.07198713767399
210,61,162,117.9412089518036
210,62,161,115.08363436260227
210,63,160,116.55960704173398
210,64,159,115.48834615948459
210,65,158,114.9309741811432
210,66,157,114.28783335434613
210,67,156,113.44997691840722
210,68,155,114.2313427616487
210,69,154,114.15240877493294
210,70,153,116.18362505718927
210,71,152,117.69622296802811
210,72,151,119.84068918343205
210,73,150,120.22451252796417
210,74,149,119.67033641181301
210,75,148,121.32662054915224
210,76,147,121.4146322430866
210,77,146,121.3485093812493
210,78,145,120.67380380915797
210,79,144,120.18323454102622
210,80,143,121.10556721191709
210,81,142,121.26776671660448
210,82,141,120.76343368809879
210,83,140,119.14260616983907
210,84,139,122.25781702258419
210,85,138,121.33489687461125
210,86,137,120.89554603425701
210,87,136,118.73033117659732
210,88,135,119.3309326765955
210,89,134,118.92190100179424
210,90,133,117.91531806975257
210,91,132,116.87980433879913
210,92,131,116.4078152443924
210,93,130,118.23182720231802
210,94,129,119.36814831534421
210,95,128,119.25495553349353
210,96,127,116.27200739113961
210,97,126,118.0805264346121
210,98,125,115.93256411767703
210,99,124,117.31403116377763
210,100,123,115.13687519640922
210,101,122,116.19786280051733
210,102,121,114.76751363947683
210,103,120,113.98839949312197
210,104,119,113.10109028537943
210,105,118,112.77135501218692
210,106,117,111.39355915305173
210,107,116,108.17446919780915
210,108,115,102.19199068347852
210,109,114,103.66372764254953
210,110,113,102.0528012042718
210,111,112,102.45178129327101
210,112,111,108.48797120324267
210,113,110,103.21572907330383
210,114,109,105.2173819625334
210,115,108,103.00571931096418
210,116,107,104.10922535894676
210,117,106,108.31847257047748
210,118,105,104.86278633962169
210,119,104,104.29992210395855
210,120,103,103.8463478211322
210,121,102,104.45912272632276
210,122,101,106.22654976754895
210,123,100,108.61112594294352
210,124,99,105.94560133097607
210,125,98,95.8646085769205
210,126,97,93.39655822458195
210,127,96,87.83659570233431
210,128,95,93.9934988107666
210,129,94,90.16101782461848
210,130,93,87.97772417297021
210,131,92,80.38833978274303
210,132,91,77.68410976226743
210,133,90,82.5195172925304
210,134,89,79.82058712367703
210,135,88,79.74913949815598
211,40,274,125.0
211,41,273,125.0
211,42,272,124.82481315696145
211,43,271,125.0
211,44,270,125.0
211,45,269,125.0
211,46,268,124.7391375859032
211,47,267,124.61749148425633
211,48,266,125.0
211,49,265,125.0
211,50,264,124.71448960944204
211,51,263,123.54948233652547
211,52,262,123.48170810409434
211,53,261,123.51547907614975
211,54,260,124.13122030240348
211,55,259,124.4451899959206
211,56,258,124.25734972928682
211,57,257,124.40222221527155
211,58,256,124.82751292882304
211,59,255,124.42011270091673
211,60,254,124.14858184400693
211,61,253,124.53305139870429
211,62,252,124.63252891014363
211,63,251,125.0
211,64,250,124.48026603457193
211,65,249,124.03971313606411
211,66,248,124.15145188836873
211,67,247,124.64487201577981
211,68,246,124.56173306834631
211,69,245,124.55261357875136
211,70,244,124.27721949011614
211,71,243,125.0
211,72,242,124.62307534403182
211,73,241,124.91486833267484
211,74,240,125.0
211,75,239,124.36423667090347
211,76,238,124.49991689395317
211,77,237,124.09836935628442
211,78,236,123.59285003210691
211,79,235,124.08913957235586
211,80,234,122.40564374629916
211,81,233,121.0950958070305
211,82,232,124.17708891903206
211,83,231,123.94598064486169
211,84,230,124.26485736919297
211,85,229,124.50893940192569
211,86,228,124.67788140958085
211,87,227,124.37256567841197
211,88,226,124.48879891681425
211,89,225,124.58146100032121
211,90,224,124.82151779179507
211,91,223,124.92067540127044
211,92,222,125.0
211,93,221,124.77741529296487
211,94,220,124.65855520483666
211,95,219,124.86323970834411
211,96,218,123.88117817299809
211,97,217,123.81794335719795
211,98,216,123.40052968430668
211,99,215,123.20409972448434
211,100,214,122.35904881606757
211,101,213,123.31709017643458
211,102,212,122.47191222537336
211,103,211,122.89568471759937
211,104,210,121.67724180131957
211,105,209,122.13470968808699
211,106,208,122.99648107359806
211,107,207,124.00330376530758
211,108,206,124.71608045473471
211,109,205,124.78942236166088
211,110,204,124.38577988579148
211,111,203,124.59971382761024
211,112,202,124.54003738794148
211,113,201,124.78787719583565
211,114,200,124.62947081499641
211,115,199,124.96257511595249
211,116,198,125.0
211,117,197,124.87802163488637
211,118,196,124.27576747165014
211,119,195,124.36719475286017
211,120,194,124.3651931192559
211,121,193,123.89858592956205
211,122,192,124.63425316144068
211,123,191,124.38437784870956
211,124,190,124.16169837661553
211,125,189,123.84110645153712
211,126,188,123.93358117419687
211,127,187,123.73455740565714
211,128,186,123.88224915738768
211,129,185,123.71142937732195
211,130,184,123.45417086833318
211,131,183,123.81266932540606
211,132,182,124.80973464365599
211,133,181,124.61437806819987
211,134,180,124.6234683154374
211,135,179,124.08408516512597
211,136,178,123.57121414041353
211,137,177,124.76696285512259
211,138,176,124.25772965081595
211,139,175,123.86320741549063
211,140,174,123.62629168447754
211,141,173,123.41135238061389
211,142,172,124.04661254649221
211,143,171,123.23854933176906
211,144,170,123.88485031783034
211,145,169,124.85182547060253
211,146,168,124.47947020258076
211,147,167,124.92029964654495
211,148,166,124.6471679649411
211,149,165,125.0
211,150,164,124.55050039252349
211,151,163,124.39811552862483
211,152,162,123.28460446029618
211,153,161,123.70629416356695
211,154,160,123.67937218319919
211,155,159,123.85626872611067
211,156,158,123.91911586314222
211,157,157,123.50879694046586
211,158,156,123.37091924293097
211,159,155,122.60556844110816
211,160,154,122.99060540558433
211,161,153,123.6762191067352
211,162,152,124.03628317450838
211,163,151,125.0
211,164,150,125.0
211,165,149,125.0
211,166,148,125.0
211,167,147,125.0
211,168,146,124.98385638008588
211,169,145,122.14998702627807
211,170,144,120.14108685714606
211,171,143,120.38036564966708
211,172,142,120.28802071611122
211,173,141,121.10933101501823
211,174,140,121.43492480649348
211,175,139,121.9869740606099
211,176,138,122.07120991109613
211,177,137,118.78451265350705
211,178,136,118.29855094291909
211,179,135,120.56506996895483
211,180,134,121.33310564485907
211,181,133,120.03623279051342
211,182,132,122.11339200668687
211,183,131,124.37004764191198
211,184,130,125.0
211,185,129,125.0
211,186,128,125.0
211,187,127,125.0
211,188,126,125.0
211,189,125,125.0
211,190,124,124.55974586876852
211,191,123,124.79362972191636
211,192,122,125.0
211,193,121,125.0
211,194,120,124.79470162758696
211,195,119,124.15934146670402
211,196,118,124.44941313459418
211,197,117,123.90650134136837
211,198,116,123.18740382295503
211,199,115,123.67413584882186
211,200,114,121.69237652226153
211,201,113,123.86807146465479
211,202,112,123.29146195024356
211,203,111,123.30549785073856
211,204,110,119.34401769976505
211,205,109,121.66597283042023
211,206,108,119.47361962816744
212,40,297,122.90393322770069
212,41,296,122.31039686804198
212,42,295,123.05675013439173
212,43,294,122.8350453347096
212,44,293,123.31271167400824
212,45,292,125.0
212,46,291,125.0
212,47,290,125.0
212,48,289,125.0
212,49,288,125.0
212,50,287,125.0
212,51,286,125.0
212,52,285,125.0
212,53,284,125.0
212,54,283,125.0
212,55,282,125.0
212,56,281,125.0
212,57,280,125.0
212,58,279,124.72523013353184
212,59,278,124.13751960413356
212,60,277,124.91819922748041
212,61,276,124.91238201663187
212,62,275,125.0
212,63,274,124.93388206362113
212,64,273,124.73999650903791
212,65,272,124.91063078405986
212,66,271,124.46799286299934
212,67,270,124.4554040316655
212,68,269,124.36905483910333
212,69,268,123.98225970402714
212,70,267,123.73759880994176
212,71,266,123.54971052873236
212,72,265,122.97630802934219
212,73,264,120.46404198931543
212,74,263,122.63085862013926
212,75,262,121.8287607417565
212,76,261,120.91136876113829
212,77,260,123.35459370617039
212,78,259,123.91012712037582
212,79,258,123.81772540219137
212,80,257,123.65343216903717
212,81,256,123.076940165118
212,82,255,123.06014587491529
212,83,254,122.47142748954377
212,84,253,122.7688675498557
212,85,252,123.23064699356247
212,86,251,123.09780132205688
212,87,250,122.70759927919265
212,88,249,123.34902221762164
212,89,248,122.5307102222371
212,90,247,122.77671449015423
212,91,246,122.32136306400676
212,92,245,123.01541747496924
212,93,244,122.75284420025613
212,94,243,123.04686537418105
212,95,242,123.02714143467509
212,96,241,121.09978586801427
212,97,240,122.39144567359733
212,98,239,122.9519474390728
212,99,238,123.15481245722142
212,100,237,122.92076298376942
212,101,236,123.14284759399666
212,102,235,123.30756527097887
212,103,234,124.8992538974338
212,104,233,124.842640435464
212,105,232,125.0
212,106,231,124.97775819933781
212,107,230,125.0
212,108,229,124.7741666023876
212,109,228,125.0
212,110,227,124.90044600561009
212,111,226,124.56410443325059
212,112,225,123.8589527872908
212,113,224,123.87920426366053
212,114,223,123.7543173401051
212,115,222,123.76947722866157
212,116,221,123.5149338909432
212,117,220,124.21538854827223
212,118,219,125.0
212,119,218,125.0
212,120,217,125.0
212,121,216,124.55880065128915
212,122,215,124.30012485250762
212,123,214,124.70825853662113
212,124,213,124.59951432761508
212,125,212,124.84743745738771
212,126,211,124.56250650260617
212,127,210,124.16048652881764
212,128,209,124.39257153228885
212,129,208,123.27847248037129
212,130,207,123.52461130432474
212,131,206,124.44595508330755
212,132,205,124.4502282590793
212,133,204,123.3514239662009
212,134,203,122.60140504748743
212,135,202,123.26094652628977
212,136,201,122.73684138017242
212,137,200,122.44894166187609
212,138,199,123.45045678377797
212,139,198,122.20248300217297
212,140,197,122.37250153311359
212,141,196,120.99485262088089
212,142,195,121.05822446679329
212,143,194,119.65148901817435
212,144,193,118.39667891978428
212,145,192,120.69632031419187
212,146,191,120.5924712380857
212,147,190,120.51844849902494
212,148,189,122.31684456721293
212,149,188,123.13221644147988
212,150,187,122.35347209122529
212,151,186,122.91080022026179
212,152,185,122.12882266745058
212,153,184,121.41399485523897
212,154,183,121.63467591984656
212,155,182,120.25300530765199
212,156,181,120.80093906795051
212,157,180,120.97045928383864
212,158,179,122.36855802587337
212,159,178,116.59048414492548
212,160,177,119.07390784921824
212,161,176,122.32163825036096
212,162,175,123.53671317375334
212,163,174,122.03354522492293
212,164,173,121.94641473893232
212,165,172,122.69069873539743
212,166,171,121.69083248023006
212,167,170,122.0919026676575
212,168,169,120.93062927079434
212,169,168,120.31829975081442
212,170,167,120.75261995708175
212,171,166,120.84688674505742
212,172,165,122.42553665663345
212,173,164,121.97285538732051
212,174,163,122.22906224874515
212,175,162,120.60654869134763
212,176,161,121.00453215623367
212,177,160,119.20366074127669
212,178,159,121.32392567642262
212,179,158,119.58466017898661
212,180,157,120.32204058614829
212,181,156,119.7449747099271
212,182,155,117.91719910191921
212,183,154,114.35532228331722
212,184,153,112.84696435212796
212,185,152,113.35416010373547
212,186,151,114.77197179526385
212,187,150,110.79196327268917
212,188,149,119.0235862231122
212,189,148,118.26110428939216
212,190,147,116.02146100852391
212,191,146,116.796536342584
212,192,145,119.37706231387324
212,193,144,120.84716704645908
212,194,143,117.87577991444532
212,195,142,118.04519369532238
212,196,141,119.49047015295632
212,197,140,118.97978736739049
212,198,139,116.67004607043054
212,199,138,115.66447663253132
212,200,137,117.20895496773339
212,201,136,116.73536633411055
212,202,135,116.72018529281269
212,203,134,115.76172515733725
212,204,133,112.84055706228847
212,205,132,113.87479708661974
212,206,131,115.16527769099957
212,207,130,114.99514905364367
212,208,129,114.50451101781742
212,209,128,113.21931294519973
212,210,127,115.39256585729632
212,211,126,114.0522971691041
212,212,125,114.86866827624834
212,213,124,113.42317786616346
212,214,123,115.56211399506094
212,215,122,111.02598148291938
212,216,121,113.55127230501364
212,217,120,114.65259321515198
212,218,119,112.70543984827398
212,219,118,113.81052385098505
212,220,117,113.33990609338798
212,221,116,111.57672364167614
212,222,115,112.58599992771997
212,223,114,113.37052799915995
212,224,113,112.51670899029963
212,225,112,115.2369059407051
212,226,111,113.8692086946853
212,227,110,115.84554068545387
212,228,109,116.40595863530653
212,229,108,114.3252101287005
212,230,107,111.09678245479206
212,231,106,110.261259773091
212,232,105,109.13531102006772
212,233,104,108.27318390486263
212,234,103,105.81795026146915
212,235,102,99.79789892108896
212,236,101,99.91814292385399
212,237,100,99.31953805538026
212,238,99,87.92739310381035
212,239,98,92.5284600948658
212,240,97,91.3186959790938
212,241,96,86.07532162051682
212,242,95,87.69003372422192
212,243,94,91.9226911892203
212,244,93,83.11186651238863
212,245,92,86.22173771387199
212,246,91,83.74845094241581
212,247,90,74.60167832361569
212,248,89,78.77649240356982
212,249,88,75.33216088797397
212,250,87,75.28044138411082
212,251,86,80.50847030859256
212,252,85,80.15436026782962
212,253,84,86.94928382598123
212,254,83,82.28669032040742
212,255,82,79.21562134784841
212,256,81,78.27255010502132
212,257,80,76.42637559687196
212,258,79,75.14979414489244
212,259,78,70.10923571623493
212,260,77,66.12723261074024
212,261,76,76.42362110719063
213,40,262,123.8860481836706
213,41,261,123.14274798925564
213,42,260,123.03835446868844
213,43,259,123.04724317625967
213,44,258,123.7444639103021
213,45,257,123.57806936652923
213,46,256,122.39800468905143
213,47,255,121.2753228367365
213,48,254,119.98931865860528
213,49,253,120.68907285280291
213,50,252,120.88683719577418
213,51,251,122.20393883869762
213,52,250,119.12022663021924
213,53,249,121.7091196368647
213,54,248,121.84400020927023
213,55,247,123.26764904991634
213,56,246,123.6261264514967
213,57,245,124.76004983457057
213,58,244,124.7690275027436
213,59,243,124.68885512371386
213,60,242,124.32068958016825
213,61,241,123.96967158694132
213,62,240,123.08455832903928
213,63,239,123.27177346117486
213,64,238,123.25291021297441
213,65,237,123.2706995890405
213,66,236,123.74214672185667
213,67,235,124.18310850919406
213,68,234,124.09712262702001
213,69,233,123.63715328417234
213,70,232,123.11813339197181
213,71,231,123.35206107491217
213,72,230,122.63919968080131
213,73,229,122.21773633504708
213,74,228,121.17877347668225
213,75,227,120.18782322047926
213,76,226,121.54941170103984
213,77,225,121.19877668318402
213,78,224,123.23211274920527
213,79,223,123.62133075182419
213,80,222,122.58538627065718
213,81,221,122.86084041431444
213,82,220,122.2778018310273
213,83,219,122.6443340976802
213,84,218,123.08855207031156
213,85,217,123.75647515964361
213,86,216,124.14541169213786
213,87,215,123.4021047500787
213,88,214,123.0478618621319
213,89,213,123.19111214561752
213,90,212,123.48097219658868
213,91,211,123.69797369589526
213,92,210,123.58704780243903
213,93,209,122.34361401221344
213,94,208,122.95422231904392
213,95,207,122.40332105242703
213,96,206,123.22780094282791
213,97,205,123.21474877033214
213,98,204,122.21988167683989
213,99,203,123.10512164223914
213,100,202,123.06520456023483
213,101,201,123.35402615411388
213,102,200,121.40261258531362
213,103,199,119.36094316942491
213,104,198,118.22288900381255
213,105,197,121.92369652576943
213,106,196,121.77013675151458
213,107,195,122.62903108826418
213,108,194,116.24144835029051
213,109,193,116.63698786945955
213,110,192,118.86827877411578
213,111,191,117.994727741216
213,112,190,119.42436790057704
213,113,189,120.83032187372623
213,114,188,117.26413570929179
213,115,187,116.75891980918689
213,116,186,119.9798553909178
213,117,185,115.86021186001125
213,118,184,115.6935504493764
213,119,183,115.23774055622249
213,120,182,112.24840441889623
213,121,181,111.72245070090366
213,122,180,112.96688884411131
213,123,179,115.11148809446546
213,124,178,106.632998889842
213,125,177,111.22612583779681
213,126,176,114.25368263540159
213,127,175,116.21565278391847
213,128,174,118.54887483653019
213,129,173,120.38578312264848
213,130,172,122.28104204224786
213,131,171,124.52589548259006
213,132,170,124.50722266176109
213,133,169,124.3109647632122
213,134,168,124.27330774544524
213,135,167,124.24269965498874
213,136,166,123.57681764050866
213,137,165,122.87493822461786
213,138,164,122.93919440564258
213,139,163,123.67489605056754
213,140,162,123.45738587799643
213,141,161,123.18034003578742
213,142,160,123.31928544753899
213,143,159,124.13030462335396
213,144,158,124.39895660435965
213,145,157,124.72111484325268
213,146,156,125.0
213,147,155,125.0
213,148,154,124.52973381651628
213,149,153,124.61838644740504
213,150,152,124.95502872695175
213,151,151,124.98777389306963
213,152,150,124.51593876150821
213,153,149,124.41554413825776
213,154,148,122.41451730205739
213,155,147,123.54463899389862
213,156,146,122.11403060083963
213,157,145,122.59158095337399
213,158,144,120.89881680216143
213,159,143,121.32395071538673
213,160,142,117.62011958350499
213,161,141,117.90002300482573
213,162,140,114.48141046491746
213,163,139,113.52001971845888
213,164,138,114.00149123503226
213,165,137,116.01858591720516
213,166,136,115.51306831701868
213,167,135,115.60329655966609
213,168,134,114.24427614074668
213,169,133,113.28520916595245
213,170,132,115.744102553767
213,171,131,119.05047137716406
213,172,130,120.99211338758107
213,173,129,119.20443029249863
213,174,128,115.28622626889195
213,175,127,113.19011456938665
213,176,126,114.11995697897353
213,177,125,112.1092577623015
213,178,124,115.69749157377882
213,179,123,116.7098750954431
213,180,122,115.55209355512685
213,181,121,113.23560401459498
213,182,120,110.72077850351425
213,183,119,113.71174968442739
213,184,118,112.92406527058286
213,185,117,113.20398358139514
213,186,116,111.72404109383803
213,187,115,112.54222102845283
213,188,114,112.35488793374964
213,189,113,117.9517031124436
213,190,112,120.16949049392915
213,191,111,121.53643802347037
213,192,110,119.47804482851376
213,193,109,112.88654199952634
213,194,108,111.22453656372946
213,195,107,111.14724612711635
213,196,106,107.28347912954345
213,197,105,106.19139069564707
213,198,104,108.35478286169365
213,199,103,104.22241047398737
213,200,102,97.15826476747253
213,201,101,98.7461015698662
213,202,100,92.89049720371726
213,203,99,98.62212061627159
213,204,98,92.15869501294365
213,205,97,93.12341053952967
213,206,96,94.4056815348149
213,207,95,96.00576480319089
213,208,94,94.16313342588371
213,209,93,97.53407664594755
213,210,92,92.49797316103741
213,211,91,93.17434521006268
213,212,90,93.64740463100131
213,213,89,88.25819070368564
213,214,88,85.21897877729731
213,215,87,78.38275081791215
213,216,86,80.05900460703084
213,217,85,79.57159067067187
213,218,84,80.16862022245527
213,219,83,74.34751096692243
213,220,82,73.46761705182453
213,221,81,73.102993073318
213,222,80,73.5567169598891
213,223,79,74.80875980505843
213,224,78,74.7320854145102
213,225,77,78.83064616256462
213,226,76,75.98697948151145
213,227,75,74.31035699748793
213,228,74,70.94637705899073
213,229,73,70.89674073303547
213,230,72,71.22277365112993
213,231,71,71.62833035418936
213,232,70,73.31915739104153
213,233,69,72.35738739766433
213,234,68,69.78599980624915
213,235,67,73.30779029318774
213,236,66,71.47254613948311
213,237,65,70.04125522590599
213,238,64,69.28253372514405
213,239,63,68.13064010746974
213,240,62,66.43480301780315
213,241,61,64.77533478004483
213,242,60,63.18558356329144
213,243,59,59.2729990255328
213,244,58,55.30578880613267
213,245,57,54.98516859512998
213,246,56,54.38281343001488
213,247,55,57.69453385179084
213,248,54,56.2594373596343
213,249,53,55.2472177187194
213,250,52,55.33069716698272
213,251,51,52.21435592061762
213,252,50,50.729249693643254
213,253,49,52.5764334279392
213,254,48,51.711468940054715
213,255,47,49.421792193980565
213,256,46,49.075630250266336
213,257,45,51.93701969533956
213,258,44,49.70322539227334
213,259,43,44.80482805373947
213,260,42,44.38811822632921
213,261,41,40.86573078688555
213,262,40,38.41728808684478
213,263,39,36.752332066166254
213,264,38,37.22855559319274
213,265,37,39.635008928583545
213,266,36,37.7750912763894
213,267,35,38.11458284586839
213,268,34,36.81932223936342
213,269,33,34.947786703149134
213,270,32,32.93491058425599
213,271,31,33.32352500477391
213,272,30,28.960762300287044
213,273,29,28.25695935663628
213,274,28,30.291199501305375
213,275,27,27.679075013235845
213,276,26,25.704734064836167
213,277,25,25.20969925876134
213,278,24,26.583299953014865
213,279,23,23.701401321720354
213,280,22,23.435961867358024
213,281,21,21.534618341558605
213,282,20,21.85556572294595
213,283,19,20.730848704125734
213,284,18,17.66487005928768
213,285,17,18.37744952644932
213,286,16,18.13248690999213
213,287,15,19.730245166064087
213,288,14,17.70332292812705
214,40,151,121.76117731142324
214,41,150,121.1383047834329
214,42,149,120.82763866110102
214,43,148,121.41375316396862
214,44,147,121.1169096349428
214,45,146,120.4991966626535
214,46,145,119.59254306685196
214,47,144,117.86673877239474
214,48,143,119.87004246189798
214,49,142,119.40514813800311
214,50,141,118.83163922670306
214,51,140,118.88747959039759
214,52,139,117.75183326340287
214,53,138,116.1980325889902
214,54,137,116.72300028434549
214,55,136,115.98344663823717
214,56,135,117.13982305704066
214,57,134,118.03724066445692
214,58,133,117.96289520253114
214,59,132,119.69905392471765
214,60,131,116.73224752726438
214,61,130,116.7985621332929
214,62,129,116.6274889366081
214,63,128,116.55229933958573
214,64,127,117.28550369080298
214,65,126,116.5783817329562
214,66,125,118.02290681105865
214,67,124,119.83439383885678
214,68,123,119.76957430347719
214,69,122,119.92447245371898
214,70,121,117.65466876924691
214,71,120,118.49367058304901
214,72,119,120.78404849456555
214,73,118,119.34306507254246
214,74,117,117.18232912445245
214,75,116,118.00348054409119
214,76,115,116.0673825656265
214,77,114,110.06792647603882
214,78,113,108.85732336625426
214,79,112,105.07680897500812
214,80,111,104.17124842695986
214,81,110,107.95128992213418
214,82,109,107.22603599853745
214,83,108,111.05356608205389
214,84,107,101.21474247261361
214,85,106,102.74157327559013
214,86,105,99.77120280566331
214,87,104,98.37550325711733
214,88,103,96.52559128788391
214,89,102,93.41602388411079
214,90,101,93.52030535370105
214,91,100,96.66118329017941
214,92,99,99.08613398581682
214,93,98,93.74634156158137
214,94,97,92.42277388541379
214,95,96,97.37433634918774
214,96,95,100.57725992585867
214,97,94,100.50237763448622
214,98,93,101.2112742229499
214,99,92,100.52056322949312
214,100,91,87.4388531510253
214,101,90,80.93752159466524
214,102,89,74.1706160548249
215,40,177,123.69073908333796
215,41,176,122.63556175616904
215,42,175,122.06575414556455
215,43,174,121.57561004143136
215,44,173,123.66477220290389
215,45,172,122.62802357149283
215,46,171,123.52705477828675
215,47,170,124.00301277681376
215,48,169,125.0
215,49,168,125.0
215,50,167,124.43540575675576
215,51,166,120.83028022264651
215,52,165,119.53144435025546
215,53,164,118.977181462161
215,54,163,121.37759074634992
215,55,162,115.28353628419397
215,56,161,117.59304281275756
215,57,160,115.35522665989714
215,58,159,123.150534237865
215,59,158,124.62337712484967
215,60,157,123.79564654589903
215,61,156,123.98361537376934
215,62,155,123.09502340733181
215,63,154,119.74656408950509
215,64,153,120.05536660716649
215,65,152,119.0639677133626
215,66,151,118.67233923580146
215,67,150,117.84559256746105
215,68,149,120.301440192182
215,69,148,119.30664217995236
215,70,147,119.77376630618008
215,71,146,119.49792243215545
215,72,145,118.46616693115816
216,40,241,122.14454951695303
216,41,240,122.27450748802848
216,42,239,123.31217639996893
216,43,238,122.98872442700198
216,44,237,122.34384220429837
216,45,236,122.93014063586676
216,46,235,123.15256574652761
216,47,234,123.51820546901865
216,48,233,123.26660778494374
216,49,232,123.56587229902445
216,50,231,123.59227017981556
216,51,230,123.6958479893266
216,52,229,125.0
216,53,228,124.85941477402031
216,54,227,124.80125113072238
216,55,226,124.83726055026796
216,56,225,124.12281466779842
216,57,224,123.45155090313419
216,58,223,123.3464875330369
216,59,222,122.19496048162594
216,60,221,122.78389757572316
216,61,220,122.34753163534009
216,62,219,121.05504024293185
216,63,218,121.44838046669192
216,64,217,120.26914573351331
216,65,216,118.95011879403707
216,66,215,118.16238286444252
216,67,214,119.69064296797302
216,68,213,118.29944173446843
216,69,212,118.32625904651249
216,70,211,116.1840504251546
216,71,210,116.23794934974423
216,72,209,113.58521022612085
216,73,208,114.07658243472467
216,74,207,114.82169690076171
216,75,206,117.37468711934932
216,76,205,115.23498969545136
216,77,204,117.82550350444555
216,78,203,117.93132635485775
216,79,202,119.81861402166979
216,80,201,121.60253874495356
216,81,200,122.34857704698432
216,82,199,122.08602634439441
216,83,198,122.58032321535819
216,84,197,121.54758619327393
216,85,196,119.93866049606429
216,86,195,119.23873872812646
216,87,194,116.89944266176914
216,88,193,116.81681452353627
216,89,192,118.75780870168626
216,90,191,120.30547885733708
216,91,190,121.11324073002817
216,92,189,121.42843752805938
216,93,188,121.18013136903932
216,94,187,119.44526638135483
216,95,186,118.86116074881448
216,96,185,118.26796410907211
216,97,184,118.58208495705526
216,98,183,117.30538752746637
216,99,182,117.11427796363421
216,100,181,119.7785476495703
216,101,180,118.85776182113521
216,102,179,118.2572731929658
216,103,178,117.93592257061525
216,104,177,117.87734291975826
216,105,176,117.55553737306457
216,106,175,117.66781973140516
216,107,174,119.20107213642606
216,108,173,118.66275664216532
216,109,172,117.96138968936154
216,110,171,115.38596379614853
216,111,170,115.07674391002828
216,112,169,113.64449441459254
216,113,168,114.27659731913775
216,114,167,115.71355109191305
216,115,166,113.81122981032418
216,116,165,113.28729959542073
216,117,164,114.06184992378425
216,118,163,115.2910765815653
216,119,162,116.31594249902827
216,120,161,119.77035212866
216,121,160,120.7859768660056
216,122,159,119.18209297468664
216,123,158,120.31407606339639
216,124,157,120.19400758539734
216,125,156,117.15275302665651
216,126,155,116.99634098501525
216,127,154,113.57904068160495
216,128,153,116.97013222462284
216,129,152,114.46932692138878
216,130,151,114.52925774824575
216,131,150,110.55278649410769
216,132,149,110.85338063839097
216,133,148,112.35347010050333
216,134,147,111.47608968042266
216,135,146,114.13195009469771
216,136,145,109.98206589411774
216,137,144,108.76774712979108
216,138,143,109.47819014396322
216,139,142,102.47279648770159
216,140,141,108.27477430673791
216,141,140,103.43778902773187
216,142,139,103.07555672265352
216,143,138,100.30013270863039
216,144,137,100.17585624547849
216,145,136,105.77849097567801
216,146,135,108.44161156345294
216,147,134,109.44462425990542
216,148,133,106.77175811712587
216,149,132,104.27654261578326
216,150,131,99.7794727098912
216,151,130,103.98317474026732
216,152,129,104.00500615498267
216,153,128,107.40823785537359
216,154,127,110.64989757037537
216,155,126,112.82856364119638
216,156,125,110.33012057222598
216,157,124,109.85115985357626
216,158,123,105.73911901162606
216,159,122,112.34950691299757
216,160,121,113.50766878718507
216,161,120,114.0204547798806
216,162,119,113.580877942131
216,163,118,114.49958062640069
216,164,117,115.43218810040852
216,165,116,111.57812447203523
216,166,115,112.1187433458868
216,167,114,111.97514038766795
216,168,113,113.05275792235909
216,169,112,111.66847093455307
216,170,111,110.27361584382334
216,171,110,107.5880620335484
216,172,109,106.81625275638046
216,173,108,110.66489592625396
216,174,107,112.24167152201694
216,175,106,114.20967638639645
216,176,105,112.12420364412849
216,177,104,108.98805647508995
216,178,103,107.36189152585223
216,179,102,107.70841774147272
216,180,101,103.71468238604342
216,181,100,93.40426295020858
216,182,99,89.89387490348399
216,183,98,92.90610690811738
216,184,97,100.87127500500243
216,185,96,102.11744584296392
216,186,95,106.2426909064186
216,187,94,101.84535617480987
216,188,93,102.77246721816138
216,189,92,92.55649397068962
216,190,91,92.20098352381268
216,191,90,88.69990663300015
216,192,89,88.17810812586686
216,193,88,93.4459819430831
216,194,87,96.8382067706985
216,195,86,90.73922602355105
216,196,85,77.72813694056886
216,197,84,78.45859918015559
216,198,83,73.87757299535633
216,199,82,77.05067820186248
216,200,81,81.36474761160027
216,201,80,78.13625168345351
216,202,79,81.2398471472523
216,203,78,84.04507216582846
216,204,77,80.12159254616961
216,205,76,76.3718883683637
216,206,75,86.18587395425816
216,207,74,87.28089467290391
216,208,73,92.85708841611395
216,209,72,92.24858010191957
216,210,71,93.96039003361119
216,211,70,92.29404535025526
216,212,69,84.72775763196762
216,213,68,80.40458479601077
216,214,67,77.09018881646983
216,215,66,77.91827583465874
216,216,65,81.94334461442537
216,217,64,84.51944487434653
216,218,63,83.64936527435864
216,219,62,88.06085905808978
216,220,61,82.62378198566668
216,221,60,78.55788694525444
216,222,59,74.58025487065717
216,223,58,72.56527172408656
216,224,57,74.66754434444596
216,225,56,67.2662515962721
216,226,55,67.49380648171149
216,227,54,51.60377507987131
216,228,53,54.612309236744466
216,229,52,46.898169734065554
216,230,51,47.41993829236043
216,231,50,42.836446953453034
216,232,49,38.997030668745374
216,233,48,37.8703204210797
216,234,47,37.95007954606203
216,235,46,39.54641437751103
216,236,45,42.881428316671915
216,237,44,43.18483946040726
216,238,43,48.72944504362111
216,239,42,49.16761449559523
216,240,41,46.169503970152306
216,241,40,41.84698692185087
216,242,39,42.86281789163982
216,243,38,39.39181865411199
216,244,37,35.81596516987315
216,245,36,38.395399074512056
216,246,35,41.05857030063035
216,247,34,39.74125913210772
216,248,33,40.76913067068839
216,249,32,44.419472519078845
216,250,31,42.35885111833453
216,251,30,37.28101797890716
216,252,29,36.38424753206313
216,253,28,33.672948050262335
216,254,27,37.46460403355333
216,255,26,35.068393554724324
216,256,25,33.02963062002138
216,257,24,31.32871294196741
216,258,23,33.65857955264693
216,259,22,30.548189182641984
216,260,21,27.178302121666263
216,261,20,26.11881954831656
216,262,19,26.03991248607611
216,263,18,25.055975996042847
216,264,17,22.912224572637754
217,40,167,122.23326712788543
217,41,166,124.37025671475254
217,42,165,123.61646383371001
217,43,164,123.27088573982923
217,44,163,120.97008003100086
217,45,162,118.64098073622802
217,46,161,117.8373903269346
217,47,160,118.04209826595067
217,48,159,119.13237818166084
217,49,158,118.40255682938613
217,50,157,117.2245078611729
217,51,156,119.54205343915004
217,52,155,118.76858925961201
217,53,154,119.2081332737056
217,54,153,118.12419913381378
217,55,152,119.73994377538247
217,56,151,120.68868908337365
217,57,150,119.94306033885668
217,58,149,120.63612698200916
217,59,148,117.72407994744782
217,60,147,114.3043677102252
217,61,146,112.47459429747018
217,62,145,113.68832524065435
217,63,144,111.22608580897304
217,64,143,112.56891395259164
217,65,142,111.84752972806423
217,66,141,110.33356817321945
217,67,140,109.66178650383856
217,68,139,105.48638516510039
217,69,138,104.93358033293057
217,70,137,105.4994247909388
217,71,136,105.15414954096562
217,72,135,106.04590985874329
217,73,134,109.29470415902935
217,74,133,107.86477227154441
217,75,132,103.50241118118325
217,76,131,101.20204565778755
217,77,130,102.08994946009176
217,78,129,92.56326852417418
217,79,128,99.48383113841825
217,80,127,103.560657974137
217,81,126,107.26605974419131
217,82,125,108.01043220027532
217,83,124,105.81326823172759
217,84,123,105.07198737996147
217,85,122,102.8780025061152
217,86,121,102.98402958722923
217,87,120,106.6249151628657
217,88,119,105.10946517107983
217,89,118,100.13107789854891
217,90,117,98.81734951127552
217,91,116,94.81987814265875
217,92,115,97.19678159427596
217,93,114,97.71387704248588
217,94,113,100.35679983769846
217,95,112,100.07550164902288
217,96,111,105.06638269281608
217,97,110,97.22260825146977
217,98,109,100.77613563214203
217,99,108,95.73138107593945
217,100,107,103.93194103370439
217,101,106,100.28530059154602
217,102,105,98.42089583746125
217,103,104,95.36398314204882
217,104,103,89.20308385846997
217,105,102,88.23139947709495
217,106,101,84.34979262636554
217,107,100,69.7123605135916
217,108,99,73.40696425727629
217,109,98,77.41836607377573
217,110,97,81.88276162527134
217,111,96,81.70675070258798
217,112,95,82.07782445537546
217,113,94,86.78935192358139
217,114,93,89.72495184740026
217,115,92,72.81254951581181
217,116,91,70.90980650825477
217,117,90,73.26632890293274
217,118,89,65.41092708350007
217,119,88,66.18016339922696
217,120,87,69.85388440324756
217,121,86,77.95649354370039
217,122,85,81.82479666021075
217,123,84,82.82640216345006
217,124,83,82.97278944503404
217,125,82,84.69678953912398
217,126,81,82.2383718825838
217,127,80,80.87506259451695
217,128,79,75.88227732502472
217,129,78,72.55540525755964
217,130,77,77.34356159520992
217,131,76,71.11531166569472
217,132,75,76.90958055667471
217,133,74,72.6941161923676
217,134,73,75.84896501446897
217,135,72,72.18288549301799
217,136,71,70.10943253540974
217,137,70,72.65233677582034
217,138,69,75.37829507991286
217,139,68,75.71544595822382
217,140,67,77.02989690773296
217,141,66,76.81329630803825
218,40,177,122.82422984491305
218,41,176,122.85141915849393
218,42,175,122.61334759201142
218,43,174,122.58108470821216
218,44,173,120.73273861758065
218,45,172,121.60446440938473
218,46,171,119.96888548831492
218,47,170,120.62586182148496
218,48,169,121.24864606254505
218,49,168,121.39316982524775
218,50,167,121.03436965236216
218,51,166,122.33044480056131
218,52,165,122.75287566179279
218,53,164,122.13615808923814
218,54,163,119.92771712814343
218,55,162,120.13057825307378
218,56,161,116.49189004530515
218,57,160,117.05180540376178
218,58,159,118.20881014680259
218,59,158,116.68637725578101
218,60,157,116.40255157327427
218,61,156,116.61238424063706
218,62,155,117.3828030624224
218,63,154,116.96827139401785
219,40,111,122.57568803372996
219,41,110,123.88821937062667
219,42,109,124.00080944241603
219,43,108,125.0
219,44,107,125.0
219,45,106,124.04552278315175
219,46,105,123.00838989926727
219,47,104,121.60172293200807
219,48,103,122.10921817037276
219,49,102,121.81150979065755
219,50,101,119.70924882239702
219,51,100,120.56750947413298
219,52,99,118.19938904496459
219,53,98,119.26058856945097
219,54,97,120.5783105449297
219,55,96,121.56411397174003
219,56,95,116.92416897825353
219,57,94,116.54158689313076
219,58,93,117.21000825425705
219,59,92,117.96876502548255
219,60,91,117.67389548616846
219,61,90,117.04955656137233
219,62,89,114.04716098275196
219,63,88,112.38888058064819
219,64,87,113.65237968995294
219,65,86,107.87027216924473
219,66,85,105.56603437311932
219,67,84,106.07759652961906
219,68,83,98.32152232151685
219,69,82,92.90060962994677
219,70,81,87.70339011606642
219,71,80,94.06260202734339
219,72,79,92.8994084874349
219,73,78,91.81126945118595
219,74,77,85.20143605875417
219,75,76,80.0787167679989
219,76,75,70.4096026097865
219,77,74,67.48267413399364
219,78,73,64.94712995407552
219,79,72,62.32164916566033
219,80,71,63.470364724004725
219,81,70,74.85325770595396
219,82,69,72.84002409160323
219,83,68,74.26225656127156
219,84,67,73.04164667511566
219,85,66,68.48137390871078
219,86,65,64.23634095859126
219,87,64,60.463147029590914
219,88,63,64.70608664661111
219,89,62,56.68218999323883
219,90,61,53.77231118539352
219,91,60,57.87657939440537
219,92,59,55.47515769883177
219,93,58,52.84164846447908
219,94,57,56.60585040677846
219,95,56,53.68936597789414
219,96,55,52.71217586297645
219,97,54,51.63845562701849
219,98,53,53.50269428682988
219,99,52,50.1327682703289
219,100,51,48.400986630260064
219,101,50,46.99674436308018
219,102,49,50.00660088807744
219,103,48,50.25929644479061
219,104,47,44.60959408882495
219,105,46,41.099036726998385
219,106,45,39.09861074764194
219,107,44,36.399179401313624
219,108,43,36.89672693424214
219,109,42,37.71647604176959
219,110,41,36.43385481989414
220,40,207,124.18926636983767
220,41,206,125.0
220,42,205,124.50070261313127
220,43,204,124.55710494199072
220,44,203,124.22965361682171
220,45,202,124.39600288308367
220,46,201,125.0
220,47,200,125.0
220,48,199,124.83845750963124
220,49,198,125.0
220,50,197,124.23725350412667
220,51,196,124.36092660859603
220,52,195,123.94281577993897
220,53,194,123.00266298326169
220,54,193,123.10531535742817
220,55,192,123.69722272777935
220,56,191,122.60405311532756
220,57,190,123.62242227923005
220,58,189,122.80719632738922
220,59,188,122.55298251931293
220,60,187,122.9100970841389
220,61,186,123.23727173754186
220,62,185,122.74838423658593
220,63,184,121.87379842808893
220,64,183,122.4532614466988
220,65,182,121.8324275982056
221,40,209,118.8148576704475
221,41,208,118.21707595730977
221,42,207,121.9208761093698
221,43,206,122.41894888366758
221,44,205,124.55331830782035
221,45,204,125.0
221,46,203,123.6422475944125
221,47,202,122.81920825094008
221,48,201,124.53421538363806
221,49,200,123.04792461822562
221,50,199,123.38904033688496
221,51,198,123.4047536983856
221,52,197,123.85471803908958
221,53,196,123.66954588552815
221,54,195,122.8130842695027
221,55,194,124.19133625843364
221,56,193,124.68144950543333
221,57,192,125.0
221,58,191,125.0
221,59,190,125.0
221,60,189,125.0
221,61,188,124.70030558873532
221,62,187,125.0
221,63,186,124.88350686138261
221,64,185,124.61156135234833
221,65,184,124.96079256843318
221,66,183,125.0
221,67,182,124.74588795415428
221,68,181,124.21120613839028
221,69,180,122.608312895651
221,70,179,122.90413291740964
221,71,178,122.88880292107619
221,72,177,121.75904564790306
221,73,176,124.22074585398084
221,74,175,124.24724326848337
221,75,174,124.4690433651407
221,76,173,123.8455233610959
221,77,172,123.296892289581
221,78,171,121.33910099577878
221,79,170,119.36358247810043
221,80,169,119.54248274886551
221,81,168,120.50590071974511
221,82,167,120.85170720043052
221,83,166,119.54420119356726
221,84,165,120.45171130063972
221,85,164,120.30296919134388
221,86,163,120.20797289780151
221,87,162,120.7663864784717
221,88,161,120.26141071421944
221,89,160,121.13485343601639
221,90,159,120.30246455831897
221,91,158,120.91660322571148
221,92,157,121.04533213093038
221,93,156,120.72095738002209
221,94,155,122.09895685123932
221,95,154,122.40824715904503
221,96,153,122.7617955838263
221,97,152,122.73573068650762
221,98,151,120.7714936620782
221,99,150,123.0880419862151
221,100,149,122.73320038895983
221,101,148,124.38375701388553
221,102,147,124.28615121177653
221,103,146,124.57906505747002
221,104,145,124.7870171843428
221,105,144,124.19797794846932
221,106,143,124.32719730581496
221,107,142,125.0
221,108,141,124.96064399653179
221,109,140,123.98875841739722
221,110,139,124.6064872947914
221,111,138,124.5880289318774
221,112,137,123.91314887539218
221,113,136,123.85187423479485
221,114,135,124.13476535266238
221,115,134,123.05784402900719
221,116,133,123.17804139553542
221,117,132,123.78561283073412
221,118,131,122.8636873646536
221,119,130,121.69252888982516
221,120,129,121.90422105392656
221,121,128,122.02079368991227
221,122,127,121.50066351675139
221,123,126,122.84667609108661
221,124,125,122.06694174639924
221,125,124,122.3887101327065
221,126,123,121.47365660950939
221,127,122,121.07178696147805
221,128,121,119.86720394319246
221,129,120,118.52111729405007
221,130,119,118.98090539044091
221,131,118,120.45958870661373
221,132,117,118.49722001445542
221,133,116,117.91358162819895
221,134,115,115.60229062815748
221,135,114,110.72439755825953
221,136,113,110.06177953348678
221,137,112,106.12156653784388
221,138,111,104.4221232584566
221,139,110,105.40397277456296
221,140,109,99.11200267838095
221,141,108,100.50556057084134
221,142,107,95.20592854017414
221,143,106,92.58748923501946
221,144,105,97.4438894288246
221,145,104,92.5246920508181
221,146,103,100.48246522765561
221,147,102,104.76753434225496
221,148,101,106.21921461209685
221,149,100,105.89989654852403
221,150,99,109.97889520849441
221,151,98,106.54231250135678
221,152,97,104.02863428932854
221,153,96,106.38152219738254
221,154,95,104.70965080289413
221,155,94,104.24361050752523
221,156,93,106.76677730924746
221,157,92,107.27179832796566
221,158,91,98.70165818249856
221,159,90,98.3965335933732
221,160,89,99.95496756831211
221,161,88,99.63739334416746
221,162,87,88.74811468753057
221,163,86,89.25442916733263
221,164,85,86.6658766633791
221,165,84,86.77181803495154
221,166,83,80.01061950884683
221,167,82,78.3664853364221
221,168,81,85.40844153079891
221,169,80,89.09397957385508
221,170,79,91.29573429075671
221,171,78,90.29873999154631
221,172,77,83.32555129310228
221,173,76,77.96535903062883
221,174,75,73.03716213500778
221,175,74,73.4115652282528
221,176,73,72.67119770563735
222,40,177,124.25905771647426
222,41,176,123.70716108538774
222,42,175,123.95078817722408
222,43,174,124.12765431160051
222,44,173,124.25957301024374
222,45,172,124.34688307619491
222,46,171,124.76017959176325
222,47,170,124.799578679733
222,48,169,124.74484724467703
222,49,168,124.58453239484963
222,50,167,123.5823327635461
222,51,166,123.41540061057836
222,52,165,122.77105642529571
222,53,164,122.70894104446657
222,54,163,123.32618033462268
222,55,162,124.43237267356695
222,56,161,122.57105675256088
222,57,160,124.61327684156576
222,58,159,124.54040272751857
222,59,158,124.46891883313586
222,60,157,124.028297332468
222,61,156,124.1679639307785
222,62,155,124.10846175646127
222,63,154,124.55027977372994
222,64,153,124.23190135121112
222,65,152,124.06779288902777
222,66,151,123.88917513381708
222,67,150,123.68710815997159
222,68,149,124.72069928635295
222,69,148,124.53901929940562
222,70,147,124.28078182771296
222,71,146,123.33888300555515
222,72,145,123.42407550032178
222,73,144,123.90103059130203
222,74,143,123.26784809192964
222,75,142,122.77166232679042
222,76,141,121.615241409748
222,77,140,118.95179453851793
222,78,139,121.39161651809184
222,79,138,120.52312093298133
222,80,137,120.81089177053734
222,81,136,121.79478948041785
222,82,135,118.94360924704989
222,83,134,121.49731382675094
222,84,133,122.48769672131414
222,85,132,123.56715344241329
222,86,131,123.82482570369064
222,87,130,122.63668866689947
222,88,129,122.8178283433752
222,89,128,121.07311701102878
222,90,127,121.36078690252552
222,91,126,122.5590337940934
222,92,125,122.71660118233154
222,93,124,122.91368937622352
222,94,123,123.26312309420838
222,95,122,119.89474231598957
222,96,121,121.39220112821326
222,97,120,121.52439374224699
222,98,119,122.39574400989737
222,99,118,120.91845023351982
222,100,117,121.47889900187855
222,101,116,120.67982900404205
222,102,115,119.03808000189576
222,103,114,119.02621398899336
222,104,113,117.4639629294494
222,105,112,116.3147421260682
222,106,111,116.6645894226868
222,107,110,118.3809365594736
222,108,109,119.9805728956232
222,109,108,119.6522365432979
222,110,107,118.8980093601687
222,111,106,119.73694060305189
222,112,105,119.67934859350532
222,113,104,119.08597110335788
222,114,103,121.38503097959824
222,115,102,117.73498621534492
222,116,101,118.58654193942165
222,117,100,113.2072100678484
222,118,99,117.44211876184636
222,119,98,114.32582820245283
222,120,97,112.7992313951572
222,121,96,111.06152056724162
222,122,95,106.96415430304832
222,123,94,108.30899269858824
222,124,93,110.47070780382538
222,125,92,110.49285303456126
222,126,91,108.5459459280852
222,127,90,107.16705152643755
222,128,89,108.78715146733089
222,129,88,104.21721072095954
222,130,87,107.35935656760698
222,131,86,106.69918452938975
222,132,85,105.74942581306023
222,133,84,104.6871094021645
222,134,83,105.25033285877973
222,135,82,105.74776066372573
222,136,81,102.25536620358224
222,137,80,99.71202865807174
222,138,79,94.31190150855556
222,139,78,93.82842460633715
222,140,77,91.64918376121656
222,141,76,88.01050967259971
222,142,75,84.01928956024113
222,143,74,83.36169208717061
222,144,73,80.58744391734052
222,145,72,80.0163993745763
222,146,71,81.91421339908396
222,147,70,85.23090894838958
222,148,69,81.78778140248517
222,149,68,82.67323347708557
222,150,67,76.54301217740246
222,151,66,74.55132120623874
222,152,65,78.74444177568998
222,153,64,73.58515239319863
222,154,63,72.3144135430698
222,155,62,68.03704465555128
222,156,61,66.54863553732582
222,157,60,63.62694895060382
222,158,59,58.581885813417664
222,159,58,55.11131786592851
222,160,57,51.35080514683392
222,161,56,51.250256484775186
222,162,55,51.763496751869454
222,163,54,51.716441588003455
222,164,53,51.177728616921954
222,165,52,49.07474685926332
222,166,51,44.34823876915695
222,167,50,44.05752275275609
222,168,49,43.345814565096234
222,169,48,45.44974917035937
222,170,47,43.67234026923719
222,171,46,44.61320090410756
222,172,45,44.671961348662855
222,173,44,44.182691597434015
222,174,43,47.02036002333236
222,175,42,50.85056250431547
222,176,41,47.283790055340745
222,177,40,50.0780400740792
222,178,39,48.13819378769883
223,40,323,124.06420120308921
223,41,322,125.0
223,42,321,124.66122414116595
223,43,320,123.37791334757227
223,44,319,123.14456532938046
223,45,318,123.35403483745912
223,46,317,123.57860954971193
223,47,316,122.37337820540773
223,48,315,122.64911874908671
223,49,314,122.80378256411247
223,50,313,122.71596110912557
223,51,312,123.20233938378288
223,52,311,123.00089138245511
223,53,310,121.3043102725314
223,54,309,121.04708938802938
223,55,308,122.01970499689112
223,56,307,121.58153003352476
223,57,306,122.99076845705859
223,58,305,122.78994731986961
223,59,304,123.54025073124001
223,60,303,122.93296374196875
223,61,302,123.68114815343827
223,62,301,124.47801511037909
223,63,300,122.3064931806222
223,64,299,122.82372766160395
223,65,298,122.32481694927714
223,66,297,123.17716480327678
223,67,296,124.27890149472594
223,68,295,124.7335223985933
223,69,294,123.58966609334541
223,70,293,124.99364937859758
223,71,292,124.38756708639181
223,72,291,124.53560989150402
223,73,290,124.35859714703292
223,74,289,123.66281025391481
223,75,288,125.0
223,76,287,125.0
223,77,286,124.80083710181874
223,78,285,122.81594945106578
223,79,284,121.56465783747586
223,80,283,123.47649493610871
223,81,282,125.0
223,82,281,125.0
223,83,280,122.95125268687387
223,84,279,123.26549034851342
223,85,278,124.26345642966962
223,86,277,124.48000941476312
223,87,276,124.44105306153628
223,88,275,124.82058992217624
223,89,274,125.0
223,90,273,124.43816802553538
223,91,272,124.04334378930989
223,92,271,123.91394185603016
223,93,270,121.97602685655448
223,94,269,122.04244187098736
223,95,268,122.93116894988454
223,96,267,124.81629101205782
223,97,266,125.0
223,98,265,123.32117667786568
223,99,264,122.28788546086412
223,100,263,120.53134545105414
223,101,262,118.2960878489732
223,102,261,120.16230149483599
223,103,260,122.22115926123062
223,104,259,119.45129510219303
223,105,258,115.74176242554324
223,106,257,113.2857763168958
223,107,256,109.98948343503523
223,108,255,112.44430274391125
223,109,254,112.7254615070211
223,110,253,107.78343896978276
223,111,252,109.68857448482586
223,112,251,107.8590506858105
223,113,250,114.39108778654008
223,114,249,117.85943210082779
223,115,248,118.80278439620449
223,116,247,121.54055377790617
223,117,246,122.36862770275255
223,118,245,123.16740241908127
223,119,244,123.51290547266
223,120,243,123.32966006841036
223,121,242,123.53881334183242
223,122,241,121.51125872533069
223,123,240,123.34042852302522
223,124,239,124.92192544181646
223,125,238,125.0
223,126,237,124.5891016104134
223,127,236,124.27388401970816
223,128,235,122.53921919538028
223,129,234,122.80755661791451
223,130,233,122.74556467046105
223,131,232,123.7111572000417
223,132,231,124.018259618403
223,133,230,123.35095546435582
223,134,229,123.68522852043468
223,135,228,123.80913248844827
223,136,227,124.4040481363599
223,137,226,124.88678493718396
223,138,225,125.0
223,139,224,125.0
223,140,223,124.86125919171214
223,141,222,125.0
223,142,221,124.47473547388543
223,143,220,124.3129979011789
223,144,219,123.91554849148545
223,145,218,123.97920600296041
223,146,217,123.52069568025146
223,147,216,122.82540032849496
223,148,215,124.42286121044782
223,149,214,124.27481731381164
223,150,213,123.61530627672275
223,151,212,122.5764260010893
223,152,211,122.63394172669277
223,153,210,123.23881644498994
223,154,209,122.65463011771996
223,155,208,124.0560482884951
223,156,207,122.98207592785657
223,157,206,125.0
223,158,205,125.0
223,159,204,125.0
223,160,203,125.0
223,161,202,124.8858527445688
223,162,201,124.65457178757723
223,163,200,124.15214757858863
223,164,199,124.6985762057673
223,165,198,124.04672867221319
223,166,197,123.75801428922776
223,167,196,124.6006195320303
223,168,195,123.42969370364796
223,169,194,124.71362474176502
223,170,193,125.0
223,171,192,125.0
223,172,191,125.0
223,173,190,125.0
223,174,189,125.0
223,175,188,125.0
223,176,187,124.31318490126415
223,177,186,125.0
223,178,185,125.0
223,179,184,125.0
223,180,183,125.0
223,181,182,124.90492063216057
223,182,181,125.0
223,183,180,125.0
223,184,179,125.0
223,185,178,125.0
223,186,177,125.0
223,187,176,125.0
223,188,175,125.0
223,189,174,125.0
223,190,173,125.0
223,191,172,124.830165263233
223,192,171,123.67521652599778
223,193,170,123.21024191103778
223,194,169,122.93438599897021
223,195,168,123.87315270124303
223,196,167,124.60209160179298
223,197,166,124.26713430722347
223,198,165,124.7503905774218
223,199,164,124.92436864539998
223,200,163,124.3468754202535
223,201,162,122.96561452499861
223,202,161,122.94052867467789
223,203,160,123.70030251026267
223,204,159,123.28628811902126
223,205,158,121.94553442188092
223,206,157,121.57119854129125
223,207,156,123.13012612067155
223,208,155,123.27387380243641
223,209,154,124.35116045134937
223,210,153,124.15540016961094
223,211,152,125.0
223,212,151,124.95793083754695
223,213,150,124.48965648442379
223,214,149,122.86593072458048
223,215,148,118.73254006155805
223,216,147,119.08739641001878
223,217,146,119.30426478471185
223,218,145,120.10647948120749
223,219,144,119.9404557093571
223,220,143,118.5575209028379
223,221,142,116.79143107264747
223,222,141,118.46003194472495
223,223,140,117.84685806968378
223,224,139,116.79284475077267
223,225,138,117.26181238852767
223,226,137,118.2128696640402
223,227,136,117.72072026891047
223,228,135,115.4701148358248
223,229,134,114.81861689612026
223,230,133,112.67498412399073
223,231,132,108.92067304489031
223,232,131,105.77072696115684
223,233,130,105.58929249452837
223,234,129,104.57866177088647
223,235,128,104.77262819208985
223,236,127,105.99143630557131
223,237,126,106.9083872201913
223,238,125,108.30499318960995
223,239,124,104.97101892299477
223,240,123,101.62193072773712
223,241,122,102.30352927366448
223,242,121,100.4927793055372
223,243,120,101.73142659262314
223,244,119,98.8504821111484
223,245,118,101.5051505274237
223,246,117,108.74644333875777
223,247,116,110.62236710793158
223,248,115,112.48207089173658
223,249,114,112.65084414705245
223,250,113,112.41670311496539
223,251,112,114.65935674416586
223,252,111,115.0020529630807
223,253,110,113.72659865149984
223,254,109,111.24279153700499
223,255,108,108.38376805971168
223,256,107,110.01196821575401
223,257,106,108.82985823752472
223,258,105,108.83649733591875
223,259,104,106.57893478479642
223,260,103,102.53812412880936
223,261,102,104.15020606380199
223,262,101,100.86005905990064
223,263,100,101.69899149178549
223,264,99,102.70661083334488
223,265,98,91.77628457406689
223,266,97,91.58702632004122
223,267,96,86.67969439399792
223,268,95,84.3945273401063
223,269,94,81.50802480229123
223,270,93,82.3242134660954
223,271,92,83.96602446431743
223,272,91,81.87230308690665
223,273,90,81.53702912701215
223,274,89,82.0496493629955
223,275,88,82.73021159787041
223,276,87,78.6867703589714
223,277,86,76.76935063023176
223,278,85,74.82360144823139
223,279,84,73.73112608617882
223,280,83,68.1542046484125
223,281,82,70.79231156949837
223,282,81,67.94016880423308
223,283,80,67.75153529702695
223,284,79,67.19902277226632
223,285,78,65.52523014843435
223,286,77,69.53524695574586
223,287,76,68.73563878985172
223,288,75,75.37192797204942
223,289,74,79.64228030019811
223,290,73,81.37952772098116
223,291,72,82.12437430026858
223,292,71,77.17370838010481
223,293,70,76.7143565882088
223,294,69,73.3145259437467
223,295,68,68.10238440049109
223,296,67,66.98593474901652
223,297,66,65.03133502368215
223,298,65,66.90471194186514
223,299,64,59.88869566320746
223,300,63,59.751209255401484
223,301,62,59.16157598510103
223,302,61,56.47762452793833
223,303,60,51.003593874303164
223,304,59,48.90508141184027
223,305,58,62.78124543191355
224,40,126,123.81537289348157
224,41,125,123.66417185153009
224,42,124,123.83202539455182
224,43,123,119.38234181189651
224,44,122,117.59391303958276
224,45,121,118.75700492293919
224,46,120,117.23434812223036
224,47,119,117.31898977209218
224,48,118,117.59404865485766
224,49,117,118.67575022600539
224,50,116,117.72470523743702
224,51,115,119.36479351656845
224,52,114,118.69856542326602
224,53,113,121.92168482138368
224,54,112,120.16988639720401
224,55,111,120.58473555302618
224,56,110,120.53578705503756
224,57,109,119.79443511634437
224,58,108,117.80657980535409
224,59,107,116.12554256709448
224,60,106,115.194759445456
224,61,105,117.74790348060134
224,62,104,112.80418227632775
224,63,103,111.31727062166499
224,64,102,107.53224067346483
224,65,101,108.88693949936234
224,66,100,105.41863721637776
224,67,99,105.23874824596246
224,68,98,97.86176276249893
224,69,97,100.6712135105527
224,70,96,100.72853679582646
224,71,95,109.1473192024536
224,72,94,109.64799657592337
224,73,93,104.48881508292313
224,74,92,106.40855058510584
224,75,91,109.0735956545451
224,76,90,111.73146352892492
224,77,89,113.66757822237871
224,78,88,113.17863789906812
224,79,87,110.67060901584988
224,80,86,113.86676153475457
224,81,85,113.61011096411883
224,82,84,114.92828993599304
224,83,83,112.29789007269741
224,84,82,112.54369742622022
224,85,81,112.31441232649757
224,86,80,111.51339326138563
224,87,79,108.55562254406304
224,88,78,106.10529184230086
224,89,77,104.07527490866957
224,90,76,102.67519110941717
224,91,75,98.17118702255581
224,92,74,97.91716889569713
224,93,73,93.26746110819825
224,94,72,97.6643958363603
224,95,71,99.13405169508025
224,96,70,96.8964332939922
224,97,69,86.59336061220607
224,98,68,77.028315696229
224,99,67,76.27645355383625
224,100,66,76.87133850882614
224,101,65,69.67965950155221
224,102,64,61.525487187988425
224,103,63,60.27568769779691
224,104,62,63.9699288215148
224,105,61,65.6035123380129
224,106,60,54.74558270530368
224,107,59,60.323869311824296
224,108,58,49.02520823389018
224,109,57,54.03829433835469
224,110,56,47.93271747074814
224,111,55,58.36639631139215
224,112,54,58.71297676054283
224,113,53,56.14782192526661
224,114,52,49.3873184534058
224,115,51,51.98724598926202
224,116,50,52.01009009179761
224,117,49,50.381089386393825
224,118,48,52.619410286665556
224,119,47,56.53035604457585
224,120,46,53.28650392005943
224,121,45,55.165857498120005
224,122,44,58.3028545948946
224,123,43,59.33797575497401
224,124,42,65.64892541536503
224,125,41,66.46887208794729
224,126,40,48.201866199567206
224,127,39,44.35163891593105
224,128,38,49.71117901037419
224,129,37,46.54967800819642
224,130,36,38.488181851496435
224,131,35,38.94242944596564
224,132,34,36.0625704573099
224,133,33,30.04270869875416
224,134,32,29.0420343399377
224,135,31,27.9044079688775
224,136,30,27.664460997603324
224,137,29,24.280766866462645
224,138,28,24.61691425635547
224,139,27,25.123468679349948
224,140,26,24.343448520069867
224,141,25,19.8277894682507
224,142,24,24.033976188461086
224,143,23,23.98912600968606
224,144,22,21.340114599272873
224,145,21,17.012558395066563
224,146,20,15.328047468684733
224,147,19,14.174046164191472
224,148,18,14.957607448516798
224,149,17,14.02941517596414
224,150,16,14.907315649295711
224,151,15,12.728356547405209
224,152,14,11.744400546350308
225,39,145,120.39597705181436
226,40,107,118.96831630011326
226,41,106,120.76689723538846
226,42,105,120.63283536157934
226,43,104,119.45836380963173
226,44,103,119.28324671227071
226,45,102,119.5990311524343
226,46,101,119.21722451837205
226,47,100,118.74599838511186
226,48,99,117.97668908465019
226,49,98,114.83640900437499
226,50,97,112.53367962932063
226,51,96,112.41140902555966
226,52,95,107.453976539114
226,53,94,104.53383545723534
226,54,93,105.72550341973431
226,55,92,111.52504868703278
226,56,91,111.00243567585184
226,57,90,115.4790510434211
226,58,89,114.70380083059159
226,59,88,114.83986099308586
227,40,184,124.9996916731713
227,41,183,125.0
227,42,182,125.0
227,43,181,125.0
227,44,180,125.0
227,45,179,124.39518656441535
227,46,178,125.0
227,47,177,123.57436795575109
227,48,176,123.7746758320414
227,49,175,123.96873719864391
227,50,174,124.072355999063
227,51,173,124.35263185123821
227,52,172,124.71147894185
227,53,171,124.91467817931377
227,54,170,124.79197007425712
227,55,169,125.0
227,56,168,124.87118119363075
227,57,167,124.8988470739975
227,58,166,124.64013778030414
227,59,165,124.60354707858761
227,60,164,124.5206688075935
227,61,163,124.5646762507923
227,62,162,124.97895301129809
228,40,275,124.52550088334525
228,41,274,124.16135122071073
228,42,273,123.85687208956463
228,43,272,123.85152427948205
228,44,271,123.65446594238446
228,45,270,123.09693195400045
228,46,269,121.91186023699993
228,47,268,123.29949372971295
228,48,267,122.75481503729304
228,49,266,122.37375271324224
228,50,265,123.20277804248902
228,51,264,122.56674510865086
228,52,263,122.99276427863964
228,53,262,123.86810127993215
228,54,261,122.80158275333886
228,55,260,123.39657279793613
228,56,259,124.17799000996479
228,57,258,122.66395686572838
228,58,257,123.88544014834658
228,59,256,124.13522466357367
228,60,255,124.22389453288486
228,61,254,124.95672523945794
228,62,253,124.12244417777531
228,63,252,123.64347054944702
228,64,251,122.28189019943628
228,65,250,121.43361323958638
228,66,249,122.9815317452917
228,67,248,122.57326462608091
228,68,247,121.38223286929622
228,69,246,121.2958658678769
228,70,245,121.2366860695091
228,71,244,121.78063855542607
228,72,243,122.47942250156437
228,73,242,122.43192324761026
228,74,241,121.49615582336976
228,75,240,122.1404183894993
228,76,239,122.71088445968863
228,77,238,123.20994111418756
228,78,237,122.65544088539306
228,79,236,121.19273581466332
228,80,235,120.15994093555369
228,81,234,119.63221410444103
228,82,233,118.41076462181549
228,83,232,118.95144425943319
228,84,231,119.7766217883624
228,85,230,118.37750949632286
228,86,229,118.93212693388027
228,87,228,119.22198000894093
228,88,227,119.57585182111782
228,89,226,117.25551988939125
228,90,225,119.56827418750764
228,91,224,118.30319647551337
228,92,223,119.43188777256057
228,93,222,119.18152280952023
228,94,221,123.03639526283729
228,95,220,121.80355976345959
228,96,219,120.7169671141643
228,97,218,120.95265921694104
228,98,217,121.02602747433502
228,99,216,120.3142731549728
228,100,215,119.89539661303422
228,101,214,122.08103148492549
228,102,213,119.7363935146021
228,103,212,122.09925172731614
228,104,211,118.39783129403622
228,105,210,118.37591354413493
228,106,209,116.40798117512412
228,107,208,116.0032499550341
228,108,207,118.21808972890977
228,109,206,122.46668952829631
228,110,205,124.45365343462275
228,111,204,124.58715790993811
228,112,203,124.76400887780494
228,113,202,124.6091465607995
228,114,201,123.19557138169353
228,115,200,122.47951160151699
228,116,199,122.80278420532045
228,117,198,122.76648592582688
228,118,197,123.24971632484286
228,119,196,123.24514355690289
228,120,195,123.81358531421348
228,121,194,124.09276237557508
228,122,193,123.86088217613042
228,123,192,123.48316845138739
228,124,191,123.43824522971778
228,125,190,124.1221090056415
228,126,189,122.98812839107342
229,20,120,114.21274310742682
230,40,215,125.0
230,41,214,125.0
230,42,213,125.0
230,43,212,125.0
230,44,211,125.0
230,45,210,125.0
230,46,209,124.75994928269242
230,47,208,124.64807805888884
230,48,207,125.0
230,49,206,125.0
230,50,205,124.52878926533782
230,51,204,124.41621575064755
230,52,203,124.42199829608802
230,53,202,124.22403424433904
230,54,201,124.38581067543186
230,55,200,123.2812597350374
230,56,199,123.9524521998444
230,57,198,123.38694517614704
230,58,197,122.39043593953696
230,59,196,122.69578892168653
230,60,195,123.24258456173443
230,61,194,122.48548175678351
230,62,193,122.57320271806019
230,63,192,123.67945078370981
230,64,191,123.71063333648661
230,65,190,123.1044213016512
230,66,189,122.36112048394585
230,67,188,123.97489828261735
230,68,187,124.30411345600943
230,69,186,123.91222228437339
230,70,185,124.34611540659243
230,71,184,124.23654039837143
230,72,183,124.3686333094448
230,73,182,124.23331801860209
230,74,181,124.0423802581848
230,75,180,124.40855330526486
230,76,179,124.59505546633899
230,77,178,124.79299651216238
230,78,177,124.75873737840669
230,79,176,124.60305150555742
230,80,175,124.5071423085857
230,81,174,124.09741636529762
230,82,173,123.08257322036786
230,83,172,124.33221846003079
230,84,171,124.11538491181648
230,85,170,124.24198064544305
230,86,169,121.66495245321141
230,87,168,120.99049652857943
230,88,167,122.12110880036033
230,89,166,121.86842727488347
230,90,165,121.67040479420857
230,91,164,121.60489108183751
230,92,163,120.87472311607866
230,93,162,121.38802327652283
230,94,161,120.62322068816825
230,95,160,119.96947001152476
230,96,159,117.76366102453858
230,97,158,116.95809017977972
230,98,157,116.0299582070147
230,99,156,117.5289850731853
230,100,155,119.2659267999953
230,101,154,120.1537985919972
230,102,153,119.54629650450741
230,103,152,120.16196272593719
230,104,151,120.39516689813055
230,105,150,119.82307038868288
230,106,149,119.04984451442364
230,107,148,118.77458600860774
230,108,147,119.71555902336573
230,109,146,121.02888357468451
230,110,145,121.40555129604331
230,111,144,119.65554467494144
230,112,143,119.38489341291448
230,113,142,118.35662846026236
230,114,141,120.58483362440192
230,115,140,119.3854775719739
230,116,139,122.38450370280324
230,117,138,123.25454197785814
230,118,137,124.3128726082596
230,119,136,122.55398689235014
230,120,135,121.22180134952421
230,121,134,122.16383882160248
230,122,133,119.62152732135031
230,123,132,120.15680148929889
230,124,131,120.68518704065747
230,125,130,120.12040139415761
230,126,129,121.17771713309494
230,127,128,120.12821505984051
230,128,127,121.22771141783667
230,129,126,119.32812923454293
230,130,125,118.9051341411626
230,131,124,119.46077465682635
230,132,123,117.83689646600007
230,133,122,120.97505732051867
230,134,121,118.69205027715752
230,135,120,117.35499442491857
230,136,119,115.44672658722564
230,137,118,115.06923194706073
230,138,117,115.05286579134315
230,139,116,115.21981299810858
230,140,115,116.91894415117866
230,141,114,116.4627672703939
230,142,113,109.19161194157688
230,143,112,106.09065640225654
230,144,111,108.54432368288357
230,145,110,108.92674216684479
230,146,109,111.73605155372698
230,147,108,114.04750842070933
230,148,107,113.65565752266158
230,149,106,111.93139107487612
230,150,105,113.36332472438826
230,151,104,112.5330161468303
230,152,103,113.17815649253116
230,153,102,108.3703168371261
230,154,101,104.60946840856323
230,155,100,103.22280882116058
230,156,99,107.58584720149884
230,157,98,105.04533036882574
231,40,223,125.0
231,41,222,125.0
231,42,221,125.0
231,43,220,124.6126077279218
231,44,219,125.0
231,45,218,124.86515907842616
231,46,217,125.0
231,47,216,125.0
231,48,215,125.0
231,49,214,125.0
231,50,213,124.56300906187704
231,51,212,125.0
231,52,211,124.66331364994717
231,53,210,125.0
231,54,209,125.0
231,55,208,125.0
231,56,207,125.0
231,57,206,125.0
231,58,205,125.0
231,59,204,125.0
231,60,203,124.90468130702584
231,61,202,124.81108303873069
231,62,201,124.4236509425741
231,63,200,124.91768737251391
231,64,199,125.0
231,65,198,124.43025957744473
231,66,197,124.39826356579769
231,67,196,124.31851105492406
231,68,195,124.71860880536673
231,69,194,124.71956838981112
231,70,193,124.71925347078965
231,71,192,123.81608122692194
231,72,191,123.71275329842587
231,73,190,123.30875905098802
231,74,189,123.27487429735662
231,75,188,123.31021465354696
231,76,187,122.33070812733594
231,77,186,121.07531539373943
231,78,185,121.38800629361714
231,79,184,119.84455948201344
231,80,183,122.59108195504454
231,81,182,121.72843272609651
231,82,181,121.62219880783829
231,83,180,121.09872939327718
231,84,179,120.28162261918209
231,85,178,121.11239868498271
231,86,177,122.29532597693108
231,87,176,122.54030060740925
231,88,175,121.60551550901369
231,89,174,122.16757124869855
231,90,173,122.44198723117157
231,91,172,122.99235017789121
231,92,171,124.07620190776052
231,93,170,123.95072568572192
231,94,169,124.1416121142663
231,95,168,123.66139224670403
231,96,167,123.61491788168605
231,97,166,122.95087517107535
231,98,165,120.55295265857686
231,99,164,121.43695630477089
231,100,163,122.04371481753314
231,101,162,123.23913895528563
231,102,161,122.73207688049278
231,103,160,122.4428763154622
231,104,159,121.69760759912585
231,105,158,121.42189720063037
231,106,157,120.95756400010342
231,107,156,122.32039167163504
231,108,155,120.95902748888392
231,109,154,123.0131101576253
231,110,153,120.82333016557945
231,111,152,121.24006762138973
231,112,151,119.32885890905769
231,113,150,118.7009594713565
231,114,149,121.09794272956908
231,115,148,122.37387837246636
231,116,147,122.58633377681191
231,117,146,122.33543758822809
231,118,145,121.0355689861223
231,119,144,119.23203314555838
231,120,143,118.44345974218726
231,121,142,119.41791589667253
231,122,141,119.9671156282555
231,123,140,119.6370507767584
231,124,139,119.43278467454168
231,125,138,120.72949780332611
231,126,137,119.00406857743981
231,127,136,119.4903689699886
231,128,135,118.03385113362623
231,129,134,116.99773420182441
231,130,133,118.34993238647803
231,131,132,118.93635277929147
231,132,131,119.11312189804022
231,133,130,117.78897450261769
231,134,129,118.1041796554251
231,135,128,115.03573684683778
231,136,127,114.84295464040535
231,137,126,111.3700931332407
231,138,125,110.11338262868514
231,139,124,109.4337977702221
231,140,123,113.09121651069677
231,141,122,114.49872274319789
231,142,121,111.72549750114416
231,143,120,112.83840713518993
231,144,119,118.18555504759188
231,145,118,116.05373622991485
231,146,117,114.54436819843895
231,147,116,115.01403667387987
231,148,115,115.35575665155321
231,149,114,115.33948787801259
231,150,113,112.3646199189306
231,151,112,112.36309085179795
231,152,111,110.61573237812621
231,153,110,109.60637395636424
231,154,109,108.99625143568161
231,155,108,113.2605268134136
231,156,107,114.04303095174566
231,157,106,116.33129148738276
231,158,105,113.80991712431091
231,159,104,106.84926748630599
231,160,103,104.4049889075138
231,161,102,107.42433206388738
231,162,101,108.03804621320367
231,163,100,106.27627422716998
231,164,99,108.22322348629933
231,165,98,110.26985813141474
231,166,97,104.82194496160592
231,167,96,107.12875804545052
231,168,95,105.34784238959588
231,169,94,102.22247120233236
231,170,93,101.62446413945688
231,171,92,100.98708287842379
231,172,91,98.02177184596434
231,173,90,93.57851588372685
231,174,89,94.39450917043655
231,175,88,90.58898557664057
231,176,87,91.07547633041365
231,177,86,84.65963764719092
231,178,85,80.31726630484796
231,179,84,81.7693544483315
231,180,83,82.04127560689759
231,181,82,83.19778599450892
231,182,81,78.97006538371856
231,183,80,79.14945536714418
231,184,79,82.38663139477866
231,185,78,84.09523401013729
231,186,77,85.4018699828946
231,187,76,86.00669879632517
231,188,75,83.30826938881091
231,189,74,81.1155403196019
231,190,73,79.22783865161445
231,191,72,78.36920049637604
231,192,71,76.52795739089983
231,193,70,76.74466421119746
231,194,69,73.63692114406639
231,195,68,73.32655916037693
231,196,67,76.8404816581633
231,197,66,74.9716286163804
231,198,65,72.95113918575535
231,199,64,74.0749117411323
231,200,63,74.58467541588895
231,201,62,73.9679636767962
231,202,61,77.17688234571071
231,203,60,76.29986266876662
231,204,59,71.93699684520453
231,205,58,69.6764160869825
231,206,57,66.76284010527449
231,207,56,70.21749612119986
231,208,55,70.50207470268755
231,209,54,69.0739877376912
231,210,53,62.9606212521591
231,211,52,60.713230024168695
231,212,51,53.470477136556305
231,213,50,54.92306384399068
231,214,49,55.03573144136852
231,215,48,53.365399096125635
231,216,47,52.807544047145576
231,217,46,51.061118728868585
231,218,45,50.815456353012664
231,219,44,49.5066299378565
231,220,43,46.81484603137881
231,221,42,43.41806829592467
231,222,41,44.043272164557735
231,223,40,44.64470111578481
231,224,39,41.66176722745148
231,225,38,39.31893099085144
231,226,37,38.458161749864104
231,227,36,32.951795188601324
231,228,35,34.066159557215926
231,229,34,30.90356153966027
231,230,33,32.207794632166404
232,40,514,124.38298654974723
232,41,513,124.46416910027742
232,42,512,124.41266525032827
232,43,511,124.6077218748145
232,44,510,124.9555722076708
232,45,509,124.98851677790316
232,46,508,124.51633455230451
232,47,507,124.15704556692174
232,48,506,123.64617344032524
232,49,505,122.86218567744217
232,50,504,122.52256789304347
232,51,503,120.02494148060634
232,52,502,123.08536902773375
232,53,501,123.37886142314159
232,54,500,123.40643924564307
232,55,499,123.5569941053287
232,56,498,123.64295380912438
232,57,497,123.48623429609651
232,58,496,123.58111862860221
232,59,495,124.18584511742124
232,60,494,124.14536948181828
232,61,493,123.65464202974732
232,62,492,123.19989398386689
232,63,491,122.9902718884264
232,64,490,123.18721287452118
232,65,489,123.82876822884833
232,66,488,123.62055667019962
232,67,487,122.97959448157943
232,68,486,122.11891529790356
232,69,485,122.73312164077497
232,70,484,123.52104728444294
232,71,483,123.55723769422247
232,72,482,122.60884705250746
232,73,481,123.7460560460455
232,74,480,123.21115319476343
232,75,479,123.28659312077065
232,76,478,123.76630779984399
232,77,477,124.89912000124879
232,78,476,124.37840769774623
232,79,475,124.69076028007146
232,80,474,123.7813412598307
232,81,473,123.57099920090165
232,82,472,123.71658260706288
232,83,471,124.30772706232133
232,84,470,124.31362736213606
232,85,469,124.666578259098
232,86,468,124.63147394065835
232,87,467,124.87992924458777
232,88,466,125.0
232,89,465,124.77775544133053
232,90,464,124.26731245714483
232,91,463,123.72935187568231
232,92,462,124.29163474668796
232,93,461,123.76464470165246
232,94,460,123.02694460045558
232,95,459,122.47372702193384
232,96,458,123.52595960256056
232,97,457,122.78182950370207
232,98,456,121.90603183875436
232,99,455,122.79335540348887
232,100,454,122.32145726874047
232,101,453,123.384763903334
232,102,452,120.30746942862875
232,103,451,122.2694130682793
232,104,450,123.93930340621387
232,105,449,123.53342681382989
232,106,448,122.5911844470391
232,107,447,122.63445705824347
232,108,446,121.88840684032157
232,109,445,123.4720918414991
232,110,444,124.39716209510391
232,111,443,124.86179747523354
232,112,442,124.11964470881884
232,113,441,123.66138918123215
232,114,440,124.180952999002
232,115,439,125.0
232,116,438,124.44598205301091
232,117,437,124.38585987231079
232,118,436,123.07530731385876
232,119,435,121.88204398003687
232,120,434,123.96932983133009
232,121,433,123.693745432317
232,122,432,121.78711180247281
232,123,431,120.51309117268424
232,124,430,120.46555863372126
232,125,429,121.097647868736
232,126,428,120.61370328721415
232,127,427,120.62375201450043
232,128,426,123.69520281050605
232,129,425,124.35198691472775
232,130,424,124.3927038002797
232,131,423,124.82479956462873
232,132,422,124.93703127037804
232,133,421,124.11175486530287
232,134,420,123.50900690368684
232,135,419,122.89974099650186
232,136,418,121.11059938612024
232,137,417,121.65961445713134
232,138,416,123.26245509882665
232,139,415,122.86495688801674
232,140,414,121.2638719181223
232,141,413,121.90021332068945
232,142,412,121.81100406222109
232,143,411,122.37431507853435
232,144,410,120.50728553953886
232,145,409,120.4755472213582
232,146,408,124.01744223764558
232,147,407,124.83441801935265
232,148,406,124.99485147109615
232,149,405,124.94233224323744
232,150,404,123.94143797293026
232,151,403,123.68807658489405
232,152,402,124.28132995032419
232,153,401,124.1431077800351
232,154,400,124.55357574835625
232,155,399,125.0
232,156,398,123.5516487599818
232,157,397,123.9486833549838
232,158,396,123.51283710215657
232,159,395,124.13660419865565
232,160,394,124.04880112478457
232,161,393,123.60213248768972
232,162,392,123.91044653055982
232,163,391,123.44916564358425
232,164,390,123.98063373120726
232,165,389,123.7576840930042
232,166,388,123.28888313778069
232,167,387,124.065458828781
232,168,386,124.26261901008618
232,169,385,124.51913383530075
232,170,384,124.3194457552866
232,171,383,125.0
232,172,382,124.26057151710143
232,173,381,124.98369292669469
232,174,380,124.68902373300513
232,175,379,124.82822554347108
232,176,378,125.0
232,177,377,125.0
232,178,376,124.2347404058724
232,179,375,124.68080130838794
232,180,374,124.90641730015692
232,181,373,125.0
232,182,372,124.74043230902753
232,183,371,123.78367406771818
232,184,370,123.94876398808776
232,185,369,124.99099667804884
232,186,368,125.0
232,187,367,124.26819752813508
232,188,366,124.23132704476666
232,189,365,125.0
232,190,364,125.0
232,191,363,124.6398949475502
232,192,362,125.0
232,193,361,125.0
232,194,360,125.0
232,195,359,125.0
232,196,358,125.0
232,197,357,125.0
232,198,356,125.0
232,199,355,125.0
232,200,354,125.0
232,201,353,125.0
232,202,352,125.0
232,203,351,125.0
232,204,350,125.0
232,205,349,125.0
232,206,348,124.9641973663679
232,207,347,125.0
232,208,346,125.0
232,209,345,125.0
232,210,344,125.0
232,211,343,125.0
232,212,342,125.0
232,213,341,125.0
232,214,340,125.0
232,215,339,125.0
232,216,338,125.0
232,217,337,125.0
232,218,336,125.0
232,219,335,125.0
232,220,334,125.0
232,221,333,125.0
232,222,332,125.0
232,223,331,125.0
232,224,330,125.0
232,225,329,125.0
232,226,328,124.82287038722552
232,227,327,125.0
232,228,326,125.0
232,229,325,125.0
232,230,324,125.0
232,231,323,124.95455961481534
232,232,322,125.0
232,233,321,125.0
232,234,320,125.0
232,235,319,125.0
232,236,318,124.72443897140047
232,237,317,124.56526786704438
232,238,316,125.0
232,239,315,125.0
232,240,314,125.0
232,241,313,124.90342849692182
232,242,312,124.80670137238982
232,243,311,125.0
232,244,310,125.0
232,245,309,125.0
232,246,308,125.0
232,247,307,125.0
232,248,306,125.0
232,249,305,125.0
232,250,304,124.46936092066389
232,251,303,125.0
232,252,302,125.0
232,253,301,125.0
232,254,300,125.0
232,255,299,125.0
232,256,298,125.0
232,257,297,125.0
232,258,296,125.0
232,259,295,125.0
232,260,294,125.0
232,261,293,125.0
232,262,292,125.0
232,263,291,125.0
232,264,290,125.0
232,265,289,125.0
232,266,288,125.0
232,267,287,125.0
232,268,286,125.0
232,269,285,125.0
232,270,284,125.0
232,271,283,125.0
232,272,282,125.0
232,273,281,125.0
232,274,280,125.0
232,275,279,124.87165845799063
232,276,278,125.0
232,277,277,124.69412366394359
232,278,276,125.0
232,279,275,125.0
232,280,274,124.75008662213469
232,281,273,122.55769736946664
232,282,272,123.89974923613511
232,283,271,124.09009007345213
232,284,270,122.14097285230844
232,285,269,123.65225875506053
232,286,268,123.847520222642
232,287,267,124.82619023666724
232,288,266,124.05575436244465
232,289,265,123.87725989265769
232,290,264,124.38244885993504
232,291,263,125.0
232,292,262,124.1386946101334
232,293,261,125.0
232,294,260,125.0
232,295,259,125.0
232,296,258,125.0
232,297,257,125.0
232,298,256,125.0
232,299,255,125.0
232,300,254,125.0
232,301,253,125.0
232,302,252,125.0
232,303,251,125.0
232,304,250,125.0
232,305,249,125.0
232,306,248,125.0
232,307,247,125.0
232,308,246,125.0
232,309,245,125.0
232,310,244,125.0
232,311,243,125.0
232,312,242,125.0
232,313,241,125.0
232,314,240,125.0
232,315,239,125.0
232,316,238,125.0
232,317,237,125.0
232,318,236,125.0
232,319,235,125.0
232,320,234,125.0
232,321,233,125.0
232,322,232,125.0
232,323,231,125.0
232,324,230,125.0
232,325,229,125.0
232,326,228,125.0
232,327,227,125.0
232,328,226,125.0
232,329,225,125.0
232,330,224,125.0
232,331,223,125.0
232,332,222,125.0
232,333,221,125.0
232,334,220,125.0
232,335,219,125.0
232,336,218,125.0
232,337,217,125.0
232,338,216,125.0
232,339,215,124.84393525145651
232,340,214,123.73432109943315
232,341,213,123.47522762410708
232,342,212,121.62281791511481
232,343,211,124.27530956504668
232,344,210,124.64966452119637
232,345,209,120.55342417561059
232,346,208,120.4528624183807
232,347,207,115.22089512408118
232,348,206,118.033608626931
232,349,205,115.66405776307153
232,350,204,119.53160525206178
232,351,203,119.1643372064452
232,352,202,122.0538561176833
232,353,201,118.36171586797019
232,354,200,120.01729074519521
232,355,199,120.70812928126026
232,356,198,117.0252650644295
232,357,197,114.35417350394223
232,358,196,116.77115616073027
232,359,195,120.21986086806604
232,360,194,122.98845289516447
232,361,193,123.68279509240496
232,362,192,124.87715188330245
232,363,191,124.77388352660564
232,364,190,125.0
232,365,189,125.0
232,366,188,125.0
232,367,187,125.0
232,368,186,125.0
232,369,185,125.0
232,370,184,125.0
233,40,181,119.32891014796161
233,41,180,120.78668156325293
233,42,179,119.05467007912995
233,43,178,118.18020854401183
233,44,177,118.41380794034683
233,45,176,116.59350582783081
233,46,175,117.85732797165518
233,47,174,116.81969357914463
233,48,173,116.01821956773469
233,49,172,116.12648780414771
233,50,171,116.12851183339666
233,51,170,113.64111099113008
233,52,169,111.0602360050396
233,53,168,111.16928578995788
233,54,167,110.99327715754485
233,55,166,114.27469735360242
233,56,165,115.70402754162973
233,57,164,112.6639406381178
233,58,163,114.70875977319567
233,59,162,114.12229973240579
233,60,161,115.88244975290911
233,61,160,114.93028036353792
233,62,159,113.15473151612244
233,63,158,115.35567729557411
233,64,157,110.84751958810207
233,65,156,113.85176527230828
233,66,155,111.5538829529055
233,67,154,112.1028105041175
233,68,153,107.6430491023786
233,69,152,106.54197500700698
233,70,151,106.26236579958803
233,71,150,111.37620596191792
233,72,149,111.62314134097625
233,73,148,113.17096329418055
233,74,147,112.09601529568073
233,75,146,113.41990701379494
233,76,145,110.30905914920123
233,77,144,106.8283813530663
233,78,143,109.44684267483281
233,79,142,108.40952863856106
233,80,141,105.78615894028377
233,81,140,103.42549224405678
233,82,139,107.4374507246859
233,83,138,108.9734985642437
233,84,137,110.0376133270542
233,85,136,109.31914048748521
233,86,135,110.616059728051
233,87,134,112.9097941729577
233,88,133,113.07168772853532
233,89,132,111.55688360372751
233,90,131,113.41805112438783
233,91,130,115.00663648788603
233,92,129,116.82035713176943
233,93,128,118.10538131116553
233,94,127,120.49286837570486
233,95,126,120.42781210895723
233,96,125,118.26610724443427
233,97,124,117.89719425368534
233,98,123,119.67747643232056
233,99,122,115.06590202080714
233,100,121,117.35605048581644
233,101,120,118.10342914587306
233,102,119,115.76258015351917
233,103,118,117.38499609652342
233,104,117,112.12139763302797
233,105,116,115.40509370058454
233,106,115,108.4381241888739
233,107,114,103.18214429172241
233,108,113,110.39793776002585
233,109,112,111.03617027735152
233,110,111,114.66287413117584
233,111,110,117.05140675994505
234,40,207,122.41570116949569
234,41,206,121.92260387430966
234,42,205,122.07034212779459
234,43,204,119.84929362548442
234,44,203,118.83946923117121
234,45,202,118.05571081062398
234,46,201,120.3308836328526
234,47,200,121.27861235105891
234,48,199,121.39329600896579
234,49,198,122.00034748275282
234,50,197,121.53733472265199
234,51,196,120.74474026075845
234,52,195,119.95109739487523
234,53,194,119.61524092101364
234,54,193,118.55958113443845
234,55,192,118.54378414134746
234,56,191,118.59866718317257
234,57,190,118.98636388225921
234,58,189,119.12106297812997
234,59,188,119.34558254420551
234,60,187,115.01194354721972
234,61,186,115.0412517844077
234,62,185,113.96211486946507
234,63,184,112.30657136448863
234,64,183,112.0033527746217
234,65,182,110.75796710626211
234,66,181,109.56478606810245
234,67,180,109.88027168228305
234,68,179,102.66814507281151
234,69,178,94.63936006091632
234,70,177,88.2739499737257
234,71,176,93.74105863448771
234,72,175,86.92963723613579
234,73,174,89.37352506716411
234,74,173,93.78993353448497
234,75,172,96.04085683758201
234,76,171,94.9495043153439
234,77,170,94.92900931552757
234,78,169,104.0304544683209
234,79,168,107.19917498132375
234,80,167,107.25708165533
234,81,166,106.23629863370944
234,82,165,104.95182871693704
234,83,164,101.75582923292541
234,84,163,102.3365257752476
234,85,162,97.03145223851934
234,86,161,101.14170430604983
234,87,160,107.57877075715189
234,88,159,110.26151952520252
234,89,158,108.94574813519746
234,90,157,108.60582285448658
234,91,156,112.77779653194276
234,92,155,109.60532387553508
234,93,154,109.97682518766388
234,94,153,109.04601481578258
234,95,152,109.88283139864636
234,96,151,111.39888491936648
234,97,150,110.84039710963873
234,98,149,116.552502793695
234,99,148,117.44628662564733
234,100,147,115.66335827798696
234,101,146,116.88423313187462
234,102,145,114.98587489719688
234,103,144,113.56661138341232
234,104,143,113.35283990116551
234,105,142,114.09243419638236
234,106,141,112.4536397894189
234,107,140,109.40003799321306
234,108,139,104.68675513005664
234,109,138,103.17645014216342
234,110,137,99.98139634231615
234,111,136,98.0842331216079
234,112,135,89.62831158814939
234,113,134,90.82324140251325
234,114,133,96.0290969920122
234,115,132,95.21591727544416
234,116,131,84.18429393178798
234,117,130,90.70714134117398
234,118,129,101.53515563675421
234,119,128,96.31486877617812
234,120,127,90.83463112277968
234,121,126,92.5602891439026
234,122,125,92.58802003145047
234,123,124,82.67372850859735
234,124,123,92.52593422519294
234,125,122,96.31662057723508
234,126,121,95.08103215296669
234,127,120,93.02256696519557
234,128,119,91.51350063873608
234,129,118,86.53716185091622
234,130,117,87.27059420927588
234,131,116,92.508764524867
234,132,115,91.39421723048878
234,133,114,93.41423047182198
234,134,113,89.646277357283
234,135,112,96.9765642184868
234,136,111,97.48254348508345
234,137,110,103.47434668667242
234,138,109,105.0404607190203
234,139,108,106.36631109430343
234,140,107,108.68609848831717
234,141,106,108.53060986410202
234,142,105,107.76557391652322
234,143,104,108.65202464636005
234,144,103,108.14384918917631
234,145,102,108.23044968887879
234,146,101,106.9395102614805
234,147,100,105.22234100689619
234,148,99,103.36608588209602
234,149,98,104.62366002939008
234,150,97,97.47717743427937
234,151,96,100.42075186176925
234,152,95,100.50910970299924
234,153,94,100.86005841648523
234,154,93,98.15665099563337
234,155,92,95.596732576688
234,156,91,92.68550693707726
234,157,90,96.59182975568429
234,158,89,92.27216774412038
234,159,88,90.43368850939422
234,160,87,82.82217996505194
234,161,86,84.34235545383228
234,162,85,90.73172225131682
234,163,84,93.68350355425804
234,164,83,95.20789579239795
234,165,82,92.24264656585177
234,166,81,88.83124266670768
234,167,80,89.79660920781691
234,168,79,82.70737384581373
234,169,78,75.0045663183499
234,170,77,69.9237561420463
234,171,76,69.08420920920435
234,172,75,66.90387972902266
234,173,74,67.35483205550369
234,174,73,60.72991167054673
234,175,72,58.40803724253247
234,176,71,60.05403153920646
234,177,70,60.88469333595219
234,178,69,61.706861680011855
234,179,68,50.998656789147574
235,40,346,123.76010432932823
235,41,345,123.4747465636143
235,42,344,121.83777053154661
235,43,343,122.6310837366162
235,44,342,123.00398017895363
235,45,341,123.38305391906674
235,46,340,123.00176285578723
235,47,339,123.01894706114942
235,48,338,122.76862169617618
235,49,337,121.83682750652538
235,50,336,123.93052230011693
235,51,335,122.9744293934095
235,52,334,123.02436373202086
235,53,333,122.87167812049148
235,54,332,123.23860800862931
235,55,331,122.85561722563438
235,56,330,122.72880980282874
235,57,329,122.25012789306409
235,58,328,122.16826667960007
235,59,327,123.08246615335477
235,60,326,122.2788617794485
235,61,325,121.28020412432453
235,62,324,121.92891325475023
235,63,323,121.36738908910345
235,64,322,121.3470038195976
235,65,321,120.2664623510384
235,66,320,120.5889220303288
235,67,319,119.87627609666384
235,68,318,120.57626933767523
235,69,317,122.77247479498854
235,70,316,123.02649591144521
235,71,315,122.66829294945725
235,72,314,121.79942019883897
235,73,313,121.73952323297766
235,74,312,121.48108813155508
235,75,311,120.93161327940383
235,76,310,121.17298836375504
235,77,309,122.04327564379211
235,78,308,121.87680834512955
235,79,307,121.44340001441829
235,80,306,121.63215793864609
235,81,305,122.21119772985492
235,82,304,122.12429379922484
235,83,303,123.04995598129284
235,84,302,121.33099081347783
235,85,301,122.89880179340885
235,86,300,122.66807881589793
235,87,299,122.5321060037411
235,88,298,123.86589219263635
235,89,297,123.24334897100881
235,90,296,122.46533578461819
235,91,295,123.06753309361483
235,92,294,123.21558338598521
235,93,293,122.82207565652627
235,94,292,123.74740943357409
235,95,291,123.72293928170825
235,96,290,123.24591542110947
235,97,289,123.38532976955955
235,98,288,123.72619792302505
235,99,287,124.87218414547014
235,100,286,124.18776970412608
235,101,285,124.3882975735824
235,102,284,124.16916836216129
235,103,283,123.5811184168396
235,104,282,123.84362341904406
235,105,281,123.17968755971658
235,106,280,123.21438318029905
235,107,279,123.2796545132526
235,108,278,123.86562880264202
235,109,277,124.06626086651286
235,110,276,123.64844654206448
235,111,275,123.15431084347608
235,112,274,120.5283086090241
235,113,273,122.29214181147921
235,114,272,123.29620544081007
235,115,271,123.11089815421042
235,116,270,123.62965954210705
235,117,269,122.76252509057963
235,118,268,120.87742857262552
235,119,267,119.54227229534557
235,120,266,120.63058574234232
235,121,265,120.26892628532242
235,122,264,119.20826114374947
235,123,263,119.77897312910505
235,124,262,118.02516195768766
235,125,261,121.05149856828328
235,126,260,121.5880901414854
235,127,259,121.22789350340969
235,128,258,120.60730246621426
235,129,257,121.17878739418754
235,130,256,120.28452841433725
235,131,255,120.15882511863097
235,132,254,118.55296283386178
235,133,253,117.28547081231034
235,134,252,118.87812589230859
235,135,251,118.46606989715227
235,136,250,119.16710700746373
235,137,249,120.17745170962598
235,138,248,121.6570747349467
235,139,247,122.23342008200126
235,140,246,124.19966227678998
235,141,245,124.3710877669655
235,142,244,123.80280065901978
235,143,243,123.005137484904
235,144,242,122.43373491196539
235,145,241,123.17896834536617
235,146,240,123.63426335011839
235,147,239,123.23878200365124
235,148,238,124.47318596068482
235,149,237,124.92322147796733
235,150,236,124.59744182384163
235,151,235,123.93401533822944
235,152,234,124.2234198220483
235,153,233,124.52450138768454
235,154,232,124.97449662390262
235,155,231,124.82741940744584
235,156,230,124.26234871542313
235,157,229,124.95993870596352
235,158,228,124.75468445271636
235,159,227,123.47851195795745
235,160,226,124.40311406015574
235,161,225,124.65728285818328
235,162,224,124.70572608572024
235,163,223,124.94683572245106
235,164,222,124.99609358230487
235,165,221,124.56693403968262
235,166,220,124.40600019256613
235,167,219,124.66564220574745
235,168,218,125.0
235,169,217,124.89532516313508
235,170,216,124.99515063501221
235,171,215,125.0
235,172,214,125.0
235,173,213,124.51513198968264
235,174,212,123.54089987772653
235,175,211,121.96404802678276
235,176,210,122.56183170116279
235,177,209,120.89541552535881
235,178,208,122.0138696707493
235,179,207,125.0
235,180,206,125.0
235,181,205,123.49978608379362
235,182,204,122.87825480524413
235,183,203,122.78834274525447
235,184,202,122.73329261287287
235,185,201,122.44665730162745
235,186,200,122.89467623453132
235,187,199,122.74929173119122
235,188,198,122.13673399815877
235,189,197,123.90235472951258
235,190,196,124.19533361635317
235,191,195,123.88284141999284
235,192,194,123.91990797772192
235,193,193,124.0416057682707
235,194,192,123.75447766504851
235,195,191,123.21479306731658
235,196,190,122.81090373194147
235,197,189,123.1125680832433
235,198,188,124.25146752882408
235,199,187,123.97664861621976
235,200,186,123.64463293154347
235,201,185,121.34839650607691
235,202,184,120.37267464633086
235,203,183,121.93359442812749
235,204,182,121.44498526463718
235,205,181,122.99662039571612
235,206,180,123.28298679975047
235,207,179,124.28742975183958
235,208,178,123.75525617740156
235,209,177,124.2476467678882
235,210,176,123.9669380992751
235,211,175,124.6207293835077
235,212,174,124.750214915008
235,213,173,124.62546777251615
235,214,172,123.64152607151141
235,215,171,122.10400105238196
235,216,170,121.97809884427366
235,217,169,123.17042454411664
235,218,168,124.28085615055309
235,219,167,123.52588872681295
235,220,166,122.73179385893434
235,221,165,122.21253773359878
235,222,164,122.15196520065892
235,223,163,123.1387195926867
235,224,162,123.6462784194531
235,225,161,123.98702505545069
235,226,160,123.2066164944047
235,227,159,122.23755073530154
235,228,158,121.29646517584192
235,229,157,122.69153349530866
235,230,156,122.35515608805758
235,231,155,124.95085211677127
235,232,154,124.54727447077806
235,233,153,121.8207842595958
235,234,152,120.80401202658555
235,235,151,120.40067900015464
235,236,150,117.70748507744509
235,237,149,120.18341225515061
235,238,148,121.21755855256923
235,239,147,123.76025234915257
235,240,146,122.27252704368931
235,241,145,122.2113578261166
235,242,144,116.14023100687446
235,243,143,117.42460554773203
235,244,142,118.4532543071781
235,245,141,117.87749827362231
235,246,140,113.17834640031359
235,247,139,113.54313141010576
235,248,138,107.58856833085383
235,249,137,107.18885391849636
235,250,136,104.91841803950938
235,251,135,105.7643609168845
235,252,134,107.78095052936212
235,253,133,107.24429611027278
235,254,132,110.08167368294508
235,255,131,111.93682289137624
235,256,130,108.1028080530927
235,257,129,109.32944189769066
235,258,128,104.46505808015928
235,259,127,96.4171803934357
235,260,126,97.60936302575149
235,261,125,96.22092243227746
235,262,124,98.03014946365431
235,263,123,97.2805212376218
235,264,122,103.29697567394967
235,265,121,101.65182677778486
235,266,120,107.9878722666462
235,267,119,102.9461616699221
235,268,118,102.21957907539036
235,269,117,99.59206267488119
235,270,116,96.91914714729681
235,271,115,102.3619252213972
235,272,114,105.3086888511375
235,273,113,103.95438782561848
235,274,112,101.93800478289538
235,275,111,104.34604161919168
235,276,110,104.21173114402627
235,277,109,110.34070442162066
235,278,108,110.29255087315721
235,279,107,109.99653367733926
235,280,106,105.80743188498892
235,281,105,104.4417727306066
235,282,104,105.68060853101707
235,283,103,103.46883008768683
235,284,102,106.44002797950542
235,285,101,109.05921195497164
235,286,100,105.74700965371142
235,287,99,103.57705840953605
235,288,98,102.0016030685197
235,289,97,95.54794943196961
235,290,96,93.68588317880366
235,291,95,96.00140375452955
235,292,94,95.07673851562063
235,293,93,88.61340462685907
235,294,92,94.04620194869995
235,295,91,91.32285426121773
235,296,90,93.82250014451391
235,297,89,90.77423626688655
235,298,88,83.49455707304045
235,299,87,76.74315833760153
235,300,86,80.44888203224193
235,301,85,75.09374869235481
235,302,84,75.9128222944423
235,303,83,75.64238350076681
235,304,82,75.64470325198583
235,305,81,80.79541962222729
235,306,80,79.8671997676765
235,307,79,74.52972793556197
235,308,78,71.6352103807094
235,309,77,70.02508790657234
235,310,76,71.03811305353219
235,311,75,74.58410899180831
235,312,74,73.5710144529402
235,313,73,74.90052707254102
235,314,72,71.87366091535661
235,315,71,68.42486924686648
235,316,70,74.37870901974088
235,317,69,71.94219615840885
235,318,68,73.30192217765176
235,319,67,73.44435156699892
235,320,66,70.42324220343477
235,321,65,67.5701169598944
235,322,64,64.45436764660704
235,323,63,65.20992587152392
235,324,62,67.3467790293567
235,325,61,69.35103148441922
235,326,60,68.24006418666602
235,327,59,65.03667397516921
235,328,58,62.67077710513757
235,329,57,61.63267883701154
235,330,56,61.97339254360486
235,331,55,64.9740566777442
235,332,54,63.385937555251914
235,333,53,60.328115781070764
235,334,52,57.45531807194291
235,335,51,54.321748512079125
235,336,50,50.523538206567416
235,337,49,48.340736785082726
235,338,48,47.19318015468791
235,339,47,46.47515655824496
235,340,46,44.43918463684102
235,341,45,43.233114638164295
235,342,44,42.7754264383212
235,343,43,41.61208347998756
235,344,42,39.12113496450087
235,345,41,37.2219099397815
235,346,40,35.65440173457214
235,347,39,32.573138093236736
235,348,38,33.50746554512263
235,349,37,31.274210755294213
235,350,36,31.70848438757545
235,351,35,30.55662295029923
235,352,34,30.287595919605785
235,353,33,28.934349754125037
235,354,32,28.26834212111545
235,355,31,26.217329198548484
235,356,30,24.2435379462138
235,357,29,24.520644347090062
235,358,28,26.102506484946858
235,359,27,24.69848896918778
235,360,26,21.01885254185264
235,361,25,24.26284530802189
235,362,24,24.51735647652415
236,40,211,124.88394441370208
236,41,210,124.82533823936359
236,42,209,124.73825291216468
236,43,208,125.0
236,44,207,123.87036300964007
236,45,206,125.0
236,46,205,125.0
236,47,204,124.70980506085124
236,48,203,124.86494906846441
236,49,202,124.48632411221243
236,50,201,122.25491996891687
236,51,200,123.96737449016385
236,52,199,124.13446745886785
236,53,198,124.26151265123418
236,54,197,123.78675215307868
236,55,196,124.76022788831932
236,56,195,124.79813947210353
236,57,194,124.64767194848147
236,58,193,124.2805130203021
236,59,192,124.39296196259228
236,60,191,124.50160952629548
236,61,190,124.22390152523198
236,62,189,123.37489394162381
236,63,188,123.9630713014248
236,64,187,123.4401537373308
236,65,186,123.83524333856703
236,66,185,123.77022018496453
236,67,184,124.21074107640801
236,68,183,124.48283257031281
236,69,182,123.65510721568305
236,70,181,123.87490708292424
236,71,180,123.45019744535216
236,72,179,123.40345118477643
236,73,178,123.83320316690056
236,74,177,124.1162977561622
236,75,176,124.52584675683596
236,76,175,124.70578221957479
236,77,174,124.0809673563001
236,78,173,123.59990641150415
236,79,172,123.38722477763417
236,80,171,120.6631920242234
236,81,170,123.06396551358395
236,82,169,122.64623870834342
236,83,168,122.8904991128071
236,84,167,122.80095322835774
236,85,166,123.2009019746597
236,86,165,122.4554106996202
236,87,164,122.52468366484982
236,88,163,121.68517422687137
236,89,162,121.94410171671538
236,90,161,121.19514202258998
236,91,160,121.20258355883567
236,92,159,119.47804486926452
236,93,158,119.75426307895627
236,94,157,119.83122834872671
236,95,156,120.39108284925646
236,96,155,120.93770573124873
236,97,154,121.61826863012874
236,98,153,122.06681725597394
236,99,152,122.23455281064562
236,100,151,122.72559066843277
236,101,150,122.7476300568498
236,102,149,123.47870502275052
236,103,148,123.20344452324056
236,104,147,121.91366227699618
236,105,146,121.21314321500537
236,106,145,123.09222033710196
236,107,144,123.0537138148957
236,108,143,122.67244156411064
236,109,142,122.47363953360812
236,110,141,121.71830189674816
236,111,140,120.78533923695895
236,112,139,120.28538458096965
236,113,138,121.05985813128184
236,114,137,120.45998239712964
236,115,136,121.71688517881557
236,116,135,121.15280802991965
236,117,134,121.78584064099907
236,118,133,121.22648370740475
236,119,132,121.17321854745038
236,120,131,121.75278186320138
236,121,130,122.80129460911834
236,122,129,122.98365304007069
236,123,128,124.33179829450441
236,124,127,124.34155820175042
236,125,126,124.3273740026252
236,126,125,124.20384093675301
236,127,124,123.68150790031447
236,128,123,122.91439078441033
236,129,122,123.024609923322
236,130,121,121.78368640387254
236,131,120,121.75661859076538
236,132,119,120.79220137424107
236,133,118,121.2894475088207
236,134,117,118.65391622983972
236,135,116,117.29812282924152
236,136,115,115.88083290916256
236,137,114,112.59743865495886
236,138,113,114.14131577763969
236,139,112,114.59653773090636
236,140,111,114.22905487877276
236,141,110,111.74071345270954
236,142,109,113.28102022895256
236,143,108,112.15820980037475
236,144,107,114.80964927379617
236,145,106,112.96243700905218
236,146,105,115.89852645833112
236,147,104,115.65493435819874
236,148,103,111.44683959549783
236,149,102,109.53196320692975
236,150,101,109.16174793525259
236,151,100,110.0909793990465
236,152,99,107.25785105894175
236,153,98,107.48626990058875
236,154,97,101.93425571851077
236,155,96,103.0258999623281
236,156,95,95.3817216932413
236,157,94,95.41769248771698
236,158,93,92.75995709212937
236,159,92,93.52355750576402
236,160,91,95.37622622411152
236,161,90,95.17209178277469
236,162,89,95.73706346585314
236,163,88,101.57970113047256
236,164,87,101.96187220427507
236,165,86,98.96622167854025
236,166,85,96.5508027717897
236,167,84,96.29681127761938
236,168,83,94.52976965572392
236,169,82,92.85546533665016
236,170,81,93.78719190899477
236,171,80,90.71217278871342
236,172,79,92.79855406835092
236,173,78,96.24794111050596
236,174,77,89.56970545000213
236,175,76,89.89058856017151
236,176,75,87.31565296380735
237,40,199,108.62500573208237
237,41,198,113.51618409508166
237,42,197,113.4572410877644
237,43,196,113.35926867802581
237,44,195,111.29537862946361
237,45,194,114.24091483706607
237,46,193,113.6977867246618
237,47,192,114.21921408820154
237,48,191,110.70318835297897
237,49,190,113.91246406677874
237,50,189,111.83083890419216
237,51,188,117.53933299972823
237,52,187,119.49519958374245
237,53,186,118.88869135995853
237,54,185,117.36035484680136
237,55,184,118.98361864088545
237,56,183,120.88363464258327
237,57,182,118.54075910745453
237,58,181,119.63180658487326
237,59,180,117.7849997652379
237,60,179,117.77456927247117
237,61,178,121.28102048641378
237,62,177,119.97148066147156
237,63,176,117.65957126005509
237,64,175,114.86988689703092
237,65,174,116.37060614571232
237,66,173,116.3064685181249
237,67,172,117.21849806142367
237,68,171,117.84014488537392
237,69,170,116.19279439290412
237,70,169,118.09982093124637
237,71,168,113.39869055745098
237,72,167,113.11280613332043
237,73,166,112.68512499745654
237,74,165,113.1606584723622
237,75,164,113.60715192833703
237,76,163,107.24104745811593
237,77,162,107.7766168603974
237,78,161,105.09067481787474
237,79,160,99.74710468938957
237,80,159,100.97460468236572
237,81,158,104.24510935425441
237,82,157,100.07449976569146
237,83,156,105.68782275044913
237,84,155,100.12282935108985
237,85,154,103.12496118992007
237,86,153,101.29076572913388
237,87,152,99.3603392580531
237,88,151,96.40551292937441
237,89,150,97.35097793239532
237,90,149,100.8657944889789
237,91,148,106.63893485706728
237,92,147,106.90567807767377
237,93,146,109.93137690810559
237,94,145,110.42244059662048
237,95,144,111.32745944547187
237,96,143,110.30431631800988
237,97,142,102.56636688446964
237,98,141,109.3149415428851
237,99,140,106.61639758630386
237,100,139,107.94393922013964
237,101,138,115.42214394915274
237,102,137,112.90366913051156
237,103,136,107.71941229373616
237,104,135,114.14922295974749
237,105,134,118.88109014468213
237,106,133,120.00030804344941
237,107,132,120.9414862824727
237,108,131,118.92299260164425
237,109,130,119.64505451096707
237,110,129,119.6294145061184
237,111,128,117.78441181753212
237,112,127,116.85149311461258
237,113,126,117.66876094157134
237,114,125,118.80874403748055
237,115,124,117.74745224356056
237,116,123,119.25095134937168
237,117,122,119.14975707344388
237,118,121,114.3300986550947
237,119,120,110.49652470232095
237,120,119,104.95546746012046
237,121,118,108.40933024215632
237,122,117,104.93226192459039
237,123,116,107.72581688586206
237,124,115,103.5571175527769
237,125,114,97.96077589743604
237,126,113,104.3996804289694
237,127,112,104.74714259408873
237,128,111,102.56823076712223
237,129,110,100.44239912067899
237,130,109,104.97752355058896
237,131,108,99.96909525004759
237,132,107,92.37888404446002
237,133,106,94.98094200621621
237,134,105,94.64752496417918
237,135,104,92.33133808538662
237,136,103,90.23449101038904
237,137,102,89.02800056697848
237,138,101,92.28211684660712
237,139,100,87.00664737259356
237,140,99,86.64985475987946
237,141,98,89.45718173000685
237,142,97,85.34539557300458
237,143,96,82.14226335816988
237,144,95,82.08069687076332
237,145,94,84.24032465987568
237,146,93,86.92695167828614
237,147,92,84.48652108491405
237,148,91,86.44190951680564
237,149,90,88.85973957491129
237,150,89,88.27352918149305
237,151,88,85.15496523921402
237,152,87,87.633885234239
237,153,86,95.80330949724456
237,154,85,91.76475514815013
237,155,84,90.32022587271557
237,156,83,89.25878461272438
237,157,82,91.35027207063419
237,158,81,86.1107149469164
237,159,80,84.15589608742911
237,160,79,81.15889654919414
237,161,78,86.7266632790674
237,162,77,85.42668186018521
237,163,76,82.44242601243927
237,164,75,78.26986252294907
237,165,74,63.62969583969908
237,166,73,68.80221413395714
237,167,72,71.56057819055479
237,168,71,77.54836079261261
237,169,70,66.27465029646478
237,170,69,67.37275762935099
237,171,68,62.177423263026746
237,172,67,62.251448782284086
237,173,66,60.93098911164919
237,174,65,54.215417104663594
237,175,64,55.59040851916736
237,176,63,54.65794672431361
237,177,62,59.74801386626465
237,178,61,60.41149646396764
237,179,60,65.12194904769231
237,180,59,59.994671604832135
237,181,58,61.574159814498444
237,182,57,65.7006183044499
237,183,56,65.35612357443921
237,184,55,64.65598255929126
237,185,54,67.3030447317727
237,186,53,67.2730728819229
237,187,52,55.954727089868015
237,188,51,55.95550186623534
237,189,50,56.12252853796811
237,190,49,56.179924755394495
237,191,48,53.180425518291216
237,192,47,49.796023313794116
237,193,46,50.07397503942559
237,194,45,51.17636679624592
237,195,44,50.44857500204782
237,196,43,53.62095934877573
237,197,42,56.888493694567984
237,198,41,55.5505142782105
237,199,40,53.653996871870554
237,200,39,54.250048318633134
237,201,38,53.447531343904544
237,202,37,51.51990622784653
237,203,36,49.63349274366142
237,204,35,52.32000780174259
237,205,34,48.78522433544636
237,206,33,46.13205616435264
237,207,32,38.26337491900572
237,208,31,37.175985125097284
237,209,30,37.997460017353035
237,210,29,35.396256272270776
237,211,28,32.473547945522576
237,212,27,29.457520560364635
237,213,26,28.57244282091701
237,214,25,27.453204226713474
237,215,24,24.456877572451894
237,216,23,21.57766925061214
237,217,22,20.03476515839288
237,218,21,19.00790099367631
237,219,20,16.970153183868128
237,220,19,16.22121499727383
237,221,18,15.2345975452975
238,40,153,115.53064517951836
238,41,152,118.34225310985423
238,42,151,117.16374400572866
238,43,150,117.49765172419995
238,44,149,115.70092253690999
238,45,148,114.1350613321993
238,46,147,114.63519087592002
238,47,146,111.73047443913639
238,48,145,108.96536564632379
238,49,144,109.7286341355925
238,50,143,109.81946202509434
238,51,142,114.2900836131457
238,52,141,114.97838273855884
238,53,140,112.41572241467378
238,54,139,112.88615422016235
238,55,138,115.69705524655815
238,56,137,116.02326510705836
238,57,136,116.53957327063144
238,58,135,118.08598856674482
238,59,134,116.79065457164609
238,60,133,115.01351268662233
238,61,132,113.05769885482667
238,62,131,114.74013778660647
238,63,130,115.6809586084693
238,64,129,116.82863344224317
238,65,128,115.35415413968587
238,66,127,111.10781293440141
238,67,126,108.36851436819934
238,68,125,104.44884487524828
238,69,124,105.06504295937589
238,70,123,107.740444937647
238,71,122,103.16216731748729
238,72,121,102.4790161623008
238,73,120,106.28075825233333
238,74,119,94.74135470162845
238,75,118,102.6057179986407
238,76,117,103.28079725899744
238,77,116,98.79500054297853
238,78,115,95.69075472311928
238,79,114,102.84343357721565
238,80,113,97.21252952047712
238,81,112,92.71849804111969
238,82,111,93.51290591991679
238,83,110,94.93892532714099
238,84,109,91.84759437364713
238,85,108,95.14183391465437
238,86,107,96.53432498353466
238,87,106,96.32907580696336
238,88,105,100.08347494333731
238,89,104,99.5031867885441
238,90,103,100.7100039867554
238,91,102,104.74295345331504
238,92,101,105.46551566836513
238,93,100,106.27846178589897
238,94,99,107.96105109970799
238,95,98,110.54428525904288
238,96,97,110.26456656941193
238,97,96,109.62439915545184
238,98,95,108.45070956707846
238,99,94,110.09579255424146
238,100,93,111.41941701644865
238,101,92,110.11908615701864
238,102,91,109.97223452750833
238,103,90,107.77965096529678
238,104,89,111.17596282569869
238,105,88,107.71426249480662
238,106,87,109.11201147988677
238,107,86,110.83484652309374
238,108,85,107.1078985487859
238,109,84,105.94581712022611
238,110,83,106.91888167324353
238,111,82,106.35814676870575
238,112,81,102.82385944641692
238,113,80,103.84976732090462
238,114,79,95.78715923569936
238,115,78,92.56040181175331
238,116,77,92.04021956381307
238,117,76,92.23455897998456
238,118,75,95.09790990032056
238,119,74,97.7486232411712
238,120,73,95.87986207272007
238,121,72,89.29863710650963
238,122,71,89.72405358936257
238,123,70,91.2067984280018
238,124,69,88.0574240809505
238,125,68,83.32483716102598
238,126,67,73.71544941378265
238,127,66,68.29594833435496
238,128,65,60.54994704354815
238,129,64,49.33824489452338
238,130,63,49.450058950821905
238,131,62,54.9869328856913
238,132,61,50.65831462277917
238,133,60,44.077642610898394
238,134,59,48.154859350792165
238,135,58,39.46229657990358
238,136,57,44.42207382465752
238,137,56,46.55381519418249
238,138,55,51.30863460059744
238,139,54,45.32150541342697
238,140,53,52.21443855734492
238,141,52,53.37484054635627
238,142,51,56.64804810233939
238,143,50,62.29069112738035
238,144,49,59.837815408143854
238,145,48,57.41876484104272
238,146,47,57.61625260216159
238,147,46,59.82805949576049
238,148,45,54.88646333974956
238,149,44,49.14164140895761
238,150,43,48.43990786934424
238,151,42,39.788333421673485
238,152,41,35.37788600962159
238,153,40,30.198169736381317
238,154,39,32.09145833876346
238,155,38,31.199877243119317
238,156,37,31.827201708583424
238,157,36,30.137500590442873
238,158,35,36.46454647574956
238,159,34,32.82724758380212
238,160,33,33.91753312462868
238,161,32,33.002866671600486
238,162,31,29.181577014213595
238,163,30,33.05215251193434
238,164,29,27.43827547569648
238,165,28,29.563322290610895
238,166,27,27.93963270403649
238,167,26,25.56284655910082
238,168,25,23.151122934955318
238,169,24,21.90919126307988
238,170,23,19.926453460873844
238,171,22,19.156096994437
238,172,21,16.36856710349761
238,173,20,14.761527770373522
238,174,19,17.304848370116478
238,175,18,15.44158544611236
238,176,17,13.12458609767512
238,177,16,14.310921585754791
239,28,166,121.63752775870114
240,40,262,125.0
240,41,261,125.0
240,42,260,125.0
240,43,259,125.0
240,44,258,125.0
240,45,257,125.0
240,46,256,125.0
240,47,255,125.0
240,48,254,125.0
240,49,253,125.0
240,50,252,125.0
240,51,251,125.0
240,52,250,125.0
240,53,249,125.0
240,54,248,125.0
240,55,247,125.0
240,56,246,125.0
240,57,245,125.0
240,58,244,125.0
240,59,243,125.0
240,60,242,125.0
240,61,241,123.60247062136887
240,62,240,123.97715398756345
240,63,239,124.8123489039858
240,64,238,123.20577494280545
240,65,237,124.90186968639554
240,66,236,124.88609320590376
240,67,235,125.0
240,68,234,125.0
240,69,233,125.0
240,70,232,125.0
240,71,231,124.5631361430273
240,72,230,123.4864246527199
240,73,229,122.45351592102838
240,74,228,123.14023657448186
240,75,227,123.1457792582018
240,76,226,123.48543425172775
240,77,225,123.66965510293244
240,78,224,123.39662457919897
240,79,223,123.44876499663641
240,80,222,123.64449933106047
240,81,221,123.00726467251991
240,82,220,122.99575153243678
240,83,219,122.29774376329718
240,84,218,121.11060944398395
240,85,217,121.66317222209148
240,86,216,121.11612229301187
240,87,215,120.95028320532325
240,88,214,121.78075662667064
240,89,213,122.50444736415122
240,90,212,120.06836932819223
240,91,211,120.23347420642392
240,92,210,123.58958254340021
240,93,209,123.6752169208523
240,94,208,123.74968940650761
240,95,207,122.48216136032674
240,96,206,123.02863332466521
240,97,205,122.31549484795815
240,98,204,121.70517178067648
240,99,203,123.25155184113146
240,100,202,123.90471501528134
240,101,201,123.99301730593288
240,102,200,124.05958107131985
240,103,199,123.72869167445474
240,104,198,123.15256790997859
240,105,197,122.60248195872703
240,106,196,123.40468442917819
240,107,195,123.04867250519658
240,108,194,121.34853855426957
240,109,193,121.53332460986431
240,110,192,121.26675651201239
240,111,191,121.40683106805533
240,112,190,121.26853384928278
240,113,189,120.74742375390976
240,114,188,120.96636835670145
240,115,187,120.01560198798964
240,116,186,118.65087040645706
240,117,185,116.53935185808527
240,118,184,114.52937984741314
240,119,183,113.36559209964052
240,120,182,109.44777860571861
240,121,181,111.758140421637
240,122,180,113.18054152940067
240,123,179,112.1400302278895
240,124,178,113.94404565023888
240,125,177,112.52702509792886
240,126,176,112.21659090406928
240,127,175,110.64458714969598
240,128,174,109.08217719839524
240,129,173,108.9564897791403
240,130,172,103.3640331064633
240,131,171,107.34884064616011
240,132,170,112.92205177259675
240,133,169,114.16737807944511
240,134,168,113.61900117969716
240,135,167,111.14798613537172
240,136,166,108.7093387101485
240,137,165,104.9300105570839
240,138,164,103.6735019296045
240,139,163,107.93584213251322
240,140,162,110.39726465194778
240,141,161,110.30775496546929
240,142,160,108.68443196354934
240,143,159,107.8732070081123
240,144,158,107.63051105132782
240,145,157,101.69908134646741
240,146,156,105.8948506438305
240,147,155,103.63503422093027
240,148,154,98.97434996745267
240,149,153,96.96883340603532
240,150,152,93.21619597207831
240,151,151,92.74681335022859
240,152,150,93.00804587522327
240,153,149,94.37428074744662
240,154,148,90.4256567196031
240,155,147,84.20335420405823
240,156,146,83.81772487326498
240,157,145,84.32783501612235
240,158,144,85.06673307237963
240,159,143,84.68022960508031
240,160,142,84.21104249339614
240,161,141,82.22551093886551
240,162,140,87.20387472162201
240,163,139,87.46847883749976
240,164,138,82.86048788997698
240,165,137,84.95955498142389
240,166,136,83.86883863190275
240,167,135,83.15783978106279
240,168,134,85.49898838128465
240,169,133,83.9475976769883
240,170,132,79.41336733881167
240,171,131,73.4102286549684
240,172,130,77.83921560410806
240,173,129,77.6550674539073
240,174,128,68.36387815967532
240,175,127,70.78431991916673
240,176,126,69.56722544700014
240,177,125,70.33582833417981
240,178,124,68.58916140579247
240,179,123,66.49463341132419
240,180,122,63.659751573180785
240,181,121,65.88137679597821
240,182,120,63.4634932416751
240,183,119,61.18006736502082
240,184,118,54.79773562797696
240,185,117,55.68747335770951
240,186,116,54.96828238083607
240,187,115,54.279198386552274
240,188,114,54.35197750880683
240,189,113,51.483506258312005
240,190,112,51.23346371179292
240,191,111,58.065258599527425
240,192,110,51.86730362608965
240,193,109,56.34462498575036
240,194,108,52.15919968172268
240,195,107,50.23357874617729
240,196,106,46.10014346192064
240,197,105,45.92817703484824
240,198,104,42.41778950687743
240,199,103,42.27183285020111
240,200,102,39.26167373122148
240,201,101,38.174158898509376
240,202,100,35.794437007392446
240,203,99,36.438793680517946
240,204,98,35.787324529180964
241,40,178,119.76464319958676
241,41,177,121.04619426788705
241,42,176,120.89974065845576
242,40,153,125.0
242,41,152,125.0
242,42,151,125.0
242,43,150,125.0
242,44,149,125.0
242,45,148,125.0
242,46,147,125.0
242,47,146,124.38194137222507
242,48,145,125.0
242,49,144,125.0
242,50,143,125.0
242,51,142,125.0
242,52,141,124.46049923814832
242,53,140,124.1632905314714
242,54,139,124.52974331429763
242,55,138,124.61683697907519
242,56,137,124.08343279577764
242,57,136,124.83015541473134
242,58,135,123.95564832709319
242,59,134,124.51064275175922
242,60,133,124.98077653038322
242,61,132,124.36545272445362
242,62,131,123.26944902058719
242,63,130,123.10117339205969
242,64,129,123.17279417188794
242,65,128,123.39053647072305
242,66,127,124.58491239120313
242,67,126,122.90236865375893
242,68,125,120.26049068030645
242,69,124,119.74910748406579
242,70,123,119.18568729288481
242,71,122,120.51320040706514
242,72,121,119.85849243538402
242,73,120,119.3573257130936
242,74,119,118.74808455270752
242,75,118,117.92711819049364
242,76,117,113.36618298257406
242,77,116,110.51204945919147
242,78,115,115.10870834737696
242,79,114,112.83501064802616
242,80,113,110.3477461125552
242,81,112,109.4244784572528
242,82,111,108.78378074058814
242,83,110,101.36588486938467
242,84,109,96.3063250391717
242,85,108,100.00441678744127
242,86,107,96.71178802780875
242,87,106,96.19859835169146
242,88,105,96.67992357763511
242,89,104,103.32507196488689
242,90,103,100.10564381466969
242,91,102,99.35312166123128
242,92,101,96.96708459661413
242,93,100,94.38831519083182
242,94,99,96.53584686265039
242,95,98,102.79383347937652
242,96,97,101.25560396893614
242,97,96,102.75789312265177
242,98,95,106.47168346883528
242,99,94,106.42147910857778
242,100,93,108.92821308089742
242,101,92,109.6525823317196
242,102,91,109.16638948078568
242,103,90,106.95501027105347
242,104,89,109.78521662452906
242,105,88,112.11758281713608
242,106,87,111.58511996136141
242,107,86,110.70229957370918
242,108,85,111.65704859215799
242,109,84,112.40218631322497
242,110,83,103.92361837551564
242,111,82,112.0428455229314
242,112,81,110.57599756985262
243,40,277,125.0
243,41,276,124.99390919439038
243,42,275,125.0
243,43,274,124.88890601272288
243,44,273,124.47631653807795
243,45,272,124.65041628960248
243,46,271,123.64597095796002
243,47,270,123.3897701508505
243,48,269,123.349834521053
243,49,268,122.98697709909062
243,50,267,122.53891119287537
243,51,266,122.51832776342454
243,52,265,123.76230184500433
243,53,264,122.04871433302466
243,54,263,123.09822862753407
243,55,262,122.67005744700586
243,56,261,122.76780566375206
243,57,260,122.53063977660861
243,58,259,121.51884044011835
243,59,258,120.91421261164064
243,60,257,121.89552798248286
243,61,256,122.01575057501638
243,62,255,121.13857520126913
243,63,254,120.5478214497589
243,64,253,119.37982006939649
243,65,252,120.83411256224342
243,66,251,120.54194069221819
243,67,250,119.17146811032576
243,68,249,119.54899202175005
243,69,248,117.86354023521278
243,70,247,116.88886049758054
243,71,246,115.01494092744139
243,72,245,121.25036704505587
243,73,244,121.31713754618247
243,74,243,121.04650468273633
243,75,242,119.97005436941957
243,76,241,119.29935022163633
243,77,240,119.57057472751353
243,78,239,118.69072898731255
243,79,238,116.86754528175796
243,80,237,117.59731970102882
243,81,236,118.34744153901201
243,82,235,120.06935181894471
243,83,234,119.1282951662849
243,84,233,118.04968518916745
243,85,232,116.37566506087836
243,86,231,122.71825627266313
243,87,230,123.93810991170325
243,88,229,124.40005653697976
243,89,228,123.06138493045728
243,90,227,122.26525702979178
243,91,226,122.84303819901176
243,92,225,122.37935701258436
243,93,224,122.53520828039515
243,94,223,121.29122292617765
243,95,222,120.97542951273337
243,96,221,121.80303790752444
243,97,220,121.57133133828134
243,98,219,122.32097514433929
243,99,218,122.25016013309545
243,100,217,122.91088477254684
243,101,216,122.34358355251663
243,102,215,122.908076289175
243,103,214,123.16522305842139
243,104,213,122.60938256556267
243,105,212,122.93945457704861
243,106,211,122.93662368475673
243,107,210,121.76979294821908
243,108,209,121.08930631249076
243,109,208,121.30587502545912
243,110,207,121.17731889273148
243,111,206,121.81294723272099
243,112,205,122.43164764395846
243,113,204,122.26987241383057
243,114,203,122.67173828550355
243,115,202,122.72383350258
243,116,201,121.24845275530397
243,117,200,122.70509625120116
243,118,199,122.36152099708792
243,119,198,122.43215147498181
243,120,197,122.375701177782
243,121,196,122.3807287156706
243,122,195,122.30230194733238
243,123,194,122.47792935933631
243,124,193,122.07171216876633
243,125,192,120.69047532519286
243,126,191,121.54317979918926
243,127,190,120.4003336242202
243,128,189,117.89075099841025
243,129,188,119.59851940265709
243,130,187,119.22120143135132
243,131,186,120.78477968143376
243,132,185,120.71588911977429
243,133,184,119.45895665595825
243,134,183,120.28357851013948
243,135,182,120.86786827503252
243,136,181,120.00039384859816
243,137,180,119.88078906273921
243,138,179,121.04938277024482
243,139,178,121.63040717350418
243,140,177,122.2417949645866
243,141,176,122.79497079597945
243,142,175,121.86277590955925
243,143,174,122.1917631690099
243,144,173,122.79570742531155
243,145,172,122.97000303169013
243,146,171,121.9337866063866
243,147,170,121.8025835506512
243,148,169,120.04725139632549
243,149,168,120.22758288939434
243,150,167,119.72391377119254
243,151,166,119.35517295514978
243,152,165,122.20205737646046
243,153,164,121.28641599907186
243,154,163,121.88909960415037
243,155,162,121.69580421471068
243,156,161,122.77858076445233
243,157,160,121.39265494677589
243,158,159,121.78889064159418
243,159,158,121.90049440107043
243,160,157,118.95723399043123
243,161,156,116.24943952433249
243,162,155,115.18310367719013
243,163,154,114.57367487991368
243,164,153,113.31490774095266
243,165,152,113.57430123167453
243,166,151,114.11794488442627
243,167,150,114.7698299590269
243,168,149,117.3041110075456
243,169,148,119.06650193491035
243,170,147,118.16089925181788
243,171,146,116.63784895738408
243,172,145,115.80143217815267
243,173,144,115.14266182423984
243,174,143,115.93734813958666
243,175,142,116.87256543279244
243,176,141,119.39490192147889
243,177,140,118.88897012883155
243,178,139,119.52271366017159
243,179,138,119.87957581587291
243,180,137,120.05405683170432
243,181,136,121.22035577157186
243,182,135,120.61362920013707
243,183,134,120.55360040632084
243,184,133,120.38718478806018
243,185,132,123.54578580620466
243,186,131,124.55675347597091
243,187,130,124.57666442995614
243,188,129,122.04359736770387
243,189,128,120.60986997219254
243,190,127,119.35448105721775
243,191,126,117.7063005030056
243,192,125,115.49508512045917
243,193,124,113.68863157455621
243,194,123,114.29325083093593
243,195,122,114.09247947961396
243,196,121,112.5416001162385
243,197,120,105.83468148373609
243,198,119,110.35573273770744
243,199,118,110.1636067921331
244,40,179,123.34850237669986
244,41,178,123.68010127118143
244,42,177,123.04069507189763
244,43,176,123.2672218276767
244,44,175,124.49318492340302
244,45,174,123.56334447893784
244,46,173,124.05891265817704
244,47,172,123.72484494387778
244,48,171,124.8797752528203
244,49,170,124.11637425882918
244,50,169,124.93140837274692
244,51,168,122.39574878700755
244,52,167,124.02529008630091
244,53,166,124.21782753320502
244,54,165,123.2386825969529
244,55,164,121.73350447370709
244,56,163,121.99295206427928
244,57,162,122.53018099591655
244,58,161,123.14323479636175
244,59,160,124.20179268095349
244,60,159,123.43496670149547
244,61,158,124.09777978502888
244,62,157,123.47586062583599
244,63,156,122.62839823712993
244,64,155,122.89799399881372
244,65,154,122.44864021071663
244,66,153,120.29753738148
244,67,152,120.7811882082232
244,68,151,119.28280983301903
244,69,150,119.30938853117212
244,70,149,119.17469365305729
244,71,148,114.89032409257298
244,72,147,116.35320753295764
244,73,146,118.83890596272964
244,74,145,120.13247301868827
244,75,144,117.35108014496046
244,76,143,120.64564939790503
244,77,142,122.22388786881675
244,78,141,121.50025929136586
244,79,140,121.5901730866617
244,80,139,120.71601057553652
244,81,138,117.72003632697107
244,82,137,118.05649185904556
244,83,136,115.57659879708305
244,84,135,117.57253437113316
244,85,134,112.59423727927953
244,86,133,114.9853938482525
244,87,132,114.67985182720187
244,88,131,116.78062645733004
244,89,130,117.88247903830725
244,90,129,111.81195254281923
244,91,128,112.24593446155282
244,92,127,110.46850310452135
244,93,126,114.52475323181713
244,94,125,117.33613355340725
244,95,124,118.31691092159363
244,96,123,119.80040891206892
244,97,122,119.1878796277
244,98,121,119.26892575015191
244,99,120,122.58837080493097
244,100,119,120.20299974440493
244,101,118,120.3498374423278
244,102,117,119.05018144888889
244,103,116,120.87935838056637
244,104,115,120.41950679698817
244,105,114,120.90590663877616
244,106,113,119.80982218772041
244,107,112,120.21233466441487
244,108,111,117.52484666500699
244,109,110,112.37265459261987
244,110,109,113.15785073775717
244,111,108,110.89170304802508
244,112,107,109.67052683799838
244,113,106,110.06080572214134
244,114,105,110.77659123211268
244,115,104,112.01359832087644
244,116,103,109.56154554662685
244,117,102,113.11420710081316
244,118,101,112.22233222530474
244,119,100,111.15594458534696
244,120,99,110.47155059305982
244,121,98,108.24717636380859
244,122,97,109.48364720825191
244,123,96,103.92034819350289
244,124,95,106.37793563580058
244,125,94,95.26364943825243
244,126,93,93.85178538371451
244,127,92,90.42455765190043
244,128,91,80.00201775301456
244,129,90,85.37959421111549
244,130,89,84.76801646903876
244,131,88,86.66408840489119
244,132,87,89.82966182893236
244,133,86,89.89486865355636
244,134,85,88.7713486022289
244,135,84,92.82093365034464
244,136,83,86.5255590790727
244,137,82,69.62914659402021
244,138,81,74.44810391617978
244,139,80,74.68167912065445
244,140,79,74.23780205573186
244,141,78,75.77229866470688
244,142,77,78.14163917412856
244,143,76,77.029901948232
244,144,75,74.71486288325207
244,145,74,72.06610571009128
244,146,73,70.53904406911224
244,147,72,72.25034074408028
244,148,71,71.37410705728291
244,149,70,71.76971289900706
244,150,69,76.00986929037174
244,151,68,70.58817506598484
244,152,67,72.71360556381046
244,153,66,73.75422220361273
244,154,65,73.29703589438893
244,155,64,71.89041817207787
244,156,63,70.117577133379
244,157,62,69.52673727465236
244,158,61,70.87836350966556
244,159,60,70.36987404646126
244,160,59,64.49726418200625
244,161,58,66.721878192912
244,162,57,65.55636838033773
244,163,56,63.116160940359386
244,164,55,63.01095399658216
244,165,54,60.00006781937876
244,166,53,62.73496088213871
244,167,52,63.29112064998293
244,168,51,58.22543073635764
244,169,50,55.86601544982741
244,170,49,52.58801442615233
244,171,48,47.90587575073938
244,172,47,54.50952190145432
244,173,46,54.20782424273353
244,174,45,48.81739025760649
244,175,44,49.44847757458152
244,176,43,48.590581052934695
244,177,42,47.2495074077127
244,178,41,46.62438004862898
244,179,40,43.566905589751926
244,180,39,40.391062120964165
244,181,38,41.59792333346867
244,182,37,43.03809776542339
244,183,36,41.93982711510588
244,184,35,37.681645721622054
245,40,154,125.0
245,41,153,125.0
245,42,152,125.0
245,43,151,125.0
245,44,150,125.0
245,45,149,125.0
245,46,148,125.0
245,47,147,125.0
245,48,146,125.0
245,49,145,125.0
245,50,144,125.0
245,51,143,124.65779541612491
245,52,142,124.61941269956998
245,53,141,122.92717440030601
245,54,140,122.84010324261749
245,55,139,122.64897564037014
245,56,138,122.25029806067727
245,57,137,124.86258889423603
245,58,136,124.21569517236782
245,59,135,124.07986580725873
245,60,134,124.99796854178649
245,61,133,124.47824404964398
245,62,132,123.59404972438995
245,63,131,123.60444663479083
246,29,194,120.46299808127432
247,40,166,122.56805529877366
247,41,165,122.36033654357405
247,42,164,121.72704705271994
247,43,163,120.79764212592441
247,44,162,120.20183312280155
247,45,161,120.571535561753
247,46,160,118.48894826778758
247,47,159,116.27752275953989
247,48,158,118.77885060320006
247,49,157,120.2415964463448
247,50,156,118.66621619076457
247,51,155,118.37173635366085
247,52,154,115.85872186797725
247,53,153,117.45062067237711
247,54,152,113.49733693920234
247,55,151,114.53357773379102
247,56,150,116.93327984381406
247,57,149,116.49160482220117
247,58,148,117.92160640233212
247,59,147,114.7258075435013
247,60,146,113.93386370113541
247,61,145,110.29741792569486
247,62,144,110.89398730981523
247,63,143,109.89693254752964
247,64,142,110.41453242675894
247,65,141,109.51725503459377
247,66,140,109.78711544190377
247,67,139,106.24123932294779
247,68,138,95.88393323282338
247,69,137,94.89455095370451
247,70,136,98.80176249647558
247,71,135,109.97645361191398
247,72,134,108.70962191830954
247,73,133,106.84778628927467
247,74,132,102.58955786717071
247,75,131,97.26607045512759
247,76,130,96.22562464902909
247,77,129,98.6853069113197
247,78,128,105.44214126475845
247,79,127,110.95632886214867
247,80,126,111.89306797185913
247,81,125,110.59769079562196
247,82,124,110.36286981965272
247,83,123,112.6000173107199
247,84,122,108.58283110524495
247,85,121,105.57806457069921
247,86,120,101.15083507582216
247,87,119,100.1333786798689
247,88,118,96.46162293786159
247,89,117,100.78217645484344
247,90,116,99.7477724217566
247,91,115,103.46483647553077
247,92,114,97.56854279341458
247,93,113,100.57254173213036
247,94,112,98.45960682505213
248,40,267,124.80320610298787
248,41,266,125.0
248,42,265,124.49794313995656
248,43,264,124.33920823739248
248,44,263,124.61349541572622
248,45,262,124.29556071433925
248,46,261,123.20736459522848
248,47,260,122.61093303831487
248,48,259,122.58553508489359
248,49,258,122.96218544565426
248,50,257,122.70979724385812
248,51,256,122.98050149685209
248,52,255,122.1312717237758
248,53,254,118.41817043301313
248,54,253,121.44226702633264
248,55,252,120.27107492350774
248,56,251,122.10218852433877
248,57,250,122.23256192734672
248,58,249,121.67882860530244
248,59,248,121.53759338748047
248,60,247,120.547866066008
248,61,246,121.26563602536882
248,62,245,121.37763378862802
248,63,244,120.73321606043439
248,64,243,121.88549382499995
248,65,242,121.62244043901066
248,66,241,122.47093083918622
248,67,240,121.47693281291562
248,68,239,121.12223142416957
248,69,238,118.27991573735137
248,70,237,119.10128117157308
248,71,236,120.9587298478916
248,72,235,119.99949571882169
248,73,234,117.39723369773759
248,74,233,117.90443910454678
248,75,232,118.05654889753112
248,76,231,117.88607474032605
248,77,230,118.92715364220123
248,78,229,119.4733269709827
248,79,228,118.87466833826687
248,80,227,117.86700512424152
248,81,226,119.7891872715305
248,82,225,120.88151613454941
248,83,224,120.94161794099259
248,84,223,121.15304693201469
248,85,222,121.54781675371176
248,86,221,121.0436359663523
248,87,220,120.04049756060857
248,88,219,119.04309211925246
248,89,218,115.53909424861538
248,90,217,114.1697105997898
248,91,216,114.945024644845
248,92,215,117.53792106032634
248,93,214,118.64346802485836
248,94,213,121.09421722398275
248,95,212,120.63376977118135
248,96,211,120.47195827299612
248,97,210,120.23803673355332
248,98,209,119.17758087843407
248,99,208,119.1011477604067
248,100,207,118.59884270457385
248,101,206,119.06301145985549
248,102,205,119.83865298881742
248,103,204,118.62996409850317
248,104,203,117.34844255895987
248,105,202,118.4554559497291
248,106,201,118.23589209867178
248,107,200,117.3294287376186
248,108,199,117.23613968175931
248,109,198,117.24362006373488
248,110,197,117.96891004372011
248,111,196,118.1186345014232
248,112,195,118.2296018726624
248,113,194,118.959850076527
248,114,193,120.3028691047991
248,115,192,120.75979248639382
248,116,191,121.17082830723218
248,117,190,120.40735286573018
248,118,189,120.4708225815402
248,119,188,119.60387671274857
248,120,187,121.43192178680582
248,121,186,121.5732142102892
248,122,185,121.3432154550913
248,123,184,121.06535732477477
248,124,183,121.46508389375946
248,125,182,121.00429384998885
248,126,181,120.32363978576493
248,127,180,119.15695220754151
248,128,179,119.94333431438568
248,129,178,118.86935121324902
248,130,177,116.6593792705404
248,131,176,118.59173791285791
248,132,175,117.46720849037047
248,133,174,116.86798956293262
248,134,173,115.2745379691291
248,135,172,117.03935041379641
248,136,171,118.46503884692103
248,137,170,119.14413690899227
248,138,169,119.02217210927793
248,139,168,120.58888051850863
248,140,167,121.03948782475712
248,141,166,120.71392603262096
248,142,165,119.33954846475635
248,143,164,118.27705349278406
248,144,163,119.38792443333728
248,145,162,119.2842812113415
248,146,161,117.57830100779844
248,147,160,118.85113966641669
248,148,159,116.6542781615466
248,149,158,115.90846399462444
248,150,157,116.84765633914475
248,151,156,114.41177330544957
248,152,155,117.96842854522109
248,153,154,120.28169873829572
248,154,153,118.18824854093603
248,155,152,116.18588127753885
248,156,151,114.36907867174466
248,157,150,114.69130748370485
248,158,149,115.37029334088413
248,159,148,114.01995116534147
248,160,147,114.66698265490464
248,161,146,117.03280233261935
248,162,145,119.52142855408722
248,163,144,118.66078388859256
248,164,143,116.21548202060035
248,165,142,115.16471821556044
248,166,141,116.08201315472604
248,167,140,116.50304651470083
248,168,139,117.59448958586336
248,169,138,118.58101449813768
248,170,137,117.520998489171
248,171,136,115.43768393256163
248,172,135,116.33066081957854
248,173,134,116.33824030250872
248,174,133,117.22875859718113
248,175,132,118.73179636317505
248,176,131,118.83335616002421
248,177,130,115.97945230145704
248,178,129,115.69964278222818
248,179,128,116.52365783061649
248,180,127,115.34299156340207
248,181,126,112.84591694600391
248,182,125,110.79231607420046
248,183,124,111.30505446679555
248,184,123,111.56943525561903
248,185,122,115.10456776318131
248,186,121,116.50633025587746
248,187,120,115.36833887536272
248,188,119,114.66373677543424
248,189,118,113.9936839838148
248,190,117,113.18528862970237
248,191,116,112.34613522291659
248,192,115,113.60478521651842
248,193,114,114.82389605343603
248,194,113,107.68509232551736
248,195,112,106.54295256512421
248,196,111,100.1064520428678
248,197,110,108.28862507634668
248,198,109,107.10388537639832
248,199,108,103.70699784302259
248,200,107,100.31742959651663
248,201,106,100.72562510148799
248,202,105,100.46056580048833
248,203,104,94.82915272594293
248,204,103,91.454571456824
248,205,102,90.08461731875806
248,206,101,85.62273129153378
248,207,100,84.89530551620443
248,208,99,85.26474108437723
248,209,98,85.10467348536963
248,210,97,86.13813175185123
248,211,96,90.04154053060353
248,212,95,96.68454366500632
248,213,94,98.776843257625
248,214,93,103.62829586045665
248,215,92,102.09162682684368
248,216,91,100.03440618655375
248,217,90,98.68319716979802
248,218,89,100.8654480850065
248,219,88,96.77516161959853
248,220,87,94.11189124548373
248,221,86,97.27266565395394
248,222,85,92.25866332245045
248,223,84,100.57760120472099
248,224,83,97.63153300894032
248,225,82,107.247114620612
248,226,81,106.57965823720806
248,227,80,109.47534535777501
248,228,79,107.64916902312305
248,229,78,96.49568136840935
248,230,77,94.59077933100843
248,231,76,95.51479920033599
248,232,75,98.50317707551312
248,233,74,102.0731155789014
248,234,73,100.18133554227657
248,235,72,93.76703226012565
248,236,71,94.9463865014561
248,237,70,95.10809258202544
248,238,69,90.8635025694158
248,239,68,88.75797546050386
248,240,67,86.33941639255448
248,241,66,86.58331007085539
248,242,65,83.95553944001216
248,243,64,80.10652426687729
248,244,63,77.77052505918043
248,245,62,75.18677187025675
248,246,61,73.5221112032554
248,247,60,63.908848153250986
248,248,59,59.5153381679701
248,249,58,55.53886501371626
248,250,57,59.997992866280114
248,251,56,55.130534633260105
248,252,55,49.12570010434618
248,253,54,44.41255800254174
248,254,53,43.19082047663383
248,255,52,44.036271003881524
248,256,51,38.348915395552325
248,257,50,40.79662560940152
248,258,49,39.685036847046845
248,259,48,40.663767123240845
248,260,47,43.11166070677278
248,261,46,41.151940718156965
248,262,45,36.65498817065389
248,263,44,38.90631555418463
248,264,43,32.95990901856568
248,265,42,32.886691796732826
248,266,41,35.78061395033632
248,267,40,34.97788028284222
248,268,39,34.23393792951877
248,269,38,34.685652962862164
248,270,37,30.95176420024257
248,271,36,33.290208589470716
248,272,35,37.9277648282974
248,273,34,35.57138664643584
248,274,33,32.725955875448705
248,275,32,33.20758738735653
248,276,31,33.29019855686451
248,277,30,35.67389405820504
248,278,29,38.11841246800459
248,279,28,37.52513282239717
248,280,27,40.91254025172186
248,281,26,40.05874400794913
